head_id,tail_id,type,description,source_relationship_type,book
三国演义_人物_司马昭_0,三国演义_人物_胡遵_0,上下级,[{'80': '司马昭为大都督，令胡遵为先锋'}],人物与人物,三国演义
三国演义_人物_赵云_0,三国演义_人物_阿斗_0,上下级,[{'43': '赵云为刘备部将，曾在当阳长坂坡救出阿斗，此次又夺回阿斗'}],人物与人物,三国演义
三国演义_人物_越吉_0,三国演义_物品_宝雕弓_1,持有,[{'69': '越吉腰悬宝雕弓，武勇上阵'}],人物与物品,三国演义
三国演义_人物_吕布_0,三国演义_物品_谢表_0,持有,[{'12': '吕布遣陈登赍谢表至许都'}],人物与物品,三国演义
三国演义_人物_孙坚_0,三国演义_物品_传国玉玺_0,持有,[{'11': '孙坚留下传国玉玺'}],人物与物品,三国演义
三国演义_人物_十常侍_0,三国演义_人物_张让_0,归属,[{'1': '张让是十常侍之一，灵帝呼为阿父'}],人物与组织,三国演义
三国演义_人物_尹楷_0,三国演义_地点_毛城_0,守护,[{'24': '尹楷屯兵毛城通上党粮道。'}],人物与地点,三国演义
三国演义_人物_曹操_0,三国演义_人物_黄盖_0,对立,[{'34': '黄盖诈降火攻曹营，曹操中计后遭追击。'}],人物与人物,三国演义
三国演义_人物_庞统_0,三国演义_人物_曹操_0,对立,[{'39': '庞统在赤壁之战中献连环策，助孙刘联军火攻破曹，使曹操大败'}],人物与人物,三国演义
三国演义_人物_孙皓_0,三国演义_地点_武昌_0,居住,[{'88': '孙皓曾居武昌，百姓苦于供给'}],人物与地点,三国演义
三国演义_人物_曹丕_0,三国演义_物品_传国玉玺_0,持有,[{'56': '献帝亲捧玉玺奉曹丕，曹丕受之。'}],人物与物品,三国演义
三国演义_人物_刘备_0,三国演义_人物_陈登_0,上下级,[{'8': '陈登为刘备幕官。'}],人物与人物,三国演义
三国演义_人物_吕布_0,三国演义_物品_诏书_1,持有,[{'12': '汉帝诏封吕布为平东将军'}],人物与物品,三国演义
三国演义_人物_诸葛亮_0,三国演义_技能_步罡踏斗_0,掌握,[{'76': '孔明仗剑步罡祷祝，使用此法。'}],人物与技能,三国演义
三国演义_人物_孙权_0,三国演义_组织_吴军_0,领导,[{'49': '孙权率领吴军攻皖城及合淝。'}],人物与组织,三国演义
三国演义_人物_张飞_0,三国演义_物品_粮草_5,持有,[{'52': '张飞尽夺曹操粮草车辆'}],人物与物品,三国演义
三国演义_人物_张允_0,三国演义_人物_曹操_0,上下级,"[{'29': '曹操加封张允为助顺侯、水军副都督。'}, {'32': '曹操使张允为水军都督，后下令斩之'}]",人物与人物,三国演义
三国演义_人物_张鲁_0,三国演义_组织_汉中军_0,领导,[{'49': '张鲁统领汉中军与曹操相拒。'}],人物与组织,三国演义
三国演义_人物_曹操_0,三国演义_人物_董贵妃_0,对立,[{'17': '曹操勒死已有身孕的董贵妃'}],人物与人物,三国演义
三国演义_人物_张飞_0,三国演义_地点_荆州_0,守护,[{'36': '张飞星夜去替关羽守荆州'}],人物与地点,三国演义
三国演义_人物_曹操_0,三国演义_人物_赵彦_0,对立,[{'15': '赵彦上疏弹劾曹操专横，被曹操收杀。'}],人物与人物,三国演义
三国演义_地点_羌_0,三国演义_组织_刘备军_0,合作,[{'81': '姜维遣郤正赍金珠蜀锦入羌，羌王迷当起兵五万助蜀'}],组织与组织,三国演义
三国演义_人物_诸葛亮_0,三国演义_人物_马忠_0,上下级,"[{'72': '孔明令马忠引兵围住魏军'}, {'73': '孔明附耳分付马忠等四将迎敌后退。'}]",人物与人物,三国演义
三国演义_人物_袁术_0,三国演义_组织_袁术军_0,领导,[{'12': '袁术统领淮南军'}],人物与组织,三国演义
三国演义_人物_吕布_0,三国演义_物品_妆奁_0,持有,[{'12': '吕布为女儿准备的嫁妆'}],人物与物品,三国演义
三国演义_人物_关羽_0,三国演义_人物_诸葛亮_0,上下级,[{'45': '孔明将荆州托付给云长，交割印绶，嘱其北拒曹操、东和孙权。'}],人物与人物,三国演义
三国演义_人物_吴班_0,三国演义_人物_诸葛亮_0,上下级,"[{'72': '孔明令吴班伏于营外截断归路'}, {'73': '孔明附耳分付吴班等四将且战且走，回军掩杀。'}]",人物与人物,三国演义
三国演义_人物_刘巴_0,三国演义_人物_刘璋_0,上下级,[{'44': '刘巴劝刘璋不可助刘备，认为刘备是枭雄'}],人物与人物,三国演义
三国演义_人物_诸葛亮_0,三国演义_人物_费祎_0,上下级,"[{'71': '费祎赍诏至汉中，与孔明论兵'}, {'73': '费祎奉天子诏至祁山，孔明拜受恢复丞相之职。'}]",人物与人物,三国演义
三国演义_人物_刘表_0,三国演义_人物_孙坚_0,对立,"[{'4': '刘表受袁绍书，派蒯越、蔡瑁引兵截击孙坚，欲夺传国玺。'}, {'5': '孙坚因刘表围困结怨，后跨江击刘表。'}]",人物与人物,三国演义
三国演义_地点_荆州_0,三国演义_组织_刘备军_0,驻扎,"[{'48': '蜀汉势力镇守荆州，关羽在此，原文‘镇守荆州’'}, {'53': '蜀占据荆州'}]",组织与地点,三国演义
三国演义_人物_司马师_0,三国演义_人物_夏侯玄_0,对立,[{'81': '司马师擒夏侯玄，腰斩于市'}],人物与人物,三国演义
三国演义_人物_吕蒙_0,三国演义_物品_快船_2,持有,[{'54': '吕蒙备快船八十余只用于白衣渡江'}],人物与物品,三国演义
三国演义_人物_周听_0,三国演义_人物_王朗_0,上下级,[{'11': '周听是王朗部将，助战孙策'}],人物与人物,三国演义
三国演义_人物_丘建_0,三国演义_人物_钟会_0,上下级,[{'87': '丘建是钟会心腹将，受命监临诸将。'}],人物与人物,三国演义
三国演义_人物_丁奉_0,三国演义_物品_箭_5,持有,[{'61': '丁奉一箭射中张辽腰'}],人物与物品,三国演义
三国演义_组织_荆州军_0,三国演义_组织_孙坚军_0,对抗,[{'5': '孙坚跨江击刘表，两军大战于襄阳。'}],组织与组织,三国演义
三国演义_人物_乐綝_0,三国演义_人物_曹真_0,上下级,[{'72': '曹真令乐綝为副先锋'}],人物与人物,三国演义
三国演义_地点_永安_0,三国演义_组织_刘备军_0,驻扎,[{'78': '蜀汉屯兵永安以防东吴'}],组织与地点,三国演义
三国演义_人物_诸葛亮_0,三国演义_物品_四轮车_0,持有,[{'75': '孔明端坐四轮车妆神诱敌'}],人物与物品,三国演义
三国演义_人物_刘备_0,三国演义_人物_马超_0,合作,[{'40': '刘备写信联络马超共讨曹操'}],人物与人物,三国演义
三国演义_人物_刘备_0,三国演义_人物_陈登_0,合作,[{'15': '陈登奉父命飞马报信，告知车胄阴谋；后在城上射箭助关羽。'}],人物与人物,三国演义
三国演义_人物_王双_1,三国演义_人物_魏延_0,对立,[{'72': '魏延斩王双于陈仓道口'}],人物与人物,三国演义
三国演义_人物_刘备_0,三国演义_人物_陆逊_0,对立,"[{'58': '陆逊为东吴大都督，领兵御蜀，与刘备为敌'}, {'59': '陆逊用火攻大破刘备连营，追杀刘备至马鞍山。'}]",人物与人物,三国演义
三国演义_人物_张苞_0,三国演义_人物_张达_0,对立,[{'58': '张苞将张达万剐凌迟，祭张飞之灵'}],人物与人物,三国演义
三国演义_人物_张辽_0,三国演义_人物_曹操_0,上下级,"[{'15': '曹操释缚收降张辽，拜为中郎将，赐爵关内侯。'}, {'18': '张辽为曹操部将，奉命劝降关羽，后常探关羽心意。'}, {'24': '张辽是曹操大将，射杀沮鹄，与袁尚交战。'}, {'25': '张辽为曹操部将，攻蹋顿斩其首'}, {'29': '张辽随军，曹操令其探长坂桥。'}, {'34': '张辽驾小脚船保护曹操脱险，并射伤黄盖。'}, {'35': '张辽随曹操逃亡，射黄盖救曹操，华容道劝关羽'}, {'50': '曹操留张辽屯合淝，张辽为先锋。'}]",人物与人物,三国演义
三国演义_人物_刘备_0,三国演义_人物_刘禅_0,亲属,"[{'62': '先帝刘备是后主刘禅之父，曾托孤于孔明'}, {'78': '先帝为后主之父，曾言孔明识魏延反骨'}]",人物与人物,三国演义
三国演义_地点_南郑_0,三国演义_地点_定军山_0,相邻,[{'51': '定军山乃南郑保障，两地相邻。'}],地点与地点,三国演义
三国演义_人物_刘璋_0,三国演义_地点_公安_0,居住,[{'47': '刘璋被刘备送往南郡公安住歇。'}],人物与地点,三国演义
三国演义_人物_马腾_0,三国演义_地点_凉州_0,守护,"[{'15': '马腾为西凉太守，回西凉州去了。'}, {'39': '马腾割据西凉，招募民兵破羌，守护西凉'}]",人物与地点,三国演义
三国演义_人物_廖化_0,三国演义_人物_杜远_0,对立,[{'19': '杜远欲分占二夫人，廖化杀之'}],人物与人物,三国演义
三国演义_人物_袁绍_0,三国演义_组织_袁绍军_0,领导,"[{'4': '袁绍引兵三万来会盟，后为盟主统军。'}, {'5': '袁绍统领袁绍军，与公孙瓒交战。'}, {'17': '袁绍统领袁绍军，屯兵官渡'}, {'18': '袁绍统领袁绍军，先后派颜良、文丑为先锋攻曹。'}]",人物与组织,三国演义
三国演义_人物_司马懿_0,三国演义_人物_曹芳_0,上下级,[{'80': '曹芳封司马懿为丞相加九锡'}],人物与人物,三国演义
三国演义_人物_曹髦_0,三国演义_人物_王经_0,上下级,[{'84': '王经是魏尚书，劝谏曹髦隐忍，后因大骂贾充被下狱。'}],人物与人物,三国演义
三国演义_人物_陆逊_0,三国演义_地点_东吴_0,归属,"[{'54': '陆逊为东吴将领'}, {'71': '陆逊为东吴大都督'}]",人物与组织,三国演义
三国演义_人物_周瑜_0,三国演义_人物_曹仁_0,对立,[{'35': '周瑜攻南郡，曹仁守城，周瑜中箭，后设计诈死败曹仁'}],人物与人物,三国演义
三国演义_地点_成都_0,三国演义_地点_故宫_0,隶属,[{'87': '钟会于成都故宫大张灯火宴请诸将。'}],地点与地点,三国演义
三国演义_人物_刘备_0,三国演义_物品_的卢马_0,持有,"[{'25': '刘备乘的卢马跃过檀溪，后常骑'}, {'26': '刘备所乘的卢马，曾跃过檀溪救主。'}]",人物与物品,三国演义
三国演义_人物_傅干_0,三国演义_人物_曹操_0,上下级,[{'48': '傅干为参军，上书谏操，原文‘参军傅干上书谏操’'}],人物与人物,三国演义
三国演义_人物_张鲁_0,三国演义_技能_三官手书_0,掌握,[{'41': '张鲁行祈祷法，作三官手书请罪治病。'}],人物与技能,三国演义
三国演义_人物_孙权_0,三国演义_物品_印绶_0,持有,[{'21': '孙策临终将印绶传给孙权，孙权拜受。'}],人物与物品,三国演义
三国演义_人物_诸葛亮_0,三国演义_人物_魏延_0,上下级,"[{'38': '诸葛亮预先埋伏魏延军马从孱陵小路杀出'}, {'63': '诸葛亮密计分付魏延，令其率军劫杀'}, {'64': '孔明密授魏延计策，令其从林中转出擒孟获。'}, {'67': '诸葛亮派魏延扮作安定军赚取安定城'}, {'69': '孔明命魏延引一军埋伏，魏延一刀斩曹遵于马下'}, {'70': '诸葛亮令魏延引兵屯于街亭之后接应。'}, {'71': '孔明令魏延为前部先锋，攻陈仓城'}, {'72': '孔明授密计令魏延斩王双'}, {'73': '孔明每日令魏延挑战魏兵。'}, {'76': '孔明用魏延为先锋，惜其勇而用之。'}]",人物与人物,三国演义
三国演义_人物_夏侯尚_0,三国演义_组织_曹操军_0,归属,[{'56': '夏侯尚为魏将，与徐晃同取襄阳。'}],人物与组织,三国演义
三国演义_人物_夏侯德_0,三国演义_地点_天荡山_0,守护,[{'51': '夏侯德镇守天荡山，后被杀。'}],人物与地点,三国演义
三国演义_人物_曹操_0,三国演义_物品_赤兔马_0,持有,[{'18': '曹操原拥有赤兔马，后将此马赠予关羽。'}],人物与物品,三国演义
三国演义_人物_刘备_0,三国演义_人物_督邮_0,对立,[{'2': '督邮索贿不得，欲害刘备，逼其弃官'}],人物与人物,三国演义
三国演义_人物_带来洞主_0,三国演义_组织_八番部_0,领导,[{'65': '带来洞主为八番部长。'}],人物与组织,三国演义
三国演义_人物_赵云_0,三国演义_人物_金环三结_0,对立,[{'62': '赵云夜袭金环三结大寨，一枪刺死金环三结'}],人物与人物,三国演义
三国演义_人物_徐晃_0,三国演义_物品_西川红锦战袍_0,争夺,[{'38': '徐晃射断柳条使锦袍坠地，飞马取袍披于身上'}],人物与物品,三国演义
三国演义_地点_徐州_0,三国演义_地点_馆驿_0,隶属,[{'12': '馆驿在徐州城内'}],地点与地点,三国演义
三国演义_人物_曹丕_0,三国演义_人物_贾诩_0,上下级,[{'50': '贾诩教曹丕争嗣之计，以袁绍、刘表父子废立之事谏曹操立长子。'}],人物与人物,三国演义
三国演义_人物_岑璧_0,三国演义_人物_袁谭_0,上下级,[{'24': '岑璧是袁谭部将，领兵出战被吕旷斩杀。'}],人物与人物,三国演义
三国演义_人物_刘禅_0,三国演义_地点_成都_0,居住,[{'86': '后主刘禅居住在成都宫中，最终率太子诸王出降。'}],人物与地点,三国演义
三国演义_人物_孙策_0,三国演义_人物_蒋钦_0,上下级,[{'11': '蒋钦率党三百余人投孙策，用为军前校尉'}],人物与人物,三国演义
三国演义_人物_曹操_0,三国演义_物品_青釭剑_0,持有,[{'29': '曹操原令夏侯恩佩带青釭剑。'}],人物与物品,三国演义
三国演义_人物_苏秦_0,三国演义_物品_六国相印_0,持有,[{'30': '诸葛亮称苏秦佩六国相印'}],人物与物品,三国演义
三国演义_人物_曹操_0,三国演义_人物_王修_0,上下级,[{'25': '曹操礼王修为上宾，任司金中郎将'}],人物与人物,三国演义
三国演义_人物_凌统_0,三国演义_人物_周瑜_0,上下级,[{'38': '周瑜使凌统为后队'}],人物与人物,三国演义
三国演义_人物_袁尚_0,三国演义_人物_逢纪_0,上下级,"[{'23': '逢纪向辅袁尚，谮言田丰'}, {'24': '逢纪是袁尚谋士，奉命赍印绶赴袁谭军。'}]",人物与人物,三国演义
三国演义_人物_张郃_0,三国演义_人物_郭图_0,对立,[{'22': '郭图在袁绍面前谮言张郃有意降曹，迫使张郃恐被问罪而投降曹操'}],人物与人物,三国演义
三国演义_人物_孙权_0,三国演义_人物_袁绍_0,对立,[{'21': '孙权听从诸葛瑾建议，遣陈震回书绝袁绍。'}],人物与人物,三国演义
三国演义_地点_吴会_0,三国演义_地点_东吴_0,隶属,"[{'21': '吴会是吴郡与会稽一带，属于江东。'}, {'27': '孙权开宾馆于吴会，吴会是江东的重要城邑。'}, {'28': '吴会即吴郡和会稽，属江东，孙静守之'}]",地点与地点,三国演义
三国演义_人物_文虎_0,三国演义_人物_文钦_0,亲属,[{'82': '文钦是文虎之父。'}],人物与人物,三国演义
三国演义_人物_司马懿_0,三国演义_人物_曹真_0,合作,"[{'71': '司马懿与曹真同为魏国大将，分别举荐郝昭、王双以拒蜀'}, {'73': '曹真与司马懿同领大军伐蜀，共同商议军事。'}]",人物与人物,三国演义
三国演义_人物_孙和_0,三国演义_人物_孙皓_0,亲属,[{'88': '孙皓追谡其父孙和为文皇帝'}],人物与人物,三国演义
三国演义_人物_刘备_0,三国演义_物品_密书_0,持有,[{'10': '刘备收到曹操密书，书令杀吕布。'}],人物与物品,三国演义
三国演义_地点_定军山_0,三国演义_地点_武侯墓_0,隶属,[{'85': '武侯墓位于定军山，钟会前往祭拜'}],地点与地点,三国演义
三国演义_人物_庞统_0,三国演义_人物_诸葛亮_0,合作,[{'42': '诸葛亮与庞统同为刘备军师，共同商议取西川'}],人物与人物,三国演义
三国演义_人物_曹操_0,三国演义_人物_许褚_0,上下级,"[{'8': '曹操亲解其缚，拜许褚为都尉，许褚降曹。'}, {'15': '许褚是曹操部将，奉命请刘备并追刘备。'}, {'23': '许褚为曹操中军先锋，力斩十数将'}, {'24': '许褚是曹操部将，一刀斩尹楷于马下。'}, {'25': '许褚为曹操部将，杀许攸'}, {'29': '许褚随军，曹操令其探长坂桥。'}, {'40': '许褚奋力救曹操下船渡河'}, {'48': '许褚为曹操护卫，原文‘许褚仗剑立于堂门之内’‘曹操叹曰：许褚真忠臣也’'}, {'50': '曹操令许褚纵马杀入孙权军中，后命追擒左慈。'}]",人物与人物,三国演义
三国演义_人物_乐綝_0,三国演义_人物_诸葛诞_0,对立,[{'82': '诸葛诞提剑上楼杀死乐綝，因乐綝私通司马昭。'}],人物与人物,三国演义
三国演义_地点_太庙_0,三国演义_地点_许都_0,隶属,[{'15': '太庙在许都，献帝引董承登功臣阁经过太庙。'}],地点与地点,三国演义
三国演义_人物_关兴_0,三国演义_人物_诸葛亮_0,上下级,[{'75': '孔明令关兴扮作天蓬模样，手执七星皂幡'}],人物与人物,三国演义
三国演义_人物_关兴_0,三国演义_人物_谭雄_0,对立,[{'57': '关兴在乱军中生擒谭雄。'}],人物与人物,三国演义
三国演义_人物_于禁_0,三国演义_人物_刘备_0,对立,[{'7': '刘备掣双股剑麾兵大进，于禁败走'}],人物与人物,三国演义
三国演义_人物_皇子协_0,三国演义_人物_董太后_0,亲属,[{'2': '董太后养皇子协于宫中'}],人物与人物,三国演义
三国演义_人物_公孙渊_0,三国演义_人物_张弥_0,对立,[{'79': '公孙渊斩孙权使者张弥，将其首级送与曹睿。'}],人物与人物,三国演义
三国演义_人物_徐庶_0,三国演义_地点_新野_0,居住,[{'27': '徐庶曾流落至新野，与刘备交厚。'}],人物与地点,三国演义
三国演义_人物_吕旷_0,三国演义_人物_袁尚_0,上下级,[{'24': '吕旷是袁尚大将，愿为先锋出战。'}],人物与人物,三国演义
三国演义_人物_曹奂_0,三国演义_地点_金墉城_0,居住,[{'87': '曹奂被废为陈留王，出就金墉城居住。'}],人物与地点,三国演义
三国演义_人物_高翔_0,三国演义_地点_列柳城_0,守护,[{'70': '诸葛亮令高翔屯兵列柳城以救街亭。'}],人物与地点,三国演义
三国演义_人物_张郃_0,三国演义_人物_曹洪_0,上下级,[{'51': '张郃为曹洪部下，因失利被曹洪怒斥欲斩。'}],人物与人物,三国演义
三国演义_人物_姜维_0,三国演义_地点_冀城_0,守护,[{'68': '姜维引兵入冀城守护老母，闭门不出。'}],人物与地点,三国演义
三国演义_人物_吕蒙_0,三国演义_人物_陈就_0,对立,[{'27': '吕蒙跳下小船追上陈就，当胸一刀将其砍死。'}],人物与人物,三国演义
三国演义_人物_刘备_0,三国演义_人物_诸葛亮_0,上下级,"[{'40': '孔明为刘备谋划，建议结连马超；刘备请孔明商议退曹之策'}, {'44': '孔明留守荆州，发文书给刘备'}, {'79': '刘玄德在白帝城病危，以幼子刘禅托孤于诸葛孔明。'}]",人物与人物,三国演义
三国演义_人物_吴兰_0,三国演义_人物_曹彰_0,对立,[{'52': '曹彰一戟刺死吴兰'}],人物与人物,三国演义
三国演义_人物_吕布_0,三国演义_人物_袁术_0,合作,[{'11': '袁术许以粮五万斛、马五百匹、金银一万两、彩缎一千匹，使吕布夹攻刘备'}],人物与人物,三国演义
三国演义_人物_诸葛亮_0,三国演义_人物_刘备_0,上下级,"[{'51': '玄德为君主，孔明为军师，君臣关系。'}, {'54': '汉中王就立嗣之事问计于孔明'}, {'56': '孔明为军师、丞相，劝进，刘备封其为丞相。'}, {'74': '诸葛亮受先帝托孤之重，以讨贼为己任。'}, {'77': '诸葛亮感念先主三顾之恩和托孤之重。'}]",人物与人物,三国演义
三国演义_人物_夏侯令女_0,三国演义_人物_文叔_0,亲属,[{'80': '夏侯令女乃文叔之妻'}],人物与人物,三国演义
三国演义_人物_关兴_0,三国演义_人物_诸葛亮_0,上下级,"[{'60': '诸葛亮密调关兴引兵三万为各路救应'}, {'67': '诸葛亮派关兴引五千兵接应赵云，并随崔谅入城斩杨陵'}, {'69': '孔明命关兴与张苞同去退羌兵，后令其引兵埋伏'}, {'70': '诸葛亮令关兴、张苞各引三千精兵伏于武功山。'}, {'72': '孔明令关兴伏于魏寨左右'}, {'73': '孔明令关兴伏于山谷，见红旗飐动引兵杀出；平时左右护卫。'}, {'76': '关兴病亡，孔明放声大哭，叹少一员大将，可见关兴为孔明部将。'}]",人物与人物,三国演义
三国演义_地点_黎阳_0,三国演义_组织_曹操军_0,驻扎,[{'24': '曹操军曾屯兵黎阳并令贾诩为太守守之。'}],组织与地点,三国演义
三国演义_人物_卫瓘_0,三国演义_物品_檄文_4,创造,[{'87': '卫瓘先发二三十道檄文以收邓艾。'}],人物与物品,三国演义
三国演义_人物_乐进_0,三国演义_人物_关羽_0,对立,[{'23': '关羽杀退乐进，救出张飞'}],人物与人物,三国演义
三国演义_人物_司马懿_0,三国演义_人物_夏侯霸_0,对立,[{'80': '司马懿召夏侯玄，夏侯霸因此造反投蜀'}],人物与人物,三国演义
三国演义_人物_刘备_0,三国演义_物品_粮米_0,持有,[{'12': '曹操送与刘备粮万斛'}],人物与物品,三国演义
三国演义_人物_袁绍_0,三国演义_人物_麴义_0,上下级,[{'5': '麴义为袁绍部将，斩严纲，后被赵云所杀。'}],人物与人物,三国演义
三国演义_人物_袁绍_0,三国演义_地点_冀州_0,居住,"[{'16': '袁绍虎踞冀、青、幽、并诸郡，以冀州为根基'}, {'23': '袁绍回冀州养病，不理政事'}]",人物与地点,三国演义
三国演义_人物_刘禅_0,三国演义_人物_诸葛瞻_0,上下级,[{'86': '后主刘禅任命诸葛瞻为帅，拨七万兵御敌。'}],人物与人物,三国演义
三国演义_人物_乐綝_0,三国演义_人物_乐进_0,亲属,[{'72': '乐进之子'}],人物与人物,三国演义
三国演义_地点_定军山_0,三国演义_组织_曹操军_0,驻扎,[{'51': '夏侯渊率魏军屯兵定军山。'}],组织与地点,三国演义
三国演义_人物_吕布_0,三国演义_人物_貂蝉_0,亲密,"[{'5': '吕布与貂蝉在凤仪亭相会，互诉衷情，愿结为夫妻。'}, {'6': '吕布与貂蝉互生情愫，貂蝉被董卓霸占后吕布更加痛恨董卓，最终杀董卓后得到貂蝉。'}]",人物与人物,三国演义
三国演义_人物_孔融_0,三国演义_人物_管亥_0,对立,[{'7': '管亥围北海索粮，孔融叱之并拒战'}],人物与人物,三国演义
三国演义_人物_诸葛亮_0,三国演义_人物_鲁肃_0,合作,"[{'30': '鲁肃引诸葛亮见孙权，并嘱其言谈，共同促成孙刘联盟'}, {'34': '鲁肃引孔明为周瑜看病，孔明献计借东风，鲁肃相助调兵。'}]",人物与人物,三国演义
三国演义_人物_张辽_0,三国演义_地点_合淝_0,守护,"[{'36': '张辽守合淝，击败孙权，设计破内应'}, {'50': '曹操留张辽屯合淝。'}]",人物与地点,三国演义
三国演义_人物_司马懿_0,三国演义_地点_长安_0,守护,[{'69': '司马懿引兵至长安城外下寨，奉命破蜀'}],人物与地点,三国演义
三国演义_人物_马岱_0,三国演义_人物_马超_0,亲属,"[{'40': '马岱为马超从弟，报信并随同起兵'}, {'46': '马岱是马超从弟，随马超征战'}, {'47': '马超与马岱为兄弟，一同征战。'}]",人物与人物,三国演义
三国演义_地点_江北_0,三国演义_组织_曹操军_0,驻扎,[{'33': '曹军水寨驻扎在江北岸边'}],组织与地点,三国演义
三国演义_地点_蓝田_0,三国演义_地点_蔡邕庄_0,隶属,[{'52': '蔡邕庄位于蓝田林木之间'}],地点与地点,三国演义
三国演义_人物_夏侯惇_0,三国演义_人物_徐荣_0,对立,[{'4': '夏侯惇刺徐荣于马下。'}],人物与人物,三国演义
三国演义_人物_关羽_0,三国演义_物品_书信_5,持有,[{'47': '关羽收到诸葛亮书信，看后打消入川念头。'}],人物与物品,三国演义
三国演义_人物_曹操_0,三国演义_人物_马腾_0,对立,"[{'31': '周瑜指出马腾、韩遂为曹操后患，曹操久于南征则后患未平。'}, {'39': '曹操用荀攸计诱召马腾入京师，设伏擒杀马腾父子'}, {'40': '曹操杀害马腾，是马超起兵的直接原因'}]",人物与人物,三国演义
三国演义_人物_张杨_0,三国演义_人物_杨丑_0,对立,[{'14': '杨丑杀张杨欲献首曹操'}],人物与人物,三国演义
三国演义_人物_杨阜_0,三国演义_人物_马超_0,对立,[{'46': '杨阜联合姜叙等起兵讨伐马超，马超杀其宗弟七人'}],人物与人物,三国演义
三国演义_人物_曹操_0,三国演义_组织_发丘中郎将_0,领导,[{'16': '曹操特置发丘中郎将，专司盗墓'}],人物与组织,三国演义
三国演义_人物_迷当_0,三国演义_人物_郭淮_0,上下级,[{'81': '郭淮擒迷当后亲自解缚，令其当前部解铁笼山之围'}],人物与人物,三国演义
三国演义_人物_夏侯恩_0,三国演义_人物_赵云_0,对立,[{'29': '赵云一枪刺死夏侯恩，夺其青釭剑。'}],人物与人物,三国演义
三国演义_人物_曹仁_0,三国演义_人物_许昌_0,守护,[{'23': '曹仁与荀彧守许都'}],人物与地点,三国演义
三国演义_人物_曹仁_0,三国演义_人物_曹洪_0,合作,[{'28': '曹仁与曹洪同为第一队前锋，攻新野'}],人物与人物,三国演义
三国演义_人物_周瑜_0,三国演义_人物_蒋干_0,亲密,[{'32': '蒋干自幼与周瑜同窗交契，周瑜称其为同窗契友'}],人物与人物,三国演义
三国演义_人物_吕布_0,三国演义_人物_韩暹_0,合作,[{'13': '陈登说服韩暹为内应，火烧袁术寨，吕布保韩暹为沂都牧。'}],人物与人物,三国演义
三国演义_人物_张角_0,三国演义_技能_书符念咒_0,掌握,[{'1': '张角徒弟皆能书符念咒，张角作为师父亦掌握'}],人物与技能,三国演义
三国演义_人物_张飞_0,三国演义_人物_曹豹_0,对立,[{'10': '张飞醉酒鞭打曹豹五十，曹豹深恨。'}],人物与人物,三国演义
三国演义_人物_刘备_0,三国演义_物品_衣带诏_0,持有,[{'23': '刘备于阵前马上朗诵衣带诏'}],人物与物品,三国演义
三国演义_人物_姜维_0,三国演义_人物_王瓘_0,对立,[{'84': '姜维识破王瓘诈降之计，将计就计击败邓艾。'}],人物与人物,三国演义
三国演义_人物_周鲂_0,三国演义_地点_东吴_0,归属,[{'71': '周鲂为东吴鄱阳太守'}],人物与组织,三国演义
三国演义_人物_党均_0,三国演义_物品_金珠宝物_0,持有,[{'83': '党均携带金珠宝物入成都贿赂黄皓'}],人物与物品,三国演义
三国演义_人物_曹操_0,三国演义_人物_满宠_0,上下级,[{'24': '满宠是曹操谋士，与吕虔同论。'}],人物与人物,三国演义
三国演义_地点_汉中_0,三国演义_组织_刘备军_0,驻扎,"[{'62': '马超守把汉中关口，蜀军驻扎'}, {'68': '诸葛亮尽提汉中之兵出祁山。'}, {'70': '诸葛亮退兵后蜀军皆回汉中，并搬移百姓。'}, {'73': '蜀汉大军驻扎于汉中，由孔明统领。'}, {'75': '孔明退兵到汉中，以此为基地再出师'}, {'80': '蜀汉屯兵汉中'}, {'85': '汉中为蜀地重镇，姜维等经营'}]",组织与地点,三国演义
三国演义_地点_西山_0,三国演义_组织_袁尚军_0,驻扎,[{'24': '袁尚败退后在西山下寨。'}],组织与地点,三国演义
三国演义_人物_刘禅_0,三国演义_人物_姜维_0,上下级,"[{'78': '后主封姜维为辅汉将军、平襄侯'}, {'80': '后主准许姜维北伐'}, {'84': '后主诏回姜维，称恐劳军士；后又准姜维伐魏。；姜维奏准后主起兵十五万伐魏。'}]",人物与人物,三国演义
三国演义_人物_孟节_0,三国演义_人物_孟获_0,亲属,[{'64': '孟节是孟获之兄，三人为父母所生，孟节隐居万安溪。'}],人物与人物,三国演义
三国演义_人物_乐进_0,三国演义_人物_成廉_0,对立,[{'8': '乐进一箭射死成廉。'}],人物与人物,三国演义
三国演义_人物_孙权_0,三国演义_人物_黄祖_0,对立,[{'27': '孙权为报父仇（凌操之死）及扩张，起兵征讨黄祖。'}],人物与人物,三国演义
三国演义_地点_阳平亭_0,三国演义_组织_袁尚军_0,驻扎,[{'24': '袁尚屯军阳平亭，离冀州十七里。'}],组织与地点,三国演义
三国演义_人物_张梁_0,三国演义_人物_皇甫嵩_0,对立,[{'1': '张梁与皇甫嵩在颍川对垒交战'}],人物与人物,三国演义
三国演义_人物_丁管_0,三国演义_人物_董卓_0,对立,[{'3': '丁管以象简击董卓，被斩。'}],人物与人物,三国演义
三国演义_人物_雷铜_0,三国演义_地点_巴西_0,守护,[{'50': '雷铜与张飞同守巴西。'}],人物与地点,三国演义
三国演义_人物_吕布_0,三国演义_人物_刘备_0,对立,[{'14': '吕布攻破小沛，玄德投曹操共攻吕布'}],人物与人物,三国演义
三国演义_人物_司马炎_0,三国演义_人物_贾充_0,上下级,"[{'87': '司马炎即位后，贾充劝进受禅，出榜安民。'}, {'88': '贾充为晋臣，参与朝议伐吴之事'}]",人物与人物,三国演义
三国演义_人物_关羽_0,三国演义_人物_管亥_0,对立,[{'7': '关羽数十合间青龙刀起，劈管亥于马下'}],人物与人物,三国演义
三国演义_人物_诸葛亮_0,三国演义_人物_马谡_0,上下级,"[{'63': '诸葛亮与马谡共议平蛮，马谡献计并奉命管待孟优下药'}, {'69': '马谡为蜀参军，建议孔明修书令孟达提防司马懿'}, {'70': '诸葛亮任丞相，马谡为参军，谡立军令状守街亭。'}, {'71': '孔明依军法挥泪斩马谡，马谡视丞相如父'}]",人物与人物,三国演义
三国演义_地点_涿县_0,三国演义_地点_涿郡_0,隶属,[{'1': '涿县属涿郡管辖'}],地点与地点,三国演义
三国演义_人物_周瑜_0,三国演义_人物_孙夫人_0,对立,[{'37': '孙夫人大骂周瑜逆贼，阻止其部下拦截刘备。'}],人物与人物,三国演义
三国演义_人物_孙坚_0,三国演义_物品_古锭刀_0,持有,[{'4': '孙坚横古锭刀。'}],人物与物品,三国演义
三国演义_人物_雍闿_0,三国演义_地点_建宁_0,守护,[{'62': '雍闿为建宁太守'}],人物与地点,三国演义
三国演义_人物_严白虎_0,三国演义_人物_严舆_0,亲属,[{'11': '严舆是严白虎之弟'}],人物与人物,三国演义
三国演义_人物_关羽_0,三国演义_人物_韩福_0,对立,[{'19': '韩福暗箭射伤关公，被关公斩于马下'}],人物与人物,三国演义
三国演义_人物_张绣_0,三国演义_人物_邹氏_0,亲属,[{'12': '婶侄，邹氏为张绣之婶'}],人物与人物,三国演义
三国演义_地点_渭北_0,三国演义_地点_渭南_0,连通,[{'77': '渭南与渭北有浮桥相连，司马懿烧断浮桥据守北岸。'}],地点与地点,三国演义
三国演义_人物_张飞_0,三国演义_人物_魏延_0,上下级,[{'51': '魏延受孔明命送酒助张飞，并受张飞指挥攻打张郃。'}],人物与人物,三国演义
三国演义_人物_诸葛亮_0,三国演义_物品_书信_4,创造,[{'45': '诸葛亮写信给刘备，告知太乙数推算结果，提醒谨慎。'}],人物与物品,三国演义
三国演义_人物_曹爽_0,三国演义_人物_鲁芝_0,上下级,[{'80': '鲁芝为曹爽手下司马，斩关夺门出城见天子'}],人物与人物,三国演义
三国演义_人物_刘封_0,三国演义_人物_孟达_0,对立,[{'56': '刘封扯碎孟达招降书并斩其使，引军与孟达交战。'}],人物与人物,三国演义
三国演义_人物_曹操_0,三国演义_人物_曹洪_0,上下级,"[{'8': '曹洪引军在右，杀何曼。'}, {'17': '曹操令曹洪统领御林军'}, {'24': '曹洪是曹操将领，守官渡、引兵攻邺。'}, {'40': '曹洪为曹操部将，守潼关，后救曹操'}, {'50': '曹操令曹洪领兵五万助夏侯渊、张郃守东川。'}]",人物与人物,三国演义
三国演义_人物_司蕃_0,三国演义_人物_桓范_0,上下级,[{'80': '司蕃为桓范旧吏，被诈开城门'}],人物与人物,三国演义
三国演义_人物_司马懿_0,三国演义_人物_诸葛亮_0,对立,"[{'75': '孔明与司马懿两军对峙，互相攻伐'}, {'79': '司马懿曾与蜀兵相拒于渭南，诸葛亮卒于军中。'}]",人物与人物,三国演义
三国演义_人物_朱光_0,三国演义_人物_甘宁_0,对立,[{'49': '甘宁手执铁链冒矢石登城，一链打倒朱光，朱光被乱刀砍死。'}],人物与人物,三国演义
三国演义_人物_张绣_0,三国演义_人物_曹操_0,上下级,[{'17': '张绣投降曹操，曹操封其为扬武将军'}],人物与人物,三国演义
三国演义_人物_关羽_0,三国演义_人物_孙乾_0,合作,[{'19': '孙乾奉命在路上迎接关公，告知刘玄德已往汝南'}],人物与人物,三国演义
三国演义_人物_关羽_0,三国演义_人物_徐晃_0,对立,[{'18': '徐晃与许褚截住关羽去路，与关羽交战。'}],人物与人物,三国演义
三国演义_人物_诸葛亮_0,三国演义_人物_张嶷_0,上下级,[{'62': '孔明令张嶷伏击擒获董荼那'}],人物与人物,三国演义
三国演义_人物_刘备_0,三国演义_地点_永安宫_1,居住,[{'60': '刘备败退后驻跸永安宫，并于宫中病逝'}],人物与地点,三国演义
三国演义_人物_诸葛亮_0,三国演义_物品_快船_1,持有,[{'37': '诸葛亮预先安排快船在刘郎浦接应刘备。'}],人物与物品,三国演义
三国演义_人物_孟达_0,三国演义_地点_樊城_0,守护,[{'56': '曹丕加孟达为新城太守，去守襄阳、樊城。'}],人物与地点,三国演义
三国演义_人物_关羽_0,三国演义_人物_马良_0,上下级,[{'54': '马良为关公帐下幕僚，与关公弈棋'}],人物与人物,三国演义
三国演义_人物_赵范_0,三国演义_地点_桂阳_0,守护,[{'36': '赵范原为桂阳太守，后纳降被刘备仍令为桂阳太守'}],人物与地点,三国演义
三国演义_人物_吕布_0,三国演义_人物_貂蝉_0,亲属,"[{'12': '妾'}, {'14': '吕布之妾，劝阻吕布轻身出城'}]",人物与人物,三国演义
三国演义_人物_吕凯_0,三国演义_人物_诸葛亮_0,上下级,[{'64': '孔明向吕凯询问地理，吕凯告知西洱河上流有竹可搭桥。'}],人物与人物,三国演义
三国演义_人物_刘备_0,三国演义_地点_徐州_0,居住,[{'9': '刘玄德新领徐州，代管州事'}],人物与地点,三国演义
三国演义_人物_汉献帝_0,三国演义_地点_禁宫_0,居住,[{'48': '献帝居于皇宫，原文‘献帝正与伏后共坐’等'}],人物与地点,三国演义
三国演义_人物_赵云_0,三国演义_人物_赵广_0,亲属,[{'71': '赵广为赵云次子，随兄入见报丧'}],人物与人物,三国演义
三国演义_人物_魏延_0,三国演义_人物_黄忠_0,合作,[{'44': '黄忠救魏延、杀邓贤，魏延谢罪后协力破敌'}],人物与人物,三国演义
三国演义_人物_曹操_0,三国演义_人物_刘备_0,合作,[{'14': '曹操与玄德联合进攻吕布，玄德引兵守淮南径路'}],人物与人物,三国演义
三国演义_人物_袁尚_0,三国演义_组织_乌桓_0,归属,[{'25': '袁尚兵败投奔乌桓'}],人物与组织,三国演义
三国演义_地点_洛水浮桥_0,三国演义_地点_洛阳_0,隶属,[{'80': '洛水浮桥位于洛阳附近'}],地点与地点,三国演义
三国演义_人物_刘禅_0,三国演义_人物_姜维_0,上下级,"[{'83': '姜维拜辞后主刘禅，起兵伐魏'}, {'87': '姜维密与后主书，自称臣，誓复汉室。'}]",人物与人物,三国演义
三国演义_人物_孙权_0,三国演义_组织_曹操军_0,归属,[{'57': '孙权写表称臣，受魏帝封为吴王。'}],人物与组织,三国演义
三国演义_人物_华雄_0,三国演义_人物_祖茂_0,对立,[{'4': '华雄一刀将祖茂砍于马下。'}],人物与人物,三国演义
三国演义_人物_张飞_0,三国演义_物品_马匹_0,争夺,[{'12': '张飞从吕布处劫夺三百余匹好马中的一半'}],人物与物品,三国演义
三国演义_人物_徐晃_0,三国演义_人物_韩猛_0,对立,[{'22': '徐晃奉曹操命与史涣截击韩猛运粮队，焚烧粮车，韩猛败走'}],人物与人物,三国演义
三国演义_人物_于禁_0,三国演义_人物_曹丕_0,上下级,[{'56': '曹丕令于禁董治陵事，故意使其见画像羞愧而死。'}],人物与人物,三国演义
三国演义_人物_程普_0,三国演义_地点_东吴_0,归属,"[{'31': '程普是东吴武将，自孙策时效力。'}, {'36': '程普是东吴将领，部领战船赴合淝'}]",人物与组织,三国演义
三国演义_人物_夏侯惇_0,三国演义_地点_汝南_0,守护,[{'23': '夏侯惇引军打破汝南，后与满宠镇守'}],人物与地点,三国演义
三国演义_人物_典满_0,三国演义_人物_曹操_0,上下级,[{'13': '曹操封典满为中郎，收养在府中。'}],人物与人物,三国演义
三国演义_人物_韩浩_1,三国演义_人物_韩玄_0,亲属,[{'51': '韩浩乃韩玄之弟。'}],人物与人物,三国演义
三国演义_人物_关羽_0,三国演义_组织_汉室_0,归属,[{'18': '关羽声称降汉不降曹，共扶汉室。'}],人物与组织,三国演义
三国演义_人物_桓范_0,三国演义_物品_竹版_0,持有,[{'80': '桓范袖中取出竹版诈称太后诏'}],人物与物品,三国演义
三国演义_地点_樊城_0,三国演义_地点_罾口川_0,相邻,[{'53': '罾口川在樊城北十里'}],地点与地点,三国演义
三国演义_人物_诸葛亮_0,三国演义_地点_祁山大寨_0,守护,[{'72': '孔明在祁山寨中指挥'}],人物与地点,三国演义
三国演义_人物_关羽_0,三国演义_人物_张辽_0,合作,[{'20': '张辽奉丞相命传谕各处关隘放行关公，与关公拱手而别'}],人物与人物,三国演义
三国演义_人物_孙权_0,三国演义_地点_建业_0,居住,[{'78': '宗预到金陵入见吴主孙权'}],人物与地点,三国演义
三国演义_人物_司马昭_0,三国演义_人物_曹免_0,上下级,[{'84': '曹奂封司马昭为相国、晋公。'}],人物与人物,三国演义
三国演义_地点_荆州_0,三国演义_地点_荆襄_0,隶属,[{'23': '荆襄为荆州襄阳一带，刘表所镇'}],地点与地点,三国演义
三国演义_人物_十常侍_0,三国演义_人物_少帝_0,对抗,[{'3': '十常侍劫持少帝与陈留王出逃。'}],人物与组织,三国演义
三国演义_人物_诸葛亮_0,三国演义_地点_南阳_0,居住,[{'27': '诸葛亮自称南阳野人，隐居南阳卧龙冈。'}],人物与地点,三国演义
三国演义_人物_朱儁_0,三国演义_组织_黄巾军_0,对抗,[{'2': '朱儁率军平定黄巾余党'}],人物与组织,三国演义
三国演义_人物_曹操_0,三国演义_人物_陶谦_0,对立,[{'6': '曹操认为陶谦纵兵杀其父，起兵攻打徐州，欲屠城报仇。'}],人物与人物,三国演义
三国演义_地点_祁山_0,三国演义_地点_箕谷_0,连通,[{'74': '司马懿屯兵于祁山之东箕谷口，魏延等出箕谷向祁山。'}],地点与地点,三国演义
三国演义_人物_刘循_0,三国演义_人物_刘璋_0,亲属,"[{'44': '刘循是刘璋长子，自愿领兵守雒城'}, {'46': '刘循是刘璋之子，城破后逃回成都见父'}]",人物与人物,三国演义
三国演义_人物_刘璋_0,三国演义_地点_益州_0,领导,[{'44': '刘璋为益州牧，统治西川'}],人物与组织,三国演义
三国演义_人物_张任_0,三国演义_地点_益州_0,归属,[{'44': '张任为刘璋部将'}],人物与组织,三国演义
三国演义_人物_曹操_0,三国演义_人物_阚泽_0,对立,[{'33': '阚泽假扮渔翁到曹营献诈降书，以欺骗曹操'}],人物与人物,三国演义
三国演义_人物_王双_1,三国演义_组织_曹操军_0,归属,[{'71': '王双为魏国先锋大将'}],人物与组织,三国演义
三国演义_组织_曹操军_0,三国演义_组织_泰山寇_0,对抗,[{'14': '许褚击败孙观等四将，泰山贼寇四散逃避'}],组织与组织,三国演义
三国演义_人物_孙綝_0,三国演义_人物_滕胤_0,对立,[{'82': '孙綝杀大司马滕胤，夺其权柄。'}],人物与人物,三国演义
三国演义_人物_李傕_0,三国演义_组织_朝廷_0,领导,[{'6': '李傕、郭汜掌权后朝廷官员由其升降。'}],人物与组织,三国演义
三国演义_人物_诸葛绪_0,三国演义_地点_阴平桥_0,守护,[{'86': '诸葛绪率兵守把阴平桥头，以断姜维归路。'}],人物与地点,三国演义
三国演义_人物_周瑜_0,三国演义_地点_东吴_0,领导,[{'34': '周瑜为东吴大都督，主持赤壁之战，调兵遣将。'}],人物与组织,三国演义
三国演义_人物_关平_0,三国演义_人物_徐晃_0,对立,[{'54': '徐晃用计袭取偃城，与关平交战'}],人物与人物,三国演义
三国演义_人物_刘禅_0,三国演义_人物_费祎_0,上下级,[{'78': '后主加费祎为尚书令，同理丞相事'}],人物与人物,三国演义
三国演义_人物_马超_0,三国演义_地点_西平关_0,守护,"[{'60': '诸葛亮令马超紧守西平关拒轲比能'}, {'61': '马超镇守西平关，西番兵见之不战自退'}]",人物与地点,三国演义
三国演义_人物_张苞_0,三国演义_人物_薛则_0,对立,[{'67': '张苞在接应赵云时遇魏将薛则，将其斩杀'}],人物与人物,三国演义
三国演义_人物_李严_0,三国演义_人物_费观_0,合作,[{'46': '费观举保李严，一同领三万军守绵竹'}],人物与人物,三国演义
三国演义_人物_关羽_0,三国演义_人物_胡班_0,亲密,[{'19': '胡班因父信助关公开城门逃脱火攻，称赞关公为天人'}],人物与人物,三国演义
三国演义_人物_刘璋_0,三国演义_人物_张肃_0,上下级,[{'44': '张肃为广汉太守，效力刘璋，首告张松'}],人物与人物,三国演义
三国演义_人物_李严_0,三国演义_地点_梓潼郡_0,居住,[{'75': '李严被贬为庶人，徙于梓潼郡闲住'}],人物与地点,三国演义
三国演义_人物_严颜_0,三国演义_人物_张飞_0,上下级,"[{'45': '张飞义释严颜，严颜感其恩义而降，愿效犬马之劳。'}, {'46': '张飞为首，严颜为前部，所到之处唤出拜降'}, {'51': '张飞义释严颜，严颜归顺后成为蜀汉部将，听令于张飞。'}]",人物与人物,三国演义
三国演义_人物_许仪_0,三国演义_物品_先锋印_1,持有,[{'85': '钟会挂先锋印于许仪，令其为先锋'}],人物与物品,三国演义
三国演义_人物_邓艾_0,三国演义_技能_反间计_1,掌握,[{'84': '邓艾用反间计使后主召回姜维。'}],人物与技能,三国演义
三国演义_人物_伏完_0,三国演义_物品_伏完书_0,创造,[{'48': '伏完写回书给伏后，原文‘伏完即取纸写书付顺’'}],人物与物品,三国演义
三国演义_人物_杨丑_0,三国演义_人物_眭固_0,对立,[{'14': '眭固杀杨丑，反投犬城'}],人物与人物,三国演义
三国演义_人物_袁尚_0,三国演义_组织_袁尚军_0,领导,[{'24': '袁尚统领袁尚军与曹操及袁谭作战。'}],人物与组织,三国演义
三国演义_人物_孙匡_0,三国演义_人物_孙策_0,亲属,[{'21': '孙策幼弟，曹操以曹仁之女许配之。'}],人物与人物,三国演义
三国演义_人物_诸葛亮_0,三国演义_人物_魏延_0,对立,[{'78': '孔明料魏延久后必反，遗计斩之'}],人物与人物,三国演义
三国演义_人物_左慈_0,三国演义_技能_人遁_0,掌握,[{'50': '左慈掌握人遁，能云游四海，藏形变身。'}],人物与技能,三国演义
三国演义_人物_刘封_0,三国演义_人物_张飞_0,亲属,[{'26': '刘封拜张飞为叔。'}],人物与人物,三国演义
三国演义_人物_卫瓘_0,三国演义_人物_田续_0,上下级,[{'87': '卫瓘遣田续引兵追杀邓艾。'}],人物与人物,三国演义
三国演义_人物_关羽_0,三国演义_物品_异锦战袍_0,持有,[{'18': '曹操所赠新战袍，关羽受之，但穿于旧袍之下。'}],人物与物品,三国演义
三国演义_人物_司马师_0,三国演义_人物_张缉_0,对立,[{'81': '司马师搜出身怀血诏的张缉，腰斩灭族'}],人物与人物,三国演义
三国演义_人物_诸葛亮_0,三国演义_物品_诏书_4,持有,[{'73': '孔明焚香接诏，拜受恢复丞相之职的诏书。'}],人物与物品,三国演义
三国演义_人物_严峻_0,三国演义_人物_诸葛亮_0,对立,[{'30': '严峻问诸葛亮治何经典，被以腐儒之说驳斥，低头丧气'}],人物与人物,三国演义
三国演义_人物_鲁肃_0,三国演义_物品_鲁肃荐书_0,创造,[{'39': '鲁肃作荐书推荐庞统给刘备，称其非百里之才'}],人物与物品,三国演义
三国演义_人物_刘备_0,三国演义_人物_董承_0,合作,[{'15': '董承夜访刘备出示诏书，刘备签名加入义状。'}],人物与人物,三国演义
三国演义_人物_曹操_0,三国演义_人物_李典_0,上下级,"[{'4': '李典来投曹操，被留为帐前吏。'}, {'8': '李典随军入城，生擒黄劭。'}, {'24': '李典是曹操将领，与乐进截杀袁尚救军。'}]",人物与人物,三国演义
三国演义_人物_周仓_0,三国演义_组织_黄巾军_0,归属,[{'20': '周仓原在黄巾张宝部下为将'}],人物与组织,三国演义
三国演义_人物_周旨_0,三国演义_人物_沈莹_0,对立,[{'88': '周旨杀入吴营，将沈莹杀死'}],人物与人物,三国演义
三国演义_人物_夏侯惇_0,三国演义_人物_曹性_0,对立,[{'13': '曹性射中夏侯惇左目，夏侯惇拔矢啖睛，刺死曹性。'}],人物与人物,三国演义
三国演义_人物_张武_0,三国演义_物品_的卢马_0,持有,[{'25': '张武所骑之马为的卢，后被赵云夺'}],人物与物品,三国演义
三国演义_人物_张昭_0,三国演义_地点_彭城_0,出身,[{'11': '张昭是彭城人'}],人物与地点,三国演义
三国演义_地点_乐城_0,三国演义_地点_汉中_0,隶属,[{'85': '乐城位于汉中，王含所守'}],地点与地点,三国演义
三国演义_人物_袁尚_0,三国演义_人物_袁谭_0,对立,"[{'24': '袁尚与袁谭为争冀州继承权兄弟相攻，多次交战。'}, {'25': '袁谭攻袁尚，欲图冀州'}]",人物与人物,三国演义
三国演义_人物_焦触_0,三国演义_人物_韩当_0,对立,[{'34': '韩当在江上交战，一枪刺死焦触。'}],人物与人物,三国演义
三国演义_人物_袁术_0,三国演义_人物_袁绍_0,亲属,"[{'3': '袁术是袁绍之弟。'}, {'4': '袁术是袁绍之弟，被命总督粮草。'}]",人物与人物,三国演义
三国演义_人物_吕布_0,三国演义_物品_私书_1,持有,[{'12': '曹操给吕布的私信'}],人物与物品,三国演义
三国演义_人物_姜维_0,三国演义_人物_廖化_0,合作,[{'73': '姜维与廖化在山上同开锦囊，分两路袭司马懿大营。'}],人物与人物,三国演义
三国演义_人物_甘宁_0,三国演义_人物_苏飞_0,亲密,[{'27': '苏飞多次向黄祖推荐甘宁，并设酒劝其自图前程，助其投吴。'}],人物与人物,三国演义
三国演义_人物_姜维_0,三国演义_物品_密书_0,创造,[{'68': '姜维写密书二封射入天水城，约梁绪、尹赏内应。'}],人物与物品,三国演义
三国演义_人物_孙坚_0,三国演义_物品_传国玉玺_0,持有,[{'4': '孙坚于建章殿井中捞起妇人尸首，得锦囊内朱红小匣，内藏传国玺。'}],人物与物品,三国演义
三国演义_人物_曹操_0,三国演义_人物_曹贵人_0,亲属,[{'48': '曹操是曹贵人之父，原文‘臣女已与陛下为贵人’'}],人物与人物,三国演义
三国演义_地点_巴西_0,三国演义_地点_益州_0,隶属,[{'41': '巴西是益州一郡，庞羲为巴西太守。'}],地点与地点,三国演义
三国演义_人物_刘璋_0,三国演义_物品_黄金五百两_0,持有,[{'42': '刘璋赐黄金五百两与张松'}],人物与物品,三国演义
三国演义_人物_钟繇_0,三国演义_地点_潼关_0,守护,[{'40': '钟繇失长安后退守潼关'}],人物与地点,三国演义
三国演义_地点_南安郡_0,三国演义_地点_陇上诸郡_0,隶属,[{'81': '陇上诸郡中南安钱粮最广，姜维欲先取之'}],地点与地点,三国演义
三国演义_人物_夏侯渊_0,三国演义_人物_陈式_0,对立,[{'52': '夏侯渊生擒陈式'}],人物与人物,三国演义
三国演义_人物_周瑜_0,三国演义_人物_甘宁_0,上下级,"[{'32': '周瑜令甘宁为先锋出战'}, {'33': '周瑜密令甘宁提防蔡中、蔡和，并准备将来杀二人祭旗'}, {'35': '周瑜令甘宁取彝陵，后救甘宁'}, {'38': '周瑜使甘宁为先锋'}]",人物与人物,三国演义
三国演义_人物_曹操_0,三国演义_物品_粮食_2,持有,[{'8': '曹操破黄巾夺其粮食，又令军割麦为食。'}],人物与物品,三国演义
三国演义_地点_襄阳_0,三国演义_组织_曹操军_0,驻扎,[{'53': '魏原屯兵襄阳'}],组织与地点,三国演义
三国演义_地点_街亭_0,三国演义_地点_阳平关_0,相邻,[{'70': '司马懿称若取街亭，望阳平关不远。'}],地点与地点,三国演义
三国演义_人物_糜夫人_0,三国演义_人物_阿斗_0,亲属,[{'29': '母子，糜夫人怀抱阿斗，投井前托付赵云。'}],人物与人物,三国演义
三国演义_人物_马超_0,三国演义_地点_凉州_0,守护,[{'39': '马超受命统羌兵保守西凉，守护西凉'}],人物与地点,三国演义
三国演义_地点_永宁宫_0,三国演义_地点_洛阳_0,隶属,[{'81': '永宁宫为魏宫，司马师入宫奏闻太后立新君'}],地点与地点,三国演义
三国演义_人物_关羽_0,三国演义_人物_刘封_0,亲属,[{'26': '刘封拜关羽为叔。'}],人物与人物,三国演义
三国演义_人物_李春香_0,三国演义_人物_黄奎_0,对立,[{'39': '李春香为黄奎之妾，却私通苗泽并套出黄奎杀曹密谋，导致黄奎被杀'}],人物与人物,三国演义
三国演义_人物_袁绍_0,三国演义_人物_陈震_0,上下级,[{'21': '袁绍遣陈震为使，约东吴为外应共攻曹操。'}],人物与人物,三国演义
三国演义_人物_伏德_0,三国演义_人物_汉献帝_0,亲属,[{'9': '伏德为国舅，伏皇后之兄，乱军中拾白绢助帝后渡河'}],人物与人物,三国演义
三国演义_人物_种辑_0,三国演义_人物_董承_0,合作,[{'15': '种辑是董承心腹，加入义状誓杀曹操。'}],人物与人物,三国演义
三国演义_人物_蒋钦_0,三国演义_地点_濡须口_0,守护,[{'50': '孙权留蒋钦守濡须口。'}],人物与地点,三国演义
三国演义_人物_韩玄_0,三国演义_人物_魏延_0,上下级,[{'29': '魏延自投长沙太守韩玄。'}],人物与人物,三国演义
三国演义_人物_审配_0,三国演义_人物_袁尚_0,上下级,"[{'23': '审配向辅袁尚，暂掌军事'}, {'24': '审配是袁尚谋士，立袁尚为主，为其出谋划策。'}]",人物与人物,三国演义
三国演义_人物_步阐_0,三国演义_人物_陆抗_0,对立,[{'88': '陆抗攻拔西陵，斩杀步阐及其将士'}],人物与人物,三国演义
三国演义_人物_刘表_0,三国演义_人物_蒯良_0,上下级,"[{'4': '蒯良是刘表辅佐。'}, {'5': '蒯良为刘表谋士，设计伏击孙坚。'}, {'13': '蒯良劝刘表乘势击曹操，后刘表从其言。'}]",人物与人物,三国演义
三国演义_地点_曹军水寨_0,三国演义_组织_曹操军_0,驻扎,"[{'32': '曹军沿江立水寨，分二十四座水门'}, {'34': '曹军水寨沿江设立，战船连锁，为北军水营。'}]",组织与地点,三国演义
三国演义_人物_孔融_0,三国演义_人物_郗虑_0,对立,[{'28': '郗虑因被孔融侮慢，向曹操告发孔融谤言'}],人物与人物,三国演义
三国演义_人物_典韦_0,三国演义_物品_双铁戟_0,持有,"[{'6': '典韦使用两枝铁戟，重八十斤，运使如飞。'}, {'8': '典韦挺双戟与许褚交战。'}]",人物与物品,三国演义
三国演义_人物_太史慈_0,三国演义_物品_弓矢_0,持有,[{'7': '太史慈腰带弓矢，突围时八面射之'}],人物与物品,三国演义
三国演义_地点_东吴_0,三国演义_地点_益州_0,合作,[{'61': '吴蜀连和，永结盟好，并力破魏'}],组织与组织,三国演义
三国演义_人物_司马懿_0,三国演义_人物_秦朗_0,上下级,[{'76': '司马懿加秦朗为前将军，令其劫蜀寨。'}],人物与人物,三国演义
三国演义_人物_司马懿_0,三国演义_人物_司马昭_0,亲属,"[{'69': '司马昭为司马懿次子，与兄同侍父侧，通晓兵书'}, {'70': '司马懿与司马昭为父子，懿令昭探路。'}, {'76': '司马懿之子，与兄司马师同救应前营。'}, {'77': '司马昭是司马懿次子，随父出征。'}, {'79': '司马昭是司马懿次子，随父出征拦截公孙渊。'}, {'80': '司马懿次子司马昭'}]",人物与人物,三国演义
三国演义_人物_张松_0,三国演义_物品_西川地理图本_0,持有,[{'42': '张松暗画西川地理图本藏带，后献与刘备'}],人物与物品,三国演义
三国演义_人物_关羽_0,三国演义_地点_海州_0,居住,[{'14': '关云长在海州路上住扎'}],人物与地点,三国演义
三国演义_人物_刘晔_0,三国演义_人物_曹睿_0,上下级,[{'73': '魏主拜刘晔为军师，参与伐蜀谋划。'}],人物与人物,三国演义
三国演义_人物_华佗_0,三国演义_地点_金城_0,居住,[{'55': '华佗现居金城，吴押狱往金城取《青囊书》'}],人物与地点,三国演义
三国演义_人物_糜夫人_0,三国演义_地点_下邳_0,居住,[{'16': '糜夫人与甘夫人同于下邳安置'}],人物与地点,三国演义
三国演义_人物_关羽_0,三国演义_人物_曹操_0,亲密,[{'19': '曹操敬佩关公为义士，赠锦袍相送，不追其去'}],人物与人物,三国演义
三国演义_人物_张约_0,三国演义_人物_诸葛恪_0,上下级,[{'80': '诸葛恪令张约掌御林军，随入宫被杀'}],人物与人物,三国演义
三国演义_人物_魏延_0,三国演义_组织_刘备军_0,归属,"[{'67': '魏延是蜀将，受命赚取安定城'}, {'72': '魏延是蜀汉将领'}]",人物与组织,三国演义
三国演义_人物_羊祜_0,三国演义_组织_晋_0,归属,[{'88': '羊祜为晋都督，镇守襄阳'}],人物与组织,三国演义
三国演义_人物_淳于琼_0,三国演义_人物_袁绍_0,上下级,[{'22': '袁绍遣大将淳于琼率二万人守乌巢，淳于琼醉卧失守，被袁绍怒斩'}],人物与人物,三国演义
三国演义_地点_梓潼山_0,三国演义_地点_瓦口关_0,连通,[{'51': '梓潼山有小路直通瓦口关背后。'}],地点与地点,三国演义
三国演义_人物_周泰_0,三国演义_人物_甘宁_0,合作,[{'35': '周泰突围入彝陵城救甘宁'}],人物与人物,三国演义
三国演义_人物_庞统_0,三国演义_地点_草屋_0,居住,[{'33': '庞统因周瑜不能容物，隐居在西山附近草屋中读书'}],人物与地点,三国演义
三国演义_地点_绵竹_0,三国演义_组织_刘备军_0,驻扎,[{'86': '诸葛瞻率蜀军驻守绵竹。'}],组织与地点,三国演义
三国演义_人物_马超_0,三国演义_地点_汉中_0,守护,[{'57': '马超助魏延守汉中。'}],人物与地点,三国演义
三国演义_人物_周瑜_0,三国演义_物品_佩剑_1,持有,[{'32': '周瑜解佩剑付太史慈作监酒'}],人物与物品,三国演义
三国演义_人物_马腾_0,三国演义_人物_黄奎_0,合作,"[{'39': '马腾与黄奎密谋在曹操点军时杀之，事泄同遇害'}, {'40': '马腾与黄奎同谋杀曹操，事泄被杀'}]",人物与人物,三国演义
三国演义_人物_高干_0,三国演义_地点_壶关口_0,守护,[{'25': '高干守住壶关口，抗拒曹军'}],人物与地点,三国演义
三国演义_人物_孟达_0,三国演义_人物_彭羕_0,亲密,[{'56': '彭羕与孟达甚厚，闻刘封之事急报孟达。'}],人物与人物,三国演义
三国演义_人物_马遵_0,三国演义_组织_曹操军_0,归属,[{'67': '马遵是魏天水太守'}],人物与组织,三国演义
三国演义_人物_刘表_0,三国演义_人物_曹操_0,对立,[{'31': '刘表被曹操所灭，曹操得荆州。'}],人物与人物,三国演义
三国演义_地点_柏梁台_0,三国演义_地点_长安_0,隶属,[{'78': '柏梁台在长安宫中，汉武帝所建'}],地点与地点,三国演义
三国演义_人物_夏侯渊_0,三国演义_人物_龚都_0,对立,[{'23': '夏侯渊杀死龚都'}],人物与人物,三国演义
三国演义_地点_桂阳_0,三国演义_地点_荆州_0,隶属,[{'48': '桂阳为荆州三郡之一'}],地点与地点,三国演义
三国演义_人物_赵云_0,三国演义_人物_韩德_0,对立,[{'67': '赵云力斩韩德四子及韩德本人，大败西凉兵'}],人物与人物,三国演义
三国演义_人物_诸葛亮_0,三国演义_人物_鲁肃_0,合作,[{'33': '鲁肃借给孔明二十只船及束草等物，助其完成草船借箭'}],人物与人物,三国演义
三国演义_人物_关羽_0,三国演义_人物_张辽_0,亲密,[{'19': '张辽与关公交厚，受曹操命请住关公'}],人物与人物,三国演义
三国演义_组织_朝廷_0,三国演义_组织_黄巾军_0,对抗,[{'8': '黄巾余党劫掠州郡，与朝廷对抗。'}],组织与组织,三国演义
三国演义_人物_司马师_0,三国演义_人物_司马昭_0,亲属,"[{'69': '司马师与司马昭为兄弟，二人皆素有大志'}, {'80': '司马师为兄，司马昭为弟，同受父命'}, {'81': '司马师与司马昭为亲兄弟，师死前嘱咐昭继位'}, {'87': '司马师为司马昭之兄，追谥景王。'}]",人物与人物,三国演义
三国演义_人物_孙权_0,三国演义_地点_濡须口_0,守护,[{'43': '孙权采纳吕蒙建议，修筑濡须坞以拒曹操'}],人物与地点,三国演义
三国演义_人物_马岱_0,三国演义_地点_夹山峪_0,守护,[{'63': '马岱占了夹山峪，立寨断蛮兵粮道'}],人物与地点,三国演义
三国演义_人物_公孙康_0,三国演义_人物_公孙渊_0,亲属,[{'79': '公孙渊是公孙康之子。'}],人物与人物,三国演义
三国演义_人物_徐晃_0,三国演义_地点_潼关_0,守护,[{'40': '徐晃与曹洪同守潼关，劝谏无效'}],人物与地点,三国演义
三国演义_人物_王双_1,三国演义_物品_两石铁胎弓_0,持有,[{'71': '王双开两石铁胎弓'}],人物与物品,三国演义
三国演义_人物_夏侯惇_0,三国演义_人物_曹操_0,上下级,"[{'8': '夏侯惇引军救援曹操，后守鄄城。'}, {'10': '曹操命夏侯惇为将军，统领精兵。'}, {'12': '夏侯惇为曹操部将，统领青州兵'}, {'18': '夏侯惇为曹操部将，奉命为先锋引军搦战。'}, {'25': '夏侯惇为曹操部将，建议速征辽东'}, {'28': '曹操命夏侯惇为都督统兵十万攻新野'}, {'50': '曹操差夏侯惇领兵三万巡警许昌，以备不虞。'}]",人物与人物,三国演义
三国演义_人物_马遵_0,三国演义_地点_天水郡_0,守护,[{'68': '马遵为天水太守，守城拒蜀。'}],人物与地点,三国演义
三国演义_人物_公孙渊_0,三国演义_人物_曹睿_0,对立,[{'78': '公孙渊造反，自号燕王，兴兵入寇魏国'}],人物与人物,三国演义
三国演义_人物_王修_0,三国演义_人物_袁谭_0,上下级,"[{'24': '王修是袁谭别驾，劝谏袁谭勿与兄弟相争。'}, {'25': '王修曾为袁谭青州别驾，因谏被逐'}]",人物与人物,三国演义
三国演义_人物_司马懿_0,三国演义_人物_桓范_0,对立,[{'80': '桓范矫诏出城劝曹爽，司马懿将其下狱斩首'}],人物与人物,三国演义
三国演义_人物_司马师_0,三国演义_人物_诸葛诞_0,上下级,[{'81': '司马师赐诸葛诞印绶，加为镇东大将军'}],人物与人物,三国演义
三国演义_人物_姜维_0,三国演义_地点_阳平关_0,守护,[{'80': '姜维据守阳平关，用连弩射退司马师'}],人物与地点,三国演义
三国演义_人物_董和_0,三国演义_地点_枝江_0,出身,[{'46': '董和是南郡枝江人'}],人物与地点,三国演义
三国演义_地点_兖州_0,三国演义_地点_濮阳_0,隶属,"[{'7': '濮阳属兖州，吕布据濮阳后兖州大部被占'}, {'8': '濮阳是兖州所属城邑。'}]",地点与地点,三国演义
三国演义_人物_梁绪_0,三国演义_人物_梁虔_0,亲属,[{'68': '梁虔是梁绪之亲弟，守上邽，后被梁绪招降。'}],人物与人物,三国演义
三国演义_人物_张飞_0,三国演义_人物_陈孙_0,对立,[{'25': '张飞一矛刺死陈孙'}],人物与人物,三国演义
三国演义_人物_诸葛恪_0,三国演义_物品_药酒_0,持有,[{'80': '诸葛恪自制药酒在宴中服用'}],人物与物品,三国演义
三国演义_人物_孙坚_0,三国演义_人物_程普_0,上下级,"[{'4': '程普为孙坚部将，使铁脊蛇矛。'}, {'5': '程普为孙坚部将，持铁脊矛出战。'}]",人物与人物,三国演义
三国演义_人物_张任_0,三国演义_人物_张飞_0,对立,[{'46': '张飞与张任交战，并在金雁桥附近将其活捉'}],人物与人物,三国演义
三国演义_人物_徐庶_0,三国演义_人物_曹操_0,对立,[{'26': '徐庶被迫归曹，但发誓终身不为曹操设一谋。'}],人物与人物,三国演义
三国演义_人物_许褚_0,三国演义_物品_马鞍_0,持有,[{'40': '许褚左手举马鞍遮护曹操挡箭'}],人物与物品,三国演义
三国演义_人物_陆抗_0,三国演义_地点_江口_2,守护,[{'87': '陆抗守江口以防魏兵。'}],人物与地点,三国演义
三国演义_地点_洛阳_0,三国演义_地点_玉堂_0,隶属,[{'1': '玉堂位于洛阳宫内'}],地点与地点,三国演义
三国演义_人物_严白虎_0,三国演义_人物_王朗_0,合作,[{'11': '王朗引兵会合严白虎，同陈兵于山阴之野抗孙策'}],人物与人物,三国演义
三国演义_人物_吴懿_0,三国演义_地点_南安郡_0,守护,[{'67': '诸葛亮留吴懿守南安'}],人物与地点,三国演义
三国演义_人物_孟获_0,三国演义_组织_南蛮_0,领导,"[{'63': '孟获会集各洞蛮兵，统领十余万骑'}, {'65': '孟获为蛮王，统领南蛮各洞蛮军。'}]",人物与组织,三国演义
三国演义_人物_刘禅_0,三国演义_组织_朝廷_0,领导,[{'62': '后主为蜀汉皇帝，统领朝廷'}],人物与组织,三国演义
三国演义_人物_诸葛亮_0,三国演义_人物_蒋琬_0,上下级,[{'75': '孔明深责蒋琬不能觉察奸邪'}],人物与人物,三国演义
三国演义_人物_华歆_0,三国演义_人物_曹丕_0,上下级,[{'56': '华歆为相国，奏请问罪曹植等，后为司徒，受曹丕重用。'}],人物与人物,三国演义
三国演义_人物_孟达_0,三国演义_人物_申耽_0,对立,[{'69': '申耽佯许同举事，实为魏内应，一枪刺死孟达'}],人物与人物,三国演义
三国演义_人物_刘备_0,三国演义_地点_许都_0,居住,[{'15': '刘备被安置在相府左近宅院，后下处后园种菜。'}],人物与地点,三国演义
三国演义_人物_钟繇_0,三国演义_地点_长安_0,守护,[{'40': '钟繇为长安郡守，率军守护长安'}],人物与地点,三国演义
三国演义_人物_乐进_0,三国演义_人物_郭图_0,对立,[{'25': '乐进射杀郭图'}],人物与人物,三国演义
三国演义_人物_夏侯渊_0,三国演义_地点_汉中_0,守护,[{'50': '夏侯渊奉命守东川。'}],人物与地点,三国演义
三国演义_人物_张南_0,三国演义_人物_袁熙_0,上下级,[{'25': '张南原为袁熙部将，后降曹'}],人物与人物,三国演义
三国演义_人物_刘备_0,三国演义_人物_吴国太_0,亲属,[{'37': '吴国太在甘露寺看中刘备，认为女婿。'}],人物与人物,三国演义
三国演义_人物_丁奉_0,三国演义_人物_张辽_0,对立,[{'61': '丁奉一箭射中张辽腰，致其箭疮迸裂而亡'}],人物与人物,三国演义
三国演义_人物_宋宪_0,三国演义_人物_张飞_0,对立,[{'12': '张飞杀退宋宪'}],人物与人物,三国演义
三国演义_地点_长安_0,三国演义_地点_陕西_0,隶属,[{'6': '陕西为地区，长安位于陕西。'}],地点与地点,三国演义
三国演义_人物_曹仁_0,三国演义_人物_满宠_0,上下级,[{'53': '满宠为曹仁参谋，劝其坚守樊城'}],人物与人物,三国演义
三国演义_人物_苟安_0,三国演义_人物_诸葛亮_0,对立,[{'74': '苟安押送粮米违限被杖责，怀恨投魏，散布流言导致孔明被召回。'}],人物与人物,三国演义
三国演义_人物_曹操_0,三国演义_人物_马超_0,对立,"[{'40': '马超为报父弟之仇，与曹操交战，多次追杀曹操'}, {'41': ""马超与曹操多次交战，彼此视为死敌，曹操言'马儿不死，吾无葬地'。""}]",人物与人物,三国演义
三国演义_地点_临洮_0,三国演义_地点_陇西_0,隶属,[{'41': '临洮县属陇西郡，马超逃至此。'}],地点与地点,三国演义
三国演义_地点_街亭_0,三国演义_组织_曹操军_0,驻扎,[{'70': '司马懿攻占街亭后驻军并部署围堵。'}],组织与地点,三国演义
三国演义_地点_当阳_0,三国演义_地点_荆州_0,隶属,[{'30': '当阳属于荆州地区'}],地点与地点,三国演义
三国演义_人物_周瑜_0,三国演义_物品_粮草_1,持有,[{'32': '周瑜引蒋干看帐后粮草堆如山积'}],人物与物品,三国演义
三国演义_人物_曹操_0,三国演义_人物_杨彪_0,对立,[{'15': '曹操诬告杨彪交通袁术，将其下狱，后免官。'}],人物与人物,三国演义
三国演义_人物_钟会_0,三国演义_物品_云梯炮架_0,持有,[{'86': '钟会置云梯炮架攻打剑阁。'}],人物与物品,三国演义
三国演义_人物_孙权_0,三国演义_人物_陆逊_0,亲属,[{'50': '陆逊是孙策女婿，引十万兵救孙权。'}],人物与人物,三国演义
三国演义_人物_关兴_0,三国演义_人物_刘备_0,上下级,[{'59': '关兴为蜀将，奉命出巡并护刘备杀下山来。'}],人物与人物,三国演义
三国演义_人物_张绣_0,三国演义_地点_宛城_0,守护,[{'12': '张绣屯兵宛城'}],人物与地点,三国演义
三国演义_人物_刘表_0,三国演义_人物_张绣_0,合作,"[{'12': '张绣败后引兵投刘表'}, {'13': '张绣与刘表联合，截曹操后路，互为唇齿。'}]",人物与人物,三国演义
三国演义_人物_沮授_0,三国演义_人物_袁绍_0,上下级,"[{'16': '沮授为袁绍谋士，反对兴无名之兵'}, {'18': '沮授为袁绍谋士，谏言不被采纳，托疾不出。'}, {'22': '沮授是袁绍谋士，袁绍不听其缓守之策，怒将其锁禁军中'}]",人物与人物,三国演义
三国演义_人物_张苞_0,三国演义_人物_诸葛亮_0,亲密,[{'73': '张苞跌伤身死，孔明闻知放声大哭，吐血昏绝，情感极深。'}],人物与人物,三国演义
三国演义_人物_甘宁_0,三国演义_物品_铁链_0,持有,[{'49': '甘宁手执铁链攻打皖城，打倒朱光。'}],人物与物品,三国演义
三国演义_人物_孙夫人_0,三国演义_人物_阿斗_0,亲属,[{'43': '孙夫人为阿斗之母，欲带阿斗回东吴，被赵云张飞截江夺回'}],人物与人物,三国演义
三国演义_人物_李孚_0,三国演义_人物_袁尚_0,上下级,[{'24': '李孚是袁尚主簿，扮作曹军都督入城联络。'}],人物与人物,三国演义
三国演义_人物_诸葛亮_0,三国演义_人物_郑文_0,对立,[{'76': '郑文奉司马懿命诈降孔明，欲于中取事，被孔明识破后斩杀。'}],人物与人物,三国演义
三国演义_人物_曹操_0,三国演义_人物_韦晃_0,对立,[{'50': '韦晃与耿纪同谋讨曹操，被杀，咬牙皆碎。'}],人物与人物,三国演义
三国演义_人物_张松_0,三国演义_人物_法正_0,亲密,[{'42': '张松与法正为心腹契友，共谋献益州给刘备'}],人物与人物,三国演义
三国演义_人物_诸葛亮_0,三国演义_物品_火炮_1,持有,[{'75': '孔明带火炮出城伏于麦田等候'}],人物与物品,三国演义
三国演义_人物_司马懿_0,三国演义_人物_邓艾_0,上下级,[{'80': '司马懿奇邓艾之才，令其参赞军机'}],人物与人物,三国演义
三国演义_人物_孙权_0,三国演义_人物_曹操_0,对立,"[{'30': ""曹操欲吞并江东，孙权称'孤不能以全吴之地受制于人'""}, {'31': '孙权拔剑砍奏案，宣称“孤与老贼，誓不两立”。'}, {'43': '曹操起兵四十万报赤壁之仇，与孙权相拒于濡须，最终退兵'}, {'48': '曹操视孙权为敌，欲起兵攻吴，原文‘收吴灭蜀’'}]",人物与人物,三国演义
三国演义_人物_刘璋_0,三国演义_人物_刘璝_0,上下级,[{'44': '刘璋遣刘璝守雒县'}],人物与人物,三国演义
三国演义_人物_乔公_0,三国演义_人物_曹操_0,亲密,[{'34': '曹操自称昔日与乔公至契（至交好友）。'}],人物与人物,三国演义
三国演义_人物_孙坚_0,三国演义_组织_孙坚军_0,领导,[{'4': '孙坚统领本部人马为前部先锋。'}],人物与组织,三国演义
三国演义_地点_官渡_0,三国演义_组织_袁绍军_0,驻扎,[{'18': '袁绍在官渡下定寨栅，与曹军对峙。'}],组织与地点,三国演义
三国演义_人物_周瑜_0,三国演义_人物_诸葛亮_0,对立,"[{'32': '周瑜因诸葛瑾之言转恨孔明，存心欲谋杀之，后又借断粮之计欲借曹操手杀孔明'}, {'34': '周瑜因诸葛亮才能而忌恨，派丁奉徐盛前往杀之。'}, {'35': '诸葛亮设计袭取南郡、荆州、襄阳，气得周瑜金疮迸裂'}, {'36': '周瑜因诸葛亮袭取南郡、荆襄而气伤箭疮，欲杀诸葛亮报仇'}, {'37': '诸葛亮识破周瑜计谋，设计使周瑜赔了夫人又折兵。'}, {'38': '诸葛亮识破周瑜假途灭虢之计，并设四路军马捉拿周瑜'}, {'39': '周瑜临终长叹‘既生瑜，何生亮’，因诸葛亮识破取川之计而怒气填胸坠马'}]",人物与人物,三国演义
三国演义_人物_刘熙_0,三国演义_人物_刘馥_0,亲属,[{'34': '刘熙为刘馥之子，告请父尸归葬。'}],人物与人物,三国演义
三国演义_人物_高翔_0,三国演义_人物_魏延_0,合作,[{'70': '魏延、王平、高翔三人商议劫魏寨以复街亭。'}],人物与人物,三国演义
三国演义_人物_伏皇后_0,三国演义_物品_密书_0,持有,[{'48': '伏后修密书付穆顺，原文‘后乃修书付顺’'}],人物与物品,三国演义
三国演义_人物_董卓_0,三国演义_人物_黄琬_0,对立,[{'4': '黄琬谏阻迁都，被董卓罢为庶民。'}],人物与人物,三国演义
三国演义_人物_刘备_0,三国演义_人物_袁绍_0,合作,"[{'16': '袁绍因郑玄书信决定起兵助刘备攻曹操'}, {'18': '刘备投奔袁绍，共同商议攻曹。'}]",人物与人物,三国演义
三国演义_人物_卫弘_0,三国演义_人物_曹操_0,合作,[{'4': '卫弘尽出家财，资助曹操招募义兵、置办衣甲旗幡。'}],人物与人物,三国演义
三国演义_人物_曹仁_0,三国演义_人物_曹操_0,亲属,[{'4': '曹仁是曹氏兄弟，引兵千余来助曹操。'}],人物与人物,三国演义
三国演义_人物_曹仁_0,三国演义_地点_樊城_0,守护,[{'53': '曹仁退守樊城'}],人物与地点,三国演义
三国演义_人物_许昌_0,三国演义_组织_曹操军_0,驻扎,[{'18': '曹操班师回许昌，以许昌为都城，驻军于此。'}],组织与地点,三国演义
三国演义_地点_剑阁_0,三国演义_组织_刘备军_0,驻扎,[{'86': '蜀军由姜维、董厥等驻守剑阁。'}],组织与地点,三国演义
三国演义_人物_尹赏_0,三国演义_人物_马遵_0,上下级,[{'67': '尹赏为天水主簿，建议马遵起兵救夏侯楙'}],人物与人物,三国演义
三国演义_人物_吕布_0,三国演义_技能_辕门射戟_0,掌握,[{'14': '玄德提及吕布昔年辕门射赖之恩'}],人物与技能,三国演义
三国演义_人物_郝昭_0,三国演义_地点_陈仓_0,守护,"[{'71': '郝昭镇守陈仓道口，深沟高垒，遍排鹿角'}, {'72': '郝昭守把陈仓城'}]",人物与地点,三国演义
三国演义_人物_刘备_0,三国演义_人物_袁绍_0,上下级,[{'17': '刘备兵败投奔袁绍，袁绍收留，同居冀州'}],人物与人物,三国演义
三国演义_人物_夏侯楙_0,三国演义_人物_黄忠_0,对立,[{'66': '夏侯渊被黄忠所斩，夏侯楙怀切齿之恨，愿伐蜀报仇。'}],人物与人物,三国演义
三国演义_人物_刘晔_0,三国演义_人物_曹真_0,合作,[{'73': '刘晔作为军师，与曹真、司马懿共同谋划伐蜀。'}],人物与人物,三国演义
三国演义_人物_吕旷_0,三国演义_人物_曹操_0,上下级,"[{'24': '吕旷降曹操后被封为列侯，随军听用。'}, {'25': '吕旷降操，奉命诈降高干'}]",人物与人物,三国演义
三国演义_人物_诸葛亮_0,三国演义_物品_羽扇_0,持有,"[{'64': '孔明手执羽扇，为其标志性物品。'}, {'68': '诸葛亮手摇羽扇，飘然而出。'}, {'74': '诸葛亮端坐四轮车上，手摇羽扇指挥布阵。'}]",人物与物品,三国演义
三国演义_人物_袁谭_0,三国演义_人物_辛毗_0,上下级,[{'24': '辛毗是平原令，奉袁谭命向曹操求援。'}],人物与人物,三国演义
三国演义_人物_李乐_0,三国演义_人物_韩暹_0,合作,[{'9': '李乐与韩暹连名保奏，共同专权'}],人物与人物,三国演义
三国演义_人物_夏侯楙_0,三国演义_人物_夏侯渊_0,亲属,[{'66': '夏侯楙为夏侯渊之子，父死于汉中，切齿之恨。'}],人物与人物,三国演义
三国演义_人物_孟达_0,三国演义_人物_申仪_0,合作,[{'56': '申仪与兄申耽同谋，孟达与之商议降魏。'}],人物与人物,三国演义
三国演义_人物_夏侯惇_0,三国演义_人物_夏侯楙_0,亲属,[{'66': '夏侯楙自幼嗣与夏侯惇为子。'}],人物与人物,三国演义
三国演义_人物_全祎_0,三国演义_人物_全端_0,亲属,[{'82': '全祎修家书与父全端，劝其降魏。'}],人物与人物,三国演义
三国演义_人物_刘备_0,三国演义_地点_成都_0,居住,[{'56': '刘备在成都称帝，筑坛于成都武担之南。'}],人物与地点,三国演义
三国演义_人物_公孙康_0,三国演义_人物_曹操_0,上下级,[{'25': '曹操封公孙康为襄平侯、左将军'}],人物与人物,三国演义
三国演义_人物_于禁_0,三国演义_人物_庞德_0,对立,[{'53': '于禁忌庞德成功，移军阻其进兵'}],人物与人物,三国演义
三国演义_人物_刘禅_0,三国演义_地点_成都_0,居住,"[{'73': '后主在成都出迎孔明，送入丞相府，日常居于此。'}, {'78': '后主在成都寝食不安，处理朝政'}]",人物与地点,三国演义
三国演义_人物_诸葛亮_0,三国演义_物品_地雷_0,创造,[{'65': '诸葛亮预先造下火炮，名曰地雷，用于盘蛇谷火攻。'}],人物与物品,三国演义
三国演义_人物_太史慈_0,三国演义_物品_铁枪_0,持有,[{'7': '太史慈手持铁枪连搠数人透围而出'}],人物与物品,三国演义
三国演义_地点_羊山_0,三国演义_组织_黄巾军_0,驻扎,[{'8': '曹操与黄巾会战于羊山。'}],组织与地点,三国演义
三国演义_人物_卢植_0,三国演义_人物_张角_0,对立,[{'1': '张角与卢植在广宗交战，相拒未分胜负'}],人物与人物,三国演义
三国演义_人物_曹操_0,三国演义_人物_蹋顿_0,对立,[{'25': '曹操与乌桓交战，蹋顿被张辽斩于马下'}],人物与人物,三国演义
三国演义_人物_孙策_0,三国演义_人物_袁术_0,对立,[{'13': '孙策怒斥袁术赖玉玺僭号，作书绝交，并欲加兵问罪。'}],人物与人物,三国演义
三国演义_地点_博望坡_0,三国演义_地点_博望城_0,隶属,[{'28': '博望坡在博望城外，两军交战之处'}],地点与地点,三国演义
三国演义_人物_侯成_0,三国演义_人物_典韦_0,对立,[{'8': '典韦直取侯成，侯成抵敌不过退回城中。'}],人物与人物,三国演义
三国演义_人物_关羽_0,三国演义_人物_张苞_0,亲属,[{'69': '张苞称关羽为‘二伯父’，关羽显圣指路救张苞，系伯侄关系'}],人物与人物,三国演义
三国演义_人物_张翼_0,三国演义_地点_武阳_0,出身,[{'46': '张翼是武阳人，原文交代'}],人物与地点,三国演义
三国演义_地点_当阳县_0,三国演义_地点_玉泉山_0,隶属,[{'55': '玉泉山位于荆门州当阳县'}],地点与地点,三国演义
三国演义_人物_何曼_0,三国演义_组织_黄巾军_0,归属,[{'8': '何曼是黄巾将，号称截天夜叉。'}],人物与组织,三国演义
三国演义_地点_天荡山_0,三国演义_地点_汉中_0,隶属,[{'51': '天荡山在汉中境内，为屯粮之地。'}],地点与地点,三国演义
三国演义_人物_公孙渊_0,三国演义_地点_襄平_0,守护,[{'79': '公孙渊兵败后据守襄平城，闭门不出。'}],人物与地点,三国演义
三国演义_人物_张鲁_0,三国演义_地点_汉中_0,领导,[{'44': '张鲁割据东川'}],人物与组织,三国演义
三国演义_人物_董承_0,三国演义_组织_大汉_0,归属,[{'17': '董承为汉朝之臣，奉诏除曹操'}],人物与组织,三国演义
三国演义_人物_鲁肃_0,三国演义_地点_陆口_0,守护,[{'49': '鲁肃屯兵于陆口，收取长沙、江夏、桂阳三郡。'}],人物与地点,三国演义
三国演义_人物_耿武_0,三国演义_人物_颜良_0,对立,[{'5': '颜良立斩欲刺杀袁绍的耿武。'}],人物与人物,三国演义
三国演义_人物_关羽_0,三国演义_人物_纪灵_0,对立,[{'10': '关羽与纪灵大战三十合，不分胜负。'}],人物与人物,三国演义
三国演义_人物_太史慈_0,三国演义_人物_张辽_0,对立,[{'36': '张辽与太史慈大战七八十合不分胜负，后设计射伤太史慈，致其重伤而死'}],人物与人物,三国演义
三国演义_人物_邓艾_0,三国演义_地点_陇西_0,守护,[{'85': '邓艾在陇西受伐蜀诏，调度兵马'}],人物与地点,三国演义
三国演义_人物_阎圃_0,三国演义_地点_巴西_0,出身,[{'46': '阎圃是巴西人'}],人物与地点,三国演义
三国演义_人物_诸葛亮_0,三国演义_物品_小车_0,持有,"[{'64': '孔明自驾小车探路、指挥。'}, {'67': '诸葛亮乘小车亲到南安城边视察'}]",人物与物品,三国演义
三国演义_人物_严氏_0,三国演义_人物_吕布_0,亲属,"[{'12': '夫妻关系，严氏为吕布正妻'}, {'14': '吕布之妻，本篇中劝阻吕布出城驻兵'}]",人物与人物,三国演义
三国演义_人物_宗宝_0,三国演义_人物_管亥_0,对立,[{'7': '管亥刀砍宗宝于马下'}],人物与人物,三国演义
三国演义_人物_全端_0,三国演义_人物_孙綝_0,对立,[{'83': '孙綝大怒全端降魏，将其家眷尽斩'}],人物与人物,三国演义
三国演义_人物_吕布_0,三国演义_人物_陈宫_0,上下级,"[{'7': '陈宫为吕布谋士，随吕布取兖州'}, {'8': '陈宫为吕布谋士，设诱曹操入城之计。'}, {'10': '陈宫是吕布谋士，为吕布献策袭取徐州。'}, {'12': '陈宫为吕布谋士'}, {'13': '陈宫为吕布谋士，曾献策斩陈珪，后奉命结连泰山寇。'}, {'14': '陈宫为吕布谋士，多次献计但不被采纳'}]",人物与人物,三国演义
三国演义_人物_孙策_0,三国演义_人物_程普_0,上下级,[{'21': '程普为孙策部将，在孙策被刺杀时率众来救。'}],人物与人物,三国演义
三国演义_人物_曹彰_0,三国演义_人物_曹操_0,亲属,[{'52': '曹操赞曹彰为黄须儿，曹彰来助战'}],人物与人物,三国演义
三国演义_人物_吕布_0,三国演义_物品_方天画戟_0,持有,"[{'4': '吕布手持画杆方天戟。'}, {'5': '吕布使用画戟为兵器，在凤仪亭被董卓抢去掷刺。'}, {'12': '吕布常用兵器'}, {'14': '吕布称‘吾有画戟、赤兔马’，后被宋宪盗取'}]",人物与物品,三国演义
三国演义_人物_孙礼_0,三国演义_人物_曹真_0,上下级,[{'72': '曹真令孙礼依计而行'}],人物与人物,三国演义
三国演义_人物_周泰_0,三国演义_地点_濡须口_0,守护,[{'50': '孙权留周泰守濡须口。'}],人物与地点,三国演义
三国演义_人物_姜维_0,三国演义_组织_汉室_0,归属,[{'87': '姜维誓不使汉室终灭，密信后主。'}],人物与组织,三国演义
三国演义_人物_公孙渊_0,三国演义_人物_司马懿_0,对立,[{'79': '公孙渊反叛，司马懿奉旨征讨，最终生擒并斩杀公孙渊。'}],人物与人物,三国演义
三国演义_人物_刘禅_0,三国演义_人物_谯周_0,上下级,[{'76': '谯周奏后主灾异，后主为君。'}],人物与人物,三国演义
三国演义_人物_关羽_0,三国演义_地点_华容道_0,守护,[{'35': '奉军师将令守华容道截曹操'}],人物与地点,三国演义
三国演义_人物_公孙渊_0,三国演义_组织_燕_0,领导,[{'78': '公孙渊自号为燕王，改元绍汉，建宫殿立官职'}],人物与组织,三国演义
三国演义_人物_关羽_0,三国演义_物品_名马_0,持有,[{'54': '关公收下陆逊所赠名马'}],人物与物品,三国演义
三国演义_人物_王允_0,三国演义_人物_董卓_0,对立,[{'5': '王允设连环计欲除董卓，表面曲意奉承，实为阴谋。'}],人物与人物,三国演义
三国演义_地点_邺城_0,三国演义_地点_魏王宫_0,隶属,[{'50': '魏王宫建于邺郡。'}],地点与地点,三国演义
三国演义_地点_安喜县_0,三国演义_地点_定州_0,隶属,[{'2': '安喜县属定州中山府'}],地点与地点,三国演义
三国演义_地点_新野_0,三国演义_地点_长亭_1,隶属,[{'26': '长亭在新野城外，刘备与徐庶在此饯别。'}],地点与地点,三国演义
三国演义_人物_司马懿_0,三国演义_组织_曹操军_0,归属,"[{'69': '司马懿为魏国骠骑大将军，后加平西都督'}, {'70': '司马懿为魏国大都督，效命于魏。'}, {'71': '司马懿为魏国大都督'}, {'72': '司马懿是魏国大都督'}, {'73': '司马懿是魏国都督、大将军，效忠于魏。'}, {'75': '司马懿为魏国都督，奉命伐蜀'}, {'77': '司马懿为魏国大都督，统领魏军。'}, {'80': '司马懿为魏国太傅，专权'}]",人物与组织,三国演义
三国演义_人物_庞德_0,三国演义_人物_董超_0,对立,[{'53': '董超劝降，庞德怒斩之'}],人物与人物,三国演义
三国演义_人物_陶谦_0,三国演义_地点_徐州_0,守护,"[{'6': '陶谦为徐州太守，治下百姓感恩。'}, {'7': '陶谦为徐州牧，被曹操攻围'}, {'8': '陶谦为徐州牧，病死前将徐州托付给刘备。'}]",人物与地点,三国演义
三国演义_人物_何曼_0,三国演义_物品_铁棒_1,持有,[{'8': '何曼手提铁棒出战。'}],人物与物品,三国演义
三国演义_人物_傅佥_0,三国演义_人物_李鹏_0,对立,[{'82': '傅佥用四楞铁简打死李鹏。'}],人物与人物,三国演义
三国演义_人物_黄盖_0,三国演义_组织_孙坚军_0,归属,[{'5': '黄盖为孙坚军部将。'}],人物与组织,三国演义
三国演义_人物_曹操_0,三国演义_人物_高览_0,上下级,[{'22': '高览投降曹操，曹操封其为偏将军、东莱侯'}],人物与人物,三国演义
三国演义_人物_司马昭_0,三国演义_人物_诸葛诞_0,对立,[{'82': '诸葛诞起兵讨伐司马昭，司马昭亲征围攻寿春。'}],人物与人物,三国演义
三国演义_地点_剑阁_0,三国演义_地点_散关_0,连通,[{'75': '蜀军过剑阁，由散关望斜谷而来'}],地点与地点,三国演义
三国演义_人物_夏侯霸_0,三国演义_人物_姜维_0,上下级,"[{'80': '姜维接纳夏侯霸投降，任为向导官'}, {'81': '姜维任命夏侯霸为参谋，共同商议伐魏事宜'}, {'82': '夏侯霸随姜维伐魏，屡次进言献策，为蜀将。'}, {'83': '姜维与夏侯霸总中军，商议攻取祁山'}, {'85': '姜维以夏侯霸为前部取洮阳，夏侯霸中计身亡'}]",人物与人物,三国演义
三国演义_人物_赵云_0,三国演义_组织_刘备军_0,归属,[{'39': '赵云随诸葛亮赴巴丘吊丧，为刘备军将领'}],人物与组织,三国演义
三国演义_人物_诸葛亮_0,三国演义_物品_锦囊_3,创造,[{'77': '诸葛亮授予杨仪锦囊，内藏斩魏延之计。'}],人物与物品,三国演义
三国演义_人物_曹操_0,三国演义_地点_沛国谯郡_0,出身,[{'3': '曹操为谯郡人，逃归故乡。'}],人物与地点,三国演义
三国演义_地点_徐州_0,三国演义_地点_瓮城_0,隶属,[{'15': '瓮城是徐州城门外的防御工事。'}],地点与地点,三国演义
三国演义_人物_刘备_0,三国演义_人物_简雍_0,上下级,"[{'20': '简雍在冀州辅佐刘备，共谋脱身之计'}, {'23': '简雍为刘备幕僚，随刘备家小逃难'}, {'29': '谋士，简雍随行并袖占一课。'}, {'32': '刘备分付简雍固守鄂县'}]",人物与人物,三国演义
三国演义_人物_张温_1,三国演义_人物_董卓_0,对立,[{'5': '董卓以张温结连袁术为由，命吕布于筵上揪下斩首。'}],人物与人物,三国演义
三国演义_人物_侯成_0,三国演义_人物_吕布_0,上下级,"[{'8': '侯成出战被典韦击败，后巡海打粮未回。'}, {'14': '侯成为吕布部将，因酿酒被责打，后盗马献曹'}]",人物与人物,三国演义
三国演义_地点_樊城_0,三国演义_地点_荆州_0,隶属,"[{'26': '樊城属于荆州。'}, {'28': '樊城属荆州，刘备从新野退往樊城'}, {'30': '樊城属于荆州地区'}]",地点与地点,三国演义
三国演义_人物_刘备_0,三国演义_人物_陈孙_0,对立,[{'25': '刘备率军讨伐陈孙，张飞刺死之'}],人物与人物,三国演义
三国演义_人物_张飞_0,三国演义_地点_芒砀山_0,居住,[{'14': '张飞在芒砀山住了几时'}],人物与地点,三国演义
三国演义_人物_孟达_0,三国演义_人物_诸葛亮_0,上下级,[{'52': '诸葛亮遣孟达领兵于险要处立旌旗'}],人物与人物,三国演义
三国演义_人物_曹操_0,三国演义_人物_袁绍_0,对立,"[{'15': '曹操视袁绍为敌，派满宠探听，欲急图之。'}, {'21': '袁绍闻孙权与曹操结好，大怒起兵攻许昌。'}, {'22': '曹操与袁绍在官渡对阵，曹操以鞭指斥袁绍谋反，袁绍骂曹操为汉贼，双方交战争夺天下'}, {'23': '袁绍与曹操于仓亭决战，大败'}, {'31': '同上，袁绍被曹操所灭。'}]",人物与人物,三国演义
三国演义_组织_荆州军_0,三国演义_组织_张绣军_0,合作,[{'12': '张绣败后投刘表'}],组织与组织,三国演义
三国演义_人物_关羽_0,三国演义_组织_桃园结义_0,归属,"[{'20': '关公是桃园结义的二哥'}, {'55': '关公与刘备、张飞桃园结义，誓同生死'}]",人物与组织,三国演义
三国演义_人物_刘备_0,三国演义_人物_朱儁_0,上下级,[{'2': '朱儁命刘备为先锋，合兵讨张宝'}],人物与人物,三国演义
三国演义_人物_吕布_0,三国演义_人物_薛兰_0,上下级,[{'7': '吕布令薛兰引军一万坚守兖州'}],人物与人物,三国演义
三国演义_人物_刘表_0,三国演义_人物_张武_0,对立,[{'25': '张武在江夏造反，刘表派刘备讨伐'}],人物与人物,三国演义
三国演义_人物_关羽_0,三国演义_人物_普净_0,亲密,[{'19': '普净为关公同乡，以戒刀暗示识破卞喜阴谋'}],人物与人物,三国演义
三国演义_人物_刘备_0,三国演义_人物_文聘_0,对立,[{'29': '刘备骂文聘为背主之贼，文聘羞惭引军自去。'}],人物与人物,三国演义
三国演义_人物_曹真_0,三国演义_物品_将印_0,持有,[{'72': '曹真持有总兵将印'}],人物与物品,三国演义
三国演义_人物_周瑜_0,三国演义_人物_孙策_0,上下级,[{'31': '周瑜自称“吾承伯符寄托”，受托付处理外事。'}],人物与人物,三国演义
三国演义_人物_孙綝_0,三国演义_人物_李崇_0,上下级,[{'83': '孙綝叱令李崇夺孙亮玺绶'}],人物与人物,三国演义
三国演义_人物_刘璝_0,三国演义_地点_雒城_0,守护,[{'44': '刘璝守护雒城'}],人物与地点,三国演义
三国演义_人物_华佗_0,三国演义_人物_曹操_0,对立,[{'55': '曹操怀疑华佗欲报仇，将其下狱拷问致死'}],人物与人物,三国演义
三国演义_地点_东门_0,三国演义_地点_襄阳_0,隶属,[{'25': '东门为襄阳城门，蔡和守把'}],地点与地点,三国演义
三国演义_人物_吕布_0,三国演义_地点_定陶_0,居住,[{'8': '吕布与张邈、张超在定陶据守。'}],人物与地点,三国演义
三国演义_地点_相府_2,三国演义_地点_成都_0,隶属,[{'78': '丞相府在成都，孔明灵柩停于此'}],地点与地点,三国演义
三国演义_人物_孙权_0,三国演义_人物_孙桓_0,上下级,[{'57': '孙权封孙桓为左都督，领兵拒蜀。'}],人物与人物,三国演义
三国演义_人物_袁谭_0,三国演义_组织_袁谭军_0,领导,[{'24': '袁谭统领袁谭军与袁尚争位并降曹。'}],人物与组织,三国演义
三国演义_人物_曹操_0,三国演义_人物_汉献帝_0,上下级,"[{'10': '帝封曹操领司隶校尉假节钺录尚书事，曹操为臣。'}, {'41': '献帝排銮驾迎接曹操班师，赐赞拜不名、入朝不趋、剑履上殿等特权。'}, {'48': '曹操挟天子以令诸侯，献帝战栗服从，原文‘帝见曹操，战栗不已’等'}, {'50': '献帝令钟繇草诏，册立曹操为魏王。'}]",人物与人物,三国演义
三国演义_人物_徐母_0,三国演义_人物_曹操_0,对立,"[{'26': '徐母怒骂曹操为汉贼，以石砚打曹操。'}, {'27': '徐母怒骂曹操为欺君罔上之贼，因不愿见子事操而自缢。'}]",人物与人物,三国演义
三国演义_人物_王双_1,三国演义_物品_六十斤大刀_0,持有,[{'71': '王双使六十斤大刀，有万夫不当之勇'}],人物与物品,三国演义
三国演义_人物_诸葛绪_0,三国演义_人物_钟会_0,对立,[{'86': '钟会因诸葛绪擅自进兵且败，将其槛送洛阳。'}],人物与人物,三国演义
三国演义_人物_于吉_0,三国演义_技能_符水_0,掌握,[{'21': '于吉普施符水，救人万病，无有不验。'}],人物与技能,三国演义
三国演义_人物_曹操_0,三国演义_地点_东吴_0,对抗,"[{'44': '曹操兴兵犯濡须'}, {'50': '曹操领兵四十万救合淝，与孙权在濡须口对峙交战。'}]",人物与组织,三国演义
三国演义_人物_庞德_0,三国演义_人物_张鲁_0,上下级,[{'49': '张鲁厚赏庞德，令其领军出战，后听谗言欲斩之。'}],人物与人物,三国演义
三国演义_人物_张陵_0,三国演义_地点_鹄鸣山_0,居住,[{'41': '张陵在西川鹄鸣山中造作道书。'}],人物与地点,三国演义
三国演义_人物_木鹿大王_0,三国演义_技能_呼风唤雨_2,掌握,[{'65': '木鹿大王深通法术，能呼风唤雨。'}],人物与技能,三国演义
三国演义_人物_吕蒙_0,三国演义_地点_陆口_0,守护,[{'54': '吕蒙曾守陆口，后托病辞职'}],人物与地点,三国演义
三国演义_人物_张缉_0,三国演义_人物_曹芳_0,亲属,[{'81': '张缉乃张皇后之父，曹芳之皇丈'}],人物与人物,三国演义
三国演义_人物_伍琼_0,三国演义_人物_董卓_0,对立,[{'4': '伍琼谏阻迁都，被董卓斩首。'}],人物与人物,三国演义
三国演义_人物_兀突骨_0,三国演义_地点_乌戈国_0,领导,[{'65': '兀突骨为乌戈国主。'}],人物与组织,三国演义
三国演义_人物_吕旷_0,三国演义_人物_高干_0,对立,[{'25': '吕旷诈降高干，助破壶关'}],人物与人物,三国演义
三国演义_人物_刘备_0,三国演义_地点_徐州_0,居住,[{'10': '刘备屯兵徐州，自领州事。'}],人物与地点,三国演义
三国演义_人物_刘备_0,三国演义_人物_法正_0,上下级,"[{'47': '法正为刘备谋士，后任蜀郡太守。'}, {'53': '封法正为尚书令'}]",人物与人物,三国演义
三国演义_人物_陆逊_0,三国演义_组织_吴军_0,归属,[{'72': '陆逊是吴国上将军'}],人物与组织,三国演义
三国演义_人物_刘备_0,三国演义_物品_孔明荐书_0,持有,[{'39': '刘备收阅孔明荐书，知庞统当重用'}],人物与物品,三国演义
三国演义_人物_董荼那_0,三国演义_人物_诸葛亮_0,合作,[{'63': '董荼那感念诸葛亮活命之恩，擒孟获献于孔明'}],人物与人物,三国演义
三国演义_人物_孙策_0,三国演义_人物_董袭_0,上下级,[{'11': '董袭献严白虎首级，孙策命为别部司马'}],人物与人物,三国演义
三国演义_人物_吕旷_0,三国演义_人物_袁谭_0,上下级,[{'24': '吕旷降袁谭后，袁谭命其归降曹操，但暂归谭麾下。'}],人物与人物,三国演义
三国演义_地点_子午谷_0,三国演义_地点_汉中_0,连通,[{'41': '西凉之民从子午谷奔入汉中。'}],地点与地点,三国演义
三国演义_地点_董荼那寨_0,三国演义_地点_金环三结大寨_0,连通,[{'62': '金环三结大寨东路通董荼那寨之后'}],地点与地点,三国演义
三国演义_人物_孙休_0,三国演义_人物_朱太后_0,亲属,[{'88': '朱太后是孙休之妻'}],人物与人物,三国演义
三国演义_人物_庞统_0,三国演义_人物_蒋干_0,合作,[{'33': '蒋干引荐庞统给曹操，庞统借此献连环计'}],人物与人物,三国演义
三国演义_人物_王平_0,三国演义_人物_魏延_0,合作,[{'70': '魏延被围时王平杀入救出，二人合兵一处。'}],人物与人物,三国演义
三国演义_人物_曹操_0,三国演义_人物_陈宫_0,对立,[{'14': '陈宫被擒后拒绝投降曹操，慷慨赴死'}],人物与人物,三国演义
三国演义_人物_王瓘_0,三国演义_人物_邓艾_0,上下级,[{'84': '邓艾拨五千兵与王瓘，令其诈降姜维。'}],人物与人物,三国演义
三国演义_人物_孙礼_0,三国演义_人物_郭淮_0,合作,[{'73': '郭淮与孙礼一同受计，共同行军，中伏后一同败逃。'}],人物与人物,三国演义
三国演义_地点_冀城_0,三国演义_地点_天水郡_0,隶属,[{'68': '冀城属天水郡，姜维之母居冀县。'}],地点与地点,三国演义
三国演义_人物_刘备_0,三国演义_地点_益州_0,居住,[{'47': '刘备平定西川后入成都，自领益州牧。'}],人物与地点,三国演义
三国演义_人物_袁谭_0,三国演义_地点_平原_0,守护,[{'24': '袁谭败退后坚守平原城。'}],人物与地点,三国演义
三国演义_人物_傅士仁_0,三国演义_地点_公安_0,守护,[{'53': '被罚守公安'}],人物与地点,三国演义
三国演义_人物_曹操_0,三国演义_人物_鲍信_0,合作,[{'6': '曹操与济北相鲍信一同兴兵击贼于寿阳。'}],人物与人物,三国演义
三国演义_人物_曹丕_0,三国演义_组织_御林虎贲禁军_0,领导,[{'56': '受禅坛下集御林虎贲禁军三十余万，曹丕登坛受禅。'}],人物与组织,三国演义
三国演义_人物_乐进_0,三国演义_地点_青泥镇_0,守护,[{'44': '乐进引兵至青泥镇'}],人物与地点,三国演义
三国演义_人物_张角_0,三国演义_人物_董卓_0,对立,[{'1': '张角杀败董卓，乘势追击'}],人物与人物,三国演义
三国演义_人物_袁术_0,三国演义_人物_韩胤_0,上下级,[{'12': '韩胤为袁术使者'}],人物与人物,三国演义
三国演义_人物_刘备_0,三国演义_地点_东吴_0,合作,"[{'32': '东吴与刘备结盟共抗曹操，刘备称‘结东吴以共破曹操’'}, {'44': '刘备称与孙权唇齿之邦，同盟关系'}]",人物与组织,三国演义
三国演义_人物_刘备_0,三国演义_人物_彭羕_0,上下级,[{'45': '刘备拜彭羕为幕宾，听其建议。'}],人物与人物,三国演义
三国演义_人物_刘晔_0,三国演义_人物_吕虔_0,合作,[{'6': '刘晔向曹操推荐吕虔。'}],人物与人物,三国演义
三国演义_人物_伍孚_0,三国演义_人物_董卓_0,对立,[{'3': '伍孚藏刀刺董卓未成，被剖剐而死。'}],人物与人物,三国演义
三国演义_地点_岘山_0,三国演义_地点_襄阳_0,隶属,[{'88': '岘山在襄阳境内，羊祜常游于此'}],地点与地点,三国演义
三国演义_人物_诸葛亮_0,三国演义_人物_高定_0,上下级,[{'62': '高定归降孔明，被任命为益州太守'}],人物与人物,三国演义
三国演义_人物_孔融_0,三国演义_人物_陶谦_0,亲密,[{'7': '孔融与陶恭祖交厚'}],人物与人物,三国演义
三国演义_人物_袁谭_0,三国演义_地点_青州_0,守护,[{'23': '袁谭出守青州，回州整顿以拒曹操'}],人物与地点,三国演义
三国演义_人物_孙权_0,三国演义_地点_建业_0,居住,"[{'43': '孙权迁治建业，筑石头城'}, {'54': '孙权召吕蒙回建业养病'}, {'72': '孙权复还建业'}]",人物与地点,三国演义
三国演义_人物_文钦_0,三国演义_人物_文鸯_0,亲属,"[{'81': '文钦中子文鸯，有万夫不当之勇，随父起兵'}, {'82': '文钦是文鸯之父，与二子同守小城。'}]",人物与人物,三国演义
三国演义_人物_周瑜_0,三国演义_人物_孙策_0,亲密,"[{'11': '孙策与周瑜同年交情甚密，结为昆仲，瑜以兄事策'}, {'21': '孙策与周瑜为好友，临终嘱周瑜尽心辅佐孙权。'}]",人物与人物,三国演义
三国演义_人物_姜维_0,三国演义_人物_邓艾_0,对立,"[{'81': '邓艾设伏用火鼓惊退姜维，姜维退入剑阁'}, {'82': '邓艾在武城山、段谷设伏击败姜维，多次交战。'}, {'83': '姜维与邓艾在祁山斗阵交战，姜维用长蛇卷地阵困邓艾'}, {'84': '邓艾追赶姜维，赞叹其得武侯之法，后中姜维伏兵大败。；姜维改书信日期，设伏于墵山谷，大败邓艾。'}, {'85': '姜维与邓艾多次交战，互为敌手'}, {'87': '姜维骂邓艾匹夫行险徼幸。'}]",人物与人物,三国演义
三国演义_人物_刘备_0,三国演义_地点_樊城_0,居住,[{'28': '刘备从新野撤退往樊城暂避'}],人物与地点,三国演义
三国演义_人物_曹操_0,三国演义_物品_节钺_0,持有,[{'10': '帝封曹操假节钺，操持有此物。'}],人物与物品,三国演义
三国演义_人物_徐庶_0,三国演义_人物_徐母_0,亲属,"[{'26': '徐庶之母，徐庶因母被囚而辞别刘备。'}, {'27': '徐母是徐庶的母亲，因徐庶弃明投暗而自缢。'}]",人物与人物,三国演义
三国演义_人物_张衡_0,三国演义_人物_张鲁_0,亲属,[{'41': '张衡是张鲁之父，继承张陵道术，张鲁继行其教。'}],人物与人物,三国演义
三国演义_人物_曹操_0,三国演义_人物_曹植_0,亲属,"[{'25': '父子关系，曹操为父'}, {'31': '曹植是曹操的幼子，作《铜雀台赋》。'}, {'50': '曹操曾欲立曹植为后嗣，后疑其乖巧。'}, {'52': '曹操爱杨修之才，欲立曹植为世子'}]",人物与人物,三国演义
三国演义_人物_木鹿大王_0,三国演义_技能_驱虎豹之法_0,掌握,[{'65': '木鹿大王能驱赶虎豹豺狼等猛兽。'}],人物与技能,三国演义
三国演义_地点_桃花渡口_0,三国演义_组织_刘备军_0,驻扎,[{'65': '孔明提兵直至桃花渡口，隔岸下寨。'}],组织与地点,三国演义
三国演义_人物_曹操_0,三国演义_人物_曹昂_0,亲属,"[{'12': '父子，曹昂为曹操长子'}, {'50': '曹昂为曹操之子，征张绣时死于宛城。'}]",人物与人物,三国演义
三国演义_人物_关兴_0,三国演义_人物_杨陵_0,对立,[{'67': '关兴随崔谅入南安城，手起刀落斩杨陵于马下'}],人物与人物,三国演义
三国演义_人物_孙峻_0,三国演义_人物_诸葛恪_0,对立,[{'80': '孙峻与滕胤密谋诛杀诸葛恪'}],人物与人物,三国演义
三国演义_人物_黄权_0,三国演义_地点_益州_0,归属,[{'44': '黄权为刘璋部下'}],人物与组织,三国演义
三国演义_人物_于禁_0,三国演义_物品_金器一副_0,持有,[{'12': '曹操赐于禁'}],人物与物品,三国演义
三国演义_人物_董卓_0,三国演义_地点_陇西临洮_0,出身,[{'2': '董卓为陇西临洮人'}],人物与地点,三国演义
三国演义_人物_司马昭_0,三国演义_人物_姜维_0,对立,[{'81': '姜维困司马昭于铁笼山，断其水源'}],人物与人物,三国演义
三国演义_人物_张宝_0,三国演义_技能_妖法_0,掌握,[{'2': '张宝作起妖法，风雷大作，飞砂走石'}],人物与技能,三国演义
三国演义_人物_关羽_0,三国演义_人物_王植_0,对立,[{'19': '王植欲火攻关公，被关公拦腰一刀砍为两段'}],人物与人物,三国演义
三国演义_人物_孙权_0,三国演义_人物_张纮_0,上下级,[{'21': '张纮回吴，孙权命其与张昭同理政事。'}],人物与人物,三国演义
三国演义_人物_姜维_0,三国演义_人物_诸葛亮_0,对立,[{'67': '姜维识破诸葛亮假裴绪之计，并献计欲擒诸葛亮'}],人物与人物,三国演义
三国演义_人物_刘备_0,三国演义_人物_张飞_0,亲密,[{'55': '桃园结义，誓同生死，差人赴阆中报知'}],人物与人物,三国演义
三国演义_人物_张飞_0,三国演义_地点_阆中_0,守护,"[{'51': '张飞镇守阆中，与张郃对峙。'}, {'57': '张飞受封阆中牧，驻守阆中。'}]",人物与地点,三国演义
三国演义_人物_孙坚_0,三国演义_物品_烂银铠_0,持有,[{'4': '孙坚披烂银铠。'}],人物与物品,三国演义
三国演义_人物_崔谅_0,三国演义_人物_张苞_0,对立,[{'67': '张苞大喝刺死崔谅于吊桥边'}],人物与人物,三国演义
三国演义_人物_卫瓘_0,三国演义_人物_钟会_0,上下级,[{'86': '卫瓘作为监军，奉命监督钟会和邓艾。'}],人物与人物,三国演义
三国演义_人物_荀彧_0,三国演义_物品_书_1,创造,[{'23': '荀彧写信报知刘备攻许昌，送与曹操'}],人物与物品,三国演义
三国演义_人物_王濬_0,三国演义_物品_大炬_0,创造,[{'88': '王濬在筏上作大炬灌麻油，烧断铁索'}],人物与物品,三国演义
三国演义_人物_刘备_0,三国演义_人物_张飞_0,亲属,"[{'12': '义兄弟'}, {'18': '刘备与张飞桃园结义，为义兄弟。'}, {'25': '结义兄弟，张飞为三弟'}, {'27': '刘备与张飞为结义兄弟，张飞随刘备三顾茅庐。'}, {'28': '刘备与张飞为结义兄弟，称张为三弟'}, {'29': '结义兄弟，刘备称张飞为弟。'}, {'32': '刘备与张飞为结义兄弟，张飞称刘备为兄长'}, {'42': '张飞与刘备为结义兄弟'}, {'47': '刘备与张飞为结义兄弟，张飞称刘备为哥哥。'}, {'53': '张飞以兄称呼刘备，支持进位汉中王'}]",人物与人物,三国演义
三国演义_人物_周瑜_0,三国演义_人物_太史慈_0,上下级,[{'32': '周瑜解佩剑付太史慈，令其为监酒'}],人物与人物,三国演义
三国演义_人物_张松_0,三国演义_地点_益州_0,居住,[{'42': '张松为益州别驾，本籍益州'}],人物与地点,三国演义
三国演义_人物_关羽_0,三国演义_人物_刘备_0,亲密,"[{'1': '桃园结义，刘备为兄，关羽为弟，誓同生死'}, {'2': '三人义同生死，食则同桌，寝则同床'}, {'4': '刘备与关羽为结义兄弟。'}, {'8': '关羽为刘备二弟，随刘备到徐州，再三相劝刘备领徐州。'}, {'10': '刘备与关羽是结义兄弟，关羽随刘备征战，信任深厚。'}, {'15': '刘备与关羽情同兄弟，关羽称刘备为兄，常随保护。'}, {'16': '关羽与刘备为结义兄弟，云长称刘备为兄'}, {'23': '刘备与关羽结义兄弟，引兵相救'}, {'26': '刘备与关羽是结义兄弟，情同手足。'}, {'57': '刘备称与关、张生死之交，桃园结义，誓同生死。'}, {'58': '刘备称关羽为二弟，誓为其报仇，结义兄弟情深'}]",人物与人物,三国演义
三国演义_人物_刘备_0,三国演义_人物_徐庶_0,亲密,"[{'26': '刘备拜徐庶为军师，徐庶离去时刘备依依不舍，泪如雨下。'}, {'29': '旧日之情，徐庶与刘备共诉旧情，劝其速走。'}]",人物与人物,三国演义
三国演义_人物_黄忠_0,三国演义_组织_刘备军_0,归属,[{'51': '黄忠为蜀汉老将，率蜀兵作战。'}],人物与组织,三国演义
三国演义_人物_张飞_0,三国演义_人物_纪灵_0,对立,"[{'12': '张飞在宴上欲杀纪灵'}, {'15': '张飞与纪灵交战，大喝一声刺纪灵于马下。'}]",人物与人物,三国演义
三国演义_人物_关羽_0,三国演义_人物_周仓_0,上下级,"[{'23': '周仓为关羽部将，随关羽引军救刘备'}, {'34': '周仓为关羽部将，随关羽往华容道埋伏。'}, {'53': '周仓为关羽部将，生擒庞德'}]",人物与人物,三国演义
三国演义_人物_孙峻_0,三国演义_人物_滕胤_0,合作,[{'80': '孙峻与滕胤密谋诛杀诸葛恪'}],人物与人物,三国演义
三国演义_人物_侯成_0,三国演义_物品_赤兔马_0,争夺,[{'14': '侯成暗至马院盗取赤兔马，奔曹操寨献之'}],人物与物品,三国演义
三国演义_人物_辛毗_0,三国演义_地点_平原_0,守护,[{'24': '辛毗曾任平原令，治理平原。'}],人物与地点,三国演义
三国演义_人物_曹操_0,三国演义_物品_降书_0,持有,[{'28': '曹操得刘琮降书大喜'}],人物与物品,三国演义
三国演义_人物_曹操_0,三国演义_地点_魏王宫_0,居住,[{'50': '曹操在邺郡盖魏王宫，居住其中。'}],人物与地点,三国演义
三国演义_人物_曹仁_0,三国演义_人物_李典_0,上下级,[{'26': '曹仁为主将，李典为副将，李典劝谏曹仁。'}],人物与人物,三国演义
三国演义_人物_孟达_0,三国演义_地点_葭萌关_0,守护,"[{'44': '孟达与霍峻同守葭萌关'}, {'51': '孟达与霍峻守葭萌关。'}]",人物与地点,三国演义
三国演义_地点_落凤坡_0,三国演义_地点_雒城_0,隶属,[{'45': '落凤坡是雒城附近地名，庞统在此被张任伏兵射杀。'}],地点与地点,三国演义
三国演义_人物_凌操_0,三国演义_人物_孙策_0,上下级,[{'11': '凌操父子接孙策，被使为从征校尉'}],人物与人物,三国演义
三国演义_地点_建业_0,三国演义_地点_石头城_0,隶属,"[{'43': '石头城建于建业，孙权在此筑城'}, {'88': '石头城是建业城的要塞，属于建业'}]",地点与地点,三国演义
三国演义_人物_鄂焕_0,三国演义_人物_高定_0,上下级,[{'62': '鄂焕是高定部将，后随高定归降'}],人物与人物,三国演义
三国演义_人物_刘备_0,三国演义_人物_周瑜_0,对立,"[{'32': '周瑜认为刘备世之枭雄，不可不除，设伏欲杀之'}, {'37': '周瑜多次设计陷害刘备，刘备逃避追杀。'}]",人物与人物,三国演义
三国演义_地点_旱寨_0,三国演义_组织_曹操军_0,驻扎,"[{'32': '曹操立旱寨三百余里'}, {'34': '曹军旱寨沿江而建，为陆军营地。'}]",组织与地点,三国演义
三国演义_人物_曹操_0,三国演义_物品_传国玉玺_0,持有,[{'15': '徐璆献玉玺于曹操，玉玺归操。'}],人物与物品,三国演义
三国演义_人物_马超_0,三国演义_物品_弓_0,持有,[{'40': '马超拈弓搭箭射曹操座船，箭无虚发'}],人物与物品,三国演义
三国演义_人物_孙乾_0,三国演义_物品_金珠_0,持有,[{'47': '孙乾奉命赍金珠从小路径至汉中贿赂杨松。'}],人物与物品,三国演义
三国演义_人物_张辽_0,三国演义_组织_曹操军_0,归属,[{'36': '张辽是曹操部下大将，守合淝'}],人物与组织,三国演义
三国演义_人物_孔秀_0,三国演义_地点_东岭关_0,守护,[{'19': '孔秀是东岭关守将，把关阻挡关公'}],人物与地点,三国演义
三国演义_人物_孙权_0,三国演义_人物_张承_0,上下级,[{'76': '孙权令张承与孙韶同出兵。'}],人物与人物,三国演义
三国演义_人物_黄皓_0,三国演义_物品_金宝_1,持有,[{'86': '黄皓用金宝贿赂邓艾左右得免一死。'}],人物与物品,三国演义
三国演义_人物_庞统_0,三国演义_技能_连环策_0,掌握,"[{'33': '庞统向曹操建议用铁环连锁船只，为火攻创造条件'}, {'34': '庞统向曹操献铁索连舟之计，使北军渡江如履平地。'}]",人物与技能,三国演义
三国演义_人物_曹操_0,三国演义_人物_邓义_0,上下级,[{'29': '邓义引荆州军民出郭投降曹操。'}],人物与人物,三国演义
三国演义_人物_田续_0,三国演义_人物_邓艾_0,对立,[{'87': '田续为报昔日邓艾欲杀之恨，引兵斩邓艾于绵竹。'}],人物与人物,三国演义
三国演义_人物_孟获_0,三国演义_人物_木鹿大王_0,合作,[{'65': '孟获请木鹿大王相助破蜀，木鹿应允。'}],人物与人物,三国演义
三国演义_人物_曹操_0,三国演义_组织_朝廷_0,归属,"[{'8': '曹操是汉朝臣子，荀彧言朝廷喜。'}, {'9': '曹操平山东后，表奏朝廷，加封为建德将军费亭侯'}]",人物与组织,三国演义
三国演义_人物_徐晃_0,三国演义_地点_阳陵坡_0,守护,[{'54': '徐晃前到阳陵坡驻扎'}],人物与地点,三国演义
三国演义_人物_万彧_0,三国演义_人物_孙皓_0,对立,[{'88': '万彧谏孙皓，被杀害'}],人物与人物,三国演义
三国演义_人物_孙策_0,三国演义_物品_粮食_0,持有,[{'11': '孙策收得牛渚邸阁粮食'}],人物与物品,三国演义
三国演义_人物_张任_0,三国演义_人物_诸葛亮_0,对立,[{'46': '诸葛亮设计诱骗张任过金雁桥，伏兵擒之'}],人物与人物,三国演义
三国演义_人物_黄忠_0,三国演义_地点_南阳_0,出身,[{'36': '黄忠是南阳人'}],人物与地点,三国演义
三国演义_人物_刘备_0,三国演义_地点_小沛_0,守护,[{'14': '玄德原驻沛城，后被吕布攻破'}],人物与地点,三国演义
三国演义_人物_曹真_0,三国演义_物品_节钺_3,持有,[{'68': '曹睿赐曹真节钺，象征军权。'}],人物与物品,三国演义
三国演义_人物_吕布_0,三国演义_地点_濮阳_0,居住,"[{'7': '吕布进据濮阳，与曹操交战'}, {'8': '吕布据守濮阳，与曹操交战。'}]",人物与地点,三国演义
三国演义_地点_小庵_0,三国演义_地点_西山_1,隶属,[{'33': '蒋干被送到西山背后的小庵中歇息'}],地点与地点,三国演义
三国演义_人物_刘备_0,三国演义_组织_黄巾军_0,对抗,[{'2': '刘备参与讨伐黄巾军，建功受职'}],人物与组织,三国演义
三国演义_人物_吕布_0,三国演义_人物_郝萌_0,上下级,[{'8': '郝萌在北门道旁杀出。'}],人物与人物,三国演义
三国演义_人物_吕蒙_0,三国演义_物品_刀牌_0,持有,[{'49': '吕蒙一手挽牌一手提刀，分开甘宁和凌统。'}],人物与物品,三国演义
三国演义_人物_吕翔_0,三国演义_人物_袁谭_0,上下级,[{'24': '吕翔同降袁谭后随谭归曹。'}],人物与人物,三国演义
三国演义_人物_王朗_0,三国演义_人物_诸葛亮_0,对立,[{'68': '两军阵前，诸葛亮痛骂王朗，王朗气满胸膛撞死于马下。'}],人物与人物,三国演义
三国演义_人物_周瑜_0,三国演义_人物_孙权_0,上下级,"[{'21': '周瑜受孙策遗命辅佐孙权，孙权拜之为辅。'}, {'27': '孙权拜周瑜为大都督，总统江东水陆军马。'}, {'28': '孙权任周瑜为都督，日于鄱阳湖教练水军'}, {'31': '孙权封周瑜为大都督，赐剑，赋予统领权。'}, {'32': '孙权为吴侯，周瑜为大都督，孙权命周瑜先行，自己起兵继后'}, {'37': '孙权是东吴之主，周瑜为其大都督，听命于孙权。'}]",人物与人物,三国演义
三国演义_人物_曹睿_0,三国演义_人物_钟繇_0,上下级,[{'69': '钟繇保举司马懿退蜀兵，曹睿纳其言'}],人物与人物,三国演义
三国演义_人物_公孙越_0,三国演义_人物_袁绍_0,对立,[{'5': '袁绍遣人冒充董卓家将射死公孙越，激怒公孙瓒。'}],人物与人物,三国演义
三国演义_人物_姜维_0,三国演义_物品_粮车_0,持有,[{'84': '姜维有粮车数千，后因王瓘烧毁数百辆。'}],人物与物品,三国演义
三国演义_人物_吕布_0,三国演义_人物_王允_0,合作,[{'6': '王允设连环计离间董卓与吕布，并说服吕布共同诛杀董卓。'}],人物与人物,三国演义
三国演义_人物_刘谌_0,三国演义_组织_刘备军_0,归属,[{'86': '刘谌是蜀汉北地王，效忠蜀汉，反对投降。'}],人物与组织,三国演义
三国演义_地点_剑阁_0,三国演义_地点_陈仓_0,连通,[{'75': '蜀军径出陈仓，过剑阁'}],地点与地点,三国演义
三国演义_人物_吕翔_0,三国演义_人物_曹仁_0,上下级,[{'26': '曹仁拨兵给吕翔，派其攻新野。'}],人物与人物,三国演义
三国演义_人物_丁奉_0,三国演义_人物_孙綝_0,对立,[{'83': '丁奉定计在腊日大会擒杀孙綝'}],人物与人物,三国演义
三国演义_人物_羊祜_0,三国演义_人物_陆抗_0,亲密,[{'88': '羊祜与陆抗以德相交，送还猎物、赠酒送药，常相往来'}],人物与人物,三国演义
三国演义_人物_张苞_0,三国演义_人物_范疆_0,对立,[{'58': '张苞将范疆万剐凌迟，祭张飞之灵'}],人物与人物,三国演义
三国演义_人物_孟获_0,三国演义_人物_董荼那_0,对立,[{'63': '董荼那因受诸葛亮活命之恩，反叛擒孟获献孔明，后遭孟获设计杀害'}],人物与人物,三国演义
三国演义_人物_张梁_0,三国演义_人物_张角_0,亲属,[{'1': '张角与张梁为亲兄弟，张角为兄'}],人物与人物,三国演义
三国演义_人物_杜路_0,三国演义_组织_刘备军_0,合作,[{'57': '洞溪汉将杜路率兵助蜀。'}],人物与组织,三国演义
三国演义_人物_蒋义渠_0,三国演义_人物_袁绍_0,上下级,[{'23': '蒋义渠为袁绍部将，出寨迎接并招谕离散'}],人物与人物,三国演义
三国演义_地点_江油_0,三国演义_组织_刘备军_0,驻扎,[{'86': '马邈为蜀江油守将，后降邓艾。'}],组织与地点,三国演义
三国演义_人物_毋丘俭_0,三国演义_人物_毋丘甸_0,亲属,[{'81': '毋丘甸为毋丘俭长子，劝父起兵'}],人物与人物,三国演义
三国演义_地点_下邳_0,三国演义_地点_白门楼_0,隶属,[{'14': '白门楼是下邳城上的门楼'}],地点与地点,三国演义
三国演义_地点_冀州_0,三国演义_组织_袁尚军_0,驻扎,[{'24': '袁尚军主力驻扎在冀州城。'}],组织与地点,三国演义
三国演义_人物_张虎_0,三国演义_人物_韩当_0,对立,[{'5': '韩当一刀削去张虎半个脑袋。'}],人物与人物,三国演义
三国演义_人物_张昭_0,三国演义_人物_鲁肃_0,对立,[{'30': '鲁肃力排众议，反对张昭主降之策'}],人物与人物,三国演义
三国演义_人物_孟获_0,三国演义_人物_董荼那_0,上下级,[{'62': '董荼那是孟获麾下三洞元帅之一'}],人物与人物,三国演义
三国演义_地点_东吴_0,三国演义_组织_曹操军_0,对抗,[{'31': '曹操率大军南征东吴，东吴决意抵抗。'}],组织与组织,三国演义
三国演义_人物_张绣_0,三国演义_人物_胡车儿_0,上下级,[{'12': '胡车儿为张绣偏将'}],人物与人物,三国演义
三国演义_人物_张飞_0,三国演义_组织_桃园结义_0,归属,[{'55': '张飞与刘备、关公桃园结义，为三弟'}],人物与组织,三国演义
三国演义_地点_列柳城_0,三国演义_组织_曹操军_0,驻扎,[{'70': '郭淮攻取列柳城，司马懿留申耽、申仪守之。'}],组织与地点,三国演义
三国演义_人物_关羽_0,三国演义_人物_张辽_0,对立,[{'12': '张辽追赶刘备，被关羽敌住'}],人物与人物,三国演义
三国演义_人物_诸葛亮_0,三国演义_人物_诸葛玄_0,亲属,[{'26': '诸葛亮之叔，曾带其往依荆州刘表。'}],人物与人物,三国演义
三国演义_人物_钟繇_0,三国演义_人物_钟进_0,亲属,[{'40': '钟进为钟繇之弟，守西门被庞德斩杀'}],人物与人物,三国演义
三国演义_人物_司马昭_0,三国演义_人物_邓艾_0,上下级,"[{'82': '司马昭遣使封邓艾为安西将军，加官赐爵。'}, {'84': '司马昭见邓艾数有大功，不复贬责，复加厚赐并添兵五万守御。'}, {'86': '邓艾为司马昭部下，伐蜀立功，司马昭疑其自专，派监军监视。'}]",人物与人物,三国演义
三国演义_人物_曹安民_0,三国演义_人物_曹操_0,亲属,[{'12': '叔侄，曹安民为曹操之兄子'}],人物与人物,三国演义
三国演义_人物_公孙瓒_0,三国演义_人物_吕布_0,对立,[{'4': '吕布击败公孙瓒，纵马追赶，被张飞所救。'}],人物与人物,三国演义
三国演义_人物_周瑜_0,三国演义_人物_庞统_0,合作,[{'33': '周瑜通过鲁肃问计于庞统，庞统献连环计，周瑜深表赞同'}],人物与人物,三国演义
三国演义_组织_刘备军_0,三国演义_组织_南蛮_0,对抗,[{'62': '孔明率蜀军征讨南蛮，双方交战'}],组织与组织,三国演义
三国演义_人物_何太后_0,三国演义_人物_董卓_0,对立,[{'3': '董卓废何太后，后命李儒将其杀死。'}],人物与人物,三国演义
三国演义_人物_关羽_0,三国演义_人物_刘备_0,上下级,"[{'30': '关云长率精兵万人，为刘备大将'}, {'53': '刘备封关羽为前将军、五虎大将之首'}]",人物与人物,三国演义
三国演义_人物_胡渊_0,三国演义_物品_密书_0,持有,[{'87': '胡渊收到父亲密书，大惊示诸营。'}],人物与物品,三国演义
三国演义_人物_吕旷_0,三国演义_人物_曹仁_0,上下级,[{'26': '曹仁拨兵给吕旷，派其攻新野。'}],人物与人物,三国演义
三国演义_组织_南蛮_0,三国演义_组织_刘备军_0,对抗,[{'65': '蜀军与南蛮蛮军多次交战，最终平定南方。'}],组织与组织,三国演义
三国演义_人物_华歆_0,三国演义_人物_曹睿_0,上下级,[{'73': '华歆上疏谏魏主退兵。'}],人物与人物,三国演义
三国演义_人物_孙权_0,三国演义_物品_孙权书_0,创造,[{'48': '孙权修书让诸葛瑾带给刘备，原文‘一面修书，打发诸葛瑾往西川去’'}],人物与物品,三国演义
三国演义_地点_小沛_0,三国演义_地点_徐州_0,相邻,[{'10': '小沛离徐州只有四五十里，两城相邻。'}],地点与地点,三国演义
三国演义_人物_诸葛亮_0,三国演义_人物_魏延_0,对立,"[{'36': '诸葛亮认为魏延脑后有反骨，欲斩之，经刘备求情饶恕，警告勿生异心'}, {'77': '魏延扑灭孔明祈禳主灯，致其延寿失败；孔明预言魏延必反，遗计斩之。'}]",人物与人物,三国演义
三国演义_人物_吕布_0,三国演义_人物_陈登_0,上下级,[{'12': '陈登为吕布部下，后为内应'}],人物与人物,三国演义
三国演义_人物_伍延_0,三国演义_人物_杜预_0,对立,[{'88': '杜预下令斩被俘的吴将伍延'}],人物与人物,三国演义
三国演义_人物_曹睿_0,三国演义_人物_曹芳_0,亲属,[{'79': '曹芳是曹睿乞养之子，继位为魏主。'}],人物与人物,三国演义
三国演义_人物_郭淮_0,三国演义_组织_曹操军_0,归属,[{'69': '郭淮为魏将，与曹真共谋军务'}],人物与组织,三国演义
三国演义_人物_管辂_0,三国演义_地点_平原_0,出身,[{'50': '管辂为平原人也。'}],人物与地点,三国演义
三国演义_人物_刘封_0,三国演义_人物_孟达_0,合作,[{'52': '刘封与孟达同领兵立旌旗，后夹攻曹兵'}],人物与人物,三国演义
三国演义_组织_刘备军_0,三国演义_组织_吕布军_0,对抗,[{'12': '吕布攻小沛，刘备军突围'}],组织与组织,三国演义
三国演义_人物_刘琰_0,三国演义_地点_安定郡_0,守护,[{'67': '诸葛亮留刘琰守安定'}],人物与地点,三国演义
三国演义_人物_曹真_0,三国演义_人物_郭淮_0,上下级,"[{'68': '曹真为大都督，郭淮为副都督，共议退兵之策。'}, {'72': '曹真与郭淮计议，郭淮为下属'}]",人物与人物,三国演义
三国演义_人物_刘备_0,三国演义_人物_吴班_0,上下级,[{'57': '刘备下诏使吴班为先锋。'}],人物与人物,三国演义
三国演义_人物_刘备_0,三国演义_地点_白马_1,持有,[{'45': '刘备将自己所骑的白马换给庞统。'}],人物与物品,三国演义
三国演义_人物_司马懿_0,三国演义_人物_曹丕_0,上下级,"[{'56': '司马懿谏曹丕不可直接受禅，应上表谦辞以绝谤。'}, {'60': '曹丕采纳司马懿五路伐蜀之计'}, {'61': '曹丕封司马懿为尚书仆射，留许昌决断国政'}]",人物与人物,三国演义
三国演义_人物_赵衢_0,三国演义_人物_马超_0,对立,[{'46': '赵衢与梁宽一同反叛，斩杀马超家属'}],人物与人物,三国演义
三国演义_人物_诸葛亮_0,三国演义_技能_太乙数_0,掌握,[{'45': '孔明夜算太乙数，知罡星在西方，写信提醒刘备。'}],人物与技能,三国演义
三国演义_人物_曹丕_0,三国演义_组织_曹操军_0,领导,"[{'56': '曹丕为魏王、大魏皇帝，领导魏国。'}, {'59': '曹丕是魏主，调三路军马暗袭东吴。'}]",人物与组织,三国演义
三国演义_人物_关平_0,三国演义_地点_偃城_0,守护,[{'54': '关平屯兵在偃城'}],人物与地点,三国演义
三国演义_人物_刘备_0,三国演义_物品_诏书_0,持有,[{'10': '刘备接到天子诏书，起兵讨袁术。'}],人物与物品,三国演义
三国演义_地点_荆州_0,三国演义_地点_麦城_0,隶属,"[{'54': '麦城是荆州属下的一个小城'}, {'55': '麦城原属荆州，后被东吴占据'}]",地点与地点,三国演义
三国演义_人物_边让_0,三国演义_人物_陶谦_0,亲密,[{'6': '边让与陶谦交厚，闻徐州有难引兵来救，被夏侯惇截杀。'}],人物与人物,三国演义
三国演义_人物_司马师_0,三国演义_人物_曹芳_0,上下级,[{'80': '曹芳封司马师为大将军'}],人物与人物,三国演义
三国演义_地点_东吴_0,三国演义_组织_刘备军_0,合作,[{'31': '刘备与东吴结盟，共同讨伐曹操。'}],组织与组织,三国演义
三国演义_人物_吕布_0,三国演义_人物_王允_0,合作,[{'9': '王司徒与吕布计杀董卓'}],人物与人物,三国演义
三国演义_人物_孙坚_0,三国演义_人物_韩当_0,上下级,"[{'4': '韩当为孙坚部将，使大刀。'}, {'5': '韩当为孙坚部将，刀斩张虎。'}]",人物与人物,三国演义
三国演义_人物_诸葛亮_0,三国演义_物品_剑印_0,持有,[{'28': '玄德以剑印付孔明，孔明凭此号令众将'}],人物与物品,三国演义
三国演义_人物_诸葛亮_0,三国演义_人物_费祎_0,上下级,[{'75': '孔明深责费祎不能觉察奸邪'}],人物与人物,三国演义
三国演义_地点_檀溪_0,三国演义_地点_襄阳_0,隶属,"[{'25': '檀溪在襄阳西边，为襄阳之地'}, {'26': '檀溪在襄阳附近，刘备跃马过溪之处。'}]",地点与地点,三国演义
三国演义_人物_李傕_0,三国演义_人物_李暹_0,亲属,[{'9': '李暹是李傕的侄子，引兵围宫院'}],人物与人物,三国演义
三国演义_人物_公孙瓒_0,三国演义_人物_赵云_0,上下级,[{'5': '赵云弃袁绍投公孙瓒，公孙瓒令其领一军在后。'}],人物与人物,三国演义
三国演义_人物_曹真_0,三国演义_人物_郭淮_0,合作,"[{'69': '郭淮献计求救西羌，曹真从之，二人共谋夹攻蜀兵'}, {'70': '曹真与郭淮商议分兵取街亭、列柳城，恐司马懿得全功。'}]",人物与人物,三国演义
三国演义_人物_陈登_0,三国演义_地点_广陵_0,守护,[{'12': '陈登被表为广陵太守'}],人物与地点,三国演义
三国演义_人物_赵云_0,三国演义_地点_樊城_0,守护,[{'26': '赵云受命领一千军守樊城。'}],人物与地点,三国演义
三国演义_人物_汪昭_0,三国演义_人物_袁谭_0,上下级,[{'24': '汪昭是袁谭大将，出战曹操被徐晃斩杀。'}],人物与人物,三国演义
三国演义_人物_诸葛亮_0,三国演义_技能_造木牛流马之法_0,掌握,[{'76': '孔明发明并写下造木牛流马之法，令匠人依法制造。'}],人物与技能,三国演义
三国演义_人物_诸葛亮_0,三国演义_技能_缓兵之计_0,掌握,[{'73': '孔明用缓兵之计渐退汉中，诱魏兵追击。'}],人物与技能,三国演义
三国演义_人物_关羽_0,三国演义_人物_周仓_0,上下级,"[{'20': '关公收周仓为步卒，周仓步行相随'}, {'48': '周仓为关羽部下，捧刀听令，原文‘周仓捧着大刀’‘目视周仓而叱曰’'}, {'55': '关公留周仓同守麦城，周仓自刎殉主'}]",人物与人物,三国演义
三国演义_人物_张角_0,三国演义_技能_妖术_0,掌握,[{'1': '张角与卢植交战时使用妖术'}],人物与技能,三国演义
三国演义_人物_吕布_0,三国演义_物品_印绶_0,持有,[{'12': '曹操封吕布为平东将军所赐'}],人物与物品,三国演义
三国演义_人物_鲁肃_0,三国演义_地点_临淮东川_0,出身,[{'21': '鲁肃是临淮东川人。'}],人物与地点,三国演义
三国演义_人物_夏侯渊_0,三国演义_地点_长安_0,守护,[{'41': '曹操留夏侯渊屯兵长安，镇守西线。'}],人物与地点,三国演义
三国演义_地点_涪水关_0,三国演义_地点_涪江_0,相邻,[{'45': '刘备前寨紧靠涪江，彭羕提醒防泠苞决江。'}],地点与地点,三国演义
三国演义_人物_吕布_0,三国演义_地点_徐州_0,居住,[{'13': '吕布占据徐州，为徐州之主，多次在徐州发兵。'}],人物与地点,三国演义
三国演义_地点_荆州_0,三国演义_地点_荆襄_0,隶属,[{'28': '荆襄九郡包括荆州，刘琮献此与曹操'}],地点与地点,三国演义
三国演义_人物_刘备_0,三国演义_组织_刘备军_0,领导,"[{'40': '刘备统率荆州军，准备应对曹操'}, {'48': '刘备为蜀汉之主，原文‘刘备’称皇叔'}, {'52': '刘备亲征汉中，率领蜀军'}, {'53': '刘备进位汉中王，领导蜀汉'}, {'57': '刘备为蜀汉先主，统帅七十五万大军伐吴。'}, {'58': '刘备为蜀汉先主，御驾亲征，统率蜀军'}, {'59': '刘备是蜀汉先主，统领蜀军伐吴。'}]",人物与组织,三国演义
三国演义_人物_徐庶_0,三国演义_人物_许昌_0,居住,[{'27': '徐庶因母书赴许昌，后葬母于许昌之南原，居丧守墓。'}],人物与地点,三国演义
三国演义_地点_漳河_0,三国演义_地点_铜雀台_0,相邻,[{'31': '曹操在漳河边新建铜雀台。'}],地点与地点,三国演义
三国演义_人物_关羽_0,三国演义_人物_王忠_0,对立,[{'16': '关羽骤马出战，生擒王忠'}],人物与人物,三国演义
三国演义_人物_马超_0,三国演义_地点_羌_0,居住,[{'46': '马超兵败后入羌，结好羌兵，居留二年有余'}],人物与地点,三国演义
三国演义_人物_曹丕_0,三国演义_人物_贾逵_0,上下级,[{'56': '贾逵为谏议大夫，奉命出城折服曹彰。'}],人物与人物,三国演义
三国演义_人物_关羽_0,三国演义_人物_刘辟_0,合作,[{'18': '刘辟与龚都佯输诈败，助关羽夺得汝南，并让孙乾报信。'}],人物与人物,三国演义
三国演义_人物_袁绍_0,三国演义_物品_宝剑_0,持有,[{'23': '袁绍命使者赍宝剑往冀州狱中杀田丰'}],人物与物品,三国演义
三国演义_人物_刘璋_0,三国演义_人物_张任_0,上下级,"[{'43': '张任为刘璋手下从事，在宴席上掣剑保护刘璋'}, {'44': '刘璋遣张任守雒县'}]",人物与人物,三国演义
三国演义_地点_兖州_0,三国演义_地点_鄄城_0,隶属,"[{'6': '鄄城是兖州下辖县，曹操留荀彧等守此。'}, {'7': '鄄城为兖州三处未被攻破的城池之一'}, {'8': '鄄城是兖州所属城邑。'}]",地点与地点,三国演义
三国演义_人物_审配_0,三国演义_物品_遗嘱_0,创造,[{'24': '审配在袁绍榻前书写遗嘱立袁尚为后嗣。'}],人物与物品,三国演义
三国演义_人物_庞统_0,三国演义_人物_法正_0,合作,[{'44': '庞统请法正来辨识来客彭永言'}],人物与人物,三国演义
三国演义_人物_夏侯惇_0,三国演义_人物_夏侯渊_0,亲属,[{'14': '兄弟，夏侯惇损一目，夏侯渊迎接曹操入寨'}],人物与人物,三国演义
三国演义_人物_何进_0,三国演义_人物_董重_0,对立,[{'2': '何进点禁军围董重府，追索印绶，董重自刎'}],人物与人物,三国演义
三国演义_人物_吉平_0,三国演义_人物_曹操_0,对立,[{'17': '吉平下毒谋害曹操未成，被曹操拷打致死'}],人物与人物,三国演义
三国演义_人物_刘备_0,三国演义_人物_糜夫人_0,亲属,[{'29': '夫妻，糜夫人为刘备之妻。'}],人物与人物,三国演义
三国演义_人物_韩福_0,三国演义_地点_洛阳_0,守护,[{'19': '韩福为洛阳太守，镇守洛阳'}],人物与地点,三国演义
三国演义_人物_夏侯渊_0,三国演义_人物_张飞_0,对立,[{'23': '张飞奋力杀退夏侯渊'}],人物与人物,三国演义
三国演义_人物_刘备_0,三国演义_物品_羊酒礼物_0,持有,[{'32': '刘备备办羊酒礼物令糜竺献与周瑜'}],人物与物品,三国演义
三国演义_地点_南门_0,三国演义_地点_襄阳_0,隶属,[{'25': '南门为襄阳城门，蔡中守把'}],地点与地点,三国演义
三国演义_人物_曹操_0,三国演义_组织_虎卫军_0,领导,"[{'40': '曹操帐前虎卫军为精锐侍卫，许褚统领'}, {'41': '虎卫军是曹操精锐卫队，当先乱箭射马超。'}]",人物与组织,三国演义
三国演义_人物_孙坚_0,三国演义_物品_赤帻_0,持有,[{'4': '孙坚戴赤帻，后脱与祖茂。'}],人物与物品,三国演义
三国演义_地点_桃花水_0,三国演义_地点_桃花渡口_0,连通,[{'65': '桃花水上有一渡口，为桃花渡口。'}],地点与地点,三国演义
三国演义_人物_吕布_0,三国演义_人物_方悦_0,对立,[{'4': '方悦出战吕布，无五合被吕布一戟刺于马下。'}],人物与人物,三国演义
三国演义_人物_诸葛诞_0,三国演义_人物_诸葛靓_0,亲属,[{'82': '诸葛诞令长史吴纲送子诸葛靓入吴为质求援。'}],人物与人物,三国演义
三国演义_人物_姜维_0,三国演义_组织_吴军_0,合作,[{'84': '姜维发书入吴，令起兵问司马昭弑君之罪。'}],人物与组织,三国演义
三国演义_人物_祝融夫人_0,三国演义_物品_飞刀_0,持有,[{'65': '祝融夫人背插五口飞刀，曾以此击中张嶷。'}],人物与物品,三国演义
三国演义_地点_巴西_0,三国演义_地点_阆中_0,隶属,[{'51': '阆中为巴西郡所辖。'}],地点与地点,三国演义
三国演义_人物_梁刚_0,三国演义_人物_袁术_0,上下级,[{'13': '袁术使梁刚为催进使，接应七路之兵。'}],人物与人物,三国演义
三国演义_地点_秃龙洞_0,三国演义_地点_黑泉_0,隶属,[{'64': '黑泉位于秃龙洞西北路上，是四毒泉之一。'}],地点与地点,三国演义
三国演义_人物_曹丕_0,三国演义_人物_曹熊_0,亲属,[{'56': '曹熊为曹丕之弟，惧罪自缢，曹丕令厚葬追赠。'}],人物与人物,三国演义
三国演义_人物_卞氏_0,三国演义_人物_曹丕_0,亲属,[{'56': '卞氏为曹植求情，要求存其性命，曹丕应允。'}],人物与人物,三国演义
三国演义_人物_徐庶_0,三国演义_技能_八门金锁阵_0,掌握,[{'26': '徐庶识破八门金锁阵的弱点，教赵云从生门入景门出破阵。'}],人物与技能,三国演义
三国演义_人物_赵云_0,三国演义_地点_常山真定_0,出身,[{'5': '赵云自称常山真定人。'}],人物与地点,三国演义
三国演义_人物_诸葛亮_0,三国演义_物品_书_3,创造,[{'74': '诸葛亮写书信羞辱曹真，致其气死。'}],人物与物品,三国演义
三国演义_人物_侯成_0,三国演义_人物_宋宪_0,合作,[{'14': '合谋擒吕布，侯成盗马，宋宪盗画戟'}],人物与人物,三国演义
三国演义_人物_诸葛亮_0,三国演义_人物_马谡_0,上下级,[{'62': '孔明采纳马谡攻心之策，任其为参军'}],人物与人物,三国演义
三国演义_人物_吕布_0,三国演义_地点_小沛_0,居住,"[{'9': '吕布被刘玄德安置于小沛安身'}, {'10': '吕布兵败投刘备，被安置于小沛居住。'}]",人物与地点,三国演义
三国演义_人物_孙策_0,三国演义_人物_陈生_0,对立,[{'5': '孙策射中陈生面门落马。'}],人物与人物,三国演义
三国演义_人物_沙摩柯_0,三国演义_人物_甘宁_0,对立,[{'58': '沙摩柯一箭射中甘宁头颅，甘宁带箭而死'}],人物与人物,三国演义
三国演义_人物_关羽_0,三国演义_技能_水淹七军_0,掌握,[{'55': '关公在襄樊之战中水淹曹操七军，关兴曾报捷'}],人物与技能,三国演义
三国演义_人物_逢纪_0,三国演义_组织_袁尚军_0,归属,[{'24': '逢纪是袁尚谋士，受命出使袁谭军。'}],人物与组织,三国演义
三国演义_人物_关羽_0,三国演义_物品_印绶_0,持有,[{'53': '关羽拜受前将军印绶'}],人物与物品,三国演义
三国演义_人物_孙策_0,三国演义_人物_袁术_0,上下级,[{'11': '袁术使孙策为怀义校尉，表为折冲校尉、殄寇将军，借兵三千、马五百匹'}],人物与人物,三国演义
三国演义_人物_刘备_0,三国演义_组织_曹操军_0,对抗,[{'30': '刘备以数千仁义之师对抗曹操百万之众'}],人物与组织,三国演义
三国演义_地点_冀城_0,三国演义_地点_凉州_0,隶属,[{'41': '韦康屯兵冀城，冀城属凉州。'}],地点与地点,三国演义
三国演义_地点_渭河_0,三国演义_地点_渭水浮桥_0,隶属,[{'76': '魏军在渭水上搭起九座浮桥，浮桥建于渭水之上。'}],地点与地点,三国演义
三国演义_人物_关兴_0,三国演义_人物_张苞_0,亲密,[{'57': '刘备命关兴拜张苞为兄，二人折箭为誓，永相救护。'}],人物与人物,三国演义
三国演义_人物_关羽_0,三国演义_技能_显圣_0,掌握,[{'55': '关公死后英魂显圣，于玉泉山护民，附体吕蒙'}],人物与技能,三国演义
三国演义_人物_曹真_0,三国演义_组织_曹操军_0,归属,"[{'69': '曹真为魏国大都督，统领魏军'}, {'71': '曹真为魏国大都督'}]",人物与组织,三国演义
三国演义_人物_夏侯尚_0,三国演义_人物_黄忠_0,对立,[{'52': '黄忠生擒夏侯尚，后射中其背'}],人物与人物,三国演义
三国演义_人物_刘夫人_0,三国演义_人物_袁绍_0,亲属,[{'24': '刘夫人是袁绍之妻。'}],人物与人物,三国演义
三国演义_人物_李乐_0,三国演义_人物_汉献帝_0,对立,[{'9': '李乐暗结李傕、郭汜欲劫驾，与董承对抗'}],人物与人物,三国演义
三国演义_人物_邓艾_0,三国演义_地点_祁山大寨_0,守护,"[{'83': '邓艾在祁山寨整点陇右之兵'}, {'84': '邓艾在祁山寨中训练人马，败后逃回。'}]",人物与地点,三国演义
三国演义_人物_李肃_0,三国演义_人物_董卓_0,上下级,[{'3': '李肃为董卓部下虎贲中郎将，受命说降吕布。'}],人物与人物,三国演义
三国演义_地点_上方谷_0,三国演义_地点_五丈原_0,相邻,[{'77': '上方谷位于五丈原附近，诸葛亮于上方谷设伏火攻司马懿。'}],地点与地点,三国演义
三国演义_人物_诸葛亮_0,三国演义_人物_郝昭_0,对立,"[{'71': '孔明攻陈仓二十余日，郝昭坚守不降'}, {'72': '孔明攻陈仓，郝昭守城抵抗'}]",人物与人物,三国演义
三国演义_人物_关羽_0,三国演义_人物_张飞_0,亲密,"[{'1': '桃园结义，关羽次之，张飞为弟，誓同生死'}, {'2': '结义兄弟，共同追随刘备'}, {'23': '关羽与张飞同回见刘备，兄弟情谊'}, {'57': '张飞称‘吾兄被害’，‘昔我三人桃园结义，誓同生死’。'}]",人物与人物,三国演义
三国演义_人物_曹洪_0,三国演义_组织_曹操军_0,领导,[{'51': '曹洪为魏将，统帅南郑魏军。'}],人物与组织,三国演义
三国演义_人物_孙权_0,三国演义_人物_鲁肃_0,上下级,"[{'21': '孙权拜鲁肃为上宾，听从其鼎足江东之策。'}, {'29': '孙权遣鲁肃往江夏吊丧，鲁肃为其谋士。'}, {'30': ""鲁肃为东吴谋士，孙权称'天以子敬赐我也'，信任有加""}, {'31': '孙权封鲁肃为赞军校尉。'}, {'36': '孙权下马迎鲁肃，并辔而行，厚待之'}, {'39': '孙权拜鲁肃为都督，总统兵马，以代周瑜之任'}, {'40': '孙权遣鲁肃修书向刘备求救'}]",人物与人物,三国演义
三国演义_人物_司马懿_0,三国演义_地点_宛城_0,居住,[{'69': '司马懿在宛城闲住，闻魏兵败而长叹'}],人物与地点,三国演义
三国演义_人物_曹洪_0,三国演义_地点_潼关_0,守护,[{'40': '曹洪与徐晃奉命守潼关，后因急躁失关'}],人物与地点,三国演义
三国演义_人物_唐妃_0,三国演义_人物_少帝_0,亲属,[{'3': '唐妃为少帝之妃。'}],人物与人物,三国演义
三国演义_人物_关羽_0,三国演义_人物_华雄_0,对立,[{'4': '关羽出马，斩华雄于帐前，其酒尚温。'}],人物与人物,三国演义
三国演义_人物_张郃_0,三国演义_人物_王平_0,对立,"[{'70': '张郃引军当住王平来路，与之交战。'}, {'73': '王平引军截住张郃、戴陵，死战不退。'}]",人物与人物,三国演义
三国演义_人物_曹操_0,三国演义_地点_兖州_0,居住,[{'7': '曹操原据兖州，失之惊呼无家可归，回军收复'}],人物与地点,三国演义
三国演义_人物_诸葛瞻_0,三国演义_组织_刘备军_0,归属,[{'86': '诸葛瞻为蜀汉行军护卫将军，效忠蜀汉。'}],人物与组织,三国演义
三国演义_人物_辛评_0,三国演义_组织_袁谭军_0,归属,[{'24': '辛评是袁谭谋士，共议军情。'}],人物与组织,三国演义
三国演义_人物_刘备_0,三国演义_地点_荆州_0,居住,"[{'23': '刘备投奔刘表，被分拨院宅居住'}, {'37': '刘备以荆州为驻地，治理此地。'}, {'42': '刘备暂居荆州，以东吴所借'}]",人物与地点,三国演义
三国演义_人物_刘备_0,三国演义_人物_蔡夫人_0,对立,[{'25': '蔡夫人屡进谗言，密谋害刘备'}],人物与人物,三国演义
三国演义_人物_邓贤_0,三国演义_地点_益州_0,归属,[{'44': '邓贤为刘璋部将'}],人物与组织,三国演义
三国演义_人物_夏侯楙_0,三国演义_人物_清河公主_0,亲属,[{'66': '曹操怜夏侯渊，以女清河公主招夏侯楙为驸马。'}],人物与人物,三国演义
三国演义_人物_刘理_0,三国演义_人物_诸葛亮_0,上下级,[{'60': '刘备命三子刘理以父事诸葛亮'}],人物与人物,三国演义
三国演义_人物_张达_0,三国演义_人物_张飞_0,对立,[{'57': '张达与范疆合谋，以短刀刺杀张飞。'}],人物与人物,三国演义
三国演义_人物_越吉_0,三国演义_物品_铁锤_0,持有,[{'69': '越吉元帅手挽铁锤，与关兴交战时使用'}],人物与物品,三国演义
三国演义_地点_凉州_0,三国演义_地点_陇西_0,隶属,[{'41': '陇西是凉州一郡，马超逃往陇西临洮。'}],地点与地点,三国演义
三国演义_人物_关羽_0,三国演义_人物_刘备_0,亲属,"[{'12': '义兄弟'}, {'18': '刘备与关羽在桃园结义，誓同生死，为义兄弟。'}, {'25': '结义兄弟，关羽为二弟'}, {'27': '刘备与关羽为结义兄弟，关羽随刘备三顾茅庐。'}, {'28': '刘备与关羽为结义兄弟，称关为二弟'}, {'29': '结义兄弟，刘备称关羽为二弟。'}, {'32': '刘备与关羽为结义兄弟，关羽称刘备为兄长'}, {'42': '关羽与刘备为结义兄弟'}, {'47': '刘备与关羽为结义兄弟，关羽称刘备为伯父。'}]",人物与人物,三国演义
三国演义_地点_辽东_0,三国演义_组织_燕_0,驻扎,[{'78': '公孙渊在辽东造反'}],组织与地点,三国演义
三国演义_人物_张绣_0,三国演义_人物_贾诩_0,上下级,"[{'12': '贾诩为张绣谋士'}, {'13': '贾诩为张绣谋士，设伏大败曹操，后又献策追击败兵。'}, {'17': '贾诩为张绣谋士，劝其投降曹操'}]",人物与人物,三国演义
三国演义_人物_刘胜_0,三国演义_人物_刘备_0,亲属,[{'37': '刘备自称乃中山靖王之后，汉室宗亲。'}],人物与人物,三国演义
三国演义_人物_曹丕_0,三国演义_物品_玺绶_1,持有,[{'56': '张音持节奉玺绶至魏王宫，曹丕受之。'}],人物与物品,三国演义
三国演义_人物_刘璋_0,三国演义_人物_泠苞_0,上下级,[{'44': '刘璋遣泠苞守雒县'}],人物与人物,三国演义
三国演义_人物_严白虎_0,三国演义_人物_孙策_0,对立,[{'11': '孙策领兵南取吴郡，攻打严白虎'}],人物与人物,三国演义
三国演义_人物_诸葛恪_0,三国演义_人物_诸葛瑾_0,亲属,[{'72': '诸葛瑾长子'}],人物与人物,三国演义
三国演义_人物_韩遂_0,三国演义_人物_马超_0,对立,[{'41': '马超因曹操反间计怀疑韩遂，挥剑砍断韩遂左手，两人彻底决裂。'}],人物与人物,三国演义
三国演义_人物_赵云_0,三国演义_组织_公孙瓒军_0,归属,[{'5': '赵云投奔公孙瓒，成为公孙瓒军部将。'}],人物与组织,三国演义
三国演义_人物_朱恩_0,三国演义_人物_诸葛恪_0,上下级,[{'80': '诸葛恪令朱恩掌御林军'}],人物与人物,三国演义
三国演义_人物_刘辟_0,三国演义_人物_龚都_0,合作,[{'19': '刘辟与龚都复夺汝南'}],人物与人物,三国演义
三国演义_人物_吴懿_0,三国演义_人物_赵云_0,对立,[{'46': '赵云一合生擒吴懿，救出被围张飞'}],人物与人物,三国演义
三国演义_人物_庞统_0,三国演义_人物_张任_0,对立,[{'45': '张任设伏于落凤坡，见骑白马者以为是刘备，射死庞统。'}],人物与人物,三国演义
三国演义_人物_女巫_0,三国演义_技能_击鼓降神_0,掌握,[{'9': '女巫在军中击鼓降神，李傕重赏之'}],人物与技能,三国演义
三国演义_人物_吴景_0,三国演义_地点_丹阳_0,守护,[{'11': '吴景为丹阳太守'}],人物与地点,三国演义
三国演义_人物_诸葛诞_0,三国演义_组织_曹操军_0,归属,[{'82': '诸葛定向事于魏，封高平侯，总摄两淮军马。'}],人物与组织,三国演义
三国演义_人物_夏侯楙_0,三国演义_人物_韩德_0,上下级,[{'67': '夏侯楙重赏韩德，遣为先锋'}],人物与人物,三国演义
三国演义_人物_傅彤_0,三国演义_组织_吴军_0,对抗,[{'59': '傅彤断后拒降，骂吴狗并吐血战死。'}],人物与组织,三国演义
三国演义_人物_蔡中_0,三国演义_组织_曹操军_0,归属,[{'33': '蔡中是曹军副将，奉曹操命诈降东吴'}],人物与组织,三国演义
三国演义_人物_全怿_0,三国演义_人物_诸葛诞_0,对立,[{'82': '全怿与全端得全祎家书后开门出降，背弃诸葛诞。'}],人物与人物,三国演义
三国演义_人物_司马昭_0,三国演义_物品_诏书_5,持有,[{'82': '司马昭遣使赍诏征诸葛诞为司空。'}],人物与物品,三国演义
三国演义_人物_周善_0,三国演义_人物_张飞_0,对立,[{'43': '张飞跳上吴船，一剑斩杀周善'}],人物与人物,三国演义
三国演义_地点_州衙_0,三国演义_地点_濮阳_0,隶属,[{'8': '州衙位于濮阳城内，曹操中计之处。'}],地点与地点,三国演义
三国演义_人物_许褚_0,三国演义_人物_马超_0,对立,[{'41': '马超与许褚在渭口单挑，各展武艺，势均力敌。'}],人物与人物,三国演义
三国演义_人物_孟达_0,三国演义_地点_新城_0,守护,[{'69': '孟达为新城太守，镇守新城准备举事'}],人物与地点,三国演义
三国演义_人物_吕布_0,三国演义_技能_辕门射戟_0,掌握,[{'12': '吕布在辕门一百五十步外射中画戟小枝'}],人物与技能,三国演义
三国演义_人物_刘琦_0,三国演义_地点_江夏_0,守护,"[{'28': '刘琦上言求守江夏，引兵三千镇守'}, {'29': '刘琦原为江夏太守，回江夏整顿战船。'}]",人物与地点,三国演义
三国演义_地点_葭萌关_0,三国演义_组织_刘备军_0,驻扎,[{'51': '孟达、霍峻率蜀兵守葭萌关。'}],组织与地点,三国演义
三国演义_人物_曹操_0,三国演义_人物_李通_0,上下级,[{'13': '李通特来接应曹操，被封建功侯，守汝南西界。'}],人物与人物,三国演义
三国演义_地点_南安郡_0,三国演义_地点_安定郡_0,相邻,[{'67': '南安郡北抵安定郡'}],地点与地点,三国演义
三国演义_地点_泰山_0,三国演义_地点_泰山路_0,隶属,[{'7': '泰山路为泰山险路，郭嘉恐有伏兵'}],地点与地点,三国演义
三国演义_地点_三江_1,三国演义_地点_泸水_0,隶属,[{'65': '三江即为泸水、甘南水、西城水三水会合，泸水为其一。'}],地点与地点,三国演义
三国演义_人物_周尚_0,三国演义_地点_丹阳_0,守护,[{'11': '周尚为丹阳太守'}],人物与地点,三国演义
三国演义_人物_袁绍_0,三国演义_组织_诸侯_0,领导,[{'4': '袁绍被推为讨董联军盟主，统领诸镇诸侯。'}],人物与组织,三国演义
三国演义_地点_沔阳_0,三国演义_地点_马超坟墓_0,隶属,[{'67': '马超坟墓位于沔阳，诸葛亮率兵经过并祭奠'}],地点与地点,三国演义
三国演义_人物_孙权_0,三国演义_人物_虞翻_0,上下级,[{'54': '虞翻说降公安守将傅士仁'}],人物与人物,三国演义
三国演义_人物_乐綝_0,三国演义_人物_司马懿_0,上下级,[{'76': '司马懿令乐綝与张虎同伏。'}],人物与人物,三国演义
三国演义_人物_车胄_0,三国演义_地点_徐州_0,守护,[{'15': '曹操唤车胄权领徐州。'}],人物与地点,三国演义
三国演义_人物_尹楷_0,三国演义_人物_袁尚_0,上下级,[{'24': '袁尚令武安长尹楷屯毛城通粮道。'}],人物与人物,三国演义
三国演义_人物_庞德_0,三国演义_人物_陈武_0,对立,[{'50': '庞德与陈武大战，将陈武杀于峪口。'}],人物与人物,三国演义
三国演义_人物_薛综_0,三国演义_人物_诸葛亮_0,对立,[{'30': '薛综称曹操得天下三分之二，被诸葛亮厉声斥为无父无君之人'}],人物与人物,三国演义
三国演义_人物_司马懿_0,三国演义_地点_洛水浮桥_0,守护,[{'80': '司马懿屯兵洛水浮桥，把守要害'}],人物与地点,三国演义
三国演义_人物_张郃_0,三国演义_人物_袁绍_0,对立,[{'22': '张郃遭郭图谗言，恐被袁绍问罪，遂与高览一同投降曹操，与袁绍决裂'}],人物与人物,三国演义
三国演义_人物_曹操_0,三国演义_人物_董卓_0,对立,"[{'3': '曹操借献刀之名欲刺杀董卓，事败后逃窜。'}, {'4': '曹操独自引兵追击董卓，在荥阳被伏击大败。'}]",人物与人物,三国演义
三国演义_人物_张飞_0,三国演义_组织_刘备军_0,归属,[{'39': '张飞为刘备麾下大将，归属刘备军'}],人物与组织,三国演义
三国演义_人物_吕布_0,三国演义_人物_陈珪_0,上下级,[{'13': '陈珪父子为吕布谋士，实有异心，但吕布信任之。'}],人物与人物,三国演义
三国演义_人物_张苞_0,三国演义_人物_张飞_0,亲属,"[{'57': '张飞长子张苞具棺椁盛贮张飞遗体。'}, {'58': '张苞是张飞之子，设灵位凌迟范疆张达祭父'}]",人物与人物,三国演义
三国演义_人物_关兴_0,三国演义_组织_刘备军_0,归属,[{'67': '关兴是蜀将，奉诸葛亮命接应赵云'}],人物与组织,三国演义
三国演义_人物_关兴_0,三国演义_人物_潘璋_0,对立,[{'58': '关兴为关羽报仇，在庄上一剑斩潘璋于地'}],人物与人物,三国演义
三国演义_人物_刘馥_0,三国演义_人物_曹操_0,上下级,[{'34': '刘馥为扬州刺史，久事曹操，因言语触怒被曹操一槊刺死。'}],人物与人物,三国演义
三国演义_地点_汉光武庙_0,三国演义_地点_神亭岭_0,隶属,[{'11': '汉光武庙在神亭岭上'}],地点与地点,三国演义
三国演义_人物_马谡_0,三国演义_组织_刘备军_0,归属,"[{'70': '马谡为蜀汉参军，效力于蜀汉。'}, {'71': '马谡为蜀汉参军'}]",人物与组织,三国演义
三国演义_人物_徐庶_0,三国演义_人物_曹操_0,上下级,"[{'27': '曹操以徐母为质召徐庶至许昌，徐庶入相府拜见，形式上归顺曹操。'}, {'28': '徐庶为曹操谋士，谏夏侯惇不可轻敌'}, {'29': '曹操召徐庶为使往说刘备。'}, {'34': '徐庶自称蒙丞相收录，请命往散关把守，曹操允之。'}]",人物与人物,三国演义
三国演义_地点_侯河_0,三国演义_地点_洮阳_0,相邻,[{'85': '侯河在洮阳二十五里，为洮阳咽喉之地'}],地点与地点,三国演义
三国演义_人物_侯成_0,三国演义_人物_魏续_0,合作,[{'14': '合谋擒吕布，魏续开门放侯成出去献马'}],人物与人物,三国演义
三国演义_人物_王平_0,三国演义_地点_陈仓古道_0,守护,[{'73': '孔明令王平与张嶷同守陈仓古道。'}],人物与地点,三国演义
三国演义_地点_曹军水寨_0,三国演义_地点_江北_0,隶属,[{'33': '曹军水寨位于江北，阚泽夜到此处献书'}],地点与地点,三国演义
三国演义_人物_刘备_0,三国演义_地点_益州_0,对抗,[{'44': '刘备欲夺西川，袭取涪关'}],人物与组织,三国演义
三国演义_人物_甘宁_0,三国演义_人物_黄祖_0,对立,[{'28': '甘宁背射黄祖，将其射杀并枭首'}],人物与人物,三国演义
三国演义_人物_韩暹_0,三国演义_地点_大梁_0,守护,[{'10': '韩暹同杨奉引本部军屯于大梁。'}],人物与地点,三国演义
三国演义_人物_张飞_0,三国演义_人物_督邮_0,对立,[{'2': '张飞痛打督邮，为刘备泄愤'}],人物与人物,三国演义
三国演义_人物_曹休_0,三国演义_组织_御林军_0,领导,[{'50': '王必死后，曹休总督御林军马。'}],人物与组织,三国演义
三国演义_人物_文鸯_0,三国演义_人物_邓艾_0,对立,[{'81': '邓艾与文鸯大战五十合不分胜负'}],人物与人物,三国演义
三国演义_人物_刘琰_0,三国演义_物品_履_0,持有,[{'85': '刘琰令军士以履挞其妻胡氏之面'}],人物与物品,三国演义
三国演义_人物_袁术_0,三国演义_组织_仲氏_0,领导,[{'13': '袁术在淮南僭称帝号，建号仲氏，立台省等官。'}],人物与组织,三国演义
三国演义_人物_曹爽_0,三国演义_人物_李胜_0,上下级,[{'79': '李胜是曹爽门客，被任命为荆州刺史，受命探司马懿病情。'}],人物与人物,三国演义
三国演义_人物_关纯_0,三国演义_人物_文丑_0,对立,[{'5': '文丑砍死与耿武同谋的关纯。'}],人物与人物,三国演义
三国演义_人物_夏侯楙_0,三国演义_组织_曹操军_0,归属,[{'67': '夏侯楙是魏国驸马，奉曹睿命拒蜀'}],人物与组织,三国演义
三国演义_人物_姜维_0,三国演义_技能_武侯之法_0,掌握,[{'84': '邓艾赞叹姜维深得武侯之法。'}],人物与技能,三国演义
三国演义_地点_受禅坛_0,三国演义_地点_繁阳_0,隶属,[{'56': '卜地于繁阳，筑受禅坛，曹丕登坛受禅。'}],地点与地点,三国演义
三国演义_人物_王平_0,三国演义_人物_马谡_0,上下级,"[{'70': '马谡为主将，令王平自领五千兵下寨，不采纳其劝谏。'}, {'71': '马谡为主将守街亭，王平为副将，王平再三劝谏不听'}]",人物与人物,三国演义
三国演义_人物_诸葛亮_0,三国演义_地点_荆州_0,守护,[{'42': '诸葛亮总守荆州'}],人物与地点,三国演义
三国演义_人物_吕布_0,三国演义_人物_袁绍_0,对立,[{'9': '袁绍遣颜良将兵五万助曹操攻吕布'}],人物与人物,三国演义
三国演义_人物_韩德_0,三国演义_组织_曹操军_0,归属,[{'67': '韩德为魏将，率西羌兵助夏侯楙'}],人物与组织,三国演义
三国演义_人物_庞德_0,三国演义_技能_拖刀计_0,掌握,[{'53': '庞德虚拖刀势，实射冷箭'}],人物与技能,三国演义
三国演义_人物_夏侯惇_0,三国演义_人物_耿纪_0,对立,[{'50': '夏侯惇领大军围住许都，活捉耿纪、韦晃。'}],人物与人物,三国演义
三国演义_地点_庐江_0,三国演义_地点_东吴_0,隶属,[{'21': '孙策袭取庐江，归入江东。'}],地点与地点,三国演义
三国演义_人物_辛毗_0,三国演义_组织_曹操军_0,归属,[{'24': '辛毗奉袁谭命出使后归附曹操，效力于曹军。'}],人物与组织,三国演义
三国演义_人物_王肃_0,三国演义_人物_曹睿_0,上下级,[{'73': '王肃上疏谏退兵，魏主览表犹豫。'}],人物与人物,三国演义
三国演义_人物_关索_0,三国演义_人物_诸葛亮_0,上下级,[{'62': '孔明令关索为前部先锋，参与诱敌'}],人物与人物,三国演义
三国演义_人物_刘晔_0,三国演义_人物_满宠_0,合作,[{'6': '刘晔向曹操推荐满宠。'}],人物与人物,三国演义
三国演义_人物_吕虔_0,三国演义_人物_曹操_0,上下级,"[{'8': '吕虔飞马赶来一箭射死薛兰。'}, {'24': '吕虔是曹操谋士，反对舍刘表而助袁谭。'}]",人物与人物,三国演义
三国演义_人物_马岱_0,三国演义_人物_魏延_0,对立,"[{'77': '马岱表面助魏延，实受孔明密计，最终斩魏延。'}, {'78': '马岱遵孔明密计，出其不意斩杀魏延'}]",人物与人物,三国演义
三国演义_人物_曹操_0,三国演义_地点_鄄城_0,居住,[{'8': '曹操因军中粮尽，引兵回鄄城暂住。'}],人物与地点,三国演义
三国演义_人物_袁谭_0,三国演义_人物_辛评_0,上下级,"[{'23': '辛评向辅袁谭，随袁谭回青州'}, {'24': '辛评是袁谭谋士，参与商议。'}, {'25': '辛评为袁谭部下，出使约降后气绝'}]",人物与人物,三国演义
三国演义_人物_刘备_0,三国演义_人物_汉景帝_0,亲属,[{'37': '诸葛亮称刘备为孝景皇帝玄孙。'}],人物与人物,三国演义
三国演义_人物_蔡和_0,三国演义_组织_曹操军_0,归属,[{'33': '蔡和是曹军副将，与蔡中一同诈降东吴'}],人物与组织,三国演义
三国演义_人物_关羽_0,三国演义_人物_张飞_0,亲属,[{'18': '关羽与张飞桃园结义，关羽为兄，张飞为弟。'}],人物与人物,三国演义
三国演义_人物_审配_0,三国演义_人物_袁绍_0,上下级,"[{'16': '审配为袁绍谋士兼统军，主张立即伐曹'}, {'23': '审配为袁绍谋士，向辅袁尚暂掌军事'}]",人物与人物,三国演义
三国演义_人物_于吉_0,三国演义_物品_《太平青领道》_0,持有,[{'21': '于吉得神书《太平青领道》于阳曲泉水上。'}],人物与物品,三国演义
三国演义_人物_王美人_0,三国演义_人物_皇子协_0,亲属,[{'2': '王美人生皇子协'}],人物与人物,三国演义
三国演义_人物_王允_0,三国演义_人物_貂蝉_0,亲属,[{'6': '王允收貂蝉为养女，用她施连环计离间董卓与吕布。'}],人物与人物,三国演义
三国演义_人物_妫览_0,三国演义_人物_孙翊_0,对立,[{'27': '妫览与戴员、边洪合谋刺杀丹阳太守孙翊。'}],人物与人物,三国演义
三国演义_人物_诸葛亮_0,三国演义_物品_遗诏_0,持有,[{'60': '诸葛亮奉先主遗诏还成都'}],人物与物品,三国演义
三国演义_人物_全尚_0,三国演义_人物_孙綝_0,对立,[{'83': '孙綝拿下全尚并斩杀'}],人物与人物,三国演义
三国演义_人物_严颜_0,三国演义_物品_黄金锁子甲_0,持有,[{'46': '刘备脱身上黄金锁子甲赐予严颜'}],人物与物品,三国演义
三国演义_人物_关羽_0,三国演义_人物_刘封_0,对立,[{'54': '刘封受孟达劝说，拒不发兵救关公'}],人物与人物,三国演义
三国演义_人物_诸葛亮_0,三国演义_物品_羽扇_0,持有,[{'75': '孔明手摇羽扇端坐车上'}],人物与物品,三国演义
三国演义_人物_刘晔_0,三国演义_物品_霹雳车_0,创造,[{'22': '刘晔进献发石车车式，曹操连夜造数百乘，袁军称其为霹雳车'}],人物与物品,三国演义
三国演义_地点_汉中_0,三国演义_地点_阳平关_0,隶属,[{'80': '阳平关是汉中关隘'}],地点与地点,三国演义
三国演义_人物_黄祖_0,三国演义_组织_荆州军_0,归属,[{'5': '黄祖为刘表军部将，领江夏之兵。'}],人物与组织,三国演义
三国演义_人物_孙休_0,三国演义_人物_王惇_0,上下级,[{'83': '孙休为被害的王惇重建坟墓以表其忠'}],人物与人物,三国演义
三国演义_人物_周瑜_0,三国演义_人物_蒋钦_0,上下级,[{'32': '周瑜令蒋钦为右翼出战'}],人物与人物,三国演义
三国演义_人物_刘备_0,三国演义_地点_江夏_0,守护,[{'30': '刘备屯兵江夏，与刘琦共守'}],人物与地点,三国演义
三国演义_人物_姜维_0,三国演义_人物_张翼_0,上下级,"[{'81': '张翼为征西大将军，受姜维统领，多次劝谏姜维；张翼担任左右先锋，后为征西大将军，受姜维指挥'}, {'83': '姜维以张翼为先锋，后令其埋伏山后'}, {'84': '姜维令张翼为先锋，取骆谷。'}, {'85': '姜维从张翼之议命其取祁山，后合兵'}]",人物与人物,三国演义
三国演义_人物_成济_0,三国演义_人物_贾充_0,上下级,[{'84': '贾充呼成济弑君，传司马昭令要死的。'}],人物与人物,三国演义
三国演义_人物_何太后_0,三国演义_人物_李儒_0,对立,[{'3': '李儒将何太后推下楼致死。'}],人物与人物,三国演义
三国演义_人物_袁尚_0,三国演义_人物_高干_0,亲属,"[{'24': '高干是袁绍外甥，与袁尚为表兄弟。'}, {'25': '高干为袁绍外甥，与袁尚为表亲'}]",人物与人物,三国演义
三国演义_人物_朱褒_0,三国演义_地点_牂牁郡_0,守护,[{'62': '朱褒为牂牁郡太守'}],人物与地点,三国演义
三国演义_人物_刘备_0,三国演义_组织_汉军_0,归属,[{'1': '刘备招募乡勇，随汉军讨伐黄巾'}],人物与组织,三国演义
三国演义_人物_张燕_0,三国演义_人物_曹操_0,上下级,[{'25': '张燕引军降操，被封平北将军'}],人物与人物,三国演义
三国演义_人物_孟优_0,三国演义_人物_朵思大王_0,亲密,[{'64': '孟优与秃龙洞主朵思大王交厚，孟获因此投奔秃龙洞。'}],人物与人物,三国演义
三国演义_人物_庞统_0,三国演义_技能_太乙数_0,掌握,[{'45': '庞统亦算太乙数，认为罡星在西应主公合得西川。'}],人物与技能,三国演义
三国演义_人物_焦触_0,三国演义_人物_赵云_0,对立,[{'29': '赵云力战四将，焦触被杀退。'}],人物与人物,三国演义
三国演义_人物_孙休_0,三国演义_人物_孙綝_0,对立,[{'83': '孙休阳示恩宠而内防之，后设计诛杀孙綝并灭三族'}],人物与人物,三国演义
三国演义_人物_许攸_0,三国演义_人物_许褚_0,对立,[{'25': '许褚大怒拔剑杀许攸'}],人物与人物,三国演义
三国演义_人物_周泰_0,三国演义_地点_宣城_0,守护,[{'11': '孙策使孙权与周泰守宣城'}],人物与地点,三国演义
三国演义_人物_宋谦_0,三国演义_物品_方天画戟_1,持有,[{'36': '宋谦使方天画戟护卫孙权，被乐进砍断'}],人物与物品,三国演义
三国演义_人物_袁谭_0,三国演义_物品_将军印_0,创造,[{'24': '袁谭听从郭图计策，刻将军印二颗暗送吕旷、吕翔。'}],人物与物品,三国演义
三国演义_人物_关羽_0,三国演义_物品_春秋_0,持有,[{'55': '关公喜读《春秋》，诗中称‘《春秋》义薄云’'}],人物与物品,三国演义
三国演义_人物_李严_0,三国演义_人物_诸葛亮_0,上下级,[{'69': '李严镇守永安宫，遣子李丰向孔明报孟达之信'}],人物与人物,三国演义
三国演义_人物_刘璋_0,三国演义_人物_黄权_0,上下级,"[{'42': '黄权为刘璋府下主簿，谏阻迎刘备'}, {'44': '黄权苦谏刘璋勿助刘备，后建议添兵守关隘'}]",人物与人物,三国演义
三国演义_地点_城南_0,三国演义_地点_襄平_0,隶属,[{'79': '城南是襄平城的一部分，有乡民造饭出现怪异。'}],地点与地点,三国演义
三国演义_人物_关羽_0,三国演义_人物_吕布_0,对立,[{'4': '关羽夹攻吕布，三英战吕布。'}],人物与人物,三国演义
三国演义_人物_司马炎_0,三国演义_人物_杜预_0,上下级,[{'88': '司马炎拜杜预为镇南大将军都督荆州事'}],人物与人物,三国演义
三国演义_人物_刘备_0,三国演义_人物_纪灵_0,对立,[{'12': '纪灵统兵数万进攻小沛'}],人物与人物,三国演义
三国演义_人物_诸葛亮_0,三国演义_物品_木刻彩画巨兽_0,创造,[{'65': '诸葛亮用木刻彩画巨兽，口吐火焰以破真兽。'}],人物与物品,三国演义
三国演义_地点_夏口_0,三国演义_地点_沔口_0,隶属,[{'27': '沔口为夏口附近的水口，陈就、邓龙引艨艟截住此处。'}],地点与地点,三国演义
三国演义_人物_孙韶_0,三国演义_人物_徐盛_0,上下级,[{'61': '徐盛为安东将军总镇都督，孙韶为扬威将军，不遵军令被徐盛欲斩'}],人物与人物,三国演义
三国演义_人物_马超_0,三国演义_地点_渭口_0,守护,[{'41': '马超屯兵渭口，日夜分兵攻击曹操。'}],人物与地点,三国演义
三国演义_人物_梁虔_0,三国演义_人物_马遵_0,上下级,[{'67': '梁虔为天水主记，建议马遵起兵救夏侯楙'}],人物与人物,三国演义
三国演义_地点_三江_1,三国演义_地点_银坑洞_0,相邻,[{'65': '银坑洞外有三江。'}],地点与地点,三国演义
三国演义_地点_新野_0,三国演义_地点_荆州_0,隶属,"[{'26': '新野县属于荆州。'}, {'28': '新野为荆州所属县，刘备屯兵于此'}, {'30': '新野为荆州下辖小县'}]",地点与地点,三国演义
三国演义_地点_益州_0,三国演义_地点_葭萌关_0,隶属,[{'51': '葭萌关失则益州危，关属益州。'}],地点与地点,三国演义
三国演义_人物_吕布_0,三国演义_人物_李封_0,上下级,[{'7': '吕布令李封与薛兰同守兖州'}],人物与人物,三国演义
三国演义_人物_张郃_0,三国演义_人物_赵云_0,对立,"[{'23': '赵云独战张郃三十余合，杀退张郃'}, {'29': '赵云与张郃战十余合，张郃见红光而退。'}]",人物与人物,三国演义
三国演义_人物_何仪_0,三国演义_人物_许褚_0,对立,[{'8': '许褚一合活挟何仪，后何仪被斩。'}],人物与人物,三国演义
三国演义_人物_吴质_0,三国演义_人物_曹丕_0,合作,[{'52': '曹丕密请吴质入府商议，用大簏藏身'}],人物与人物,三国演义
三国演义_人物_曹爽_0,三国演义_人物_毕轨_0,上下级,[{'79': '毕轨是曹爽门客，被封为司隶校尉。'}],人物与人物,三国演义
三国演义_人物_华覈_0,三国演义_人物_孙皓_0,对立,[{'88': '孙皓怒叱华覈并将之推出殿门，华覈后隐居不出'}],人物与人物,三国演义
三国演义_地点_沙头镇_0,三国演义_地点_荆州_0,隶属,[{'43': '沙头镇是荆州江边小镇，孙夫人从此上船'}],地点与地点,三国演义
三国演义_人物_司马望_0,三国演义_人物_邓艾_0,上下级,[{'85': '邓艾与司马望设伏洮阳、侯河，共破蜀兵'}],人物与人物,三国演义
三国演义_地点_中原_0,三国演义_地点_兖州_0,隶属,[{'30': '兖州为中原地区之一'}],地点与地点,三国演义
三国演义_人物_姜维_0,三国演义_技能_将计就计_0,掌握,[{'84': '姜维识破诈降后，采用将计就计策略击败邓艾。'}],人物与技能,三国演义
三国演义_人物_李傕_0,三国演义_人物_皇甫郦_0,对立,[{'9': '皇甫郦奉诏劝和，李傕大怒欲斩之，郦扬言涣散军心'}],人物与人物,三国演义
三国演义_地点_汉中_0,三国演义_地点_阳安关_0,隶属,[{'85': '阳安关为汉中要隘，傅佥等守之'}],地点与地点,三国演义
三国演义_地点_渭河_0,三国演义_地点_长安_0,相邻,[{'68': '曹真大军过渭河，在长安附近下寨。'}],地点与地点,三国演义
三国演义_人物_孙亮_0,三国演义_人物_诸葛恪_0,上下级,[{'80': '孙亮继位，诸葛恪为太傅辅政，后孙亮设宴诛恪'}],人物与人物,三国演义
三国演义_人物_吕布_0,三国演义_物品_画戟_1,持有,[{'8': '吕布挺戟跃马迎战曹操。'}],人物与物品,三国演义
三国演义_人物_刘备_0,三国演义_人物_刘焉_0,亲属,[{'1': '刘焉因刘备同为汉室宗亲，认其为侄'}],人物与人物,三国演义
三国演义_人物_张纮_0,三国演义_人物_许昌_0,居住,[{'21': '张纮被留许昌。'}],人物与地点,三国演义
三国演义_人物_刘晔_0,三国演义_人物_郭嘉_0,合作,[{'6': '郭嘉向曹操推荐刘晔，操即聘晔至。'}],人物与人物,三国演义
三国演义_人物_赵云_0,三国演义_人物_邓芝_0,合作,"[{'66': '赵云愿为前部先锋，邓芝应声愿助老将军同去破敌，孔明命二人同引一军。'}, {'67': '赵云与邓芝共同出战，邓芝率兵掩杀并提醒赵云有诈'}]",人物与人物,三国演义
三国演义_人物_李傕_0,三国演义_人物_杨奉_0,对立,[{'9': '杨奉因不满李傕赏女巫而反叛，与宋果约定举事'}],人物与人物,三国演义
三国演义_人物_王粲_0,三国演义_地点_山阳_0,出身,[{'28': '王粲乃山阳高平人'}],人物与地点,三国演义
三国演义_地点_上庸_0,三国演义_组织_曹操军_0,驻扎,[{'69': '上庸为魏国属城，申耽为太守'}],组织与地点,三国演义
三国演义_人物_孙坚_0,三国演义_地点_长沙_0,守护,[{'2': '孙坚为长沙太守讨区星'}],人物与地点,三国演义
三国演义_人物_曹爽_0,三国演义_人物_曹睿_0,上下级,[{'79': '曹睿封曹爽为大将军，总摄朝政，并托孤于曹爽。'}],人物与人物,三国演义
三国演义_人物_黄忠_0,三国演义_物品_宝刀_2,持有,"[{'51': '黄忠自称‘手中宝刀不老’迎战张郃。'}, {'52': '黄忠用宝刀斩杀夏侯渊'}]",人物与物品,三国演义
三国演义_人物_徐晃_0,三国演义_组织_曹操军_0,归属,"[{'54': '徐晃为魏国大将'}, {'56': '徐晃为魏右将军，夹攻刘封。'}, {'69': '徐晃为魏国右将军，随司马懿出征'}]",人物与组织,三国演义
三国演义_人物_关羽_0,三国演义_人物_夏侯惇_0,对立,[{'18': '夏侯惇为先锋诱战关羽，并与其他将领伏击，迫使关羽退守土山。'}],人物与人物,三国演义
三国演义_人物_汉献帝_0,三国演义_地点_许都_0,居住,[{'15': '献帝在许都设朝，居于皇宫。'}],人物与地点,三国演义
三国演义_地点_成都_0,三国演义_地点_益州_0,隶属,"[{'42': '成都为益州治所'}, {'47': '成都为益州治所，刘备率军入成都。'}, {'86': '成都位于益州，为蜀汉都城。'}]",地点与地点,三国演义
三国演义_人物_曹操_0,三国演义_人物_蔡瑁_0,上下级,"[{'29': '曹操加封蔡瑁为镇南侯、水军大都督。'}, {'32': '曹操使蔡瑁为水军都督，后下令斩之'}]",人物与人物,三国演义
三国演义_人物_张济_0,三国演义_人物_张绣_0,亲属,[{'12': '叔侄，张绣为张济之侄'}],人物与人物,三国演义
三国演义_人物_袁绍_0,三国演义_人物_高干_0,亲属,[{'23': '高干为袁绍外甥，引兵来助战'}],人物与人物,三国演义
三国演义_人物_曹真_0,三国演义_人物_王双_1,上下级,"[{'71': '曹真举荐王双为前部大先锋'}, {'72': '曹真心腹，遣其巡哨'}]",人物与人物,三国演义
三国演义_人物_李严_0,三国演义_地点_永安宫_1,守护,[{'69': '李严镇守永安宫，派李丰报孔明'}],人物与地点,三国演义
三国演义_人物_诸葛亮_0,三国演义_物品_密书_0,创造,[{'62': '孔明修密书用于反间计'}],人物与物品,三国演义
三国演义_人物_刘夫人_0,三国演义_人物_袁尚_0,亲属,[{'23': '袁尚为刘氏所生，绍妻刘氏之亲子'}],人物与人物,三国演义
三国演义_人物_曹操_0,三国演义_物品_檄文_0,持有,[{'16': '曹操得陈琳檄文，毛骨悚然，头风顿愈'}],人物与物品,三国演义
三国演义_地点_建业_0,三国演义_组织_吴军_0,驻扎,[{'80': '吴国建都建业'}],组织与地点,三国演义
三国演义_人物_黄祖_0,三国演义_地点_夏口_0,守护,[{'27': '黄祖镇守夏口，与东吴交战。'}],人物与地点,三国演义
三国演义_人物_大乔_0,三国演义_人物_孙策_0,亲属,"[{'21': '孙策之妻，临终嘱其孝养尊姑。'}, {'31': '大乔是孙伯符将军的主妇（妻子）。'}]",人物与人物,三国演义
三国演义_人物_杨松_0,三国演义_物品_金珠_0,持有,[{'47': '杨松贪贿赂，收受孙乾所送金珠。'}],人物与物品,三国演义
三国演义_人物_司马望_0,三国演义_技能_长蛇卷地阵_0,掌握,[{'83': '司马望识破长蛇卷地阵，从西北击破救出邓艾'}],人物与技能,三国演义
三国演义_人物_蔡瑁_0,三国演义_组织_荆州军_0,归属,[{'5': '蔡瑁为刘表军部将，出战孙坚。'}],人物与组织,三国演义
三国演义_人物_陶谦_0,三国演义_物品_徐州牌印_0,持有,[{'8': '陶谦原持有徐州牌印，欲让与刘备。'}],人物与物品,三国演义
三国演义_人物_华佗_0,三国演义_技能_刮骨疗毒_0,掌握,[{'55': '华佗手术刮去关公骨上之毒，医术神妙'}],人物与技能,三国演义
三国演义_人物_兀突骨_0,三国演义_人物_诸葛亮_0,对立,[{'65': '诸葛亮设计火烧盘蛇谷，消灭兀突骨及三万藤甲军。'}],人物与人物,三国演义
三国演义_人物_刘焉_0,三国演义_地点_竟陵_0,出身,[{'1': '刘焉是江夏竟陵人氏'}],人物与地点,三国演义
三国演义_人物_诸葛亮_0,三国演义_人物_诸葛诞_0,亲属,[{'82': '诸葛诞乃武侯之族弟，琅琊南阳人。'}],人物与人物,三国演义
三国演义_人物_张勋_0,三国演义_人物_袁术_0,上下级,[{'13': '袁术拜张勋为大将军，统领七路大军征徐州。'}],人物与人物,三国演义
三国演义_人物_吕布_0,三国演义_物品_方天画戟_0,持有,[{'3': '吕布手执方天画戟。'}],人物与物品,三国演义
三国演义_人物_周瑜_0,三国演义_人物_张允_0,对立,[{'32': '周瑜因张允与蔡瑁共督水军，同设计除之'}],人物与人物,三国演义
三国演义_人物_丘建_0,三国演义_人物_胡烈_0,上下级,[{'87': '丘建原为胡烈部下旧人，胡烈求其传递消息。'}],人物与人物,三国演义
三国演义_人物_蒋干_0,三国演义_组织_曹操军_0,归属,"[{'32': '蒋干为曹操帐下幕宾，属曹军'}, {'33': '蒋干是曹操谋士，两次前往东吴探听消息'}]",人物与组织,三国演义
三国演义_人物_张郃_0,三国演义_人物_杨昂_0,对立,[{'49': '张郃在阳平关之战中杀死杨昂。'}],人物与人物,三国演义
三国演义_人物_司马懿_0,三国演义_地点_河内_0,出身,[{'28': '司马懿字仲达，河内温人也'}],人物与地点,三国演义
三国演义_人物_史涣_0,三国演义_人物_眭固_0,对立,[{'14': '曹操遣史涣追斩眭固'}],人物与人物,三国演义
三国演义_人物_吕凯_0,三国演义_地点_不韦_0,出身,[{'62': '吕凯是永昌不韦人'}],人物与地点,三国演义
三国演义_人物_孙休_0,三国演义_组织_吴军_0,领导,"[{'86': '孙休为吴主，遣兵救蜀。'}, {'87': '孙休是吴国君主，从华覈言加强防御。'}]",人物与组织,三国演义
三国演义_人物_华佗_0,三国演义_物品_尖刀_0,持有,[{'54': '华佗用尖刀为关公刮骨'}],人物与物品,三国演义
三国演义_人物_姜叙_0,三国演义_地点_历城_0,守护,[{'46': '姜叙据历城，与杨阜屯兵讨马超'}],人物与地点,三国演义
三国演义_人物_吴懿_0,三国演义_地点_益州_0,归属,[{'44': '吴懿为刘璋舅氏，被派为将'}],人物与组织,三国演义
三国演义_地点_金环三结大寨_0,三国演义_地点_阿会喃寨_0,连通,[{'62': '金环三结大寨西路通阿会喃寨之后'}],地点与地点,三国演义
三国演义_人物_庞统_0,三国演义_人物_鲁肃_0,合作,[{'39': '鲁肃作荐书推荐庞统投刘备，以助孙刘合力破曹'}],人物与人物,三国演义
三国演义_人物_诸葛亮_0,三国演义_物品_草车_2,持有,[{'73': '孔明预设数百辆草车横截去路，用于伏兵。'}],人物与物品,三国演义
三国演义_人物_马超_0,三国演义_物品_宝剑_2,持有,[{'41': '马超用宝剑杀入韩遂帐中，砍翻马玩、剁倒梁兴。'}],人物与物品,三国演义
三国演义_人物_司马师_0,三国演义_人物_司马懿_0,亲属,"[{'69': '司马师为司马懿长子，侍立侧问父亲为何长叹'}, {'76': '司马懿之子，本回中与弟司马昭同引兵救应前营。'}, {'77': '司马师是司马懿长子，随父出征。'}, {'79': '司马师是司马懿长子，随父出征拦截公孙渊。'}, {'80': '司马懿长子司马师'}]",人物与人物,三国演义
三国演义_地点_东门_0,三国演义_地点_冀州城_0,隶属,[{'25': '许褚走马入冀州东门'}],地点与地点,三国演义
三国演义_人物_关羽_0,三国演义_人物_王甫_0,上下级,[{'53': '王甫为随军司马，建议设烽火台防吴'}],人物与人物,三国演义
三国演义_人物_姜叙母_0,三国演义_人物_杨阜_0,亲属,[{'46': '姜叙母是杨阜之姑，杨阜向其哭诉请兵'}],人物与人物,三国演义
三国演义_人物_公孙瓒_0,三国演义_人物_文丑_0,对立,[{'5': '文丑在磐河之战中击败公孙瓒，险些刺死。'}],人物与人物,三国演义
三国演义_人物_袁尚_0,三国演义_人物_袁熙_0,亲属,"[{'24': '袁尚是袁熙之弟，二人为兄弟关系。'}, {'25': '兄弟关系，袁尚投奔袁熙'}]",人物与人物,三国演义
三国演义_人物_夏侯玄_0,三国演义_人物_夏侯霸_0,亲属,[{'80': '夏侯霸是夏侯玄之叔'}],人物与人物,三国演义
三国演义_人物_陆逊_0,三国演义_物品_宝剑印绶_0,持有,[{'58': '孙权赐陆逊宝剑印绶，掌六郡八十一州军马'}],人物与物品,三国演义
三国演义_人物_庞统_0,三国演义_地点_白马_1,持有,[{'45': '庞统骑刘备所换之白马行军，在落凤坡被误认为是刘备而被射死。'}],人物与物品,三国演义
三国演义_人物_孙权_0,三国演义_地点_柴桑郡_0,守护,[{'29': '孙权屯兵柴桑郡，集众谋士防御。'}],人物与地点,三国演义
三国演义_人物_袁绍_0,三国演义_地点_黎阳_0,守护,[{'16': '袁绍起精兵三十万望黎阳进发，屯兵'}],人物与地点,三国演义
三国演义_地点_荆州_0,三国演义_地点_长沙_0,隶属,[{'48': '长沙为荆州三郡之一，原文‘将长沙、零陵、桂阳三郡与他’'}],地点与地点,三国演义
三国演义_人物_刘备_0,三国演义_物品_鲁肃荐书_0,持有,[{'39': '张飞带回鲁肃荐书，刘备拆视'}],人物与物品,三国演义
三国演义_人物_张宝_0,三国演义_人物_张梁_0,亲属,[{'1': '张宝与张梁为兄弟'}],人物与人物,三国演义
三国演义_人物_夏侯楙_0,三国演义_物品_大砍刀_1,持有,[{'67': '夏侯楙手提大砍刀'}],人物与物品,三国演义
三国演义_人物_孙休_0,三国演义_人物_诸葛恪_0,上下级,[{'83': '孙休为被害的诸葛恪重建坟墓以表其忠'}],人物与人物,三国演义
三国演义_地点_牛头山_0,三国演义_地点_雍州_0,隶属,[{'80': '牛头山位于雍州境内'}],地点与地点,三国演义
三国演义_人物_诸葛亮_0,三国演义_地点_汉中_0,守护,"[{'71': '孔明在汉中惜军爱民，励兵讲武，聚积粮草'}, {'73': '孔明将大军屯于汉中，作为北伐基地并镇守。'}]",人物与地点,三国演义
三国演义_人物_吕布_0,三国演义_人物_张杨_0,上下级,[{'7': '吕布曾投张杨，杨纳之'}],人物与人物,三国演义
三国演义_人物_司马懿_0,三国演义_人物_夏侯威_0,上下级,[{'76': '司马懿保夏侯威为左右先锋。'}],人物与人物,三国演义
三国演义_人物_关羽_0,三国演义_物品_青龙偃月刀_0,持有,"[{'4': '关羽舞八十二斤青龙偃月刀。'}, {'7': '关羽青龙刀起，劈管亥于马下'}, {'16': '关羽左手倒提宝刀，生擒王忠'}, {'18': '关羽使用青龙偃月刀，斩颜良、文丑时皆提青龙刀。'}, {'19': '关公使用青龙偃月刀斩杀敌将'}, {'29': '关羽手执青龙刀。'}, {'35': '提青龙刀守华容道'}, {'53': '关羽使用青龙刀斩杀夏侯存等'}, {'55': '关公使用青龙偃月刀，诗中称‘仗青龙偃月’'}, {'69': '关公显圣时提青龙刀，杀退羌兵'}]",人物与物品,三国演义
三国演义_人物_曹操_0,三国演义_人物_蔡和_0,上下级,[{'33': '曹操密令蔡和带军士去东吴诈降，作为内应'}],人物与人物,三国演义
三国演义_人物_马谡_0,三国演义_地点_街亭_0,守护,[{'70': '马谡自请引兵守街亭，屯兵山上。'}],人物与地点,三国演义
三国演义_组织_刘备军_0,三国演义_组织_曹操军_0,支配,[{'87': '魏灭蜀，蜀汉政权灭亡。'}],组织与组织,三国演义
三国演义_人物_刘备_0,三国演义_组织_大汉_0,归属,[{'7': '刘备为汉室宗亲，汉朝苗裔'}],人物与组织,三国演义
三国演义_人物_孙皓_0,三国演义_组织_吴军_0,领导,[{'88': '孙皓为吴国末帝'}],人物与组织,三国演义
三国演义_人物_赵云_0,三国演义_地点_阳平关_0,守护,"[{'60': '诸葛亮调赵云守阳平关拒曹真'}, {'61': '赵云拒住阳平关各处险道'}]",人物与地点,三国演义
三国演义_人物_伏皇后_0,三国演义_人物_曹操_0,对立,"[{'48': '曹操下令乱棒打死伏后，原文‘操怒曰……喝左右乱棒打死’'}, {'55': '曹操害死伏皇后，其魂魄向曹操索命'}]",人物与人物,三国演义
三国演义_组织_吕布军_0,三国演义_组织_泰山寇_0,合作,[{'14': '吕布与陈宫、臧霸结连泰山贼寇共攻兖州'}],组织与组织,三国演义
三国演义_人物_司马炎_0,三国演义_人物_张华_0,上下级,[{'88': '张华为秘书丞，支持伐吴并与晋主对弈劝进'}],人物与人物,三国演义
三国演义_人物_李严_0,三国演义_地点_南阳_0,出身,[{'46': '李严是南阳人，费观举保时提及'}],人物与地点,三国演义
三国演义_人物_黄祖_0,三国演义_地点_东吴_0,对抗,[{'27': '东吴孙权起兵征讨黄祖，以报旧仇并拓展疆土。'}],人物与组织,三国演义
三国演义_人物_荀恺_0,三国演义_人物_钟会_0,上下级,[{'85': '荀恺射杀卢逊救钟会，被赐鞍马铠甲'}],人物与人物,三国演义
三国演义_人物_乐进_0,三国演义_人物_张飞_0,对立,[{'23': '乐进引军围住张飞'}],人物与人物,三国演义
三国演义_人物_韩德_0,三国演义_人物_韩班_0,亲属,[{'67': '韩班为韩德四子，中枪落马被救去'}],人物与人物,三国演义
三国演义_人物_刘永_0,三国演义_人物_诸葛亮_0,上下级,[{'60': '刘备命次子刘永以父事诸葛亮'}],人物与人物,三国演义
三国演义_人物_孙策_0,三国演义_人物_陆康_0,对立,[{'11': '孙策征庐江太守陆康得胜而回'}],人物与人物,三国演义
三国演义_人物_袁谭_0,三国演义_人物_郭图_0,上下级,"[{'23': '郭图向辅袁谭，反对废长立幼'}, {'24': '郭图是袁谭谋士，多次献计。'}, {'25': '郭图为袁谭谋士，献策驱百姓作战'}]",人物与人物,三国演义
三国演义_人物_陈珪_0,三国演义_人物_陈登_0,亲属,"[{'14': '父子，陈珪嘱陈登图谋吕布'}, {'15': '陈珪是陈登之父，命陈登报信给刘备。'}]",人物与人物,三国演义
三国演义_人物_诸葛亮_0,三国演义_地点_隆中_0,居住,"[{'30': ""张昭称'久闻先生高卧隆中'""}, {'31': '诸葛亮说“亮居隆中时”，即隐居隆中。'}]",人物与地点,三国演义
三国演义_地点_剑阁_0,三国演义_地点_斜谷_0,连通,[{'76': '孔明自斜谷直至剑阁下寨，两处有路径连通。'}],地点与地点,三国演义
三国演义_人物_刘备_0,三国演义_人物_孙权_0,合作,[{'40': '刘备与孙权结为唇齿，共抗曹操'}],人物与人物,三国演义
三国演义_人物_孙异_0,三国演义_地点_南徐_0,守护,[{'87': '左将军孙异守南徐诸处隘口。'}],人物与地点,三国演义
三国演义_人物_吕凯_0,三国演义_物品_平蛮指掌图_0,创造,[{'62': '吕凯密绘《平蛮指掌图》献给孔明'}],人物与物品,三国演义
三国演义_人物_刘备_0,三国演义_物品_西川地理图本_0,持有,[{'42': '刘备获得张松所献西川地理图本'}],人物与物品,三国演义
三国演义_人物_刘备_0,三国演义_物品_徐州牌印_0,持有,[{'9': '刘玄德将徐州牌印送与吕布，后吕布未接'}],人物与物品,三国演义
三国演义_人物_诸葛亮_0,三国演义_技能_锦囊计_0,掌握,[{'78': '孔明临终设计锦囊计，预伏斩杀魏延之策'}],人物与技能,三国演义
三国演义_人物_赵云_0,三国演义_地点_江陵_0,守护,[{'42': '赵云屯兵江陵'}],人物与地点,三国演义
三国演义_人物_曹操_0,三国演义_人物_袁尚_0,对立,[{'25': '曹操西击乌桓，袁尚败投辽东后被公孙康所杀'}],人物与人物,三国演义
三国演义_人物_刘备_0,三国演义_人物_张飞_0,上下级,"[{'30': '张飞为刘备大将，与关羽赵云并列'}, {'46': '刘备为主公，张飞为部将，率军取雒城'}]",人物与人物,三国演义
三国演义_人物_郭淮_0,三国演义_地点_郿城_0,守护,"[{'72': '郭淮星夜来郿城守御'}, {'73': '司马懿令郭淮守把郿城。'}]",人物与地点,三国演义
三国演义_人物_姜维_0,三国演义_人物_马遵_0,上下级,"[{'67': '姜维为中郎将参本郡军事，劝太守马遵勿中计'}, {'68': '姜维为马遵部将，献计守城，马遵付精兵与姜维。'}]",人物与人物,三国演义
三国演义_人物_孙高_0,三国演义_人物_徐氏_0,合作,[{'27': '徐氏密召孙高、傅婴，共谋刺杀妫览、戴员。'}],人物与人物,三国演义
三国演义_人物_孟获_0,三国演义_人物_阿会喃_0,上下级,[{'62': '阿会喃是孟获麾下三洞元帅之一'}],人物与人物,三国演义
三国演义_人物_蒋舒_0,三国演义_组织_曹操军_0,归属,[{'85': '蒋舒降魏，归顺魏国'}],人物与组织,三国演义
三国演义_人物_曹睿_0,三国演义_地点_长安_0,居住,[{'69': '魏主曹睿驾幸长安，会合诸军'}],人物与地点,三国演义
三国演义_人物_姜维_0,三国演义_人物_李歆_0,上下级,[{'80': '姜维令李歆守麴山西城'}],人物与人物,三国演义
三国演义_人物_张飞_0,三国演义_地点_小沛_0,守护,[{'16': '玄德与张飞屯小沛'}],人物与地点,三国演义
三国演义_人物_吴兰_0,三国演义_人物_马超_0,上下级,[{'50': '马超令吴兰为先锋，兵屯下辨。'}],人物与人物,三国演义
三国演义_人物_孙皓_0,三国演义_地点_建业_0,居住,[{'88': '孙皓虽曾居武昌，但最终在建业投降，建业为吴都'}],人物与地点,三国演义
三国演义_人物_夏侯惇_0,三国演义_组织_曹操军_0,归属,[{'28': '夏侯惇为曹操部将，任都督攻新野'}],人物与组织,三国演义
三国演义_地点_葭萌关_0,三国演义_地点_益州_0,隶属,[{'43': '葭萌关位于西川，刘备在此抵御张鲁'}],地点与地点,三国演义
三国演义_人物_曹丕_0,三国演义_人物_曹洪_0,上下级,[{'56': '曹洪带剑逼献帝，索要玉玺，奉曹丕之命行事。'}],人物与人物,三国演义
三国演义_人物_吕范_0,三国演义_人物_孙权_0,上下级,[{'54': '吕范为孙权卜卦预测关公动向'}],人物与人物,三国演义
三国演义_人物_张飞_0,三国演义_物品_军令状_0,持有,[{'36': '张飞立军令状领三千军取武陵'}],人物与物品,三国演义
三国演义_人物_申耽_0,三国演义_地点_上庸_0,守护,[{'69': '申耽为上庸太守，镇守上庸'}],人物与地点,三国演义
三国演义_人物_宋宪_0,三国演义_人物_魏续_0,合作,[{'14': '合谋擒吕布，宋宪盗戟，魏续献门'}],人物与人物,三国演义
三国演义_人物_刘表_0,三国演义_人物_黄祖_0,上下级,"[{'5': '刘表令黄祖部领江夏之兵为前驱。'}, {'13': '刘表令黄祖坚守隘口，自统兵至安众截操后路。'}]",人物与人物,三国演义
三国演义_地点_不韦_0,三国演义_地点_永昌郡_0,隶属,[{'62': '不韦县隶属于永昌郡'}],地点与地点,三国演义
三国演义_人物_袁术_0,三国演义_地点_寿春_0,居住,[{'13': '袁术据守寿春，被曹操围城后弃城渡淮。'}],人物与地点,三国演义
三国演义_人物_马岱_0,三国演义_物品_绊马索_0,持有,[{'65': '马岱埋伏用绊马索绊倒祝融夫人并擒之。'}],人物与物品,三国演义
三国演义_人物_董卓_0,三国演义_组织_卓军_0,领导,[{'4': '董卓起兵二十万，亲领大军。'}],人物与组织,三国演义
三国演义_人物_范疆_0,三国演义_物品_短刀_0,持有,[{'57': '范疆各藏短刀，密入帐中刺杀张飞。'}],人物与物品,三国演义
三国演义_人物_刘禅_0,三国演义_人物_黄皓_0,上下级,[{'86': '后主刘禅宠信宦官黄皓，导致朝政腐败。'}],人物与人物,三国演义
三国演义_人物_司马昭_0,三国演义_人物_王韬_0,上下级,[{'81': '主簿王韬劝司马昭拜泉得水，司马昭从之'}],人物与人物,三国演义
三国演义_人物_曹仁_0,三国演义_人物_诸葛亮_0,对立,[{'30': '诸葛亮在白河用水，使曹仁辈心惊胆裂'}],人物与人物,三国演义
三国演义_人物_张飞_0,三国演义_物品_丈八蛇矛_0,持有,"[{'4': '张飞挺丈八蛇矛。'}, {'20': '张飞持丈八蛇矛欲搠关公，后亦以此矛作战'}]",人物与物品,三国演义
三国演义_人物_孟获_0,三国演义_人物_魏延_0,对立,"[{'60': '诸葛亮遣魏延用疑兵之计对抗南蛮孟获'}, {'61': '魏延用疑兵计杀退南蛮孟获'}, {'62': '魏延依计伏击，生擒孟获'}]",人物与人物,三国演义
三国演义_人物_关羽_0,三国演义_人物_蔡阳_0,对立,[{'20': '关公一通鼓未尽斩蔡阳于马下'}],人物与人物,三国演义
三国演义_人物_关羽_0,三国演义_人物_诸葛亮_0,上下级,"[{'28': '诸葛亮令关羽引军埋伏豫山，后于白河放水'}, {'34': '诸葛亮令关羽去华容道埋伏，关羽立下军令状。'}, {'35': '令袭取襄阳，后因放曹操欲按军法斩之'}, {'38': '诸葛亮预先埋伏关羽军马击败周瑜'}]",人物与人物,三国演义
三国演义_人物_刘岱_1,三国演义_人物_张飞_0,对立,[{'16': '张飞用计劫寨，生擒刘岱'}],人物与人物,三国演义
三国演义_人物_诸葛亮_0,三国演义_人物_陆绩_0,对立,[{'30': '陆绩质疑刘备出身，被诸葛亮嘲笑为小儿之见，语塞'}],人物与人物,三国演义
三国演义_人物_刘宠_0,三国演义_人物_刘繇_0,亲属,[{'11': '刘繇是太尉刘宠之侄'}],人物与人物,三国演义
三国演义_地点_北门_0,三国演义_地点_小沛_0,隶属,[{'12': '北门为小沛城门'}],地点与地点,三国演义
三国演义_人物_阚泽_0,三国演义_地点_东吴_0,归属,[{'33': '阚泽是东吴参谋，与黄盖交好'}],人物与组织,三国演义
三国演义_人物_曹真_0,三国演义_人物_诸葛亮_0,对立,"[{'69': '曹真率魏军与蜀军交战，屡败于诸葛亮，折二先锋'}, {'72': '曹真与诸葛亮对峙，设计抵御'}, {'74': '诸葛亮写信羞辱曹真，致其气恨填胸而死。'}]",人物与人物,三国演义
三国演义_人物_曹植_0,三国演义_物品_铜雀台赋_0,创造,[{'31': '曹植奉曹操之命作《铜雀台赋》。'}],人物与物品,三国演义
三国演义_人物_张郃_0,三国演义_地点_长安_0,守护,[{'72': '张郃守长安'}],人物与地点,三国演义
三国演义_人物_孙綝_0,三国演义_人物_孙闿_0,亲属,[{'83': '孙綝令其弟孙闿分屯诸营'}],人物与人物,三国演义
三国演义_人物_高定_0,三国演义_地点_越嶲郡_0,守护,[{'62': '高定原为越嶲郡太守'}],人物与地点,三国演义
三国演义_人物_曹操_0,三国演义_人物_蒋济_0,上下级,[{'54': '蒋济为曹操主簿，赞同司马懿之策'}],人物与人物,三国演义
三国演义_人物_刘谌_0,三国演义_物品_剑_1,持有,[{'86': '刘谌带剑入宫，后自刎而死。'}],人物与物品,三国演义
三国演义_地点_邺城_0,三国演义_组织_曹操军_0,驻扎,[{'28': '曹操于邺郡作玄武池以练水军'}],组织与地点,三国演义
三国演义_人物_陆逊_0,三国演义_地点_陆口_0,守护,[{'54': '陆逊代吕蒙守陆口'}],人物与地点,三国演义
三国演义_人物_韩遂_0,三国演义_人物_马腾_0,合作,[{'6': '马腾与韩遂联合起兵，讨伐李傕、郭汜。'}],人物与人物,三国演义
三国演义_人物_何氏_0,三国演义_人物_孙皓_0,亲属,[{'88': '孙皓即帝位后，尊其母何氏为太后'}],人物与人物,三国演义
三国演义_地点_西羌_0,三国演义_组织_曹操军_0,合作,[{'69': '西羌国王应曹真之请，出兵助魏攻蜀'}],组织与组织,三国演义
三国演义_人物_刘备_0,三国演义_人物_刘泌_0,上下级,[{'26': '刘泌作为樊城县令，迎刘备入城安民。'}],人物与人物,三国演义
三国演义_人物_关羽_0,三国演义_物品_汉寿亭侯印_0,持有,[{'18': '曹操表奏朝廷封关羽为汉寿亭侯，铸印相授，关羽辞曹时悬印于堂。'}],人物与物品,三国演义
三国演义_人物_李傕_0,三国演义_人物_李别_0,亲属,[{'6': '李别是李傕之侄，见樊稠放走韩遂，回报李傕。'}],人物与人物,三国演义
三国演义_人物_刘表_0,三国演义_人物_袁绍_0,合作,[{'4': '袁绍写书送与刘表，教就路上截击孙坚夺玺。'}],人物与人物,三国演义
三国演义_人物_董承_0,三国演义_人物_马腾_0,合作,[{'15': '马腾主动加入衣带诏，愿统西凉兵为外应。'}],人物与人物,三国演义
三国演义_人物_王允_0,三国演义_物品_七宝刀_0,持有,[{'3': '王允拥有七宝刀，借与曹操行刺董卓。'}],人物与物品,三国演义
三国演义_人物_徐庶_0,三国演义_人物_曹仁_0,对立,[{'26': '徐庶设计破曹仁八门金锁阵，并劫寨成功。'}],人物与人物,三国演义
三国演义_人物_梁宽_0,三国演义_人物_马超_0,对立,[{'46': '梁宽为杨阜推荐马超所用，后反叛，斩杀马超妻儿'}],人物与人物,三国演义
三国演义_人物_张达_0,三国演义_物品_短刀_0,持有,[{'57': '张达藏短刀与范疆同谋。'}],人物与物品,三国演义
三国演义_人物_司马懿_0,三国演义_人物_诸葛亮_0,对立,"[{'69': '孔明视司马懿为最大威胁，谓‘所患者惟司马懿一人而已’'}, {'70': '诸葛亮与司马懿为敌对双方，西城空城计退懿军。'}, {'72': '司马懿献计对抗诸葛亮'}, {'73': '孔明与司马懿多次斗智，伏兵大败魏军，司马懿叹孔明神出鬼没。'}, {'74': '两人多次斗阵、斗智，诸葛亮以八卦阵擒魏将、用增灶之法瞒过司马懿，司马懿自愧不如。'}, {'76': '孔明五出祁山伐魏，司马懿受命御敌，双方本回中多次交战、互相设计。'}, {'77': '司马懿与诸葛亮多次交战，上方谷被火攻，受巾帼女衣之辱，彼此为死敌。'}]",人物与人物,三国演义
三国演义_人物_袁熙_0,三国演义_组织_袁熙军_0,领导,[{'24': '袁熙统领袁熙军与曹操相持。'}],人物与组织,三国演义
三国演义_人物_周旨_0,三国演义_人物_孙歆_0,对立,[{'88': '周旨伏兵巴山夜袭乐乡，将孙歆斩于马下'}],人物与人物,三国演义
三国演义_人物_左慈_0,三国演义_地点_西川嘉陵峨嵋山_0,居住,[{'50': '左慈在西川嘉陵峨嵋山学道三十年，得天书。'}],人物与地点,三国演义
三国演义_地点_七星坛_0,三国演义_地点_南屏山_0,隶属,[{'34': '七星坛建于南屏山上，用于诸葛亮祭风。'}],地点与地点,三国演义
三国演义_人物_姜维_0,三国演义_地点_剑阁_0,守护,[{'86': '姜维引兵镇守剑阁，抵御钟会大军。'}],人物与地点,三国演义
三国演义_人物_诸葛亮_0,三国演义_人物_王平_0,上下级,[{'62': '孔明令王平迎敌并诈败诱敌'}],人物与人物,三国演义
三国演义_人物_刘备_0,三国演义_地点_新野_0,居住,"[{'25': '刘备引军屯扎新野县'}, {'28': '刘备屯新野，招兵教演'}, {'30': '刘备暂借新野小县容身'}]",人物与地点,三国演义
三国演义_人物_彻里吉_0,三国演义_地点_西羌_0,领导,[{'69': '彻里吉为西羌国王，决定出兵助魏'}],人物与组织,三国演义
三国演义_人物_刘岱_1,三国演义_人物_曹操_0,上下级,[{'16': '刘岱原为兖州刺史，降曹后为偏将，受命攻刘备'}],人物与人物,三国演义
三国演义_地点_南郡_0,三国演义_地点_彝陵_0,隶属,[{'35': '彝陵为南郡属县，曹洪据守'}],地点与地点,三国演义
三国演义_人物_曹操_0,三国演义_人物_秦庆童_0,上下级,[{'17': '秦庆童告密投靠，曹操将其藏匿于府中'}],人物与人物,三国演义
三国演义_人物_吕翔_0,三国演义_人物_高干_0,对立,[{'25': '吕翔与吕旷同诈降高干'}],人物与人物,三国演义
三国演义_人物_普净_0,三国演义_地点_玉泉山_0,居住,[{'55': '普净在玉泉山结草为庵，每日坐禅参道'}],人物与地点,三国演义
三国演义_人物_封谞_0,三国演义_人物_马元义_0,合作,[{'1': '马元义暗赍金帛结交封谞，共谋内应'}],人物与人物,三国演义
三国演义_人物_曹操_0,三国演义_人物_曹洪_0,亲属,[{'4': '曹洪是曹氏兄弟，引兵千余来助曹操。'}],人物与人物,三国演义
三国演义_人物_曹操_0,三国演义_组织_发丘中郎将_0,领导,[{'16': '曹操特置摸金校尉，与发丘中郎将同职'}],人物与组织,三国演义
三国演义_人物_孟达_0,三国演义_人物_李严_0,亲密,[{'60': '李严与孟达有生死之交，诸葛亮利用此关系作伪信缓其军心'}],人物与人物,三国演义
三国演义_组织_曹操军_0,三国演义_组织_青州军_0,隶属,[{'30': '曹操在兖州拥有青州军二十万，为曹军一部'}],组织与组织,三国演义
三国演义_人物_关羽_0,三国演义_物品_布袋_0,持有,[{'28': '云长引军各带布袋多装沙土，遏住白河之水'}],人物与物品,三国演义
三国演义_人物_南方火德星君_0,三国演义_人物_糜竺_0,亲密,[{'7': '感糜竺让车相待以礼，明告其火灾'}],人物与人物,三国演义
三国演义_人物_关羽_0,三国演义_人物_许褚_0,对立,[{'18': '许褚与徐晃共同截击关羽，与关羽交战。'}],人物与人物,三国演义
三国演义_人物_曹操_0,三国演义_人物_王允_0,合作,[{'3': '王允借七宝刀与曹操，共谋行刺董卓。'}],人物与人物,三国演义
三国演义_人物_孙干_0,三国演义_人物_孙綝_0,亲属,[{'83': '孙綝令其弟孙干分屯诸营'}],人物与人物,三国演义
三国演义_人物_关羽_0,三国演义_地点_河东解良_0,出身,[{'1': '关羽是河东解良人'}],人物与地点,三国演义
三国演义_人物_丁仪_0,三国演义_人物_曹丕_0,对立,[{'56': '曹丕下令诛杀丁仪、丁廙。'}],人物与人物,三国演义
三国演义_地点_小沛_0,三国演义_地点_徐州_0,隶属,"[{'7': '小沛为徐州近邑，陶谦请刘备驻此以保徐州'}, {'8': '小沛是徐州所属，刘备原驻兵于此。'}, {'9': '小沛是徐州下辖的邑地，刘玄德昔日屯兵之处'}, {'12': '小沛属徐州'}, {'13': '小沛为徐州属县，吕布据徐州，刘备屯小沛。'}, {'14': '小沛为徐州属县，刘备曾驻守'}, {'16': '小沛为徐州管辖，刘备分兵屯小沛'}, {'17': '小沛是徐州下辖之地，刘备曾驻守'}]",地点与地点,三国演义
三国演义_人物_徐荣_0,三国演义_人物_曹操_0,对立,[{'4': '徐荣伏击曹操，射中曹操肩膊，后曹洪救之。'}],人物与人物,三国演义
三国演义_人物_邓艾_0,三国演义_组织_掘子军_0,领导,[{'83': '邓艾唤副将郑伦引五百掘子军从地道突袭'}],人物与组织,三国演义
三国演义_地点_石壁_0,三国演义_地点_西川嘉陵峨嵋山_0,隶属,[{'50': '西川嘉陵峨嵋山中石壁，天雷震裂得天书。'}],地点与地点,三国演义
三国演义_人物_甘宁_0,三国演义_物品_战船_0,持有,[{'28': '孙权赐甘宁战船一百只，令其镇守夏口'}],人物与物品,三国演义
三国演义_人物_张虎_1,三国演义_人物_曹真_0,上下级,[{'72': '曹真令张虎为先锋守头营'}],人物与人物,三国演义
三国演义_人物_张郃_0,三国演义_地点_蒙头岩_0,守护,[{'49': '曹操留张郃守蒙头岩等隘口。'}],人物与地点,三国演义
三国演义_人物_凌统_0,三国演义_人物_张辽_0,对立,[{'50': '凌统与张辽交锋五十合，不分胜败。'}],人物与人物,三国演义
三国演义_地点_塔郎甸_0,三国演义_地点_盘蛇谷_0,相邻,[{'65': '盘蛇谷前名塔郎甸。'}],地点与地点,三国演义
三国演义_人物_傅佥_0,三国演义_人物_蒋舒_0,对立,[{'85': '蒋舒叛降魏国，致傅佥被围自刎而死'}],人物与人物,三国演义
三国演义_人物_杜预_0,三国演义_组织_晋_0,归属,[{'88': '杜预为晋镇南大将军，率兵伐吴'}],人物与组织,三国演义
三国演义_人物_孔融_0,三国演义_组织_大汉_0,归属,[{'7': '孔融自称大汉之臣，守大汉之地'}],人物与组织,三国演义
三国演义_人物_孙权_0,三国演义_物品_黄祖首级_0,持有,[{'28': '孙权以木匣盛贮黄祖首级，准备祭献'}],人物与物品,三国演义
三国演义_人物_皇甫嵩_0,三国演义_地点_冀州_0,守护,[{'2': '皇甫嵩领冀州牧'}],人物与地点,三国演义
三国演义_人物_司马懿_0,三国演义_地点_凉州_0,守护,[{'66': '司马懿提督雍、凉兵马，守护凉州。'}],人物与地点,三国演义
三国演义_人物_司马昭_0,三国演义_组织_曹操军_0,领导,"[{'82': '司马昭自为天下兵马大都督，一应事务就于相府裁处，把持朝政。'}, {'84': '司马昭实际控制魏国，立曹奂为帝。'}, {'85': '司马昭为魏晋公，实际掌握魏国大权'}]",人物与组织,三国演义
三国演义_人物_何苗_0,三国演义_人物_何进_0,亲属,[{'2': '何苗为何进之弟'}],人物与人物,三国演义
三国演义_人物_曹真_0,三国演义_人物_曹睿_0,上下级,"[{'73': '魏主同意曹真伐蜀之表，拜为大司马、征西大都督。'}, {'74': '曹真为魏国大司马，天子赐其玉带、御马，死后送葬洛阳。'}]",人物与人物,三国演义
三国演义_地点_后苑_0,三国演义_地点_魏王宫_0,隶属,[{'50': '后苑为魏王宫的后花园。'}],地点与地点,三国演义
三国演义_人物_曹洪_0,三国演义_地点_南郑_0,守护,[{'51': '曹洪驻守南郑，发兵调将。'}],人物与地点,三国演义
三国演义_人物_刘备_0,三国演义_人物_刘琦_0,合作,[{'30': '刘备与刘琦同屯兵江夏，共同抗曹'}],人物与人物,三国演义
三国演义_人物_赵云_0,三国演义_地点_汉水_0,守护,[{'52': '赵云拒汉水而守，匹马单枪吓退曹军'}],人物与地点,三国演义
三国演义_人物_吕布_0,三国演义_人物_曹豹_0,亲属,[{'10': '曹豹是吕布岳父，曹豹以女婿称吕布。'}],人物与人物,三国演义
三国演义_人物_邓艾_0,三国演义_人物_陈泰_0,合作,"[{'81': '陈泰与邓艾合兵，设伏退姜维'}, {'82': '陈泰设席与邓艾作贺，二人结为忘年之交，共议军事。'}]",人物与人物,三国演义
三国演义_人物_文聘_0,三国演义_人物_曹操_0,上下级,[{'29': '曹操除文聘为江夏太守，赐爵关内侯。'}],人物与人物,三国演义
三国演义_人物_孔融_0,三国演义_组织_朝廷_0,归属,[{'28': '孔融为太中大夫，属朝廷官员'}],人物与组织,三国演义
三国演义_人物_诸葛亮_0,三国演义_物品_纶巾羽扇_0,持有,"[{'46': '诸葛亮头戴纶巾，手持羽扇，为标志性装束'}, {'67': '诸葛亮纶巾羽扇，端坐车上'}]",人物与物品,三国演义
三国演义_人物_袁熙_0,三国演义_组织_乌桓_0,归属,[{'25': '袁熙兵败投奔乌桓'}],人物与组织,三国演义
三国演义_人物_刘禅_0,三国演义_人物_谯周_0,上下级,[{'86': '后主刘禅听从光禄大夫谯周的建议决意降魏。'}],人物与人物,三国演义
三国演义_人物_曹爽_0,三国演义_人物_邓飏_0,上下级,[{'79': '邓飏是曹爽门客，参与议事。'}],人物与人物,三国演义
三国演义_人物_丁奉_0,三国演义_人物_孙皓_0,上下级,[{'88': '孙皓加封丁奉为右大司马'}],人物与人物,三国演义
三国演义_人物_关平_0,三国演义_人物_关羽_0,亲属,"[{'23': '关平为关羽义子，随关羽救刘备'}, {'34': '关平为关羽义子，随关羽往华容道埋伏。'}, {'42': '关平是关羽之子，随刘备西行'}, {'47': '关平为关羽之子，奉父命送信。'}, {'53': '关平为关羽义子，随父征战'}]",人物与人物,三国演义
三国演义_人物_公孙渊_0,三国演义_人物_贾范_0,对立,[{'79': '公孙渊因贾范谏阻反叛，将贾范斩首。'}],人物与人物,三国演义
三国演义_人物_李典_0,三国演义_人物_赵云_0,对立,[{'26': '赵云与李典交战十余合，李典败走。'}],人物与人物,三国演义
三国演义_人物_刘禅_0,三国演义_人物_诸葛亮_0,上下级,"[{'61': '后主听从诸葛亮建议，礼貌待吴使，并同意诸葛亮南征'}, {'62': '后主信任孔明，同意其征讨南蛮'}, {'71': '后主览表后诏贬孔明为右将军，行丞相事'}, {'72': '后主为君，诸葛亮为丞相'}, {'73': '后主御驾自来问病，命御医调治，体现君臣关系。'}, {'75': '后主为君，孔明为臣，后主召回孔明，孔明拜辞后主'}, {'76': '蜀汉后主，孔明拜辞后主出征。'}, {'78': '后主以孔明为丞相，闻其死大哭，依遗言加封蒋琬等'}]",人物与人物,三国演义
三国演义_人物_关羽_0,三国演义_人物_孙权_0,对立,"[{'54': '孙权纳吕蒙计袭取荆州，与关公为敌'}, {'55': '孙权采纳吕蒙之计擒杀关公，关公骂孙权'}]",人物与人物,三国演义
三国演义_人物_张角_0,三国演义_技能_呼风唤雨_0,掌握,[{'1': '张角得《太平要术》后晓夜攻习，能呼风唤雨'}],人物与技能,三国演义
三国演义_人物_曹操_0,三国演义_人物_毛玠_0,上下级,[{'32': '曹操斩蔡、张后，任用毛玠为水军都督'}],人物与人物,三国演义
三国演义_人物_审配_0,三国演义_人物_许攸_0,对立,[{'22': '审配写信告发许攸在冀州滥受财物、纵容子侄，导致袁绍怒斥许攸，许攸被迫投曹'}],人物与人物,三国演义
三国演义_人物_诸葛亮_0,三国演义_技能_八卦阵_0,掌握,[{'74': '诸葛亮布八卦阵，按八门排设，魏将打入被缚。'}],人物与技能,三国演义
三国演义_人物_韩德_0,三国演义_人物_韩瑛_0,亲属,[{'67': '韩瑛为韩德长子，随父出战，被赵云刺死'}],人物与人物,三国演义
三国演义_地点_长安_0,三国演义_组织_曹操军_0,驻扎,"[{'68': '曹真领大军屯驻长安，过渭河下寨。'}, {'69': '长安为魏国西部重镇，曹睿驾幸，司马懿下寨'}, {'75': '司马懿收兵回长安，大会诸路人马'}]",组织与地点,三国演义
三国演义_人物_张郃_0,三国演义_地点_宕渠寨_0,守护,[{'51': '张郃分兵守住宕渠寨。'}],人物与地点,三国演义
三国演义_人物_公孙瓒_0,三国演义_人物_袁绍_0,对立,[{'5': '袁绍与公孙瓒在磐河交战，争夺冀州。'}],人物与人物,三国演义
三国演义_人物_曹仁_0,三国演义_人物_曹操_0,上下级,"[{'7': '曹仁领一军围兖州'}, {'50': '曹操留曹仁与张辽同屯合淝。'}]",人物与人物,三国演义
三国演义_人物_孙权_0,三国演义_物品_驴_1,持有,[{'72': '孙权牵驴戏弄诸葛瑾'}],人物与物品,三国演义
三国演义_人物_刘延_0,三国演义_地点_滑州界首_0,守护,[{'19': '刘延为滑州太守，在滑州界首出迎关公'}],人物与地点,三国演义
三国演义_人物_全纪_0,三国演义_人物_孙亮_0,上下级,[{'83': '孙亮泣告全纪谋诛孙綝，全纪万死不辞，奉密诏行事'}],人物与人物,三国演义
三国演义_人物_周瑜_0,三国演义_地点_巴丘_0,守护,[{'21': '周瑜守御巴丘。'}],人物与地点,三国演义
三国演义_人物_黄盖_0,三国演义_物品_铁鞭_0,持有,[{'4': '黄盖使铁鞭。'}],人物与物品,三国演义
三国演义_人物_刘备_0,三国演义_人物_刘琦_0,上下级,[{'32': '刘备分付刘琦守江夏'}],人物与人物,三国演义
三国演义_人物_马超_0,三国演义_组织_羌人部落_0,合作,[{'40': '羌人部落增添二万生力兵助马超作战'}],人物与组织,三国演义
三国演义_人物_刘琮_0,三国演义_人物_曹操_0,上下级,"[{'28': '刘琮献荆襄九郡降曹操，曹操允其永为荆州之主'}, {'30': '刘琮暗自投降曹操，曹操得荆州之军'}]",人物与人物,三国演义
三国演义_人物_邓艾_0,三国演义_物品_地理图_0,持有,[{'86': '马邈献地理图与邓艾，备写山川道路，邓艾观之大惊。'}],人物与物品,三国演义
三国演义_人物_夏侯渊_0,三国演义_人物_曹操_0,上下级,"[{'8': '夏侯渊随军入城，救起曹操。'}, {'41': '夏侯渊是曹操部将，奉命夹攻马超，后屯兵长安。'}, {'46': '曹操发军令给夏侯渊，令其破马超'}, {'50': '曹操使曹洪往助夏侯渊同守东川。'}, {'51': '夏侯渊为曹操所倚重，镇守汉中、定军山。'}]",人物与人物,三国演义
三国演义_地点_东阿_0,三国演义_地点_兖州_0,隶属,"[{'6': '东阿是兖州下辖县，曹操留军守此。'}, {'7': '东阿为兖州三处未被攻破的城池之一'}]",地点与地点,三国演义
三国演义_人物_诸葛亮_0,三国演义_人物_孟获_0,对立,[{'62': '孔明擒获孟获后又释放，孟获不服'}],人物与人物,三国演义
三国演义_地点_公安_0,三国演义_地点_荆州_0,隶属,"[{'42': '公安为荆州属地，赵云镇守'}, {'54': '公安是荆州辖地'}]",地点与地点,三国演义
三国演义_人物_刘禅_0,三国演义_人物_董允_0,上下级,[{'78': '后主令董允假节释劝魏延'}],人物与人物,三国演义
三国演义_人物_孙坚_0,三国演义_人物_袁绍_0,上下级,[{'4': '袁绍令孙坚为前部先锋，直抵汜水关。'}],人物与人物,三国演义
三国演义_人物_黄盖_0,三国演义_物品_火船_0,持有,[{'34': '黄盖准备火船二十只，内装引火之物，用于火攻。'}],人物与物品,三国演义
三国演义_人物_越吉_0,三国演义_地点_西羌_0,归属,[{'69': '越吉为西羌元帅，率铁车兵攻蜀'}],人物与组织,三国演义
三国演义_人物_张飞_0,三国演义_物品_草人_0,持有,[{'51': '张飞设草人于帐中伪装自己。'}],人物与物品,三国演义
三国演义_人物_田丰_0,三国演义_人物_袁绍_0,上下级,"[{'16': '田丰为袁绍谋士，建议缓进屯黎阳'}, {'18': '田丰为袁绍谋士，谏阻进兵，被袁绍怒囚于狱中。'}, {'22': '田丰是袁绍谋士，因上书劝谏静守，被袁绍以慢军之罪欲斩，后囚禁狱中'}, {'23': '田丰为袁绍谋士，被囚于冀州狱中'}]",人物与人物,三国演义
三国演义_人物_刘备_0,三国演义_人物_汉献帝_0,亲属,[{'15': '献帝认刘备为皇叔，叙叔侄之礼，拜为左将军。'}],人物与人物,三国演义
三国演义_地点_后园_0,三国演义_地点_小亭_0,隶属,[{'15': '小亭位于后园中，设樽俎煮酒。'}],地点与地点,三国演义
三国演义_人物_马腾_0,三国演义_人物_马铁_0,亲属,[{'39': '马腾与马铁为父子，马铁随父入许昌为前部，与父一同被执遇害'}],人物与人物,三国演义
三国演义_人物_田丰_0,三国演义_地点_冀州狱中_0,居住,[{'23': '田丰被囚于冀州狱中，最终自刎'}],人物与地点,三国演义
三国演义_人物_关羽_0,三国演义_人物_诸葛瑾_0,对立,[{'54': '诸葛瑾奉孙权命劝降关公，被关公正色拒绝'}],人物与人物,三国演义
三国演义_组织_吴军_0,三国演义_组织_刘备军_0,对抗,"[{'53': '蜀与吴因荆州等事敌对'}, {'58': '蜀吴两军于猇亭交战，刘备伐吴，势不两立'}, {'59': '吴蜀两国在夷陵大战，陆逊破刘备。'}, {'64': '孔明担心吴国趁机侵犯，蜀吴为敌对关系。'}]",组织与组织,三国演义
三国演义_人物_曹操_0,三国演义_组织_曹操军_0,领导,"[{'18': '曹操统领曹操军，指挥军士攻下邳、战白马等。'}, {'24': '曹操统领曹操军攻破冀州。'}, {'31': '曹操统帅百万大军，屯于汉上。'}, {'39': '曹操为曹操军之首，统领军队'}]",人物与组织,三国演义
三国演义_人物_曹髦_0,三国演义_物品_《潜龙诗》_0,创造,[{'84': '曹髦作《潜龙诗》暗讽司马昭。'}],人物与物品,三国演义
三国演义_人物_吕布_0,三国演义_人物_高顺_0,上下级,"[{'7': '陈宫拨高顺引兵往守西寨'}, {'8': '高顺守城内，保护吕布家小弃定陶而走。'}, {'11': '吕布令高顺领兵五万袭刘备之后'}, {'13': '吕布令高顺引一军进小沛敌桥蕤，后又攻小沛。'}, {'14': '高顺为吕布部将，守小沛'}]",人物与人物,三国演义
三国演义_人物_孟获_0,三国演义_人物_诸葛亮_0,对立,"[{'63': '诸葛亮多次擒获孟获又释放，孟获不服，双方持续敌对'}, {'64': '诸葛亮四番擒放孟获，孟获屡次不服，双方持续对抗。'}]",人物与人物,三国演义
三国演义_人物_徐晃_0,三国演义_人物_杨奉_0,上下级,"[{'9': '徐晃是杨奉部将，应召出战斩崔勇'}, {'10': '徐晃原为杨奉部将，后弃杨奉投曹操。'}]",人物与人物,三国演义
三国演义_人物_刘备_0,三国演义_人物_孙仲_0,对立,[{'2': '刘备张弓一箭射中孙仲落马'}],人物与人物,三国演义
三国演义_地点_益州_0,三国演义_地点_锦江_0,隶属,[{'42': '锦江为益州险要河流'}],地点与地点,三国演义
三国演义_人物_刘璋_0,三国演义_地点_成都_0,居住,"[{'43': '刘璋自葭萌关回成都'}, {'44': '刘璋为益州牧，治所在成都'}, {'46': '刘璋在成都聚众商议，雒城破后仍居成都'}]",人物与地点,三国演义
三国演义_人物_曹操_0,三国演义_物品_白练_0,持有,[{'17': '曹操令取白练，勒死董贵妃'}],人物与物品,三国演义
三国演义_人物_审配_0,三国演义_地点_冀州_0,守护,[{'24': '审配奉命固守冀州，法令严明。'}],人物与地点,三国演义
三国演义_人物_刘备_0,三国演义_人物_龚都_0,合作,[{'23': '龚都助刘备运粮，被曹军围住'}],人物与人物,三国演义
三国演义_人物_诸葛亮_0,三国演义_物品_纶巾_0,持有,"[{'27': '诸葛亮头戴纶巾，为典型装束。'}, {'64': '孔明头戴纶巾。'}]",人物与物品,三国演义
三国演义_人物_诸葛瑾_0,三国演义_地点_东吴_0,归属,[{'31': '诸葛瑾是东吴文官，受孙吴厚恩。'}],人物与组织,三国演义
三国演义_人物_李傕_0,三国演义_人物_贾诩_0,上下级,"[{'6': '贾诩为李傕献计攻取长安，并多次出谋划策。'}, {'9': '贾诩为李傕腹心谋士，屡谏不听'}, {'12': '昔日跟随李傕，得罪天下'}]",人物与人物,三国演义
三国演义_人物_华雄_0,三国演义_人物_孙坚_0,对立,[{'4': '华雄夜袭孙坚寨，孙坚败走，部将祖茂被斩。'}],人物与人物,三国演义
三国演义_人物_曹操_0,三国演义_人物_董承_0,对立,[{'17': '曹操诛杀董承全家，搜出衣带诏'}],人物与人物,三国演义
三国演义_人物_曹操_0,三国演义_组织_大汉_0,归属,"[{'10': '曹操为汉朝臣子，被封为汉官，效忠于朝廷。'}, {'41': '曹操为东汉丞相，班师回许都受献帝封赏。'}, {'43': '曹操为汉朝丞相，威福日甚，挟天子令诸侯'}]",人物与组织,三国演义
三国演义_人物_夏侯惇_0,三国演义_人物_边让_0,对立,[{'6': '夏侯惇奉曹操命于路截杀前来救陶谦的边让。'}],人物与人物,三国演义
三国演义_人物_曹操_0,三国演义_人物_蒋干_0,上下级,[{'32': '蒋干为曹操帐下幕宾，奉命说降周瑜'}],人物与人物,三国演义
三国演义_人物_夏侯楙_0,三国演义_人物_薛则_0,上下级,[{'67': '夏侯楙遣薛则引三万军伏于右'}],人物与人物,三国演义
三国演义_人物_司马炎_0,三国演义_人物_曹奂_0,对立,[{'87': '司马炎逼曹奂禅让，建晋代魏。'}],人物与人物,三国演义
三国演义_地点_牛渚_0,三国演义_地点_邸阁_0,隶属,[{'11': '邸阁是牛渚的仓库，积粮十万'}],地点与地点,三国演义
三国演义_人物_黄忠_0,三国演义_地点_定军山_0,守护,[{'52': '黄忠攻打并夺占定军山'}],人物与地点,三国演义
三国演义_人物_孙权_0,三国演义_组织_曹操军_0,对抗,[{'30': '孙权决定以全吴之地对抗曹军'}],人物与组织,三国演义
三国演义_人物_关羽_0,三国演义_组织_曹操军_0,对抗,[{'54': '关公与魏国敌对，围攻樊城'}],人物与组织,三国演义
三国演义_人物_少帝_0,三国演义_人物_张让_0,对立,[{'3': '张让劫持少帝出逃北邙山。'}],人物与人物,三国演义
三国演义_人物_文叔_0,三国演义_人物_曹爽_0,亲属,[{'80': '文叔为曹爽从弟'}],人物与人物,三国演义
三国演义_人物_诸葛亮_0,三国演义_物品_锦囊_0,创造,[{'37': '诸葛亮制成三个锦囊，内藏三条妙计，交给赵云。'}],人物与物品,三国演义
三国演义_人物_秦琪_0,三国演义_地点_黄河渡口_0,守护,[{'19': '秦琪据守黄河渡口，夏侯惇部将'}],人物与地点,三国演义
三国演义_地点_陆口_0,三国演义_组织_吴军_0,驻扎,[{'53': '吴屯兵陆口'}],组织与地点,三国演义
三国演义_人物_李典_0,三国演义_人物_黄劭_0,对立,[{'8': '李典乘势飞马直入贼阵，生擒黄劭。'}],人物与人物,三国演义
三国演义_地点_安丰_0,三国演义_地点_寿春_0,相邻,[{'82': '吴兵退屯安丰，与寿春为掎角之势，两地相邻。'}],地点与地点,三国演义
三国演义_人物_孙权_0,三国演义_物品_檄文_1,持有,[{'30': '孙权接曹操遣使送来的檄文，内容令其犹豫'}],人物与物品,三国演义
三国演义_人物_苏顒_0,三国演义_人物_赵云_0,对立,[{'70': '赵云在箕谷刺死魏将苏顒。'}],人物与人物,三国演义
三国演义_人物_张苞_0,三国演义_人物_诸葛亮_0,上下级,"[{'60': '诸葛亮密调张苞引兵三万为各路救应'}, {'67': '诸葛亮派张苞引五千兵接应赵云，并参与攻取南安等计策'}, {'69': '孔明命张苞与关兴同去退羌兵，后令其引兵埋伏'}, {'70': '诸葛亮令关兴、张苞各引三千精兵伏于武功山。'}, {'72': '孔明令张苞与关兴同去'}]",人物与人物,三国演义
三国演义_地点_樊城_0,三国演义_地点_襄阳_0,相邻,"[{'53': '襄阳与樊城相邻'}, {'54': '襄阳与樊城相邻，徐晃守襄阳以遏关公'}]",地点与地点,三国演义
三国演义_人物_吕蒙_0,三国演义_地点_东吴_0,归属,[{'54': '吕蒙为东吴大都督'}],人物与组织,三国演义
三国演义_人物_李封_0,三国演义_物品_画戟_1,持有,[{'8': '李封使画戟迎战许褚。'}],人物与物品,三国演义
三国演义_人物_张郃_0,三国演义_人物_张飞_0,对立,"[{'50': '张郃欲取巴西，轻敌进兵，将与张飞交战。'}, {'51': '张飞与张郃在阆中、瓦口关等地多次激战。'}]",人物与人物,三国演义
三国演义_人物_刘晔_0,三国演义_人物_曹操_0,上下级,"[{'8': '刘晔识破陈宫之计，建议分军三队。'}, {'17': '刘晔奉命前往襄城说张绣'}, {'22': '刘晔是曹操谋士，进献发石车之策和掘长堑之计，曹操令其进车式连夜制造'}, {'52': '刘晔劝曹操亲征汉中'}]",人物与人物,三国演义
三国演义_人物_刘琦_0,三国演义_人物_刘表_0,亲属,[{'25': '刘表与刘琦为父子，前妻陈氏所生'}],人物与人物,三国演义
三国演义_人物_关羽_0,三国演义_人物_糜芳_0,对立,[{'54': '糜芳因惧关公怨恨而投降东吴'}],人物与人物,三国演义
三国演义_地点_荆州_0,三国演义_地点_襄阳_0,隶属,"[{'26': '襄阳是荆州所辖之城。'}, {'28': '襄阳是荆州的重要城池，蔡夫人刘琮驻扎'}, {'35': '襄阳为荆州一郡'}, {'36': '襄阳为荆州重镇，属荆州'}, {'42': '襄阳为荆州属地，关羽拒守'}]",地点与地点,三国演义
三国演义_人物_蔡夫人_0,三国演义_地点_襄阳_0,居住,[{'28': '蔡夫人与刘琮前赴襄阳驻扎'}],人物与地点,三国演义
三国演义_人物_刘封_0,三国演义_人物_申仪_0,对立,[{'56': '申仪在城上举旗引徐晃军，刘封抵敌不住。'}],人物与人物,三国演义
三国演义_人物_于禁_0,三国演义_人物_曹操_0,上下级,"[{'6': '于禁引军投曹操，曹操因其弓马娴熟任为点军司马。'}, {'7': '于禁献计夜袭吕布西寨'}, {'8': '于禁为合后。'}, {'12': '于禁为曹操平虏校尉，受封益寿亭侯'}, {'29': '曹操令于禁追杀刘琮母子，后重赏。'}, {'32': '曹操斩蔡、张后，任用于禁为水军都督'}, {'53': '曹操加于禁为征南将军，领七军救樊城'}]",人物与人物,三国演义
三国演义_人物_诸葛亮_0,三国演义_人物_马遵_0,对立,[{'67': '诸葛亮假遣裴绪赚马遵出城，欲取天水，被姜维识破'}],人物与人物,三国演义
三国演义_人物_卢逊_0,三国演义_地点_南郑关_0,守护,[{'85': '卢逊守南郑关，用连弩射退魏兵'}],人物与地点,三国演义
三国演义_人物_曹操_0,三国演义_物品_金鈚箭_0,持有,[{'15': '曹操用金鈚箭射鹿，群臣误以为天子所射。'}],人物与物品,三国演义
三国演义_人物_韩当_0,三国演义_地点_三江口_0,守护,[{'31': '周瑜差韩当领本部战船至三江口下寨。'}],人物与地点,三国演义
三国演义_人物_司马昭_0,三国演义_人物_钟会_0,上下级,"[{'82': '钟会为司马昭献计破诸葛诞，被昭称为‘吾之子房’。'}, {'85': '司马昭拜钟会为镇西将军，命其伐蜀'}, {'86': '司马昭为晋公，钟会为其下属伐蜀主帅，后司马昭疑会反，亲提大兵制之。'}, {'87': '钟会是魏司徒，受司马昭遣伐蜀。'}]",人物与人物,三国演义
三国演义_人物_史涣_0,三国演义_人物_徐晃_0,上下级,[{'22': '史涣是徐晃部将，获袁军细作，随徐晃截击韩猛粮车'}],人物与人物,三国演义
三国演义_人物_张松_0,三国演义_物品_绿袍_0,持有,[{'42': '张松获得刘璋所赐绿袍'}],人物与物品,三国演义
三国演义_人物_刘备_0,三国演义_人物_糜芳_0,上下级,"[{'23': '糜芳为刘备幕僚，随刘备家小逃难'}, {'29': '部属，糜芳带箭报信。'}]",人物与人物,三国演义
三国演义_地点_北固山_0,三国演义_地点_南徐_0,隶属,[{'36': '北固山在南徐境内，太史慈葬于此'}],地点与地点,三国演义
三国演义_人物_华歆_0,三国演义_人物_孙策_0,上下级,[{'21': '孙策使虞翻驰檄豫章，豫章太守华歆投降。'}],人物与人物,三国演义
三国演义_人物_孙坚_0,三国演义_人物_赵弘_0,对立,[{'2': '孙坚飞身夺槊刺赵弘下马'}],人物与人物,三国演义
三国演义_人物_韩遂_0,三国演义_人物_马腾_0,亲属,[{'40': '韩遂与马腾结为兄弟'}],人物与人物,三国演义
三国演义_人物_孙权_0,三国演义_物品_青罗伞_0,持有,[{'50': '孙权将青罗伞赐予周泰。'}],人物与物品,三国演义
三国演义_人物_刘备_0,三国演义_地点_涪水关_0,守护,[{'44': '玄德兵不血刃得了涪关，分兵守把'}],人物与地点,三国演义
三国演义_人物_许昌_0,三国演义_组织_朝廷_0,驻扎,[{'28': '朝廷以许昌为都，曹操留荀彧等守城'}],组织与地点,三国演义
三国演义_人物_吕布_0,三国演义_物品_弓箭_0,持有,[{'12': '吕布辕门射戟所用'}],人物与物品,三国演义
三国演义_人物_张昭_0,三国演义_人物_诸葛亮_0,对立,[{'30': '诸葛亮舌战群儒，首先驳倒主降派张昭，使其无言以对'}],人物与人物,三国演义
三国演义_人物_郭淮_0,三国演义_地点_雍州_0,守护,[{'80': '郭淮为雍州刺史，镇守雍州'}],人物与地点,三国演义
三国演义_地点_天荡山_0,三国演义_地点_米仓山_0,相邻,[{'51': '天荡山更接米仓山，均为屯粮之地。'}],地点与地点,三国演义
三国演义_人物_刘禅_0,三国演义_人物_杨仪_0,上下级,[{'78': '后主先加杨仪为中军师，后因怨言贬为庶人'}],人物与人物,三国演义
三国演义_人物_刘备_0,三国演义_人物_魏延_0,上下级,"[{'42': '魏延为刘备麾下将领，任后军随取西川'}, {'44': '魏延为刘备部将，与泠苞交战'}, {'57': '刘备命镇北将军魏延守汉中。'}]",人物与人物,三国演义
三国演义_人物_孙权_0,三国演义_人物_甘宁_0,上下级,"[{'27': '孙权接纳甘宁来降，拜为副将，共破黄祖。'}, {'28': '孙权升甘宁为都尉，命其领兵镇守夏口'}, {'49': '孙权以甘宁为先锋攻皖城，后设宴庆功。'}, {'50': '孙权令甘宁率百骑劫曹营，并赏赐绢千匹、利刀百口。'}, {'57': '孙权命甘宁为救应，甘宁带病从征。'}]",人物与人物,三国演义
三国演义_地点_祁山_0,三国演义_组织_刘备军_0,驻扎,"[{'69': '祁山为蜀军大寨所在，孔明驻军于此'}, {'70': '诸葛亮在祁山寨扎营，指挥北伐。'}, {'75': '孔明在祁山安营，分兵驻守'}, {'76': '孔明率蜀军于祁山扎下五个大寨。'}]",组织与地点,三国演义
三国演义_人物_吕布_0,三国演义_地点_长安_0,守护,[{'6': '吕布守卫长安，抵御李傕等西凉兵。'}],人物与地点,三国演义
三国演义_人物_赵云_0,三国演义_人物_赵范_0,亲密,[{'36': '赵范与赵云结为兄弟，因同乡、同姓、同年，后赵范欲以嫂许配被拒'}],人物与人物,三国演义
三国演义_人物_刘备_0,三国演义_人物_刘表_0,亲属,"[{'29': '同宗兄弟，刘备拜于刘表墓前哭告称辱弟。'}, {'36': '刘备称刘表为兄，以刘景升之弟自居，继承其基业'}]",人物与人物,三国演义
三国演义_人物_关羽_0,三国演义_人物_刘备_0,亲属,"[{'19': '结义兄弟，关公称刘玄德为兄'}, {'54': '关公与汉中王刘备结义兄弟，受其厚恩'}, {'56': '刘备言与关张结义，誓同生死，欲为关羽报仇。'}]",人物与人物,三国演义
三国演义_人物_淳于琼_0,三国演义_地点_乌巢_0,守护,[{'22': '袁绍遣淳于琼率二万人马守卫乌巢，淳于琼性刚好酒，醉卧被擒'}],人物与地点,三国演义
三国演义_人物_张角_0,三国演义_人物_马元义_0,上下级,[{'1': '马元义为张角党羽，受命结交封谞为内应'}],人物与人物,三国演义
三国演义_人物_诸葛亮_0,三国演义_物品_瑶琴_0,持有,[{'27': '诸葛亮囊里藏有古锦名琴。'}],人物与物品,三国演义
三国演义_人物_孙策_0,三国演义_人物_许贡_0,对立,[{'21': '孙策以许贡暗通曹操，将其绞杀。'}],人物与人物,三国演义
三国演义_人物_诸葛亮_0,三国演义_物品_竹桥_0,创造,[{'64': '孔明令伐竹数十万根，在西洱河上搭起竹桥。'}],人物与物品,三国演义
三国演义_人物_关羽_0,三国演义_人物_卞喜_0,对立,[{'19': '卞喜埋伏刀斧手欲害关公，被关公一刀劈为两段'}],人物与人物,三国演义
三国演义_人物_吉穆_0,三国演义_组织_汉室_0,归属,[{'50': '吉穆为吉平次子，与兄同谋扶汉。'}],人物与组织,三国演义
三国演义_人物_周瑜_0,三国演义_人物_诸葛亮_0,合作,"[{'33': ""两人各于掌中写'火'字，约定用火攻破曹""}]",人物与人物,三国演义
三国演义_人物_张著_0,三国演义_人物_赵云_0,合作,[{'52': '赵云救出被围的张著'}],人物与人物,三国演义
三国演义_人物_司马昭_0,三国演义_人物_贾充_0,上下级,"[{'82': '贾充为司马昭心腹长史，奉命至淮南探诸葛诞动向。'}, {'84': '贾充为司马昭部下，早晚图谋曹髦。'}, {'86': '贾充是司马昭心腹，参与伐蜀和制邓艾之谋。'}, {'87': '贾充是司马昭大臣，谏立长子。'}]",人物与人物,三国演义
三国演义_人物_太史慈_0,三国演义_人物_孔融_0,亲密,[{'7': '孔融常遗粟帛于太史慈母，母感德遣慈来救'}],人物与人物,三国演义
三国演义_人物_孙权_0,三国演义_人物_曹操_0,上下级,[{'21': '曹操奏封孙权为将军，兼领会稽太守，结为外应。'}],人物与人物,三国演义
三国演义_地点_天荡山_0,三国演义_组织_曹操军_0,驻扎,[{'51': '夏侯德率魏军镇守天荡山。'}],组织与地点,三国演义
三国演义_人物_黄盖_0,三国演义_地点_东吴_0,归属,"[{'30': '黄盖为东吴粮官，现为东吴将领'}, {'33': '黄盖是东吴老将，三世旧臣'}, {'34': '黄盖为东吴老将，效力于孙权麾下。'}]",人物与组织,三国演义
三国演义_人物_秦始皇_0,三国演义_物品_传国玉玺_0,创造,[{'4': '秦始皇令良工琢卞和之玉为玺，李斯篆文。'}],人物与物品,三国演义
三国演义_人物_毛玠_0,三国演义_人物_满宠_0,合作,[{'6': '满宠、吕虔共同推荐毛玠给曹操。'}],人物与人物,三国演义
三国演义_人物_曹奂_0,三国演义_物品_传国玉玺_0,持有,[{'87': '曹奂亲捧传国玺立于受禅坛上。'}],人物与物品,三国演义
三国演义_人物_宋宪_0,三国演义_物品_方天画戟_0,争夺,[{'14': '宋宪赶退左右，盗取吕布画戟，掷下城楼'}],人物与物品,三国演义
三国演义_地点_定军山_0,三国演义_地点_米仓山_0,相邻,[{'51': '米仓山正接定军山，夏侯渊分兵守护。'}],地点与地点,三国演义
三国演义_人物_夏侯尚_0,三国演义_人物_夏侯惇_0,亲属,[{'51': '夏侯尚是夏侯惇之侄。'}],人物与人物,三国演义
三国演义_人物_司马昭_0,三国演义_组织_司马氏_0,领导,[{'84': '司马昭是司马氏家族核心，权倾朝野。'}],人物与组织,三国演义
三国演义_人物_姜维_0,三国演义_组织_刘备军_0,归属,"[{'68': '姜维归降诸葛亮，拜为蜀汉上将。'}, {'80': '姜维为蜀汉大将军，继承诸葛亮遗志北伐'}, {'82': '姜维为蜀汉大将，屡次率兵伐魏。'}, {'83': '姜维为蜀汉大将军，统帅蜀兵伐魏'}, {'84': '姜维是蜀国大将军，效命于蜀。'}, {'85': '姜维为蜀汉大将军，效忠蜀国'}, {'86': '姜维是蜀汉大将，效忠蜀汉直至后主降魏。'}, {'87': '姜维是蜀汉将领，誓复汉室。'}]",人物与组织,三国演义
三国演义_地点_东兴_0,三国演义_地点_徐塘_0,相邻,[{'80': '胡遵在徐塘下寨，徐塘靠近东兴'}],地点与地点,三国演义
三国演义_人物_关羽_0,三国演义_人物_孟达_0,对立,[{'54': '孟达与刘封同守上庸，劝说刘封拒救关公'}],人物与人物,三国演义
三国演义_地点_南郑_0,三国演义_地点_汉中_0,隶属,"[{'51': '南郑为汉中郡治所。'}, {'78': '南郑为汉中郡治所，姜维在此守城'}]",地点与地点,三国演义
三国演义_人物_太史慈_0,三国演义_地点_黄县_0,出身,[{'11': '太史慈是东莱黄县人'}],人物与地点,三国演义
三国演义_人物_曹操_0,三国演义_物品_书信_1,持有,[{'24': '曹操收到袁谭遣辛毗送来的求援书信。'}],人物与物品,三国演义
三国演义_人物_张虎_1,三国演义_人物_张辽_0,亲属,[{'72': '张辽之子'}],人物与人物,三国演义
三国演义_人物_刘备_0,三国演义_人物_陶谦_0,亲密,[{'8': '陶谦临终以手指心而死，将徐州托付给刘备。'}],人物与人物,三国演义
三国演义_人物_周瑜_0,三国演义_人物_蔡瑁_0,对立,[{'32': '周瑜见蔡瑁深得水军之妙，设计必先除此二人'}],人物与人物,三国演义
三国演义_人物_孙坚_0,三国演义_组织_孙坚军_0,领导,[{'5': '孙坚统领孙坚军，跨江击刘表。'}],人物与组织,三国演义
三国演义_人物_雅丹_0,三国演义_地点_西羌_0,归属,[{'69': '雅丹为西羌丞相，随越吉起兵'}],人物与组织,三国演义
三国演义_人物_左慈_0,三国演义_技能_地遁_0,掌握,[{'50': '左慈掌握地遁，能穿山透石。'}],人物与技能,三国演义
三国演义_人物_孙綝_0,三国演义_组织_吴军_0,归属,[{'83': '孙綝为东吴大将军，效力于吴'}],人物与组织,三国演义
三国演义_人物_张郃_0,三国演义_人物_戴陵_0,合作,[{'73': '张郃与戴陵合兵劫蜀营，张郃奋勇杀回重围救出戴陵。'}],人物与人物,三国演义
三国演义_人物_刘备_0,三国演义_地点_益州_0,领导,[{'55': '刘备为汉中王，统治西蜀政权'}],人物与组织,三国演义
三国演义_人物_孟获_0,三国演义_人物_带来洞主_0,亲属,[{'65': '带来洞主乃孟获妻弟。'}],人物与人物,三国演义
三国演义_人物_关羽_0,三国演义_技能_水淹七军_0,掌握,[{'53': '关羽利用秋雨放水淹七军'}],人物与技能,三国演义
三国演义_人物_于禁_0,三国演义_人物_夏侯惇_0,对立,[{'12': '于禁剿杀夏侯惇所领青州兵，夏侯惇被责'}],人物与人物,三国演义
三国演义_人物_曹操_0,三国演义_组织_御林军_0,领导,[{'50': '曹操为魏王，总督御林军马。'}],人物与组织,三国演义
三国演义_人物_虞翻_0,三国演义_人物_诸葛亮_0,对立,[{'30': '虞翻质问诸葛亮，被驳斥不能对'}],人物与人物,三国演义
三国演义_人物_姜维_0,三国演义_物品_雕弓羽箭_0,持有,[{'82': '姜维暗取雕弓羽箭射邓忠，被躲过。'}],人物与物品,三国演义
三国演义_人物_孙皓_0,三国演义_人物_陆抗_0,对立,[{'88': '孙皓因陆抗与羊祜通问而罢其兵权，降为司马'}],人物与人物,三国演义
三国演义_人物_袁绍_0,三国演义_地点_渤海_0,守护,[{'3': '袁绍被董卓拜为渤海太守。'}],人物与地点,三国演义
三国演义_人物_刘备_0,三国演义_地点_徐州_0,守护,"[{'8': '刘备权领徐州牧，出榜安民。'}, {'15': '刘备领兵据守徐州，招谕流散人民复业。'}, {'16': '刘备为徐州牧，分兵守徐州、小沛、下邳'}, {'18': '刘备曾镇守徐州，后兵败失散。'}]",人物与地点,三国演义
三国演义_人物_曹嵩_0,三国演义_人物_曹操_0,亲属,"[{'1': '曹嵩是曹操之父'}, {'6': '曹嵩是曹操之父，曹操遣人接其赴兖州，途中被张闿杀害。'}]",人物与人物,三国演义
三国演义_人物_刘备_0,三国演义_人物_张武_0,对立,[{'25': '刘备率军讨伐张武，赵云刺死之'}],人物与人物,三国演义
三国演义_人物_吕公_0,三国演义_人物_程普_0,对立,[{'5': '程普一矛刺死吕公，为孙坚报仇。'}],人物与人物,三国演义
三国演义_人物_王颀_1,三国演义_人物_邓艾_0,上下级,[{'86': '王颀奉邓艾之命伏兵，后受封州郡。'}],人物与人物,三国演义
三国演义_人物_廖化_0,三国演义_地点_四冢_0,守护,[{'54': '廖化屯兵在四冢'}],人物与地点,三国演义
三国演义_人物_刘封_0,三国演义_人物_刘备_0,亲属,"[{'51': '刘封称玄德为父，为义父子关系。'}, {'54': '刘封是刘备义子'}, {'56': '刘封为刘备养子，因不救关公被罪，后兵败被斩。'}]",人物与人物,三国演义
三国演义_人物_朱儁_0,三国演义_人物_韩忠_0,对立,[{'2': '朱儁率军掩杀射死韩忠'}],人物与人物,三国演义
三国演义_人物_刘备_0,三国演义_地点_楼桑村_0,居住,[{'1': '刘备家住本县楼桑村'}],人物与地点,三国演义
三国演义_人物_高翔_0,三国演义_物品_木牛流马_0,持有,[{'76': '高翔引兵驾木牛流马自剑阁运粮至祁山。'}],人物与物品,三国演义
三国演义_人物_韩当_0,三国演义_物品_大刀_2,持有,[{'4': '韩当使一口大刀。'}],人物与物品,三国演义
三国演义_人物_牛辅_0,三国演义_物品_金珠_1,持有,[{'6': '牛辅暗藏金珠，欲弃军逃走。'}],人物与物品,三国演义
三国演义_组织_藤甲军_0,三国演义_组织_南蛮_0,合作,[{'65': '孟获联合兀突骨，藤甲军与蛮军协力对抗蜀军。'}],组织与组织,三国演义
三国演义_人物_曹丕_0,三国演义_人物_曹植_0,对立,"[{'52': '曹丕与曹植争嗣，暗买左右告发杨修'}, {'56': '曹丕令曹植七步成诗，后贬为安乡侯。'}]",人物与人物,三国演义
三国演义_人物_曹操_0,三国演义_地点_邺城_0,居住,"[{'50': '曹操于邺郡盖魏王宫，班师后居邺郡。'}, {'53': '曹操在邺郡闻知刘备自立'}]",人物与地点,三国演义
三国演义_人物_张郃_0,三国演义_地点_汉中_0,守护,[{'50': '张郃奉命守东川。'}],人物与地点,三国演义
三国演义_地点_夏口_0,三国演义_地点_江夏_0,隶属,[{'28': '夏口是江夏的重要渡口，甘宁镇守'}],地点与地点,三国演义
三国演义_人物_曹真_0,三国演义_技能_伪游云梦之计_0,掌握,[{'66': '曹真建议曹睿仿汉高伪游云梦之计，御驾幸安邑以擒司马懿。'}],人物与技能,三国演义
三国演义_人物_吴国太_0,三国演义_人物_孙策_0,亲属,[{'21': '孙策之母，曾劝孙策不可加害于吉。'}],人物与人物,三国演义
三国演义_人物_曹操_0,三国演义_人物_许攸_0,亲密,[{'22': '许攸少时与曹操为友，后弃袁绍投奔曹操，曹操跣足出迎，抚掌欢笑，拜于地，视为故友'}],人物与人物,三国演义
三国演义_人物_刘琦_0,三国演义_物品_哀书_0,持有,[{'28': '刘琦差伊籍赍哀书报刘备'}],人物与物品,三国演义
三国演义_人物_王濬_0,三国演义_地点_益州_0,居住,[{'88': '王濬为晋益州刺史'}],人物与地点,三国演义
三国演义_人物_崔谅_0,三国演义_人物_诸葛亮_0,对立,[{'67': '诸葛亮识破崔谅诈降，令关兴、张苞将其刺死'}],人物与人物,三国演义
三国演义_人物_辛毗_0,三国演义_人物_辛评_0,亲属,[{'24': '辛毗是辛评之弟。'}],人物与人物,三国演义
三国演义_人物_吕布_0,三国演义_人物_武安国_0,对立,[{'4': '武安国与吕布战到十余合，被一戟砍断手腕。'}],人物与人物,三国演义
三国演义_人物_刘表_0,三国演义_组织_江夏八俊_0,归属,[{'4': '刘表与七人为友，时号“江夏八俊”。'}],人物与组织,三国演义
三国演义_人物_吕据_0,三国演义_人物_孙休_0,上下级,[{'83': '孙休为被害的吕据重建坟墓以表其忠'}],人物与人物,三国演义
三国演义_人物_张顗_0,三国演义_组织_曹操军_0,归属,[{'24': '张顗降曹后成为曹操部将。'}],人物与组织,三国演义
三国演义_地点_玉龙台_0,三国演义_地点_铜雀台_0,连通,"[{'25': '飞桥横空连接铜雀台与玉龙台'}, {'38': '铜雀台左边玉龙台，上横二桥相通'}]",地点与地点,三国演义
三国演义_人物_刘备_0,三国演义_人物_吴懿_0,上下级,[{'46': '吴懿被捉后投降，刘备亲解其缚，收为部将'}],人物与人物,三国演义
三国演义_人物_程普_0,三国演义_物品_铁脊蛇矛_0,持有,[{'4': '程普使一条铁脊蛇矛。'}],人物与物品,三国演义
三国演义_人物_张宝_0,三国演义_人物_皇甫嵩_0,对立,[{'1': '张宝与皇甫嵩在颍川对垒交战'}],人物与人物,三国演义
三国演义_人物_蒋舒_0,三国演义_人物_钟会_0,上下级,[{'85': '蒋舒降魏，钟会纳之'}],人物与人物,三国演义
三国演义_人物_樊建_0,三国演义_人物_诸葛亮_0,上下级,[{'73': '孔明唤樊列入帐分付回汉中养病事宜。'}],人物与人物,三国演义
三国演义_人物_曹操_0,三国演义_人物_梨树之神_0,对立,[{'55': '梨树之神指责曹操伐神木，欲杀之'}],人物与人物,三国演义
三国演义_地点_五溪洞_0,三国演义_地点_金环三结大寨_0,连通,[{'62': '金环三结大寨东西两路通五溪洞'}],地点与地点,三国演义
三国演义_人物_严颜_0,三国演义_人物_黄忠_0,上下级,[{'51': '黄忠为主将，严颜为副将，共同夺取天荡山。'}],人物与人物,三国演义
三国演义_人物_俞涉_0,三国演义_人物_华雄_0,对立,[{'4': '俞涉与华雄战不三合，被华雄斩了。'}],人物与人物,三国演义
三国演义_人物_关羽_0,三国演义_人物_普净_0,上下级,[{'55': '普净以麈尾点化关公英魂，使其顿悟皈依'}],人物与人物,三国演义
三国演义_人物_杜预_0,三国演义_物品_《左传》_0,持有,[{'88': '杜预喜读《左传》，坐卧常自携，出入使人持于马前'}],人物与物品,三国演义
三国演义_地点_成都_0,三国演义_地点_绵竹_0,相邻,"[{'46': '绵竹是成都前重要关隘，有重兵守御'}, {'86': '绵竹是成都屏障，邓艾取绵竹后直逼成都。'}]",地点与地点,三国演义
三国演义_人物_周泰_0,三国演义_人物_孙策_0,上下级,[{'11': '周泰率党三百余人投孙策，用为军前校尉'}],人物与人物,三国演义
三国演义_人物_姜维_0,三国演义_人物_王经_0,对立,[{'81': '姜维背水列阵大破王经，斩首万余'}],人物与人物,三国演义
三国演义_人物_曹爽_0,三国演义_人物_曹羲_0,亲属,"[{'79': '曹羲是曹爽之弟，为中领军。'}, {'80': '曹爽与其弟曹羲一同被司马懿夺权诛杀'}]",人物与人物,三国演义
三国演义_人物_张南_0,三国演义_人物_赵云_0,对立,[{'29': '赵云力战四将，张南被杀退。'}],人物与人物,三国演义
三国演义_人物_邓艾_0,三国演义_地点_雍_0,守护,[{'82': '邓艾同陈泰屯兵于雍、凉等处，每日操练，守护隘口。'}],人物与地点,三国演义
三国演义_人物_张嶷_0,三国演义_地点_陈仓古道_0,守护,[{'73': '孔明令张嶷先引一千兵去守陈仓古道，以当魏兵。'}],人物与地点,三国演义
三国演义_人物_周仓_0,三国演义_人物_庞德_0,对立,[{'53': '周仓在水中生擒庞德'}],人物与人物,三国演义
三国演义_人物_刘备_0,三国演义_地点_小沛_0,守护,"[{'12': '刘备屯军小沛'}, {'13': '刘备屯兵小沛，分守各门，后与曹军接应。'}, {'17': '刘备驻守小沛，分兵劫曹操寨'}]",人物与地点,三国演义
三国演义_人物_张辽_0,三国演义_人物_黄盖_0,对立,[{'34': '张辽拈弓搭箭，射中黄盖肩窝，使其落水。'}],人物与人物,三国演义
三国演义_人物_关羽_0,三国演义_人物_曹仁_0,对立,[{'53': '关羽四面攻打樊城'}],人物与人物,三国演义
三国演义_人物_徐晃_0,三国演义_组织_曹操军_0,归属,[{'24': '徐晃是曹操大将，常在曹军征战。'}],人物与组织,三国演义
三国演义_人物_于禁_0,三国演义_人物_王威_0,对立,[{'29': '于禁令军士杀死王威。'}],人物与人物,三国演义
三国演义_人物_何进_0,三国演义_人物_袁绍_0,上下级,[{'2': '何进令袁绍点御林军收蹇硕，袁绍劝尽诛宦官'}],人物与人物,三国演义
三国演义_地点_建业_0,三国演义_地点_石子岗_0,相邻,[{'80': '石子岗是建业城外乱冢坑'}],地点与地点,三国演义
三国演义_人物_韩德_0,三国演义_组织_西凉兵_3,领导,[{'67': '韩德引西羌诸路兵马八万'}],人物与组织,三国演义
三国演义_地点_广陵_0,三国演义_地点_淮河_0,连通,[{'61': '魏兵从蔡、颖入淮，取寿春至广陵，淮河可达广陵'}],地点与地点,三国演义
三国演义_人物_光武_0,三国演义_物品_传国玉玺_0,持有,[{'4': '光武帝刘秀得传国玺于宜阳，传位至今。'}],人物与物品,三国演义
三国演义_人物_刘备_0,三国演义_人物_廖化_0,上下级,[{'42': '廖化引一军来降刘备，奉命辅佐云长拒曹操'}],人物与人物,三国演义
三国演义_人物_木鹿大王_0,三国演义_地点_八纳洞_0,居住,[{'65': '八纳洞为木鹿大王洞府，木鹿大王居住于此。'}],人物与地点,三国演义
三国演义_人物_杨彪_0,三国演义_人物_董卓_0,对立,[{'4': '杨彪谏阻迁都，被董卓罢为庶民。'}],人物与人物,三国演义
三国演义_人物_孙桓_0,三国演义_地点_彝陵_0,守护,[{'57': '孙桓败军退守彝陵城。'}],人物与地点,三国演义
三国演义_人物_司马孚_0,三国演义_人物_司马昭_0,亲属,[{'84': '司马孚为司马昭之叔，为曹髦收尸并请以王礼葬。'}],人物与人物,三国演义
三国演义_组织_曹操军_0,三国演义_组织_袁绍军_0,隶属,[{'30': '曹操收编袁绍之众五六十万，纳入曹军'}],组织与组织,三国演义
三国演义_人物_李傕_0,三国演义_组织_西凉人_0,领导,[{'9': '李傕之军大半为西凉人氏，由其统领'}],人物与组织,三国演义
三国演义_人物_诸葛瞻_0,三国演义_人物_黄氏_0,亲属,[{'86': '黄氏是诸葛瞻之母，有奇才。'}],人物与人物,三国演义
三国演义_人物_韩遂_0,三国演义_组织_西凉兵_0,领导,[{'40': '韩遂与马超共同统帅西凉军'}],人物与组织,三国演义
三国演义_人物_曹操_0,三国演义_人物_焦触_0,上下级,[{'25': '焦触降操，被封列侯'}],人物与人物,三国演义
三国演义_人物_乔瑁_0,三国演义_人物_刘岱_0,对立,[{'4': '刘岱向乔瑁借粮不成，引军杀死乔瑁，尽降其众。'}],人物与人物,三国演义
三国演义_人物_刘夫人_0,三国演义_人物_袁尚_0,亲属,[{'24': '刘夫人是袁尚生母。'}],人物与人物,三国演义
三国演义_人物_孙峻_0,三国演义_物品_利刃_1,持有,[{'80': '孙峻手提利刃上殿诛杀诸葛恪'}],人物与物品,三国演义
三国演义_人物_蒋干_0,三国演义_物品_书信_2,持有,[{'32': '蒋干偷看周瑜帐内文书，暗藏假信于衣内带回'}],人物与物品,三国演义
三国演义_地点_耒阳县_0,三国演义_地点_荆州_0,隶属,[{'39': '耒阳县位于荆州东北一百三十里，属于荆州管辖'}],地点与地点,三国演义
三国演义_人物_孔融_0,三国演义_人物_曹操_0,对立,[{'28': '曹操因孔融谏阻南征而怒杀孔融及其二子'}],人物与人物,三国演义
三国演义_人物_吴兰_0,三国演义_人物_马超_0,合作,[{'52': '马超与吴兰引军杀来'}],人物与人物,三国演义
三国演义_人物_郭汜_0,三国演义_组织_董卓余党_0,归属,[{'7': '郭汜为董卓余党，与李傕同斩庞舒'}],人物与组织,三国演义
三国演义_人物_张角_0,三国演义_物品_黄旗_0,持有,[{'1': '张角一面私造黄旗，约期举事'}],人物与物品,三国演义
三国演义_人物_夏侯渊_0,三国演义_人物_张郃_0,上下级,[{'52': '张郃劝夏侯渊不可出战，宜坚守'}],人物与人物,三国演义
三国演义_人物_诸葛亮_0,三国演义_地点_新野_0,守护,[{'28': '诸葛亮与糜竺、糜芳引五百军守新野县'}],人物与地点,三国演义
三国演义_人物_刘备_0,三国演义_地点_涪城_0,守护,[{'44': '玄德提兵回涪城'}],人物与地点,三国演义
三国演义_人物_袁绍_0,三国演义_地点_冀州_0,守护,"[{'15': '袁绍虎踞冀州之地。'}, {'22': '袁绍以冀州为根基，审配在冀州时曾告许攸，曹操获胜后下令攻冀州'}]",人物与地点,三国演义
三国演义_人物_吕布_0,三国演义_人物_张杨_0,合作,[{'14': '张杨出兵欲救吕布，被部将杨丑所杀'}],人物与人物,三国演义
三国演义_地点_荆州_0,三国演义_地点_零陵_0,隶属,[{'48': '零陵为荆州三郡之一'}],地点与地点,三国演义
三国演义_人物_董承_0,三国演义_组织_汉室_0,归属,[{'15': '董承受衣带诏，誓死保卫汉室。'}],人物与组织,三国演义
三国演义_人物_曹彦_0,三国演义_人物_曹爽_0,亲属,"[{'79': '曹彦是曹爽之弟，为散骑常侍。'}, {'80': '曹爽其弟曹彦一同被诛杀'}]",人物与人物,三国演义
三国演义_人物_刘备_0,三国演义_人物_甘夫人_0,亲属,"[{'11': '甘夫人是刘备之妻'}, {'29': '夫妻，甘夫人为刘备之妻。'}, {'37': '甘夫人是刘备之妻，后去世。'}]",人物与人物,三国演义
三国演义_人物_庞德_0,三国演义_组织_西凉兵_0,归属,[{'40': '庞德为马超帐下校尉，随西凉军出战'}],人物与组织,三国演义
三国演义_人物_诸葛亮_0,三国演义_人物_诸葛瞻_0,亲属,[{'86': '诸葛瞻是诸葛亮之子，继承父志。'}],人物与人物,三国演义
三国演义_人物_司马懿_0,三国演义_物品_金钺斧_0,持有,[{'69': '曹睿赐司马懿金钺斧一对，便宜行事'}],人物与物品,三国演义
三国演义_人物_张郃_0,三国演义_地点_瓦口关_0,守护,[{'51': '张郃退守瓦口关抵御张飞。'}],人物与地点,三国演义
三国演义_人物_刘璋_0,三国演义_人物_彭羕_0,对立,[{'45': '彭羕因直言触忤刘璋，被髡钳为徒隶。'}],人物与人物,三国演义
三国演义_人物_曹真_0,三国演义_人物_王朗_0,上下级,[{'68': '曹真为大都督，王朗为军师，随曹真出征。'}],人物与人物,三国演义
三国演义_人物_华歆_0,三国演义_地点_豫章_0,守护,[{'21': '华歆为豫章太守，后投降孙策。'}],人物与地点,三国演义
三国演义_人物_张飞_0,三国演义_地点_古城_0,居住,[{'20': '张飞逐县官占住古城，招军买马'}],人物与地点,三国演义
三国演义_人物_韩浩_1,三国演义_人物_黄忠_0,对立,[{'51': '韩浩为兄报仇与黄忠交战，被黄忠一合斩之。'}],人物与人物,三国演义
三国演义_人物_司马昭_0,三国演义_人物_司马炎_0,亲属,[{'87': '司马炎是司马昭长子，被立为世子。'}],人物与人物,三国演义
三国演义_人物_董卓_0,三国演义_人物_貂蝉_0,上下级,[{'5': '董卓纳貂蝉为姬妾，为色所迷。'}],人物与人物,三国演义
三国演义_人物_孙皓_0,三国演义_人物_岑昏_0,亲密,[{'88': '孙皓宠幸中常侍岑昏'}],人物与人物,三国演义
三国演义_人物_许褚_0,三国演义_物品_宝刀_6,持有,[{'8': '许褚称赢得手中宝刀便献出，用宝刀与典韦交战。'}],人物与物品,三国演义
三国演义_人物_马岱_0,三国演义_组织_西凉兵_0,归属,[{'40': '马岱为西凉军先锋，引军一万五千'}],人物与组织,三国演义
三国演义_人物_张松_0,三国演义_人物_曹操_0,对立,[{'42': '曹操慢待张松，怒欲斩之，后令乱棒打出'}],人物与人物,三国演义
三国演义_人物_忙牙长_0,三国演义_人物_马岱_0,对立,[{'63': '马岱与忙牙长交锋，只一合斩忙牙长于马下'}],人物与人物,三国演义
三国演义_人物_刘备_0,三国演义_人物_阿斗_0,亲属,[{'29': '父子，刘备接过阿斗掷之于地。'}],人物与人物,三国演义
三国演义_人物_曹仁_0,三国演义_人物_牛金_0,上下级,[{'35': '曹仁救牛金出吴阵，牛金为部将'}],人物与人物,三国演义
三国演义_人物_刘琰_0,三国演义_人物_胡氏_0,亲属,[{'85': '刘琰与胡氏为夫妻，因疑其与后主私通而挞其面'}],人物与人物,三国演义
三国演义_人物_司马懿_0,三国演义_人物_徐晃_0,上下级,[{'69': '徐晃愿为司马懿先锋，二人合兵一处擒孟达'}],人物与人物,三国演义
三国演义_人物_张超_0,三国演义_地点_定陶_0,居住,[{'8': '张超与吕布同在定陶。'}],人物与地点,三国演义
三国演义_人物_关羽_0,三国演义_人物_甘宁_0,对立,[{'48': '甘宁与吕蒙一起伏兵欲杀关羽，原文同上'}],人物与人物,三国演义
三国演义_人物_刘禅_0,三国演义_人物_王平_0,上下级,[{'78': '后主命王平引兵屯于永安以防东吴'}],人物与人物,三国演义
三国演义_人物_伊籍_0,三国演义_人物_孙权_0,合作,[{'49': '伊籍奉命出使东吴，游说孙权起兵攻合淝，以牵制曹操。'}],人物与人物,三国演义
三国演义_人物_华雄_0,三国演义_人物_董卓_0,上下级,[{'4': '华雄为董卓部下骁骑校尉，镇守汜水关。'}],人物与人物,三国演义
三国演义_人物_刘繇_0,三国演义_人物_孙策_0,对立,[{'11': '孙策与刘繇交战，攻取曲阿、牛渚等地'}],人物与人物,三国演义
三国演义_人物_郑玄_0,三国演义_人物_马融_0,上下级,[{'16': '郑玄曾受业于马融，听讲三年，得学之秘'}],人物与人物,三国演义
三国演义_人物_诸葛亮_0,三国演义_人物_张飞_0,上下级,[{'51': '孔明识破张飞饮酒之计并派魏延助阵，指挥调度。'}],人物与人物,三国演义
三国演义_人物_曹操_0,三国演义_地点_南郑_0,守护,[{'52': '曹操屯大军于南郑'}],人物与地点,三国演义
三国演义_人物_诸葛亮_0,三国演义_技能_奇门遁甲天书_0,掌握,[{'34': '诸葛亮得异人传授奇门遁甲天书，用于祭风。'}],人物与技能,三国演义
三国演义_人物_丁原_0,三国演义_人物_董卓_0,对立,[{'3': '丁原反对董卓废立，董卓令吕布杀之。'}],人物与人物,三国演义
三国演义_人物_许褚_0,三国演义_物品_西川红锦战袍_0,争夺,[{'38': '许褚飞马夺袍，与徐晃厮打，将袍扯碎'}],人物与物品,三国演义
三国演义_人物_全琮_0,三国演义_人物_孙权_0,上下级,[{'78': '孙权令全琮引兵数万屯于巴丘界口'}],人物与人物,三国演义
三国演义_人物_赵云_0,三国演义_组织_曹操军_0,对抗,[{'52': '赵云匹马单枪立于营门，吓退曹军'}],人物与组织,三国演义
三国演义_人物_郑玄_0,三国演义_地点_徐州_0,居住,[{'16': '郑玄因十常侍之乱弃官归田，居于徐州'}],人物与地点,三国演义
三国演义_人物_吕据_0,三国演义_人物_孙綝_0,对立,[{'82': '孙綝杀将军吕据。'}],人物与人物,三国演义
三国演义_人物_徐庶_0,三国演义_人物_赵云_0,上下级,[{'26': '徐庶指挥赵云从东南生门入阵破敌。'}],人物与人物,三国演义
三国演义_地点_樊城_0,三国演义_组织_曹操军_0,驻扎,"[{'53': '魏坚守樊城'}, {'54': '曹仁镇守樊城'}]",组织与地点,三国演义
三国演义_人物_董承_0,三国演义_物品_义状_0,持有,"[{'15': '董承与众人立义状，签名誓杀曹操。'}, {'17': '董承与同谋签署义状，誓除曹操'}]",人物与物品,三国演义
三国演义_人物_姜维_0,三国演义_人物_魏延_0,对立,"[{'77': '姜维见魏延扑灭主灯，拔剑欲杀之。'}, {'78': '姜维在南郑城上与魏延对敌，骂其反贼'}]",人物与人物,三国演义
三国演义_人物_诸葛亮_0,三国演义_物品_四轮车_0,持有,"[{'46': '诸葛亮乘四轮车出阵诱敌，后弃车退走过桥'}, {'68': '诸葛亮端坐四轮车中出阵。'}, {'73': '孔明端坐于中央四轮车上指挥作战。'}, {'74': '诸葛亮端坐于四轮车上出阵与司马懿对话。'}]",人物与物品,三国演义
三国演义_人物_张松_0,三国演义_人物_张肃_0,亲属,[{'44': '张肃是张松的亲兄，广汉太守'}],人物与人物,三国演义
三国演义_人物_蔡夫人_0,三国演义_组织_蔡氏宗族_0,归属,[{'28': '蔡夫人乃蔡瑁之姊，为蔡氏宗族成员'}],人物与组织,三国演义
三国演义_人物_关羽_0,三国演义_人物_庞德_0,对立,[{'54': '关公斩庞德'}],人物与人物,三国演义
三国演义_组织_曹操军_0,三国演义_组织_袁绍军_0,对抗,[{'16': '曹操与袁绍两军隔八十里相持，对垒'}],组织与组织,三国演义
三国演义_人物_诸葛尚_0,三国演义_人物_诸葛瞻_0,亲属,[{'86': '诸葛尚是诸葛瞻长子，战死于绵竹。'}],人物与人物,三国演义
三国演义_人物_周泰_0,三国演义_人物_孙权_0,上下级,"[{'50': '孙权感周泰三番冲杀救其出围，赐青罗伞，委以兵马之重。'}, {'57': '孙权命周泰为副将拒蜀。'}]",人物与人物,三国演义
三国演义_人物_曹操_0,三国演义_人物_汉献帝_0,对立,[{'17': '献帝赐衣带诏给董承，密令除曹操'}],人物与人物,三国演义
三国演义_地点_江陵_0,三国演义_地点_荆州_0,隶属,"[{'42': '江陵为荆州属地，赵云屯兵'}, {'61': '陆逊领荆州牧，封江陵侯，江陵属荆州'}]",地点与地点,三国演义
三国演义_人物_吴押狱_0,三国演义_物品_青囊书_0,持有,[{'55': '吴押狱得《青囊书》藏于家中，后被其妻烧毁'}],人物与物品,三国演义
三国演义_人物_少帝_0,三国演义_地点_永安宫_0,居住,[{'3': '少帝被废为弘农王后囚居永安宫。'}],人物与地点,三国演义
三国演义_人物_严舆_0,三国演义_人物_孙策_0,对立,[{'11': '孙策飞剑砍杀出城求和的严舆'}],人物与人物,三国演义
三国演义_人物_诸葛亮_0,三国演义_物品_木像_0,创造,[{'77': '诸葛亮生前雕成木像，死后杨仪用以吓退司马懿。'}],人物与物品,三国演义
三国演义_人物_黄忠_0,三国演义_物品_粮草_4,持有,[{'51': '黄忠夜袭敌营，夺取粮食马匹。'}],人物与物品,三国演义
三国演义_人物_彭羕_0,三国演义_人物_马超_0,对立,[{'56': '马超审知彭羕谋反之事，将人书解见汉中王。'}],人物与人物,三国演义
三国演义_人物_张鲁_0,三国演义_人物_曹操_0,上下级,[{'49': '曹操攻破汉中，张鲁投降，曹操封其为镇南将军。'}],人物与人物,三国演义
三国演义_人物_王氏_0,三国演义_人物_赵昂_0,亲属,[{'46': '王氏是赵昂之妻，激励赵昂雪耻，尽出资帛赏劳军士'}],人物与人物,三国演义
三国演义_人物_孟获_0,三国演义_物品_朱红盔_0,持有,[{'64': '孟获头戴朱红盔。'}],人物与物品,三国演义
三国演义_人物_刘表_0,三国演义_人物_蔡瑁_0,上下级,"[{'4': '蔡瑁是刘表辅佐。'}, {'23': '蔡瑁为刘表部将，谗言不可纳刘备'}, {'26': '蔡瑁是刘表部下上将，刘表责骂并欲斩之。'}]",人物与人物,三国演义
三国演义_人物_马超_0,三国演义_组织_西凉兵_0,领导,"[{'39': '马超受命统羌兵保守西凉，为西凉军首领'}, {'40': '马超统帅西凉军兴兵雪恨'}]",人物与组织,三国演义
三国演义_人物_司马昭_0,三国演义_人物_邓敦_0,上下级,[{'85': '邓敦谏不可伐蜀，司马昭斩之'}],人物与人物,三国演义
三国演义_人物_张卫_0,三国演义_人物_张鲁_0,亲属,"[{'41': '张卫是张鲁之弟，张鲁与其商议起兵。'}, {'49': '张鲁与弟张卫商议退敌之策。'}]",人物与人物,三国演义
三国演义_人物_庞统_0,三国演义_技能_连环策_0,掌握,[{'39': '庞统在赤壁之战时献连环策，成第一功，已熟练运用'}],人物与技能,三国演义
三国演义_地点_汜水关_0,三国演义_地点_镇国寺_0,隶属,[{'55': '镇国寺在汜水关内，普净曾为寺中长老'}],地点与地点,三国演义
三国演义_组织_公孙瓒军_0,三国演义_组织_袁绍军_0,对抗,[{'5': '袁绍与公孙瓒在磐河交战，互有胜负。'}],组织与组织,三国演义
三国演义_人物_孔融_0,三国演义_人物_祢衡_0,亲密,"[{'17': '孔融与祢衡为好友，荐其为朝廷效力'}, {'28': '孔融与祢衡相善，曾指使祢衡辱骂曹操'}]",人物与人物,三国演义
三国演义_人物_樊稠_0,三国演义_人物_韩遂_0,合作,[{'6': '樊稠追赶韩遂至陈仓，因同乡之谊听韩遂劝说而放其离去。'}],人物与人物,三国演义
三国演义_人物_王允_0,三国演义_技能_连环计_1,掌握,[{'5': '王允设计连环计，先许貂蝉于吕布，后献董卓，欲离间父子。'}],人物与技能,三国演义
三国演义_人物_袁尚_0,三国演义_物品_印绶_0,持有,[{'24': '袁尚继承并持有印绶，败逃时尽弃之。'}],人物与物品,三国演义
三国演义_人物_刘璋_0,三国演义_人物_王累_0,上下级,[{'42': '王累为益州从事，谏阻迎刘备撞死'}],人物与人物,三国演义
三国演义_人物_吴子兰_0,三国演义_人物_董承_0,合作,[{'15': '吴子兰经王子服介绍加入义状。'}],人物与人物,三国演义
三国演义_人物_伊籍_0,三国演义_人物_关羽_0,上下级,[{'54': '关公差伊籍与马良同赴成都求救'}],人物与人物,三国演义
三国演义_人物_何进_0,三国演义_人物_董太后_0,对立,[{'2': '何进逼迁董太后于河间，后使人鸩杀'}],人物与人物,三国演义
三国演义_人物_曹操_0,三国演义_人物_王琰_0,上下级,[{'25': '王琰杀高干献头，被封列侯'}],人物与人物,三国演义
三国演义_人物_王允_0,三国演义_物品_金冠_0,创造,[{'5': '王允用家藏明珠嵌造金冠一顶送与吕布。'}],人物与物品,三国演义
三国演义_地点_南郡_0,三国演义_地点_荆州_0,隶属,"[{'35': '南郡为荆州重镇'}, {'36': '南郡为荆州九郡之一，属荆州'}, {'54': '南郡是荆州辖地'}]",地点与地点,三国演义
三国演义_人物_王平_0,三国演义_人物_诸葛亮_0,上下级,"[{'64': '孔明令王平领前部寻西北小径，王平误饮哑泉。'}, {'67': '王平在南安城外一合生擒夏侯楙，受诸葛亮统领'}, {'70': '诸葛亮叮嘱王平谨慎守街亭，令其画图本。'}, {'72': '孔明令王平取阴平'}, {'73': '孔明令王平引精兵伏于山谷，截杀魏兵。'}, {'76': '孔明令王平为前队攻渭水旱营，后又授计扮魏人夺木牛流马。'}]",人物与人物,三国演义
三国演义_地点_兖州_0,三国演义_地点_定陶_0,隶属,[{'8': '定陶是兖州所属城邑。'}],地点与地点,三国演义
三国演义_人物_李儒_0,三国演义_人物_董卓_0,上下级,"[{'4': '李儒是董卓谋士，献计迁都等。'}, {'5': '李儒为董卓谋士，劝董卓勿因小过责吕布。'}]",人物与人物,三国演义
三国演义_人物_诸葛亮_0,三国演义_物品_道袍鹤氅_0,持有,"[{'27': '诸葛亮身披鹤氅，头戴纶巾，飘飘然有神仙之概。'}, {'64': '孔明身披鹤氅。'}]",人物与物品,三国演义
三国演义_人物_赵云_0,三国演义_人物_赵统_0,亲属,[{'71': '赵统为赵云长子，入见孔明报父丧'}],人物与人物,三国演义
三国演义_人物_周尚_0,三国演义_人物_周瑜_0,亲属,[{'11': '周尚是周瑜之叔'}],人物与人物,三国演义
三国演义_人物_孟达_0,三国演义_人物_邓贤_1,对立,[{'69': '邓贤为孟达外甥，与李辅一同出首，献城迎懿'}],人物与人物,三国演义
三国演义_人物_董厥_0,三国演义_人物_诸葛亮_0,上下级,[{'73': '孔明唤董厥入帐分付回汉中养病事宜。'}],人物与人物,三国演义
三国演义_人物_吉邈_0,三国演义_组织_汉室_0,归属,[{'50': '吉邈为吉平之子，参与讨曹以扶汉室。'}],人物与组织,三国演义
三国演义_人物_曹睿_0,三国演义_人物_毛皇后_0,对立,[{'78': '曹睿因毛后提及游园之事大怒，赐其死'}],人物与人物,三国演义
三国演义_人物_麴义_0,三国演义_组织_袁绍军_0,归属,[{'5': '麴义为袁绍军部将，领弓手。'}],人物与组织,三国演义
三国演义_人物_关羽_0,三国演义_人物_孙权_0,对立,[{'53': '孙权因关羽无礼大怒，欲取荆州'}],人物与人物,三国演义
三国演义_人物_曹操_0,三国演义_人物_诸葛亮_0,对立,[{'34': '曹操指夏口称诸葛亮如蝼蚁撼泰山，视其为敌。'}],人物与人物,三国演义
三国演义_人物_华歆_0,三国演义_人物_管宁_0,对立,[{'48': '管宁鄙华歆为人，割席分坐，不复为友，原文‘宁自此鄙歆之为人，遂割席分坐’'}],人物与人物,三国演义
三国演义_人物_张宝_0,三国演义_组织_黄巾军_0,领导,[{'20': '张宝为黄巾首领之一'}],人物与组织,三国演义
三国演义_人物_曹爽_0,三国演义_人物_辛敞_0,上下级,[{'80': '辛敞为曹爽参军，听辛宪英劝后出城'}],人物与人物,三国演义
三国演义_人物_孙礼_0,三国演义_地点_雍城_0,守护,"[{'72': '孙礼保雍城'}, {'73': '司马懿令孙礼守把雍城。'}]",人物与地点,三国演义
三国演义_地点_涪水关_0,三国演义_地点_益州_0,隶属,[{'43': '涪水关为西川关隘，由杨怀高沛守把'}],地点与地点,三国演义
三国演义_人物_伏完_0,三国演义_人物_伏皇后_0,亲属,"[{'15': '伏完是伏皇后之父。'}, {'48': '伏完是伏皇后之父，原文‘妾父伏完常有杀操之心’'}]",人物与人物,三国演义
三国演义_人物_孙权_0,三国演义_地点_南徐_0,居住,[{'37': '孙权与吴国太居于南徐，在此设府。'}],人物与地点,三国演义
三国演义_人物_韦康_0,三国演义_地点_冀城_0,守护,[{'46': '韦康为冀城刺史，守城抵抗马超'}],人物与地点,三国演义
三国演义_人物_黄权_0,三国演义_组织_曹操军_0,归属,[{'60': '黄权因归路被吴兵隔断，不得已降魏'}],人物与组织,三国演义
三国演义_人物_关兴_0,三国演义_人物_刘备_0,亲属,[{'58': '关兴为关羽之子，刘备以贤侄相称，叔侄关系'}],人物与人物,三国演义
三国演义_人物_张闿_0,三国演义_人物_曹嵩_0,对立,[{'6': '张闿护送曹嵩途中见财起意，夜杀曹嵩全家，取财物逃往淮南。'}],人物与人物,三国演义
三国演义_地点_成都_0,三国演义_地点_雒城_0,相邻,"[{'46': '雒城是成都东面屏障，破雒城后成都唾手可得'}, {'86': '雒城位于成都附近，张绍等赍玉玺至雒城请降。'}]",地点与地点,三国演义
三国演义_人物_关兴_0,三国演义_人物_李异_0,对立,[{'57': '关兴大喝一声，劈李异于马下。'}],人物与人物,三国演义
三国演义_人物_汉献帝_0,三国演义_人物_董承_0,上下级,[{'9': '董承为国戚，救驾有功，誓斩李傕、郭汜'}],人物与人物,三国演义
三国演义_人物_李乐_0,三国演义_组织_白波军_0,领导,[{'9': '李乐为白波帅，统领白波军'}],人物与组织,三国演义
三国演义_地点_北门_2,三国演义_地点_成都_0,隶属,[{'86': '北门是成都的城门，后主率太子诸王出北门降魏。'}],地点与地点,三国演义
三国演义_人物_汉献帝_0,三国演义_地点_郿坞_0,居住,[{'9': '李傕将帝后车驾移于郿坞监禁'}],人物与地点,三国演义
三国演义_人物_雷铜_0,三国演义_人物_黄忠_0,对立,[{'45': '黄忠一军杀退雷铜。'}],人物与人物,三国演义
三国演义_地点_益州_0,三国演义_地点_雒城_0,驻扎,[{'44': '刘璋遣兵屯守雒城以塞咽喉'}],组织与地点,三国演义
三国演义_人物_李傕_0,三国演义_地点_长安_0,守护,[{'6': '李傕攻入长安后掌握朝政。'}],人物与地点,三国演义
三国演义_人物_关兴_0,三国演义_人物_马忠_0,对立,[{'58': '关兴视马忠为害父仇人，纵马举刀欲斩马忠'}],人物与人物,三国演义
三国演义_人物_刘禅_0,三国演义_人物_赵云_0,上下级,[{'71': '后主闻赵云死放声大哭，下诏追赠大将军，谥顺平侯'}],人物与人物,三国演义
三国演义_地点_东吴_0,三国演义_组织_朝廷_0,合作,[{'62': '东吴与蜀汉讲和'}],组织与组织,三国演义
三国演义_人物_刘度_0,三国演义_地点_零陵_0,守护,[{'36': '刘度原为零陵太守，降后仍为郡守'}],人物与地点,三国演义
三国演义_人物_黄忠_0,三国演义_物品_硬弓_0,持有,[{'51': '黄忠连拽折两张硬弓以显臂力。'}],人物与物品,三国演义
三国演义_人物_吕翔_0,三国演义_人物_曹操_0,上下级,"[{'24': '吕翔降曹操后同被封为列侯。'}, {'25': '吕翔降操，与吕旷同诈降高干'}]",人物与人物,三国演义
三国演义_人物_孙观_0,三国演义_组织_泰山寇_0,归属,[{'14': '孙观为泰山贼寇，领兵拦路'}],人物与组织,三国演义
三国演义_人物_袁绍_0,三国演义_人物_袁隗_0,亲属,"[{'3': '袁隗是袁绍之叔。'}, {'4': '袁隗是袁绍叔父，为太傅。'}]",人物与人物,三国演义
三国演义_人物_孙皓_0,三国演义_人物_濮阳兴_0,对立,[{'88': '濮阳兴谏孙皓，被斩并灭三族'}],人物与人物,三国演义
三国演义_人物_司马懿_0,三国演义_人物_孙礼_0,上下级,"[{'73': '司马懿令孙礼与郭淮同去救二郡及守城。'}, {'76': '司马懿令孙礼与郭淮同守北原。'}]",人物与人物,三国演义
三国演义_人物_魏延_0,三国演义_技能_疑兵计_1,掌握,[{'61': '魏延用疑兵计杀退南蛮孟获'}],人物与技能,三国演义
三国演义_人物_孙策_0,三国演义_人物_袁绍_0,合作,[{'20': '袁绍修书遣陈震为使，欲结孙策共攻曹操'}],人物与人物,三国演义
三国演义_人物_程秉_0,三国演义_人物_诸葛亮_0,对立,[{'30': '程德枢说诸葛亮好为大言，被以君子小人之儒辩驳，不能对'}],人物与人物,三国演义
三国演义_人物_姜维_0,三国演义_人物_黄皓_0,对立,[{'85': '姜维欲杀黄皓，黄皓匿于湖山'}],人物与人物,三国演义
三国演义_人物_耿纪_0,三国演义_地点_洛阳_0,出身,[{'50': '耿纪为洛阳人也。'}],人物与地点,三国演义
三国演义_人物_曹操_0,三国演义_人物_荀攸_0,上下级,"[{'22': '荀攸是曹操谋士，献急战、断粮、扬言分兵等计策，曹操从之'}, {'24': '荀攸是曹操谋士，建议乘袁氏兄弟相攻取天下。'}, {'25': '荀攸为曹操谋士，献诈降计、观天文'}, {'29': '荀攸进言，曹操从其计。'}, {'33': '荀攸建议曹操派蔡中、蔡和前往东吴诈降，曹操采纳'}]",人物与人物,三国演义
三国演义_人物_刘备_0,三国演义_人物_刘辟_0,合作,"[{'20': '刘辟差人请刘备起军往汝南驻扎'}, {'23': '刘辟助刘备守汝南，弃城护送家小'}]",人物与人物,三国演义
三国演义_人物_关羽_0,三国演义_地点_下邳_0,守护,"[{'16': '令云长守下邳，安置甘糜二夫人'}, {'17': '关羽保护刘备妻小，死守下邳'}, {'18': '关羽奉命驻守下邳，城破被围后仍遥望下邳火起。'}]",人物与地点,三国演义
三国演义_人物_吴班_0,三国演义_地点_阆中_0,守护,[{'57': '吴班佐张飞守阆中。'}],人物与地点,三国演义
三国演义_人物_司马师_0,三国演义_人物_司马攸_0,亲属,[{'87': '因司马师无子，司马攸过继为其后。'}],人物与人物,三国演义
三国演义_人物_彭安_0,三国演义_人物_徐晃_0,对立,[{'25': '徐晃斩彭安于马下'}],人物与人物,三国演义
三国演义_人物_曹休_0,三国演义_人物_曹操_0,上下级,[{'50': '曹操令曹休总督御林军马。'}],人物与人物,三国演义
三国演义_人物_诸葛亮_0,三国演义_技能_减兵添灶之法_0,掌握,"[{'74': '诸葛亮反用孙膑之法，退兵时每日增灶，瞒过司马懿。'}, {'75': '孔明用减兵添灶之法退兵到汉中'}]",人物与技能,三国演义
三国演义_人物_刘璝_0,三国演义_人物_张翼_0,对立,[{'46': '张翼在城上拔剑砍翻刘璝，开门投降刘备'}],人物与人物,三国演义
三国演义_人物_司马懿_0,三国演义_人物_戴陵_0,上下级,[{'73': '司马懿令戴陵为副将，与张郃一同劫蜀寨。'}],人物与人物,三国演义
三国演义_人物_公孙修_0,三国演义_人物_公孙渊_0,亲属,[{'79': '公孙修是公孙渊之子，一同突围被擒斩。'}],人物与人物,三国演义
三国演义_人物_邓艾_0,三国演义_物品_玉玺_3,持有,[{'86': '邓艾受下后主降款玉玺，表示蜀汉投降。'}],人物与物品,三国演义
三国演义_人物_公孙康_0,三国演义_人物_袁熙_0,对立,[{'25': '公孙康杀袁熙，送首级与曹操'}],人物与人物,三国演义
三国演义_人物_刘璋_0,三国演义_人物_邓贤_0,上下级,[{'44': '刘璋遣邓贤守雒县'}],人物与人物,三国演义
三国演义_人物_金祎_0,三国演义_组织_汉室_0,归属,[{'50': '金祎为汉相金日磾之后，累世汉臣，欲讨曹扶汉。'}],人物与组织,三国演义
三国演义_人物_司马攸_0,三国演义_人物_司马昭_0,亲属,[{'87': '司马攸是司马昭次子，性情温和。'}],人物与人物,三国演义
三国演义_人物_吕布_0,三国演义_人物_张邈_0,合作,[{'7': '张邈联合吕布袭取兖州'}],人物与人物,三国演义
三国演义_人物_韦晃_0,三国演义_组织_汉室_0,归属,[{'50': '韦晃为汉朝司直，与耿纪同谋扶汉。'}],人物与组织,三国演义
三国演义_人物_张顗_0,三国演义_人物_袁尚_0,上下级,[{'24': '张顗是袁尚部将，与马延同任先锋。'}],人物与人物,三国演义
三国演义_人物_爰邵_0,三国演义_人物_邓艾_0,上下级,[{'85': '爰邵为邓艾护卫，以周易解梦'}],人物与人物,三国演义
三国演义_人物_甘宁_0,三国演义_人物_邓龙_0,对立,[{'27': '甘宁飞上艨艟，砍死黄祖先锋邓龙。'}],人物与人物,三国演义
三国演义_人物_刘璋_0,三国演义_人物_庞羲_0,上下级,[{'41': '刘璋派庞羲为巴西太守，以拒张鲁。'}],人物与人物,三国演义
三国演义_人物_刘琦_0,三国演义_人物_诸葛亮_0,上下级,[{'34': '诸葛亮令刘琦回武昌陈兵岸口，擒拿逃兵。'}],人物与人物,三国演义
三国演义_人物_伏皇后_0,三国演义_人物_汉献帝_0,亲属,"[{'9': '伏皇后与献帝一同被劫持，后渡河逃难'}, {'17': '伏皇后为献帝皇后，与帝私论董承事'}, {'48': '献帝与伏后为夫妻，原文‘献帝正与伏后共坐’'}]",人物与人物,三国演义
三国演义_人物_孙策_0,三国演义_人物_张纮_0,上下级,[{'11': '孙策聘张纮为参谋正议校尉'}],人物与人物,三国演义
三国演义_人物_曹操_0,三国演义_地点_江陵_0,守护,[{'29': '曹操星夜提兵赴江陵，控制要地。'}],人物与地点,三国演义
三国演义_人物_诸葛亮_0,三国演义_人物_高翔_0,上下级,"[{'70': '诸葛亮令高翔屯兵列柳城以救街亭。'}, {'76': '孔明令右将军高翔驾木牛流马自剑阁运粮至祁山。'}]",人物与人物,三国演义
三国演义_人物_刘封_0,三国演义_地点_绵竹_0,守护,[{'56': '刘备遣使升刘封去守绵竹。'}],人物与地点,三国演义
三国演义_地点_西平关_0,三国演义_组织_刘备军_0,驻扎,[{'69': '西平关为蜀国边关，韩祯守关'}],组织与地点,三国演义
三国演义_人物_诸葛亮_0,三国演义_人物_诸葛珪_0,亲属,[{'26': '诸葛亮之父，曾任泰山郡丞，早卒。'}],人物与人物,三国演义
三国演义_人物_高干_0,三国演义_地点_并州_0,守护,[{'23': '高干出守并州，回州收拾人马'}],人物与地点,三国演义
三国演义_人物_傅佥_0,三国演义_人物_姜维_0,上下级,"[{'82': '傅佥是姜维爱将，有胆勇，随姜维伐魏，活捉王真、打死李鹏。'}, {'83': '姜维以傅佥为右军'}, {'85': '姜维分付傅佥守寨，傅佥后战死'}]",人物与人物,三国演义
三国演义_人物_曹操_0,三国演义_物品_金帛_8,持有,[{'8': '曹操破黄巾夺其金帛无数。'}],人物与物品,三国演义
三国演义_人物_杨松_0,三国演义_人物_马超_0,对立,[{'46': '杨松与杨柏共谋图马超'}],人物与人物,三国演义
三国演义_人物_吴兰_0,三国演义_人物_黄忠_0,对立,[{'45': '黄忠一军杀退吴兰。'}],人物与人物,三国演义
三国演义_人物_焦触_0,三国演义_人物_袁熙_0,上下级,[{'25': '焦触原为袁熙部将，后降曹'}],人物与人物,三国演义
三国演义_人物_王平_0,三国演义_物品_图本_1,创造,[{'70': '王平画成地理形状图本，星夜差人送呈孔明。'}],人物与物品,三国演义
三国演义_人物_孟获_0,三国演义_人物_金环三结_0,上下级,[{'62': '金环三结是孟获麾下三洞元帅之一'}],人物与人物,三国演义
三国演义_人物_赵云_0,三国演义_地点_常山真定_0,出身,[{'36': '赵云自称‘常山赵子龙’，为真定人'}],人物与地点,三国演义
三国演义_人物_赵云_0,三国演义_人物_麴义_0,对立,[{'5': '赵云一枪刺死麴义于马下。'}],人物与人物,三国演义
三国演义_地点_华容道_0,三国演义_地点_南郡_0,连通,[{'35': '华容道小路通向南郡'}],地点与地点,三国演义
三国演义_人物_甘宁_0,三国演义_地点_濡须口_0,守护,[{'50': '甘宁从濡须口出兵劫曹营，回濡须。'}],人物与地点,三国演义
三国演义_人物_曹操_0,三国演义_人物_郭嘉_0,亲密,[{'35': '曹操脱险后痛哭郭奉孝，言若奉孝在决不使有此大失'}],人物与人物,三国演义
三国演义_地点_合淝_0,三国演义_地点_逍遥津_0,隶属,[{'49': '逍遥津是合淝附近的津渡，张辽在此设伏。'}],地点与地点,三国演义
三国演义_人物_徐晃_0,三国演义_人物_满宠_0,合作,[{'10': '满宠潜入徐晃营中，说其归顺曹操，徐晃从之。'}],人物与人物,三国演义
三国演义_地点_益州_0,三国演义_地点_越嶲郡_0,隶属,[{'62': '越嶲郡是益州下辖之郡'}],地点与地点,三国演义
三国演义_地点_东吴_0,三国演义_地点_柴桑郡_0,驻扎,[{'28': '孙权自领大军屯驻柴桑'}],组织与地点,三国演义
三国演义_人物_曹操_0,三国演义_地点_许都_0,守护,[{'12': '曹操都许都'}],人物与地点,三国演义
三国演义_地点_桃花渡口_0,三国演义_组织_藤甲军_0,驻扎,[{'65': '兀突骨引藤甲军至桃花渡口下寨。'}],组织与地点,三国演义
三国演义_人物_孙权_0,三国演义_人物_步骘_0,上下级,[{'50': '孙权令步骘往曹营求和，许年纳岁贡。'}],人物与人物,三国演义
三国演义_地点_祁山_0,三国演义_地点_祁山大寨_0,隶属,"[{'70': '祁山寨位于祁山上，孔明在寨中议事。'}, {'72': '祁山寨在祁山上'}, {'84': '祁山寨位于祁山，邓艾在此驻守。'}]",地点与地点,三国演义
三国演义_人物_公孙渊_0,三国演义_组织_曹操军_0,对抗,[{'79': '公孙渊自号为燕王，反叛魏国，司马懿率兵征讨。'}],人物与组织,三国演义
三国演义_组织_晋_0,三国演义_组织_曹操军_0,支配,[{'87': '司马炎受禅建晋，魏亡。'}],组织与组织,三国演义
三国演义_人物_孙坚_0,三国演义_人物_孙策_0,亲属,"[{'5': '孙坚长子，孙策随父出征。'}, {'11': '孙策是孙坚之子'}]",人物与人物,三国演义
三国演义_人物_魏延_0,三国演义_地点_汉中_0,守护,[{'57': '魏延被命守汉中，以当魏兵。'}],人物与地点,三国演义
三国演义_人物_刘备_0,三国演义_物品_玄德书_0,创造,[{'48': '刘备写信令关羽交割三郡，原文‘玄德徐徐曰……便可写书与云长令交割三郡’'}],人物与物品,三国演义
三国演义_人物_曹操_0,三国演义_人物_魏延_0,对立,[{'52': '魏延射中曹操人中，折门牙两枚'}],人物与人物,三国演义
三国演义_人物_阎宇_0,三国演义_人物_黄皓_0,合作,[{'85': '阎宇阿附黄皓，黄皓欲使阎宇代姜维统兵'}],人物与人物,三国演义
三国演义_人物_张角_0,三国演义_组织_黄巾军_0,领导,"[{'1': '张角自称天公将军，领导黄巾起义'}, {'20': '张角是天公将军，黄巾首领'}]",人物与组织,三国演义
三国演义_人物_董承_0,三国演义_物品_衣带诏_0,持有,"[{'15': '董承得献帝所赐玉带，内藏血字密诏，暗藏于家中。'}, {'17': '董承收藏献帝所赐衣带诏，作为除曹凭证'}]",人物与物品,三国演义
三国演义_人物_刘备_0,三国演义_人物_刘虞_0,上下级,[{'2': '刘虞令刘备为都尉引兵征渔阳'}],人物与人物,三国演义
三国演义_人物_黄祖_0,三国演义_地点_江夏_0,守护,[{'28': '黄祖为江夏太守，兵败弃城'}],人物与地点,三国演义
三国演义_地点_涪水_0,三国演义_地点_雒城_0,相邻,[{'46': '涪水是雒城北门外的天然屏障，故北门未围'}],地点与地点,三国演义
三国演义_组织_氏_0,三国演义_组织_刘备军_0,支配,[{'73': '诏书提及孔明降集氏、羌，氏归附蜀汉。'}],组织与组织,三国演义
三国演义_人物_姜维_0,三国演义_人物_张嶷_0,上下级,"[{'81': '张嶷为运粮使，受姜维差遣'}, {'82': '张嶷闻姜维受困，引数百骑杀入重围救出姜维，自己被乱箭射死。'}]",人物与人物,三国演义
三国演义_人物_曹真_0,三国演义_人物_曹遵_0,亲属,[{'68': '曹遵乃曹真宗弟，被拜为先锋。'}],人物与人物,三国演义
三国演义_人物_陈琳_0,三国演义_组织_曹操军_0,归属,[{'24': '陈琳原为袁绍幕僚，被曹操赦免后任从事。'}],人物与组织,三国演义
三国演义_人物_周瑜_0,三国演义_技能_假途灭虢之计_0,掌握,[{'38': '周瑜设计假名取西川，实欲袭取荆州'}],人物与技能,三国演义
三国演义_人物_陈宫_0,三国演义_人物_陶谦_0,亲密,[{'6': '陈宫与陶谦交厚，闻曹操起兵，星夜来劝曹操勿杀百姓。'}],人物与人物,三国演义
三国演义_人物_张飞_0,三国演义_地点_涿郡_0,居住,[{'1': '张飞世居涿郡，颇有庄田'}],人物与地点,三国演义
三国演义_人物_党均_0,三国演义_人物_黄皓_0,合作,[{'83': '党均结连黄皓，布散流言说姜维将投魏'}],人物与人物,三国演义
三国演义_人物_于禁_0,三国演义_人物_刘琮_0,对立,[{'29': '于禁奉命杀刘琮母子及王威。'}],人物与人物,三国演义
三国演义_人物_关羽_0,三国演义_人物_赵累_0,上下级,[{'54': '赵累为管粮都督，建议关公差人往成都求救'}],人物与人物,三国演义
三国演义_人物_刘备_0,三国演义_人物_刘表_0,上下级,[{'25': '刘表为荆州牧，刘备客居其下，受其差遣'}],人物与人物,三国演义
三国演义_人物_孙策_0,三国演义_人物_曹操_0,对立,[{'21': '孙策因曹操不允大司马之请而恨之，常有袭许都之心。'}],人物与人物,三国演义
三国演义_人物_孙綝_0,三国演义_人物_朱异_0,上下级,[{'82': '孙綝因朱异累败，叱武士推出斩之。'}],人物与人物,三国演义
三国演义_人物_徐晃_0,三国演义_地点_襄阳_0,守护,[{'54': '曹操封徐晃为平南将军，同夏侯尚守襄阳'}],人物与地点,三国演义
三国演义_人物_袁绍_0,三国演义_人物_袁谭_0,亲属,"[{'22': '袁谭是袁绍之子，袁绍派其分兵五万救邺郡'}, {'23': '袁谭为袁绍长子，出守青州'}]",人物与人物,三国演义
三国演义_人物_张飞_0,三国演义_人物_车胄_0,对立,[{'15': '张飞在车胄死后杀尽其全家。'}],人物与人物,三国演义
三国演义_人物_刘备_0,三国演义_物品_书信_4,持有,[{'45': '刘备收到诸葛亮写来的书信，警示谨慎。'}],人物与物品,三国演义
三国演义_人物_刘璋_0,三国演义_人物_法正_0,对立,[{'46': '刘璋怒撕法正劝降书，骂其卖主求荣'}],人物与人物,三国演义
三国演义_人物_关兴_0,三国演义_人物_越吉_0,对立,[{'69': '越吉包围关兴，后关兴一刀斩越吉于马下'}],人物与人物,三国演义
三国演义_地点_散关_0,三国演义_地点_斜谷_0,连通,[{'75': '蜀军由散关望斜谷而来'}],地点与地点,三国演义
三国演义_地点_雍州_0,三国演义_组织_曹操军_0,驻扎,[{'80': '魏国设雍州，由郭淮镇守'}],组织与地点,三国演义
三国演义_人物_鲁肃_0,三国演义_物品_请书_0,创造,[{'48': '鲁肃修请书邀关羽赴会，原文‘修下请书’'}],人物与物品,三国演义
三国演义_人物_孙翊_0,三国演义_人物_徐氏_0,亲属,[{'27': '徐氏是孙翊之妻，孙翊被刺后徐氏设计报仇。'}],人物与人物,三国演义
三国演义_人物_司马懿_0,三国演义_人物_曹睿_0,对立,[{'66': '曹睿因反间告示怀疑司马懿谋反，将其削职回乡。'}],人物与人物,三国演义
三国演义_人物_曹操_0,三国演义_地点_沛国谯郡_0,出身,[{'1': '曹操是沛国谯郡人'}],人物与地点,三国演义
三国演义_人物_诸葛亮_0,三国演义_人物_赵云_0,上下级,"[{'51': '赵云谏言孔明不应用二老将当大敌。'}, {'62': '孔明令赵云为前部先锋，授计破敌'}]",人物与人物,三国演义
三国演义_人物_刘禅_0,三国演义_人物_张飞之女_0,亲属,[{'60': '刘禅纳张飞之女为正宫皇后'}],人物与人物,三国演义
三国演义_人物_黄盖_0,三国演义_物品_青龙牙旗_0,持有,[{'34': '黄盖火船上插青龙牙旗，作为诈降信号。'}],人物与物品,三国演义
三国演义_人物_刘备_0,三国演义_人物_刘表_0,亲密,"[{'23': '刘表称刘备为弟，出郭三十里迎接'}, {'26': '刘表称刘备为弟，请其赴会，后因蔡瑁谋害而大怒。'}, {'28': '刘表病重托孤于刘备，欲以荆州相付'}]",人物与人物,三国演义
三国演义_人物_诸葛亮_0,三国演义_物品_名马_1,持有,[{'72': '孔明遣陈震将名马入吴作贺'}],人物与物品,三国演义
三国演义_人物_太史慈_0,三国演义_人物_戈定_0,合作,[{'36': '太史慈派乡人戈定混入合淝城中为内应，约举火为号刺杀张辽'}],人物与人物,三国演义
三国演义_人物_刘备_0,三国演义_人物_刘璋_0,上下级,[{'47': '刘璋投降刘备，被迁往南郡公安。'}],人物与人物,三国演义
三国演义_人物_关羽_0,三国演义_人物_陆逊_0,对立,[{'54': '陆逊用卑辞骄兵之计，使关公撤荆州兵'}],人物与人物,三国演义
三国演义_人物_姜维_0,三国演义_人物_胡济_0,上下级,[{'83': '姜维以胡济为合后'}],人物与人物,三国演义
三国演义_人物_于禁_0,三国演义_组织_青州兵_0,对抗,[{'12': '于禁剿杀劫掠的青州兵'}],人物与组织,三国演义
三国演义_人物_关羽_0,三国演义_物品_赤兔马_0,持有,"[{'18': '曹操赠赤兔马与关羽，关羽得之喜，可一日见兄长。'}, {'29': '关羽坐下赤兔马。'}, {'35': '跨赤兔马守华容道'}, {'69': '关公显圣骑赤兔马，在云雾中见之'}]",人物与物品,三国演义
三国演义_人物_蔡瑁_0,三国演义_组织_蔡氏宗族_0,领导,[{'28': '蔡瑁为蔡氏宗族核心，与张允等把持荆州'}],人物与组织,三国演义
三国演义_人物_刘繇_0,三国演义_人物_张英_0,上下级,[{'11': '张英是刘繇部将，领兵屯牛渚'}],人物与人物,三国演义
三国演义_人物_司马懿_0,三国演义_人物_孟达_0,对立,"[{'69': '司马懿星夜进军擒杀孟达，孟达被申耽刺死'}, {'70': '司马懿倍道而行八日攻破新城，孟达被乱军所杀。'}]",人物与人物,三国演义
三国演义_人物_邓艾_0,三国演义_地点_凉_0,守护,[{'82': '邓艾同陈泰屯兵于雍、凉等处，守护隘口。'}],人物与地点,三国演义
三国演义_地点_襄平_0,三国演义_地点_襄平北市_0,隶属,[{'79': '襄平北市是襄平城北的市场，地陷涌出怪肉。'}],地点与地点,三国演义
三国演义_人物_曹操_0,三国演义_人物_程昱_0,上下级,"[{'7': '程昱与荀彧设计死守三县'}, {'8': '程昱请进兵取濮阳。'}, {'12': '程昱为曹操谋士'}, {'15': '程昱是曹操的谋士，劝进并谏阻放刘备。'}, {'16': '程昱为曹操谋士，担心刘岱王忠不称其使'}, {'17': '程昱为曹操谋士，谏阻废帝'}, {'18': '程昱为曹操谋士，献计攻下邳、荐关羽战颜良。'}, {'23': '程昱为曹操谋士，献十面埋伏之计'}, {'24': '程昱是曹操谋士，认为袁谭诈降不可信。'}, {'25': '程昱为曹操谋士，请早建下江南之策'}, {'26': '程昱是曹操谋士，献计赚徐母至许昌。'}, {'27': '程昱与荀彧一同迎接徐庶，为曹操谋士。'}, {'34': '程昱提醒曹操防对方火攻，曹操虽笑纳但未采纳。'}, {'38': '程昱献计表奏周瑜、程普为太守以挑拨孙刘相斗'}]",人物与人物,三国演义
三国演义_人物_许褚_0,三国演义_地点_沛国谯郡_0,出身,[{'8': '许褚自述为谯国谯县人。'}],人物与地点,三国演义
三国演义_地点_江油_0,三国演义_地点_涪城_0,相邻,[{'86': '江油与涪城相邻，邓艾从江油进军涪城。'}],地点与地点,三国演义
三国演义_人物_李傕_0,三国演义_人物_汉献帝_0,上下级,[{'6': '李傕攻入长安后控制朝廷，献帝被迫封李傕为车骑将军。'}],人物与人物,三国演义
三国演义_人物_孙权_0,三国演义_地点_宣城_0,守护,[{'11': '孙策使弟孙权与周泰守宣城'}],人物与地点,三国演义
三国演义_人物_姜维_0,三国演义_物品_十矢连弩_0,持有,[{'80': '姜维于阳平关暗伏连弩百余张'}],人物与物品,三国演义
三国演义_人物_孙休_0,三国演义_人物_濮阳兴_0,上下级,[{'88': '孙休临终召丞相濮阳兴入宫托付太子'}],人物与人物,三国演义
三国演义_人物_司马懿_0,三国演义_人物_廖化_0,对立,[{'77': '廖化追赶司马懿，司马懿弃金盔，廖化获盔献功。'}],人物与人物,三国演义
三国演义_人物_文聘_0,三国演义_地点_江夏_0,守护,[{'29': '曹操除文聘为江夏太守，引军开道镇守。'}],人物与地点,三国演义
三国演义_人物_张飞_0,三国演义_人物_曹操_0,对立,[{'29': '张飞长坂桥大喝，曹操惊走。'}],人物与人物,三国演义
三国演义_人物_苏飞_0,三国演义_人物_黄祖_0,上下级,[{'27': '黄祖任苏飞为大将，苏飞曾多次推荐甘宁。'}],人物与人物,三国演义
三国演义_人物_太史慈_0,三国演义_地点_东吴_0,归属,[{'36': '太史慈是东吴大将，为吴战死'}],人物与组织,三国演义
三国演义_人物_唐咨_0,三国演义_人物_孙綝_0,对立,[{'83': '孙綝大怒唐咨降魏，将其家眷尽斩'}],人物与人物,三国演义
三国演义_人物_孟达_0,三国演义_人物_诸葛亮_0,合作,[{'69': '孟达欲起三处军马反魏归蜀，与孔明书信往来，合作取洛阳'}],人物与人物,三国演义
三国演义_人物_诸葛亮_0,三国演义_人物_李严_0,上下级,[{'75': '孔明发檄令李严应付粮草，后因李严误事欲斩之'}],人物与人物,三国演义
三国演义_人物_诸葛亮_0,三国演义_物品_锦囊_2,持有,[{'73': '孔明给予姜维、廖化锦囊，内书袭营计策。'}],人物与物品,三国演义
三国演义_地点_冀州_0,三国演义_地点_邺城_0,隶属,[{'24': '邺城是冀州的治所所在。'}],地点与地点,三国演义
三国演义_人物_文丑_0,三国演义_组织_袁绍军_0,归属,[{'5': '文丑为袁绍军先锋。'}],人物与组织,三国演义
三国演义_人物_李傕_0,三国演义_组织_羌人部落_0,合作,[{'9': '羌兵助李傕作战，后被贾诩密谕离去'}],人物与组织,三国演义
三国演义_人物_曹洪_0,三国演义_人物_郭淮_0,上下级,[{'51': '郭淮为行军司马，听命于曹洪，谏言饶恕张郃。'}],人物与人物,三国演义
三国演义_地点_南山_1,三国演义_地点_盘石_0,隶属,[{'50': '南山中大树下有盘石，南斗北斗弈棋其上。'}],地点与地点,三国演义
三国演义_人物_曹睿_0,三国演义_组织_曹操军_0,领导,"[{'69': '曹睿为魏国皇帝，统御魏国'}, {'70': '曹睿为魏国皇帝，统领魏国。'}, {'71': '曹睿为魏国皇帝'}, {'72': '曹睿是魏主'}]",人物与组织,三国演义
三国演义_人物_阿会喃_0,三国演义_地点_沙口_0,守护,[{'63': '孟获遣阿会喃引兵去守把沙口'}],人物与地点,三国演义
三国演义_人物_司马昭_0,三国演义_人物_成济_0,上下级,[{'84': '司马昭下令将成济剐之、灭三族，以平息众怒。'}],人物与人物,三国演义
三国演义_人物_吕旷_0,三国演义_人物_赵云_0,对立,[{'26': '赵云与吕旷交战，一枪刺吕旷于马下。'}],人物与人物,三国演义
三国演义_人物_公孙恭_0,三国演义_人物_公孙渊_0,对立,[{'79': '公孙渊夺其叔公孙恭之位。'}],人物与人物,三国演义
三国演义_人物_王经_0,三国演义_地点_狄道城_0,守护,[{'82': '王经迎接陈泰、邓艾入狄道城，拜谢解围之事。'}],人物与地点,三国演义
三国演义_人物_刘备_0,三国演义_人物_张松_0,合作,"[{'42': '张松献西川地理图本，愿为内应助刘备取西川'}, {'44': '张松修密信愿为内应，助刘备取西川'}]",人物与人物,三国演义
三国演义_人物_马谡_0,三国演义_物品_红旗_3,持有,[{'70': '马谡以山顶红旗招动为号令，令四面皆下。'}],人物与物品,三国演义
三国演义_人物_司马懿_0,三国演义_地点_雍州_0,守护,[{'66': '司马懿上表乞守西凉等处，被曹睿封为提督雍、凉等处兵马，负责镇守。'}],人物与地点,三国演义
三国演义_人物_卢植_0,三国演义_人物_董卓_0,对立,[{'3': '董卓因卢植反对废立而欲杀之，被蔡邕等劝止。'}],人物与人物,三国演义
三国演义_人物_刘备_0,三国演义_人物_刘巴_0,上下级,[{'47': '刘巴闭门不出，刘备亲自登门请其出仕，刘巴感而出任左将军。'}],人物与人物,三国演义
三国演义_人物_李丰_0,三国演义_人物_袁术_0,上下级,[{'13': '袁术使李丰为催进使，接应七路之兵。'}],人物与人物,三国演义
三国演义_人物_刘备_0,三国演义_人物_刘辟_0,合作,[{'19': '刘玄德前往汝南会合刘辟共谋破曹'}],人物与人物,三国演义
三国演义_人物_杨阜_0,三国演义_人物_曹睿_0,上下级,[{'73': '杨阜上疏谏魏主因大雨退兵。'}],人物与人物,三国演义
三国演义_人物_朱然_0,三国演义_人物_赵云_0,对立,[{'59': '赵云与朱然交锋，一枪刺朱然于马下。'}],人物与人物,三国演义
三国演义_人物_袁术_0,三国演义_物品_传国玉玺_0,持有,[{'15': '袁术曾得传国玉玺，死后被徐璆夺得献曹操。'}],人物与物品,三国演义
三国演义_人物_诸葛亮_0,三国演义_物品_金麻礼物_0,持有,[{'27': '刘备拜献金麻礼物，诸葛亮再三推辞后接受。'}],人物与物品,三国演义
三国演义_人物_张让_0,三国演义_物品_金珠玩好_0,持有,[{'2': '张让等以金珠玩好贿赂何苗、舞阳君'}],人物与物品,三国演义
三国演义_组织_大汉_0,三国演义_组织_刘备军_0,隶属,[{'68': '诸葛亮奉炎汉之统，蜀汉继承汉朝正统。'}],组织与组织,三国演义
三国演义_人物_韩德_0,三国演义_人物_韩瑶_0,亲属,[{'67': '韩瑶为韩德次子，被赵云生擒'}],人物与人物,三国演义
三国演义_人物_周瑜_0,三国演义_人物_鲁肃_0,上下级,"[{'32': '鲁肃为周瑜部将，多次奉周瑜之命传话'}, {'34': '鲁肃为周瑜部下，引孔明为周瑜看病，后受周瑜差遣遍告官兵。'}, {'38': '鲁肃奉周瑜之命去荆州行假途灭虢之计'}, {'39': '周瑜临终遗书荐鲁肃自代，鲁肃继任东吴都督'}]",人物与人物,三国演义
三国演义_人物_张郃_0,三国演义_人物_黄忠_0,对立,"[{'51': '黄忠与张郃多次交战，互有胜负。'}, {'52': '张郃围困黄忠于北山'}]",人物与人物,三国演义
三国演义_人物_刘备_0,三国演义_人物_糜夫人_0,亲属,[{'11': '麋夫人是刘备之妻'}],人物与人物,三国演义
三国演义_地点_柔泉_0,三国演义_地点_秃龙洞_0,隶属,[{'64': '柔泉位于秃龙洞西北路上，是四毒泉之一。'}],地点与地点,三国演义
三国演义_人物_吕翔_0,三国演义_组织_曹操军_0,归属,[{'24': '吕翔降曹后成为曹操部将。'}],人物与组织,三国演义
三国演义_地点_祁山大寨_0,三国演义_地点_谷口_0,连通,[{'83': '邓艾预先从祁山寨挖地道直通谷口蜀寨左营'}],地点与地点,三国演义
三国演义_组织_卓军_0,三国演义_组织_吕布军_0,隶属,[{'4': '吕布军是董卓卓军的一部分。'}],组织与组织,三国演义
三国演义_人物_夏侯霸_0,三国演义_组织_刘备军_0,归属,"[{'80': '夏侯霸兵败投蜀，归降姜维'}, {'85': '夏侯霸投蜀，为蜀前部'}]",人物与组织,三国演义
三国演义_人物_赵云_0,三国演义_组织_刘备军_0,归属,"[{'67': '赵云是蜀将，随诸葛亮北伐'}, {'71': '赵云为蜀汉大将'}]",人物与组织,三国演义
三国演义_地点_汉上_0,三国演义_组织_曹操军_0,驻扎,[{'31': '曹操屯兵于汉上（汉水上游）。'}],组织与地点,三国演义
三国演义_人物_曹丕_0,三国演义_人物_王朗_0,上下级,[{'56': '王朗为御史大夫，后为司空，奏请献帝禅位于曹丕。'}],人物与人物,三国演义
三国演义_人物_祝融夫人_0,三国演义_人物_诸葛亮_0,对立,[{'65': '诸葛亮令马岱用绊马索擒获祝融夫人，后交换人质。'}],人物与人物,三国演义
三国演义_人物_典韦_0,三国演义_物品_双铁戟_0,持有,"[{'7': '典韦手挺双铁戟救曹操'}, {'12': '典韦的兵器，后被胡车儿盗走'}]",人物与物品,三国演义
三国演义_人物_吕布_0,三国演义_物品_赤兔马_0,持有,"[{'3': '李肃代董卓将赤兔马赠予吕布，吕布大喜收下。'}, {'4': '吕布坐下嘶风赤兔马，日行千里。'}, {'14': '吕布坐骑，能渡水如平地，后被侯成盗献曹操'}]",人物与物品,三国演义
三国演义_人物_何太后_0,三国演义_人物_少帝_0,亲属,[{'3': '少帝为何太后之子。'}],人物与人物,三国演义
三国演义_人物_宋忠_0,三国演义_物品_降书_0,持有,[{'28': '宋忠领命持降书至宛城献与曹操'}],人物与物品,三国演义
三国演义_人物_孟达_0,三国演义_地点_襄阳_0,守护,[{'56': '曹丕加孟达为新城太守，去守襄阳、樊城。'}],人物与地点,三国演义
三国演义_人物_刘表_0,三国演义_人物_蒯越_0,上下级,"[{'4': '蒯越是刘表辅佐。'}, {'25': '蒯越为荆州幕宾，献策相助'}]",人物与人物,三国演义
三国演义_人物_典韦_0,三国演义_物品_短戟_1,持有,[{'7': '典韦取短戟十数枝飞刺杀敌'}],人物与物品,三国演义
三国演义_人物_黄盖_0,三国演义_物品_诈降书_0,持有,[{'33': '黄盖写好诈降书交予阚泽，令其献给曹操'}],人物与物品,三国演义
三国演义_人物_全祎_0,三国演义_人物_司马昭_0,上下级,[{'82': '全祎见魏兵势大而降，司马昭加其为偏将军。'}],人物与人物,三国演义
三国演义_人物_曹操_0,三国演义_物品_铜雀_0,持有,[{'25': '曹操掘地得铜雀，视为吉祥'}],人物与物品,三国演义
三国演义_人物_诸葛亮_0,三国演义_人物_诸葛瞻_0,亲属,[{'78': '诸葛瞻为孔明之子，守孝居丧'}],人物与人物,三国演义
三国演义_人物_刘备_0,三国演义_物品_镔铁_0,持有,[{'1': '张世平、苏双赠刘备镔铁一千斤以资器用'}],人物与物品,三国演义
三国演义_人物_杨氏_0,三国演义_人物_马超_0,亲属,[{'46': '杨氏是马超之妻，在翼城被梁宽、赵衢从城上一刀砍死'}],人物与人物,三国演义
三国演义_人物_张武_0,三国演义_人物_赵云_0,对立,[{'25': '赵云一枪刺张武于马下'}],人物与人物,三国演义
三国演义_地点_平原_0,三国演义_组织_袁谭军_0,驻扎,[{'24': '袁谭军败退后驻扎在平原城。'}],组织与地点,三国演义
三国演义_人物_荀彧_0,三国演义_组织_大汉_0,归属,[{'43': '荀彧为汉朝侍中，志在匡扶汉室，反对曹操篡权'}],人物与组织,三国演义
三国演义_人物_刘先_0,三国演义_人物_曹操_0,上下级,[{'29': '刘先引荆州军民出郭投降曹操。'}],人物与人物,三国演义
三国演义_人物_诸葛瞻_0,三国演义_地点_绵竹_0,守护,[{'86': '诸葛瞻率军镇守绵竹，与邓艾交战。'}],人物与地点,三国演义
三国演义_地点_下邳_0,三国演义_组织_曹操军_0,驻扎,[{'18': '曹操用内应攻破下邳，并差人护卫刘备家眷。'}],组织与地点,三国演义
三国演义_人物_关平_0,三国演义_人物_廖化_0,合作,[{'54': '关平与廖化一同救关公，后关平护送廖化突围求救'}],人物与人物,三国演义
三国演义_人物_丁奉_0,三国演义_人物_孙休_0,上下级,[{'83': '孙休召丁奉密议诛孙綝，丁奉献计腊日大会擒綝'}],人物与人物,三国演义
三国演义_人物_孙据_0,三国演义_人物_孙綝_0,亲属,[{'83': '孙綝令其弟孙据入苍龙宿卫'}],人物与人物,三国演义
三国演义_组织_曹操军_0,三国演义_组织_蔡氏宗族_0,隶属,[{'28': '刘琮降曹后，蔡氏宗族归附曹军'}],组织与组织,三国演义
三国演义_人物_孙休_0,三国演义_人物_施朔_0,上下级,[{'83': '施朔密奏孙休孙綝将变，参与掌外事'}],人物与人物,三国演义
三国演义_人物_吕建_0,三国演义_人物_徐晃_0,上下级,[{'54': '徐晃为主将，吕建为副将'}],人物与人物,三国演义
三国演义_人物_诸葛亮_0,三国演义_人物_马岱_0,上下级,"[{'63': '诸葛亮令马岱引兵渡泸水断粮道，后扮蛮兵诱擒孟获'}, {'64': '孔明吩咐马岱拆浮桥、移下流并接应赵云、魏延。'}, {'69': '孔明以马岱为向导破羌兵，后又令其设伏活捉雅丹'}, {'72': '孔明令马岱放火烧粮车'}, {'77': '诸葛亮附耳授密计，令其埋伏斩魏延。'}]",人物与人物,三国演义
三国演义_人物_韦康_0,三国演义_人物_马超_0,对立,[{'46': '马超攻下冀城，斩韦康全家四十余口'}],人物与人物,三国演义
三国演义_人物_诸葛亮_0,三国演义_人物_黄忠_0,上下级,[{'51': '孔明用激将法激黄忠出战，并派其守关战张郃。'}],人物与人物,三国演义
三国演义_人物_巩志_0,三国演义_人物_金旋_0,对立,[{'36': '巩志劝降不成，射杀金旋，出城纳降'}],人物与人物,三国演义
三国演义_人物_周瑜_0,三国演义_人物_鲁肃_0,亲密,"[{'21': '周瑜与鲁肃为旧交，曾受鲁肃赠粮，后推荐鲁肃给孙权。'}, {'31': '鲁肃与周瑜交情最厚，先来接周瑜并细述前事。'}, {'37': '周瑜视鲁肃为恩人，感念指囷相赠之情。'}]",人物与人物,三国演义
三国演义_地点_南安郡_0,三国演义_地点_天水郡_0,相邻,[{'67': '南安郡西连天水郡'}],地点与地点,三国演义
三国演义_人物_田畴_0,三国演义_地点_柳城_0,守护,[{'25': '曹操封田畴守柳城，为柳亭侯'}],人物与地点,三国演义
三国演义_人物_崔琰_0,三国演义_人物_曹操_0,对立,[{'50': '崔琰力言不可立曹操为魏王，被杖杀狱中。'}],人物与人物,三国演义
三国演义_人物_蒋舒_0,三国演义_地点_阳安关_0,守护,[{'85': '蒋舒守阳安关，后开关降魏'}],人物与地点,三国演义
三国演义_人物_刘琮_0,三国演义_人物_蔡夫人_0,亲属,"[{'28': '蔡夫人乃刘琮生母，立其为荆州之主'}, {'29': '母子，蔡夫人抱刘琮大哭。'}]",人物与人物,三国演义
三国演义_人物_陶谦_0,三国演义_物品_陶谦遗表_0,创造,[{'8': '陶谦留下遗表申奏朝廷。'}],人物与物品,三国演义
三国演义_人物_张燕_0,三国演义_组织_黑山贼_0,领导,[{'25': '张燕为黑山贼首领，率众降曹'}],人物与组织,三国演义
三国演义_人物_黄盖_0,三国演义_人物_黄祖_0,对立,[{'5': '黄盖生擒黄祖。'}],人物与人物,三国演义
三国演义_人物_关羽_0,三国演义_人物_曹操_0,上下级,[{'18': '曹操厚待关羽，表封汉寿亭侯，但关羽名义下降汉不降曹。'}],人物与人物,三国演义
三国演义_人物_关羽_0,三国演义_人物_徐晃_0,亲密,[{'19': '徐晃与云长交厚'}],人物与人物,三国演义
三国演义_人物_孙权_0,三国演义_人物_孙登_0,亲属,[{'80': '孙权太子孙登早亡'}],人物与人物,三国演义
三国演义_人物_孙綝_0,三国演义_组织_中营_0,领导,[{'83': '孙綝管辖中营精兵，拨给孟宗'}],人物与组织,三国演义
三国演义_人物_王允_0,三国演义_人物_蔡邕_0,对立,[{'6': '王允因蔡邕哭董卓而将其下狱缢死，不听众人劝阻。'}],人物与人物,三国演义
三国演义_人物_刘备_0,三国演义_物品_羊酒_0,持有,[{'23': '土人奉献羊酒，刘备聚饮于沙滩'}],人物与物品,三国演义
三国演义_组织_曹操军_0,三国演义_组织_朝廷_0,支配,[{'28': '曹操以丞相兼之，以朝廷为名指挥曹军'}],组织与组织,三国演义
三国演义_人物_邓艾_0,三国演义_人物_钟会_0,对立,"[{'86': '邓艾与钟会不和，互相猜忌争功，邓艾怀怒，钟会视其为庸才，最终钟会受命收捕邓艾。'}, {'87': '钟会以鞭挞邓艾之首并辱骂，将其收押。'}]",人物与人物,三国演义
三国演义_人物_娄子伯_0,三国演义_地点_京兆_0,出身,[{'41': '娄子伯乃京兆人也。'}],人物与地点,三国演义
三国演义_人物_曹操_0,三国演义_人物_金祎_0,对立,[{'50': '金祎与耿纪等合谋杀王必、讨曹操，事败被杀。'}],人物与人物,三国演义
三国演义_人物_曹睿_0,三国演义_人物_郭夫人_0,亲密,[{'78': '曹睿宠幸郭夫人，每日取乐，后立为皇后'}],人物与人物,三国演义
三国演义_人物_关羽_0,三国演义_物品_锦袍_2,持有,[{'19': '曹操赠锦袍，关公用青龙刀尖挑披于身上'}],人物与物品,三国演义
三国演义_人物_诸葛瞻_0,三国演义_人物_邓艾_0,对立,[{'86': '邓艾与诸葛瞻在绵竹交战，邓艾写信招降被拒，围困诸葛瞻，诸葛瞻自刎而死。'}],人物与人物,三国演义
三国演义_地点_南郡_0,三国演义_地点_江陵_0,隶属,[{'36': '江陵是南郡辖下城池'}],地点与地点,三国演义
三国演义_人物_曹休_0,三国演义_人物_陆逊_0,对立,[{'71': '陆逊在石亭大破曹休，魏军大败'}],人物与人物,三国演义
三国演义_人物_曹操_0,三国演义_人物_袁术_0,对立,"[{'15': '曹操称袁术为冢中枯骨，早晚必擒。'}, {'31': '同上，袁术被曹操所灭。'}]",人物与人物,三国演义
三国演义_人物_李乐_0,三国演义_人物_董承_0,对立,[{'9': '李乐不从董承奉驾还洛阳之议，后欲劫驾'}],人物与人物,三国演义
三国演义_人物_诸葛亮_0,三国演义_物品_瑶琴_0,持有,[{'70': '诸葛亮在西城城楼焚香操琴，童子携琴。'}],人物与物品,三国演义
三国演义_人物_孙休_0,三国演义_人物_张布_0,上下级,[{'83': '孙休召张布计议，张布为内应擒杀孙綝'}],人物与人物,三国演义
三国演义_人物_关羽_0,三国演义_人物_廖化_0,合作,[{'19': '廖化杀杜远救二夫人，欲送关公被谢绝'}],人物与人物,三国演义
三国演义_地点_曹寨南门_0,三国演义_地点_曹操寨_0,隶属,[{'50': '曹寨南门是曹营的南门。'}],地点与地点,三国演义
三国演义_人物_关羽_0,三国演义_人物_曹操_0,亲密,[{'35': '因念曹操昔日恩义及见张辽，放走曹操'}],人物与人物,三国演义
三国演义_人物_吕布_0,三国演义_人物_穆顺_0,对立,[{'4': '穆顺迎战吕布，被手起一戟刺于马下。'}],人物与人物,三国演义
三国演义_人物_夏侯惇_0,三国演义_人物_韦晃_0,对立,[{'50': '夏侯惇擒获韦晃，押至市曹斩首。'}],人物与人物,三国演义
三国演义_地点_宣平门_0,三国演义_地点_长安_0,隶属,[{'6': '宣平门是长安城门，献帝在此止乱。'}],地点与地点,三国演义
三国演义_人物_张燕_0,三国演义_地点_北寨_0,守护,[{'25': '张燕守北寨'}],人物与地点,三国演义
三国演义_人物_孟获_0,三国演义_人物_诸葛亮_0,上下级,[{'65': '诸葛亮七擒七纵孟获，最终孟获心服归降，永为洞主。'}],人物与人物,三国演义
三国演义_人物_党均_0,三国演义_人物_邓艾_0,上下级,[{'83': '邓艾令党均赍金珠宝物入蜀结连黄皓'}],人物与人物,三国演义
三国演义_人物_灵帝_0,三国演义_人物_王美人_0,亲属,[{'2': '灵帝宠幸王美人，生皇子协'}],人物与人物,三国演义
三国演义_人物_诸葛亮_0,三国演义_技能_六丁六甲之神_0,掌握,[{'75': '司马懿认为孔明能驱六丁六甲之神'}],人物与技能,三国演义
三国演义_人物_焦彝_0,三国演义_人物_诸葛诞_0,对立,[{'82': '焦彝与蒋班同劝诞决战，诞不从，二人降魏。'}],人物与人物,三国演义
三国演义_人物_紫虚上人_0,三国演义_地点_锦屏山_0,居住,[{'44': '紫虚上人隐居锦屏山'}],人物与地点,三国演义
三国演义_人物_于糜_0,三国演义_人物_孙策_0,对立,[{'11': '孙策战不三合生擒于糜并挟死'}],人物与人物,三国演义
三国演义_人物_庞统_0,三国演义_人物_诸葛亮_0,亲密,"[{'39': '诸葛亮与庞统在江边携手登舟各诉心事，留书荐其投刘备，称其才胜己十倍'}, {'45': '孔明见西方星坠，知庞统命休，大哭；后看书信确认，又大哭。'}]",人物与人物,三国演义
三国演义_人物_关兴_0,三国演义_人物_董禧_0,对立,[{'67': '关兴在接应赵云时遇魏将董禧，一刀斩之'}],人物与人物,三国演义
三国演义_地点_哑泉_0,三国演义_地点_秃龙洞_0,隶属,[{'64': '哑泉位于秃龙洞西北路上，是四毒泉之一。'}],地点与地点,三国演义
三国演义_人物_皇甫嵩_0,三国演义_技能_火攻_0,掌握,[{'1': '皇甫嵩与朱儁议定火攻，纵火烧贼营，大破敌军'}],人物与技能,三国演义
三国演义_人物_曹操_0,三国演义_人物_杨松_0,合作,[{'49': '曹操通过贾诩计策，以金掩心甲和密书贿赂杨松，使其为内应。'}],人物与人物,三国演义
三国演义_人物_刘备_0,三国演义_物品_良马_0,持有,[{'1': '张世平、苏双赠刘备良马五十匹'}],人物与物品,三国演义
三国演义_人物_关羽_0,三国演义_物品_药一帖_0,持有,[{'54': '华佗留药一帖，关公敷疮口'}],人物与物品,三国演义
三国演义_人物_刘繇_0,三国演义_地点_牟平_0,出身,[{'11': '刘繇是东莱牟平人'}],人物与地点,三国演义
三国演义_人物_刘备_0,三国演义_人物_刘琦_0,亲密,[{'28': '刘琦向刘备求救，刘备指点其求计于孔明'}],人物与人物,三国演义
三国演义_人物_司马懿_0,三国演义_人物_张翼_0,对立,[{'73': '张翼引一军力当司马懿，奋力掩杀。'}],人物与人物,三国演义
三国演义_人物_刘丞_0,三国演义_人物_孙綝_0,对立,[{'83': '孙綝拿下刘丞并斩杀'}],人物与人物,三国演义
三国演义_人物_甘宁_0,三国演义_物品_白鹅翎_0,持有,[{'50': '甘宁令百人取白鹅翎插于盔上为号，劫曹营。'}],人物与物品,三国演义
三国演义_人物_王必_0,三国演义_组织_御林军_0,领导,[{'50': '王必受命总督御林军马。'}],人物与组织,三国演义
三国演义_人物_钟会_0,三国演义_物品_白旗_6,持有,[{'85': '钟会立白旗书‘保国安民’，禁妄杀'}],人物与物品,三国演义
三国演义_组织_朝廷_0,三国演义_组织_汉室_0,隶属,[{'6': '朝廷是汉室皇权的行政机构。'}],组织与组织,三国演义
三国演义_人物_孙权_0,三国演义_人物_孙韶_0,上下级,[{'76': '孙权令孙韶与张承出兵广陵取淮阳。'}],人物与人物,三国演义
三国演义_地点_宛城_0,三国演义_组织_黄巾军_0,驻扎,[{'2': '黄巾余党赵弘等聚众据守宛城'}],组织与地点,三国演义
三国演义_人物_汉献帝_0,三国演义_组织_朝廷_0,领导,[{'9': '献帝为汉朝皇帝，统领朝廷'}],人物与组织,三国演义
三国演义_地点_街亭_0,三国演义_地点_陈仓_0,相邻,[{'71': '陈仓正北是街亭'}],地点与地点,三国演义
三国演义_人物_许褚_0,三国演义_组织_虎卫军_0,领导,[{'40': '许褚为虎卫军统领，救曹操登船'}],人物与组织,三国演义
三国演义_人物_袁熙_0,三国演义_人物_袁绍_0,亲属,[{'23': '袁熙为袁绍次子，出守幽州'}],人物与人物,三国演义
三国演义_人物_张飞_0,三国演义_人物_范疆_0,对立,[{'57': '范疆与张达合谋，以短刀刺杀张飞。'}],人物与人物,三国演义
三国演义_人物_刘备_0,三国演义_人物_赵云_0,上下级,"[{'20': '赵云投奔刘备，愿效死力，刘备大喜'}, {'23': '赵云为刘备部将，拼死保护刘备突围'}, {'25': '赵云为刘备部将，随行保护'}, {'26': '赵云是刘备麾下猛将，奉命保护并出战。'}, {'29': '刘备命赵云保护老小，赵云忠心护主。'}, {'30': '赵云为刘备部将'}, {'37': '赵云是刘备部将，奉命护卫入吴。'}, {'42': '赵云为刘备麾下大将，奉命迎接张松并镇守江陵、公安'}, {'47': '赵云谏言将田宅归还百姓，刘备听从。'}, {'52': '刘备赞赵云一身是胆，号虎威将军'}, {'53': '封赵云为五虎大将'}, {'57': '刘备命虎威将军赵云为后应，兼督粮草。'}, {'59': '赵云为蜀汉将领，奋勇冲杀救出被困的刘备。'}]",人物与人物,三国演义
三国演义_人物_张梁_0,三国演义_组织_黄巾军_0,领导,[{'2': '张梁统张角之众与皇甫嵩相拒'}],人物与组织,三国演义
三国演义_人物_曹操_0,三国演义_物品_七宝刀_0,持有,[{'3': '曹操从王允处借得七宝刀，用于行刺董卓。'}],人物与物品,三国演义
三国演义_人物_曹操_0,三国演义_人物_辛毗_0,上下级,[{'24': '曹操收用辛毗，命为从事参与军事。'}],人物与人物,三国演义
三国演义_人物_汉献帝_0,三国演义_组织_汉室_0,领导,[{'48': '献帝为汉朝皇帝，领导汉室，原文‘献帝正与伏后共坐’'}],人物与组织,三国演义
三国演义_人物_关平_0,三国演义_人物_刘备_0,上下级,[{'44': '关平随刘备出战，捉拿杨怀、高沛'}],人物与人物,三国演义
三国演义_人物_丁奉_0,三国演义_物品_短刀_1,持有,[{'80': '丁奉令众军止带短刀，上岸砍杀'}],人物与物品,三国演义
三国演义_人物_何晏_0,三国演义_人物_曹爽_0,上下级,"[{'79': '何晏是曹爽门客，劝曹爽提防司马懿并夺其权，曹爽信任何晏。'}, {'80': '何晏为曹爽心腹，同谋篡逆'}]",人物与人物,三国演义
三国演义_人物_凌统_0,三国演义_人物_孙权_0,上下级,"[{'28': '孙权劝住凌统报仇，加封其为承烈都尉'}, {'49': '凌统保护孙权死战，孙权重赏凌统。'}, {'57': '孙权命凌统为合后拒蜀。'}]",人物与人物,三国演义
三国演义_人物_冯方女_0,三国演义_人物_袁术_0,亲属,[{'13': '袁术立冯方女为皇后。'}],人物与人物,三国演义
三国演义_人物_杜预_0,三国演义_地点_襄阳_0,守护,[{'88': '杜预受命在襄阳抚民养兵，准备伐吴'}],人物与地点,三国演义
三国演义_人物_孙綝_0,三国演义_人物_王惇_0,对立,[{'82': '孙綝杀将军王惇。'}],人物与人物,三国演义
三国演义_人物_司马懿_0,三国演义_人物_张郃_0,上下级,"[{'70': '司马懿任都督，令张郃为先锋，指挥其作战。'}, {'72': '司马懿分付张郃'}, {'73': '司马懿引兵到长安，令张郃为先锋，统领前军。'}, {'75': '司马懿任张郃为先锋，总督大军'}]",人物与人物,三国演义
三国演义_人物_关羽_0,三国演义_人物_关平_0,亲属,"[{'20': '关平拜关公为父，关公收为义子'}, {'45': '关平是云长之子，奉命往荆州请诸葛亮，后辅佐云长守荆州。'}, {'48': '关平是关羽之子，原文‘只教吾儿选快船十只’'}, {'54': '关平是关公之子，随父征战'}, {'55': '关公与关平为父子，关平随父突围，同遇害'}]",人物与人物,三国演义
三国演义_人物_卞喜_0,三国演义_地点_汜水关_0,守护,[{'19': '卞喜为汜水关守将'}],人物与地点,三国演义
三国演义_人物_杨松_0,三国演义_人物_黄权_0,合作,[{'46': '黄权先见杨松，以唇齿利害和二十州相酬说服其引见张鲁'}],人物与人物,三国演义
三国演义_人物_曹爽_0,三国演义_人物_曹训_0,亲属,"[{'79': '曹训是曹爽之弟，为武卫将军。'}, {'80': '曹爽其弟曹训一同被诛杀'}]",人物与人物,三国演义
三国演义_人物_祢衡_0,三国演义_技能_渔阳三挝_0,掌握,[{'17': '祢衡击鼓奏《渔阳三挝》，音节殊妙'}],人物与技能,三国演义
三国演义_人物_孙权_0,三国演义_人物_孙策_0,亲属,"[{'11': '孙策是孙权之兄'}, {'21': '孙策之弟，临终将江东基业托付给孙权。'}, {'72': '孙权之兄'}]",人物与人物,三国演义
三国演义_人物_孙皓_0,三国演义_人物_张悌_0,上下级,[{'88': '孙皓令张悌为丞相领兵迎敌'}],人物与人物,三国演义
三国演义_地点_渭滨_0,三国演义_组织_曹操军_0,驻扎,[{'76': '司马懿率魏军于渭滨下寨。'}],组织与地点,三国演义
三国演义_地点_西羌_0,三国演义_组织_刘备军_0,对抗,[{'69': '西羌铁车兵直扣西平关，与蜀军交战'}],组织与组织,三国演义
三国演义_地点_北原_0,三国演义_组织_曹操军_0,驻扎,[{'76': '郭淮、孙礼奉司马懿命于北原下寨。'}],组织与地点,三国演义
三国演义_人物_姜维_0,三国演义_物品_密书_0,持有,[{'83': '姜维受诸葛武侯所传密书，记载阵法变法三百六十五样'}],人物与物品,三国演义
三国演义_人物_申仪_0,三国演义_地点_金城_0,守护,[{'69': '申仪为金城太守，镇守金城'}],人物与地点,三国演义
三国演义_人物_刘备_0,三国演义_物品_免死旗_0,持有,[{'44': '玄德立起免死旗，不许杀害降兵'}],人物与物品,三国演义
三国演义_人物_公孙瓒_0,三国演义_人物_刘备_0,亲密,"[{'1': '刘备与公孙瓒为友'}, {'4': '公孙瓒与刘备自幼同舍，路经平原县邀其同往讨董。'}]",人物与人物,三国演义
三国演义_人物_王子服_0,三国演义_人物_董承_0,合作,"[{'15': '王子服发现密诏后愿助董承，共同在义状上签名。'}, {'17': '王子服参与董承衣带诏密谋，共图除曹操'}]",人物与人物,三国演义
三国演义_地点_东吴_0,三国演义_组织_东吴军_0,隶属,[{'34': '南军为江东军队，隶属于东吴势力。'}],组织与组织,三国演义
三国演义_人物_胡烈_0,三国演义_物品_密书_0,创造,[{'87': '胡烈写密书告知其子胡渊钟会谋反。'}],人物与物品,三国演义
三国演义_人物_姜维_0,三国演义_人物_诸葛亮_0,上下级,"[{'75': '孔明令姜维伏兵、护车'}, {'78': '孔明以姜维为辅，令其次于魏延之后'}]",人物与人物,三国演义
三国演义_人物_鲁肃_0,三国演义_地点_曲阿_0,居住,[{'21': '鲁肃寓居曲阿。'}],人物与地点,三国演义
三国演义_人物_张梁_0,三国演义_人物_朱儁_0,对立,[{'1': '张梁与朱儁在颍川对垒交战'}],人物与人物,三国演义
三国演义_人物_刘巴_0,三国演义_地点_益州_0,归属,[{'44': '刘巴为刘璋部下'}],人物与组织,三国演义
三国演义_人物_刘琮_0,三国演义_人物_蔡瑁_0,上下级,[{'28': '蔡瑁假写遗嘱立刘琮为主，分领荆州之兵辅佐之'}],人物与人物,三国演义
三国演义_人物_张郃_0,三国演义_人物_魏延_0,对立,"[{'70': '张郃与魏延交战，回军诱敌，后三路合围魏延。'}, {'75': '魏延与张郃多次交战，诈败引诱张郃'}]",人物与人物,三国演义
三国演义_人物_周瑜_0,三国演义_人物_诸葛亮_0,合作,[{'31': '周瑜请诸葛亮助一臂之力同破曹操，诸葛亮应允。'}],人物与人物,三国演义
三国演义_人物_蔡林_0,三国演义_组织_曹操军_0,归属,[{'80': '蔡林率部投魏'}],人物与组织,三国演义
三国演义_人物_关羽_0,三国演义_地点_河东解良_0,出身,"[{'54': ""关公自称'吾乃解良一武夫'""}]",人物与地点,三国演义
三国演义_人物_张绣_0,三国演义_组织_张绣军_0,领导,[{'12': '张绣统领宛城军'}],人物与组织,三国演义
三国演义_人物_姜维_0,三国演义_技能_连弩之法_0,掌握,"[{'77': '姜维接受诸葛亮传授的连弩图本，可依法造用。'}, {'80': '姜维使用武侯所传连弩之法，一弩发十矢'}]",人物与技能,三国演义
三国演义_人物_袁绍_0,三国演义_人物_逢纪_0,上下级,"[{'5': '逢纪为袁绍谋士，献计取冀州。'}, {'23': '逢纪为袁绍谋士，向辅袁尚'}]",人物与人物,三国演义
三国演义_人物_曹丕_0,三国演义_人物_许褚_0,上下级,[{'56': '许褚领虎卫军三千至临淄擒曹植等。'}],人物与人物,三国演义
三国演义_人物_吕布_0,三国演义_人物_成廉_0,上下级,[{'8': '成廉为吕布从将，被乐进射死。'}],人物与人物,三国演义
三国演义_人物_曹睿_0,三国演义_人物_马钧_0,上下级,[{'78': '曹睿命马钧监造宫殿高台，拆取铜人'}],人物与人物,三国演义
三国演义_人物_夏侯惇_0,三国演义_人物_李典_0,上下级,[{'28': '夏侯惇为都督，李典为副将，谏防火攻不听'}],人物与人物,三国演义
三国演义_人物_姜维_0,三国演义_物品_五方旗帜_0,持有,[{'82': '姜维令哨马出哨时按青黄赤白黑五方旗帜更换衣甲旗号。'}],人物与物品,三国演义
三国演义_人物_诸葛亮_0,三国演义_物品_宝贝_1,持有,[{'72': '孔明将宝贝入吴'}],人物与物品,三国演义
三国演义_人物_诸葛亮_0,三国演义_地点_五丈原_0,守护,[{'77': '诸葛亮自引一军屯于五丈原，与司马懿对峙。'}],人物与地点,三国演义
三国演义_人物_张飞_0,三国演义_地点_巴西_0,守护,[{'50': '张飞守把巴西。'}],人物与地点,三国演义
三国演义_人物_刘琮_0,三国演义_人物_曹操_0,对立,[{'29': '曹操命于禁追杀刘琮，致其母子身亡。'}],人物与人物,三国演义
三国演义_人物_刘封_0,三国演义_人物_诸葛亮_0,上下级,"[{'28': '诸葛亮令刘封预备引火之物于博望坡后放火'}, {'52': '诸葛亮遣刘封领兵于险要处立旌旗'}]",人物与人物,三国演义
三国演义_人物_刘备_0,三国演义_人物_张苞_0,亲属,[{'58': '张苞为张飞之子，刘备以贤侄相称，叔侄关系'}],人物与人物,三国演义
三国演义_人物_吕布_0,三国演义_人物_宋宪_0,上下级,"[{'12': '宋宪为吕布部将'}, {'14': '宋宪为吕布部将，保护妻小，后与侯成合谋擒布'}]",人物与人物,三国演义
三国演义_人物_曹爽_0,三国演义_物品_金银器皿_0,持有,[{'79': '曹爽建造重楼画阁，用巧匠造金银器皿，昼夜工作。'}],人物与物品,三国演义
三国演义_人物_孙坚_0,三国演义_地点_东吴_0,居住,[{'5': '孙坚以江东为根据地，引军回江东。'}],人物与地点,三国演义
三国演义_人物_刘备_0,三国演义_地点_盱眙_0,守护,[{'10': '刘备与纪灵会兵于盱眙，依山下寨镇守。'}],人物与地点,三国演义
三国演义_人物_庞德_0,三国演义_人物_董衡_0,对立,[{'53': '董衡劝降，庞德怒斩之'}],人物与人物,三国演义
三国演义_人物_何曼_0,三国演义_人物_曹洪_0,对立,[{'8': '曹洪用拖刀背砍计杀死何曼。'}],人物与人物,三国演义
三国演义_人物_黄劭_0,三国演义_组织_黄巾军_0,归属,[{'8': '黄劭是黄巾余党，与何仪一起劫掠。'}],人物与组织,三国演义
三国演义_地点_葛陂_0,三国演义_地点_葛陂坞_0,隶属,[{'8': '葛陂坞在葛陂，许褚筑坞以御寇。'}],地点与地点,三国演义
三国演义_人物_杨柏_0,三国演义_人物_马超_0,对立,"[{'46': '杨柏谏阻张鲁招马超为婿，马超大怒欲杀杨柏'}, {'47': '马超归降刘备前斩杀监军杨柏。'}]",人物与人物,三国演义
三国演义_人物_孙和_0,三国演义_人物_孙权_0,亲属,[{'80': '孙权立孙和为太子，后废之'}],人物与人物,三国演义
三国演义_人物_关羽_0,三国演义_地点_荆州_0,守护,"[{'48': '关羽镇守荆州，原文‘关云长单刀赴会’‘镇守荆州’'}, {'54': '关公镇守荆州'}, {'55': '关公镇守荆州，被吕蒙袭取后失陷'}]",人物与地点,三国演义
三国演义_地点_东吴_0,三国演义_地点_夏口_0,驻扎,[{'28': '东吴命甘宁领兵镇守夏口'}],组织与地点,三国演义
三国演义_人物_蔡林_0,三国演义_人物_诸葛恪_0,对立,[{'80': '都督蔡林率部投魏'}],人物与人物,三国演义
三国演义_地点_定军山_0,三国演义_地点_对山_0,相邻,[{'52': '对山位于定军山西，可俯视定军山'}],地点与地点,三国演义
三国演义_人物_邓芝_0,三国演义_组织_刘备军_0,归属,[{'67': '邓芝是蜀将，随赵云出兵'}],人物与组织,三国演义
三国演义_人物_司马懿_0,三国演义_人物_曹睿_0,上下级,"[{'66': '曹睿即位后封司马懿为骠骑大将军，提督雍、凉等处兵马，后又因反间计将其削职回乡。'}, {'69': '曹睿下诏复司马懿官职，加为平西都督，命其破蜀'}, {'70': '魏主曹睿令司马懿一同征进，后封赏其功。'}, {'71': '曹睿从司马懿之议，加郝昭为镇西将军'}, {'72': '魏主封司马懿为大都督'}, {'75': '魏主曹睿召司马懿商议伐蜀，命其出师御敌'}, {'76': '魏主曹睿命司马懿为大都督，赐手诏令其御蜀。'}, {'77': '司马懿为魏国大都督，受魏主曹睿诏命坚守。'}, {'78': '曹睿封司马懿为太尉，总督军马'}, {'79': '曹睿病危时托孤于司马懿，命其辅佐幼子曹芳。'}]",人物与人物,三国演义
三国演义_人物_吴国太_0,三国演义_人物_周瑜_0,对立,[{'37': '吴国太痛骂周瑜以女儿为名设美人计，误其女儿终身。'}],人物与人物,三国演义
三国演义_人物_曹爽_0,三国演义_组织_御林军_0,领导,[{'79': '曹爽引三弟及心腹率领御林军护驾出城谒高平陵。'}],人物与组织,三国演义
三国演义_人物_刘备_0,三国演义_组织_刘备军_0,领导,"[{'12': '刘备统领本部军'}, {'16': '刘备为徐州牧，统领关羽张飞等部将'}, {'31': '刘备是刘备军之主（刘豫州）。'}, {'39': '刘备为刘备军之主，统领军队'}]",人物与组织,三国演义
三国演义_人物_庞统_0,三国演义_地点_荆州_0,居住,[{'39': '庞统投刘备后在荆州任副军师，居住于荆州'}],人物与地点,三国演义
三国演义_人物_刘备_0,三国演义_人物_吕布_0,合作,[{'11': '吕布迎刘备还屯小沛，送还家眷及粮米缎匹，两家和好'}],人物与人物,三国演义
三国演义_人物_司马师_0,三国演义_人物_曹芳_0,对立,[{'81': '司马师废曹芳为齐王，绞死张皇后'}],人物与人物,三国演义
三国演义_人物_文钦_0,三国演义_人物_毋丘俭_0,合作,[{'81': '毋丘俭与文钦歃血为盟，共同起兵讨司马师'}],人物与人物,三国演义
三国演义_人物_周瑜_0,三国演义_人物_曹操_0,对立,"[{'31': '周瑜被诸葛亮以《铜雀台赋》激怒，大骂曹操“老贼欺吾太甚”，誓不两立。'}, {'32': '周瑜毁书斩使，两军在三国口交战'}, {'34': '曹操在宴会上遥指南岸，称周瑜不识天时，视其为敌。'}]",人物与人物,三国演义
三国演义_人物_司马昭_0,三国演义_物品_印绶_0,持有,[{'82': '司马昭遣使持节加邓艾官爵，赐印绶。'}],人物与物品,三国演义
三国演义_人物_吕凯_0,三国演义_人物_诸葛亮_0,上下级,[{'62': '孔明用吕凯为行军教授兼向导官'}],人物与人物,三国演义
三国演义_人物_张飞_0,三国演义_物品_丈八蛇矛_0,创造,[{'1': '张飞命良匠打造丈八点钢矛'}],人物与物品,三国演义
三国演义_人物_李傕_0,三国演义_组织_董卓余党_0,归属,[{'7': '李傕为董卓余党，与郭汜盘踞于内'}],人物与组织,三国演义
三国演义_人物_夏侯楙_0,三国演义_地点_安长_0,守护,[{'67': '夏侯楙奉曹睿命镇守长安（安长）'}],人物与地点,三国演义
三国演义_人物_诸葛亮_0,三国演义_人物_刘禅_0,上下级,"[{'74': '后主下诏宣孔明班师，孔明虽叹惜却奉命而退。'}, {'77': '诸葛亮上表奏报，临终遗表劝谏，后主遣李福问安。'}]",人物与人物,三国演义
三国演义_人物_邓艾_0,三国演义_人物_郑伦_0,上下级,[{'83': '邓艾令郑伦为先锋引掘子军'}],人物与人物,三国演义
三国演义_地点_东吴_0,三国演义_地点_鄱阳湖_0,驻扎,[{'28': '周瑜日于鄱阳湖教练水军'}],组织与地点,三国演义
三国演义_组织_曹操军_0,三国演义_组织_水军_0,隶属,[{'34': '水军为曹操的水上部队，属于曹军的一部分。'}],组织与组织,三国演义
三国演义_人物_刘禅_0,三国演义_人物_李严_0,上下级,[{'75': '后主听奏，将李严贬为庶人'}],人物与人物,三国演义
三国演义_人物_王平_0,三国演义_组织_刘备军_0,归属,[{'67': '王平是蜀将，生擒夏侯楙'}],人物与组织,三国演义
三国演义_人物_张飞_0,三国演义_组织_刘备军_0,归属,[{'51': '张飞为蜀汉大将，统帅蜀兵。'}],人物与组织,三国演义
三国演义_人物_姜维_0,三国演义_地点_汉中_0,守护,"[{'80': '姜维屯兵汉中，准备北伐'}, {'84': '姜维引兵还汉中，连夜修栈道。'}]",人物与地点,三国演义
三国演义_人物_吕伯奢_0,三国演义_人物_曹操_0,对立,[{'3': '曹操因怀疑吕伯奢告密而将其杀害。'}],人物与人物,三国演义
三国演义_人物_诸葛亮_0,三国演义_技能_疑兵计_0,掌握,[{'52': '诸葛亮用疑兵计，夜放号炮擂鼓惊扰曹军'}],人物与技能,三国演义
三国演义_人物_马腾_0,三国演义_组织_西凉兵_0,领导,"[{'6': '马腾为西凉太守，统领西凉兵讨伐李傕。'}, {'17': '马腾结连韩遂，起西凉军七十二万'}, {'39': '马腾为西凉军统帅，领兵入许昌'}]",人物与组织,三国演义
三国演义_人物_关羽_0,三国演义_人物_马超_0,对立,[{'47': '关羽听闻马超武艺过人，欲入川与之比试，被诸葛亮劝阻。'}],人物与人物,三国演义
三国演义_人物_关羽_0,三国演义_人物_车胄_0,对立,[{'15': '关羽设计赚开城门，斩杀车胄。'}],人物与人物,三国演义
三国演义_人物_曹操_0,三国演义_人物_贾诩_0,上下级,"[{'17': '贾诩随张绣投降，被封为执金吾使'}, {'24': '曹操任命贾诩为太守守黎阳。'}, {'41': '贾诩是曹操谋士，献反间计助曹操破韩遂、马超。'}, {'50': '曹操问贾诩立嗣之事，贾诩以袁本初、刘景升父子对。'}]",人物与人物,三国演义
三国演义_地点_斜谷_0,三国演义_地点_祁山_0,连通,"[{'71': '从小径出斜谷可望祁山进发'}, {'74': '曹真屯兵于祁山之西斜谷口，诸葛亮分兵出斜谷取祁山。'}]",地点与地点,三国演义
三国演义_人物_典韦_0,三国演义_人物_曹操_0,上下级,"[{'6': '曹操见典韦勇力过人，解锦袄及骏马雕鞍赐之，命为帐前都尉。'}, {'7': '典韦冒箭飞戟救曹操'}, {'8': '曹操重赏典韦，加为领军都尉。'}, {'12': '典韦为曹操宿卫亲将'}, {'13': '曹操思慕典韦，立祀祭之，设奠吊慰。'}]",人物与人物,三国演义
三国演义_人物_孟达_0,三国演义_人物_张松_0,亲密,[{'42': '张松与孟达为心腹契友，共谋献益州给刘备'}],人物与人物,三国演义
三国演义_人物_刘备_0,三国演义_人物_曹操_0,对立,"[{'7': '曹操因刘备写信劝和及助陶谦而怒，后因吕布袭兖州退兵'}, {'10': '曹操用二虎竞食和驱虎吞狼之计，欲使刘备与吕布、袁术相斗，从中取利。'}, {'15': '刘备参与衣带诏密谋，暗中图谋曹操；后脱离曹操控制。'}, {'16': '曹操怀疑刘备反叛，遣刘岱王忠率军攻刘备'}, {'23': '刘备奉衣带诏讨伐曹操，对阵交战'}, {'26': '曹操常有取荆州之心，视刘备为眼中钉。'}, {'30': '曹操平生所恶者之一为刘豫州，诸葛亮称曹操为汉贼'}, {'34': '曹操指夏口称刘备如蝼蚁撼泰山，视其为敌。'}, {'38': '曹操闻刘备得荆州大惊，视其为困龙入海'}, {'42': '曹操北有鲸吞之意，刘备与之敌对'}, {'48': '曹操视刘备为敌，欲收吴灭蜀，原文‘孙权、刘备各霸一方，不尊朝廷’'}, {'53': '曹操怒刘备自立汉中王，誓灭之'}]",人物与人物,三国演义
三国演义_人物_袁绍_0,三国演义_人物_陈琳_0,上下级,[{'16': '陈琳避难冀州，袁绍用为记室，命其草檄'}],人物与人物,三国演义
三国演义_人物_于吉_0,三国演义_人物_孙策_0,对立,[{'21': '孙策将于吉视为妖人，怒斩之。'}],人物与人物,三国演义
三国演义_人物_韩玄_0,三国演义_人物_魏延_0,对立,[{'36': '魏延因韩玄欲斩黄忠，挥刀杀韩玄，救黄忠，率百姓投关羽'}],人物与人物,三国演义
三国演义_人物_审配_0,三国演义_组织_袁尚军_0,归属,[{'24': '审配是袁尚谋士，效力于袁尚麾下。'}],人物与组织,三国演义
三国演义_人物_丁仪_0,三国演义_人物_曹植_0,亲密,[{'56': '曹植与丁仪、丁廙酣饮，丁仪为曹植抱不平骂来使。'}],人物与人物,三国演义
三国演义_人物_孙坚_0,三国演义_人物_黄盖_0,上下级,"[{'4': '黄盖为孙坚部将，使铁鞭。'}, {'5': '黄盖为孙坚部将，生擒黄祖。'}, {'33': '黄盖曾随孙坚纵横东南，历经三世'}]",人物与人物,三国演义
三国演义_人物_诸葛亮_0,三国演义_物品_十万枝箭_0,持有,[{'33': '孔明用草船借箭从曹军处获得十余万枝箭'}],人物与物品,三国演义
三国演义_地点_新城_0,三国演义_组织_曹操军_0,驻扎,[{'69': '新城为魏国属城，孟达镇守，后有魏军驻扎'}],组织与地点,三国演义
三国演义_人物_曹操_0,三国演义_物品_佩刀_0,持有,[{'40': '曹操掣所佩刀割断长髯以避追兵'}],人物与物品,三国演义
三国演义_人物_刘备_0,三国演义_地点_葭萌关_0,守护,"[{'43': '刘备引兵拒张鲁于葭萌关，驻守在此并广施恩惠'}, {'44': '玄德在葭萌关日久，甚得民心'}]",人物与地点,三国演义
三国演义_人物_崔谅_0,三国演义_组织_曹操军_0,归属,[{'67': '崔谅是魏安定太守'}],人物与组织,三国演义
三国演义_人物_曹操_0,三国演义_人物_韩嵩_0,上下级,"[{'17': '曹操拜韩嵩为侍中、领零陵太守'}, {'29': '曹操释韩嵩之囚，加为大鸿胪。'}]",人物与人物,三国演义
三国演义_人物_王濬_0,三国演义_组织_晋_0,归属,[{'88': '王濬为晋益州刺史、龙骧将军，率兵伐吴'}],人物与组织,三国演义
三国演义_地点_吴郡_0,三国演义_地点_嘉兴_0,隶属,[{'11': '严白虎遣部将守住嘉兴，属吴郡'}],地点与地点,三国演义
三国演义_人物_周泰_0,三国演义_人物_孙权_0,合作,[{'11': '周泰与孙权共守宣城，遇山贼时赤体步行救出孙权'}],人物与人物,三国演义
三国演义_人物_司马懿_0,三国演义_人物_钟繇_0,合作,[{'69': '钟繇以全家保举司马懿，称其能制诸葛亮'}],人物与人物,三国演义
三国演义_人物_刘备_0,三国演义_地点_益州_0,守护,[{'49': '刘备占据西川，令西川百姓惊恐曹操来取。'}],人物与地点,三国演义
三国演义_人物_伏德_0,三国演义_物品_白绢_1,持有,[{'9': '伏德于乱军中拾得白绢十数匹，用于拽辇渡河'}],人物与物品,三国演义
三国演义_人物_刘璝_0,三国演义_地点_益州_0,归属,[{'44': '刘璝为刘璋部将'}],人物与组织,三国演义
三国演义_人物_吕布_0,三国演义_人物_臧霸_0,上下级,"[{'7': '臧霸为吕布帐下健将，出马搦战乐进'}, {'8': '臧霸从西巷转出夹攻曹操。'}]",人物与人物,三国演义
三国演义_人物_刘备_0,三国演义_人物_刘璋_0,亲属,"[{'38': '孔明说益州刘璋是我主人之弟，同是汉朝骨肉'}, {'42': '刘备与刘璋为同宗兄弟，叙宗族之情'}, {'43': '刘璋与刘备为同宗兄弟，宴席上称‘吾兄弟’‘同宗骨血’'}]",人物与人物,三国演义
三国演义_人物_夏侯惇_0,三国演义_人物_曹操_0,亲属,[{'4': '夏侯惇与曹操同族，引壮士千人来会。'}],人物与人物,三国演义
三国演义_人物_董承_0,三国演义_物品_义状_0,创造,[{'15': '董承取白绢先书名画字，与众人立义状。'}],人物与物品,三国演义
三国演义_地点_梓潼山_0,三国演义_地点_苍溪_0,连通,[{'51': '从苍溪经梓潼山可入汉中。'}],地点与地点,三国演义
三国演义_人物_袁绍_0,三国演义_人物_郭图_0,上下级,[{'16': '郭图为袁绍谋士，主张起兵并建议驰檄各郡'}],人物与人物,三国演义
三国演义_人物_陆抗_0,三国演义_组织_吴军_0,归属,"[{'87': '陆抗被任为镇东大将军、荆州牧，守江口，归属吴国。'}, {'88': '陆抗为吴镇东将军，后被罢兵权'}]",人物与组织,三国演义
三国演义_人物_刘备_0,三国演义_组织_吴军_0,对抗,[{'59': '刘备率蜀军伐吴，与东吴交战。'}],人物与组织,三国演义
三国演义_人物_孙权_0,三国演义_组织_吴军_0,领导,"[{'53': '孙权为吴侯，领导东吴'}, {'58': '孙权为吴王，拜将调兵，主宰东吴'}, {'59': '孙权是东吴君主，统领吴国。'}, {'72': '孙权是吴王，后即帝位'}, {'79': '孙权是吴国君主，遣使赴辽东封公孙渊为燕王。'}]",人物与组织,三国演义
三国演义_地点_东吴_0,三国演义_地点_荆州_0,驻扎,[{'54': '吕蒙袭取荆州后，东吴控制荆州'}],组织与地点,三国演义
三国演义_人物_孙礼_0,三国演义_地点_郿城_0,守护,[{'73': '司马懿令孙礼守把郿城。'}],人物与地点,三国演义
三国演义_人物_糜芳_0,三国演义_地点_南郡_0,守护,[{'53': '被罚守南郡'}],人物与地点,三国演义
三国演义_人物_甄氏_0,三国演义_人物_袁熙_0,亲属,[{'25': '夫妻关系，甄氏为袁熙之妻'}],人物与人物,三国演义
三国演义_人物_曹训_0,三国演义_组织_御林军_0,领导,[{'79': '曹训为武卫将军，引三千御林军。'}],人物与组织,三国演义
三国演义_人物_孙权_0,三国演义_人物_张辽_0,对立,[{'36': '张辽专搦孙权决战，追杀孙权，折其护卫宋谦'}],人物与人物,三国演义
三国演义_人物_孙权_0,三国演义_人物_诸葛亮_0,合作,[{'30': '诸葛亮以激将法促使孙权下定决心联合刘备抗曹'}],人物与人物,三国演义
三国演义_人物_李傕_0,三国演义_人物_王允_0,对立,[{'6': '李傕为董卓报仇，率军攻入长安，逼死王允。'}],人物与人物,三国演义
三国演义_人物_张飞_0,三国演义_人物_雷铜_0,上下级,"[{'50': '张飞与雷铜同守巴西，雷铜为副将。'}, {'51': '雷铜受张飞调遣，一起埋伏迎战张郃。'}]",人物与人物,三国演义
三国演义_人物_尹奉_0,三国演义_人物_马超_0,对立,[{'46': '尹奉与姜叙合兵讨马超，全家被马超所杀'}],人物与人物,三国演义
三国演义_人物_姜维_0,三国演义_人物_尹赏_0,亲密,[{'68': '姜维与尹赏交厚，写密书约其为内应。'}],人物与人物,三国演义
三国演义_人物_甘宁_0,三国演义_物品_黄祖首级_0,持有,[{'28': '甘宁枭黄祖首级，回见孙权'}],人物与物品,三国演义
三国演义_人物_曹丕_0,三国演义_人物_曹操_0,亲属,"[{'24': '曹丕是曹操长子，随军在冀州。'}, {'25': '父子关系，曹操为父'}, {'50': '曹操立长子曹丕为王世子。'}, {'55': '曹操遗命立长子曹丕为嗣，继承王位'}]",人物与人物,三国演义
三国演义_人物_阚泽_0,三国演义_人物_黄盖_0,亲密,[{'33': '黄盖视阚泽为心腹，告以苦肉计并托其献诈降书'}],人物与人物,三国演义
三国演义_人物_马元义_0,三国演义_物品_金帛_2,持有,[{'1': '马元义暗赍金帛，用以结交封谞'}],人物与物品,三国演义
三国演义_人物_少帝_0,三国演义_人物_崔毅_0,合作,[{'3': '崔毅在北邙山庄救护少帝，进献酒食。'}],人物与人物,三国演义
三国演义_人物_徐晃_0,三国演义_人物_曹操_0,上下级,"[{'10': '徐晃归曹操，被任命为校尉。'}, {'24': '徐晃是曹操大将，奉命出战斩汪昭、生擒审配。'}, {'40': '徐晃献计暗渡蒲阪津，曹操采纳'}, {'41': '曹操密令徐晃渡河西结营，前后夹攻马超。'}, {'54': '曹操拨精兵五万，令徐晃为将克日起兵'}]",人物与人物,三国演义
三国演义_人物_马休_0,三国演义_人物_马腾_0,亲属,[{'39': '马腾与马休为父子，马休随父入许昌为前部，被乱箭射死'}],人物与人物,三国演义
三国演义_人物_孙休_0,三国演义_人物_魏邈_0,上下级,[{'83': '魏邈密奏孙休孙綝将变，参与掌外事'}],人物与人物,三国演义
三国演义_人物_胡华_0,三国演义_人物_胡班_0,亲属,[{'19': '胡华是胡班之父，寄书信与子'}],人物与人物,三国演义
三国演义_人物_杨大将_0,三国演义_人物_袁术_0,上下级,[{'12': '杨大将为袁术部将，献计攻刘备'}],人物与人物,三国演义
三国演义_人物_刘表_0,三国演义_地点_荆州_0,守护,[{'25': '刘表为荆州牧，镇守荆州'}],人物与地点,三国演义
三国演义_地点_汉阳_0,三国演义_地点_襄阳_0,隶属,[{'28': '汉阳为襄阳城东之原，刘表葬于此'}],地点与地点,三国演义
三国演义_人物_曹操_0,三国演义_地点_东郡_0,守护,[{'6': '曹操为东郡太守，后奉命讨贼。'}],人物与地点,三国演义
三国演义_地点_宜都_0,三国演义_组织_刘备军_0,驻扎,[{'57': '蜀兵至宜都下寨。'}],组织与地点,三国演义
三国演义_人物_关羽_0,三国演义_人物_刘备_0,亲密,"[{'13': '刘备与关云长结义兄弟，共守小沛，杀韩暹杨奉。'}, {'14': '结义兄弟，重逢后哭拜于地'}, {'20': '刘备与关公在关定庄重逢，执手啼哭，兄弟情深'}, {'37': '刘备与关羽是结义兄弟，情同手足。'}, {'48': '刘备与关羽桃园结义，誓同生死，原文‘吾与吾兄桃园结义，誓共匡扶汉室’'}, {'55': '桃园结义，誓同生死，闻关公死哭绝于地'}]",人物与人物,三国演义
三国演义_人物_孟达_0,三国演义_人物_霍峻_0,合作,[{'51': '孟达与霍峻同守葭萌关，但战术意见分歧。'}],人物与人物,三国演义
三国演义_人物_辛毗_0,三国演义_物品_印绶_0,持有,[{'24': '辛毗在城外用枪挑袁尚印绶衣服招安城内之人。'}],人物与物品,三国演义
三国演义_人物_曹睿_0,三国演义_人物_王双_1,上下级,[{'71': '曹睿赐王双锦袍金甲，封为虎威将军'}],人物与人物,三国演义
三国演义_人物_曹爽_0,三国演义_人物_曹真_0,亲属,[{'79': '曹爽是曹真之子。'}],人物与人物,三国演义
三国演义_人物_刘封_0,三国演义_人物_刘泌_0,亲属,[{'26': '刘泌是其甥寇封（刘封）的舅父。'}],人物与人物,三国演义
三国演义_人物_公孙瓒_0,三国演义_人物_刘备_0,合作,"[{'5': '刘备率关羽、张飞助公孙瓒战袁绍。'}, {'7': '公孙瓒借马步军二千及赵云给刘备'}]",人物与人物,三国演义
三国演义_人物_全尚_0,三国演义_人物_全纪_0,亲属,[{'83': '全纪受诏归家，密告其父全尚'}],人物与人物,三国演义
三国演义_人物_蒯良_0,三国演义_组织_荆州军_0,归属,[{'5': '蒯良为刘表军谋士。'}],人物与组织,三国演义
三国演义_人物_吕布_0,三国演义_人物_韩胤_0,对立,[{'12': '吕布监禁韩胤，后解赴许都斩首'}],人物与人物,三国演义
三国演义_人物_公孙康_0,三国演义_地点_辽东_0,守护,[{'25': '公孙康为辽东太守，镇守辽东'}],人物与地点,三国演义
三国演义_人物_张飞_0,三国演义_人物_金旋_0,对立,[{'36': '张飞大喝惊退金旋，随后掩杀，金旋逃至城边被射杀'}],人物与人物,三国演义
三国演义_人物_周瑜_0,三国演义_人物_小乔_0,亲属,[{'31': '小乔是周瑜的妻子。'}],人物与人物,三国演义
三国演义_人物_刘备_0,三国演义_物品_西川地理图本_0,持有,[{'45': '刘备取张松所遗图本对照法正所画地图。'}],人物与物品,三国演义
三国演义_人物_荀彧_0,三国演义_组织_曹操军_0,归属,[{'28': '荀彧为曹操谋士，守许昌'}],人物与组织,三国演义
三国演义_人物_曹操_0,三国演义_人物_王必_0,上下级,[{'50': '曹操委王必总督御林军马，屯于许都东华门外。'}],人物与人物,三国演义
三国演义_地点_羌_0,三国演义_组织_刘备军_0,支配,[{'73': '诏书提及孔明降集氏、羌，羌归附蜀汉。'}],组织与组织,三国演义
三国演义_人物_赵云_0,三国演义_地点_箕谷_0,守护,[{'70': '赵云与邓芝引兵出箕谷为疑兵，伏于谷中。'}],人物与地点,三国演义
三国演义_人物_刘备_0,三国演义_人物_吕布_0,合作,[{'9': '刘玄德出迎吕布，设宴相待，安置吕布于小沛'}],人物与人物,三国演义
三国演义_人物_刘备_0,三国演义_人物_黄权_0,上下级,[{'47': '黄权闭门不出，刘备亲自登门请其出仕，黄权感而出任右将军。'}],人物与人物,三国演义
三国演义_人物_诸葛亮_0,三国演义_人物_邓芝_0,上下级,"[{'60': '诸葛亮派邓芝出使东吴，说服孙权'}, {'61': '孔明派邓芝使吴，后又令其入吴答礼'}]",人物与人物,三国演义
三国演义_人物_孙坚_0,三国演义_人物_袁术_0,合作,[{'5': '袁术密遣人遗书孙坚，使伐刘表。'}],人物与人物,三国演义
三国演义_人物_汉献帝_0,三国演义_地点_安邑_0,居住,[{'9': '献帝驾至安邑，居于茅屋中'}],人物与地点,三国演义
三国演义_人物_诸葛亮_0,三国演义_地点_南阳_0,出身,[{'74': '司马懿称诸葛亮为南阳一耕夫，指其早年耕读之地。'}],人物与地点,三国演义
三国演义_人物_关平_0,三国演义_人物_张任_0,对立,[{'45': '关平领生力军截出，杀退张任。'}],人物与人物,三国演义
三国演义_人物_吕布_0,三国演义_物品_带刀_0,持有,[{'6': '吕布拔带刀刺臂出血为誓，决心杀董卓。'}],人物与物品,三国演义
三国演义_地点_金城_0,三国演义_组织_曹操军_0,驻扎,[{'69': '金城为魏国属城，申仪为太守'}],组织与地点,三国演义
三国演义_人物_曹操_0,三国演义_物品_大宛良马_0,持有,[{'12': '曹操坐骑，淯水败时救主'}],人物与物品,三国演义
三国演义_人物_左慈_0,三国演义_人物_许褚_0,对立,[{'50': '许褚奉命引三百铁甲军追擒左慈，射杀群羊。'}],人物与人物,三国演义
三国演义_人物_田氏_0,三国演义_物品_义字白旗_0,持有,[{'8': '田氏令城上插白旗大书义字作为内应暗号。'}],人物与物品,三国演义
三国演义_组织_曹操军_0,三国演义_组织_刘备军_0,对抗,"[{'52': '蜀军与曹军在汉水、定军山等地交战'}, {'68': '蜀汉与曹魏在祁山一带交战。'}, {'69': '蜀汉北伐曹魏，双方交战数次'}]",组织与组织,三国演义
三国演义_地点_东吴_0,三国演义_地点_益州_0,对抗,[{'55': '刘备因关公之死誓报东吴，西蜀与东吴敌对'}],组织与组织,三国演义
三国演义_人物_徐盛_0,三国演义_人物_曹丕_0,对立,[{'61': '徐盛用芦苇假城、火攻大败魏兵，曹丕狼狈逃窜'}],人物与人物,三国演义
三国演义_人物_法正_0,三国演义_人物_黄忠_0,合作,[{'52': '法正助黄忠取定军山，献反客为主、以逸待劳之计'}],人物与人物,三国演义
三国演义_人物_乐进_0,三国演义_人物_甘宁_0,对立,[{'50': '甘宁暗箭射中乐进面门，乐进落马。'}],人物与人物,三国演义
三国演义_人物_刘辟_0,三国演义_人物_高览_0,对立,[{'23': '高览于穰山斩杀刘辟'}],人物与人物,三国演义
三国演义_地点_许田_0,三国演义_地点_许都_0,隶属,[{'15': '许田是许都附近的围猎场，周广二百余里。'}],地点与地点,三国演义
三国演义_人物_霍峻_0,三国演义_地点_枝江_0,出身,[{'44': '霍峻乃南郡枝江人'}],人物与地点,三国演义
三国演义_人物_成济_0,三国演义_物品_戟_0,持有,[{'84': '成济用戟刺死曹髦。'}],人物与物品,三国演义
三国演义_人物_司马懿_0,三国演义_物品_木牛流马_0,创造,[{'76': '司马懿仿造木牛流马，令巧匠依尺寸制造，用于陇西运粮。'}],人物与物品,三国演义
三国演义_人物_关羽_0,三国演义_人物_曹操_0,对立,[{'29': '关羽从汉津截出，曹操大惊退军。'}],人物与人物,三国演义
三国演义_人物_曹操_0,三国演义_地点_摩陂_0,守护,[{'54': '曹操班师后屯兵于摩陂，以候消息'}],人物与地点,三国演义
三国演义_人物_关羽_0,三国演义_人物_张辽_0,亲密,"[{'18': '张辽与关羽有旧交，上山劝降，多次传递消息，彼此信任。'}, {'35': '纵马至华容道劝关羽念旧情放行'}]",人物与人物,三国演义
三国演义_人物_关兴_0,三国演义_物品_青龙偃月刀_0,持有,[{'58': '关兴斩杀潘璋后，夺回父亲的青龙偃月刀'}],人物与物品,三国演义
三国演义_人物_邓忠_0,三国演义_人物_邓艾_0,亲属,"[{'82': '邓忠是邓艾之子，随父出征，在段谷埋伏。'}, {'83': '邓艾唤其子邓忠引兵冲击蜀寨'}, {'85': '邓艾与邓忠为父子，艾命忠守侯河'}, {'86': '邓忠是邓艾之子，随父伐蜀。'}]",人物与人物,三国演义
三国演义_人物_孙权_0,三国演义_物品_双股剑_0,持有,[{'37': '孙权亦掣剑砍石，所佩之剑。'}],人物与物品,三国演义
三国演义_人物_汉献帝_0,三国演义_物品_密诏_1,创造,[{'9': '献帝书写密诏付杨彪以行反间计'}],人物与物品,三国演义
三国演义_人物_刘表_0,三国演义_地点_荆襄_0,守护,[{'23': '刘表坐镇荆襄，兵强粮足'}],人物与地点,三国演义
三国演义_人物_蔡瑁_0,三国演义_人物_黄盖_0,对立,[{'4': '黄盖与蔡瑁交战，挥鞭打中蔡瑁护心镜。'}],人物与人物,三国演义
三国演义_人物_张苞_0,三国演义_组织_刘备军_0,归属,[{'67': '张苞是蜀将，奉诸葛亮命接应赵云'}],人物与组织,三国演义
三国演义_人物_姜维_0,三国演义_人物_蒋舒_0,上下级,"[{'82': '蒋舒是姜维选练之将，颇有胆勇，维甚爱之。'}, {'83': '姜维以蒋舒为右军'}]",人物与人物,三国演义
三国演义_人物_后槽_0,三国演义_人物_戈定_0,合作,[{'36': '戈定与张辽手下养马后槽合谋，欲举火为号刺杀张辽'}],人物与人物,三国演义
三国演义_人物_沮鹄_0,三国演义_人物_袁尚_0,上下级,[{'24': '袁尚发檄使沮鹄守邯郸遥为声援。'}],人物与人物,三国演义
三国演义_人物_诸葛亮_0,三国演义_人物_黄忠_0,上下级,[{'38': '诸葛亮预先埋伏黄忠军马从公安杀出'}],人物与人物,三国演义
三国演义_人物_晏明_0,三国演义_人物_赵云_0,对立,[{'29': '赵云不三合刺死晏明。'}],人物与人物,三国演义
三国演义_人物_牵弘_0,三国演义_人物_邓艾_0,上下级,[{'86': '牵弘奉邓艾之命伏兵，后受封州郡。'}],人物与人物,三国演义
三国演义_人物_夏侯渊_0,三国演义_人物_马超_0,对立,"[{'46': '夏侯渊得曹操军令领军破马超，追击马超'}, {'51': '马超曾与夏侯渊在长安相拒。'}]",人物与人物,三国演义
三国演义_人物_甘宁_0,三国演义_物品_两枝戟_0,持有,[{'49': '甘宁在宴会上两手取两枝戟与凌统相斗。'}],人物与物品,三国演义
三国演义_人物_崔琰_0,三国演义_人物_曹操_0,上下级,[{'25': '曹操召崔琐为本州别驾从事，待为上宾'}],人物与人物,三国演义
三国演义_组织_曹操军_0,三国演义_组织_荆州军_0,隶属,[{'30': '曹操新得荆州之军二三十万，归附曹军'}],组织与组织,三国演义
三国演义_人物_邓艾_0,三国演义_组织_曹操军_0,归属,"[{'83': '邓艾为魏国大将，屯兵祁山'}, {'84': '邓艾是魏国将军，效命于魏。'}, {'85': '邓艾为魏征西将军，归属魏国'}, {'86': '邓艾是魏国征西将军，为魏效力。'}]",人物与组织,三国演义
三国演义_人物_刘备_0,三国演义_物品_印绶_0,持有,[{'2': '刘备取印绶挂于督邮之颈，缴还县尉印绶'}],人物与物品,三国演义
三国演义_人物_曹操_0,三国演义_人物_荀彧_0,对立,[{'43': '荀彧反对曹操加九锡，曹操送空食盒暗示赐死，荀彧服毒自尽'}],人物与人物,三国演义
三国演义_人物_史涣_0,三国演义_人物_袁尚_0,对立,[{'23': '袁尚背射史涣左目，坠马而死'}],人物与人物,三国演义
三国演义_人物_孙策_0,三国演义_人物_虞翻_0,上下级,"[{'11': '孙策拜虞翻为功曹'}, {'21': '孙策使虞翻驰檄豫章。'}]",人物与人物,三国演义
三国演义_人物_孟获_0,三国演义_物品_犀皮甲_0,持有,[{'64': '孟获身穿犀皮甲出战。'}],人物与物品,三国演义
三国演义_组织_刘备军_0,三国演义_组织_袁术军_0,对抗,[{'12': '袁术遣纪灵进攻小沛'}],组织与组织,三国演义
三国演义_人物_曹洪_0,三国演义_人物_袁谭_0,对立,[{'25': '曹洪奋威突阵，杀袁谭于阵中'}],人物与人物,三国演义
三国演义_人物_袁绍_0,三国演义_物品_衣带诏_0,持有,[{'22': '袁绍在阵前宣称‘吾奉衣带诏讨贼’，以衣带诏为旗号讨伐曹操'}],人物与物品,三国演义
三国演义_人物_曹操_0,三国演义_人物_郭嘉_0,上下级,"[{'7': '郭嘉劝曹操用好言答刘备并建议退兵复兖州'}, {'8': '郭嘉建议速发计策，称赞将计就计。'}, {'12': '郭嘉为曹操谋士'}, {'13': '郭嘉献十胜十败之说，劝先取吕布再图袁绍。'}, {'15': '郭嘉是曹操的谋士，与程昱一同谏阻放刘备。'}, {'17': '郭嘉为曹操谋士，建议东征刘备'}, {'21': '郭嘉为曹操谋士，曾言孙策必死于小人之手。'}, {'24': '郭嘉是曹操谋士，献策缓攻袁氏以待其兄弟相争。'}, {'25': '郭嘉为曹操谋士，曹操重用并祭奠'}]",人物与人物,三国演义
三国演义_人物_法正_0,三国演义_人物_刘备_0,上下级,[{'51': '法正建议玄德乘势取汉中，玄德采纳。'}],人物与人物,三国演义
三国演义_人物_沙摩柯_0,三国演义_组织_蛮兵_0,领导,[{'57': '沙摩柯为蛮王，率领五溪番兵助蜀。'}],人物与组织,三国演义
三国演义_人物_曹操_0,三国演义_物品_宝雕弓_0,持有,[{'15': '曹操向天子讨来宝雕弓射鹿，后自悬带不还。'}],人物与物品,三国演义
三国演义_人物_徐盛_0,三国演义_技能_火攻_2,掌握,[{'61': '徐盛预灌鱼油于芦苇，顺风火攻，大败魏兵'}],人物与技能,三国演义
三国演义_人物_蔡夫人_0,三国演义_人物_蔡瑁_0,亲属,[{'25': '蔡夫人为蔡瑁之姊'}],人物与人物,三国演义
三国演义_人物_韩暹_0,三国演义_组织_白波军_0,领导,[{'9': '韩暹为白波帅，统领白波军'}],人物与组织,三国演义
三国演义_人物_曹嵩_0,三国演义_人物_曹腾_0,亲属,[{'1': '曹腾是曹嵩之养父'}],人物与人物,三国演义
三国演义_人物_刘封_0,三国演义_人物_张任_0,对立,[{'45': '刘封领生力军截出，杀退张任。'}],人物与人物,三国演义
三国演义_人物_曹操_0,三国演义_人物_董昭_0,上下级,"[{'43': '董昭为长史，建议尊曹操为魏公加九锡'}, {'54': '董昭为魏国主簿，建议曹操将东吴书信射入樊城以宽军心'}]",人物与人物,三国演义
三国演义_人物_梁虔_0,三国演义_地点_上邽_0,守护,[{'68': '梁虔守上邽城，后被梁绪招降。'}],人物与地点,三国演义
三国演义_人物_姜维_0,三国演义_地点_冀城_0,出身,[{'70': '姜维老家在冀县，诸葛亮遣人搬取其老母入汉中。'}],人物与地点,三国演义
三国演义_地点_剑阁_0,三国演义_地点_成都_0,连通,[{'86': '剑阁与成都有道路相通，姜维在剑阁后主在成都。'}],地点与地点,三国演义
三国演义_人物_伏皇后_0,三国演义_人物_华歆_0,对立,[{'48': '华歆亲自动手揪出伏后，原文‘歆亲自动手揪后头髻拖出’'}],人物与人物,三国演义
三国演义_人物_刘备_0,三国演义_人物_王平_0,上下级,[{'52': '王平归降刘备，被命为偏将军、向导使'}],人物与人物,三国演义
三国演义_人物_诸葛瑾_0,三国演义_地点_琅琊南阳_0,出身,[{'21': '诸葛瑾是琅琊南阳人。'}],人物与地点,三国演义
三国演义_人物_曹操_0,三国演义_人物_荀彧_0,上下级,"[{'6': ""荀彧弃袁绍投曹操，曹操拜为行军司马，称其为'吾之子房'。""}, {'7': '荀彧与程昱设计死守鄄城、东阿、范县'}, {'8': '荀彧进谏劝阻曹操攻打徐州，建议东略陈地。'}, {'10': '曹操以荀彧为侍中尚书令，委以重任。'}, {'12': '荀彧为曹操谋士'}, {'13': '荀彧留守许都，劝谏曹操暂缓进兵，并建言征东吕布。'}, {'15': '荀彧是曹操的谋士，多次献计。'}, {'16': '荀彧为曹操谋士，分析袁绍部下弱点'}, {'17': '荀彧为曹操谋士，献计先灭袁绍、刘备'}, {'18': '荀彧为曹操谋士，劝曹操勿频令关羽出征。'}, {'22': '曹操留荀彧守许都，战事危急时遣人问计，荀彧回信鼓励坚守'}, {'23': '荀彧为曹操谋士，写信报知刘备攻许昌'}, {'25': '荀彧为曹操谋士，建议养精蓄锐'}, {'27': '荀彧为曹操谋士，劝谏天寒不可用兵。'}, {'42': '荀彧为曹操谋士，谏阻杀张松'}]",人物与人物,三国演义
三国演义_人物_吕虔_0,三国演义_人物_薛兰_0,对立,[{'8': '吕虔飞马赶来一箭射死薛兰。'}],人物与人物,三国演义
三国演义_人物_诸葛亮_0,三国演义_技能_草船借箭_0,掌握,[{'33': '孔明利用大雾借箭，成功获得十万余枝箭'}],人物与技能,三国演义
三国演义_人物_刘备_0,三国演义_物品_文书_1,创造,[{'37': '刘备亲笔书写借荆州文书，押字画押。'}],人物与物品,三国演义
三国演义_人物_黄忠_0,三国演义_物品_宝刀_2,持有,[{'51': '黄忠取架上大刀，轮动如飞。'}],人物与物品,三国演义
三国演义_人物_张郃_0,三国演义_地点_祁山_0,守护,[{'75': '张郃引兵结营守祁山'}],人物与地点,三国演义
三国演义_人物_王伉_0,三国演义_地点_永昌郡_0,守护,[{'62': '王伉为永昌太守，坚守城池'}],人物与地点,三国演义
三国演义_人物_孙策_0,三国演义_人物_曹操_0,合作,"[{'11': '孙策一面结交曹操'}, {'13': '曹操表奏孙策为讨逆将军、吴侯，令其征袁术；孙策遣使致书并借粮。'}]",人物与人物,三国演义
三国演义_人物_刘备_0,三国演义_人物_司马徽_0,亲密,[{'27': '司马徽特来拜访刘备，推荐诸葛亮，临别叹卧龙不得其时。'}],人物与人物,三国演义
三国演义_人物_诸葛亮_0,三国演义_物品_驷马车_0,持有,[{'64': '孔明乘驷马车出阵，左右众将簇拥。'}],人物与物品,三国演义
三国演义_人物_司马懿_0,三国演义_人物_郭太后_0,上下级,[{'80': '司马懿入宫奏郭太后，太后惧怕而从'}],人物与人物,三国演义
三国演义_人物_刘备_0,三国演义_人物_张苞_0,上下级,[{'59': '张苞为蜀将，救出刘备并护送上马鞍山。'}],人物与人物,三国演义
三国演义_人物_吕布_0,三国演义_人物_董卓_0,对立,"[{'5': '吕布因貂蝉与董卓反目，在凤仪亭被董卓撞见，关系破裂。'}, {'6': '因董卓夺其爱妾貂蝉，吕布受王允劝说，决心杀董卓报仇，后于北掖门刺死董卓。'}, {'9': '吕布与王司徒计杀董卓'}]",人物与人物,三国演义
三国演义_人物_韩玄_0,三国演义_人物_黄忠_0,上下级,[{'36': '韩玄为长沙太守，黄忠是其麾下老将，韩玄疑其通敌欲斩之'}],人物与人物,三国演义
三国演义_组织_汉军_0,三国演义_组织_黄巾军_0,对抗,[{'1': '汉军与黄巾贼各处交战，互为敌手'}],组织与组织,三国演义
三国演义_人物_孙权_0,三国演义_人物_朱然_0,上下级,[{'57': '孙权封朱然为右都督，同领水陆军。'}],人物与人物,三国演义
三国演义_人物_孙翊_0,三国演义_地点_丹阳_0,守护,[{'27': '孙翊为丹阳太守，镇守丹阳，后被妫览等人刺杀。'}],人物与地点,三国演义
三国演义_人物_诸葛瞻_0,三国演义_物品_木刻孔明遗像_0,持有,[{'86': '诸葛瞻将木刻孔明遗像置于四轮车上，魏军见之惊退。'}],人物与物品,三国演义
三国演义_地点_江夏_0,三国演义_地点_荆州_0,隶属,"[{'17': '江夏是荆州下辖郡，黄祖镇守'}, {'28': '江夏为荆州所属郡，黄祖刘琦先后镇守'}, {'30': '江夏为荆州下属郡县'}]",地点与地点,三国演义
三国演义_人物_袁熙_0,三国演义_人物_高干_0,亲属,[{'24': '高干是袁绍外甥，与袁熙为表兄弟。'}],人物与人物,三国演义
三国演义_人物_孟达_0,三国演义_组织_曹操军_0,归属,[{'69': '孟达原为蜀将，降魏后任新城太守'}],人物与组织,三国演义
三国演义_地点_广陵_0,三国演义_地点_徐州_0,隶属,[{'12': '广陵属徐州'}],地点与地点,三国演义
三国演义_人物_张郃_0,三国演义_人物_诸葛亮_0,对立,"[{'72': '张郃领兵与蜀军交战'}, {'73': '孔明见张郃英勇，判定若留此人必为蜀中之害，决心除之。'}]",人物与人物,三国演义
三国演义_人物_刘谌_0,三国演义_人物_崔夫人_0,亲属,[{'86': '崔夫人是刘谌之妻，触柱而死。'}],人物与人物,三国演义
三国演义_人物_刘备_0,三国演义_人物_刘封_0,亲属,"[{'26': '刘备收寇封为义子，改名刘封。'}, {'29': '义父义子，刘封为刘备义子。'}, {'42': '刘封为刘备义子，随行在中军'}, {'43': '刘封为刘备义子，在宴席上拔剑助魏延舞剑'}, {'44': '刘封是刘备义子，帐后捉拿杨怀、高沛'}]",人物与人物,三国演义
三国演义_人物_赵云_0,三国演义_人物_高览_0,对立,[{'23': '赵云冲阵刺杀高览'}],人物与人物,三国演义
三国演义_人物_孟节_0,三国演义_地点_万安溪_0,居住,[{'64': '孟节（万安隐者）隐居在万安溪草庵，数十年不出溪。'}],人物与地点,三国演义
三国演义_人物_张鲁_0,三国演义_人物_黄权_0,合作,[{'46': '黄权通过杨松说服张鲁出兵救刘璋'}],人物与人物,三国演义
三国演义_人物_曹操_0,三国演义_人物_马延_0,上下级,[{'24': '马延降曹操后亦被封为列侯。'}],人物与人物,三国演义
三国演义_地点_牂牁郡_0,三国演义_地点_益州_0,隶属,[{'62': '牂牁郡是益州下辖之郡'}],地点与地点,三国演义
三国演义_人物_关羽_0,三国演义_物品_胡华书信_0,持有,[{'19': '关公携带胡华写给胡班的书信并交付'}],人物与物品,三国演义
三国演义_人物_夏侯杰_0,三国演义_人物_张飞_0,对立,[{'29': '张飞三声大喝惊得夏侯杰肝胆碎裂而死。'}],人物与人物,三国演义
三国演义_人物_刘璋_0,三国演义_地点_益州_0,守护,"[{'15': '刘璋为益州牧。'}, {'41': '刘璋为益州牧，据守西川。'}]",人物与地点,三国演义
三国演义_人物_孙韶_0,三国演义_地点_东吴_0,归属,[{'61': '孙韶为吴王侄，官授扬威将军，属东吴将领'}],人物与组织,三国演义
三国演义_人物_公孙渊_0,三国演义_人物_张弥_0,对立,[{'79': '公孙渊斩孙权使者许晏，将其首级送与曹睿。'}],人物与人物,三国演义
三国演义_人物_胡渊_0,三国演义_人物_胡烈_0,亲属,[{'87': '胡烈泣告丘建，言吾儿胡渊领兵在外，后写密书告知谋反。'}],人物与人物,三国演义
三国演义_人物_伦直_0,三国演义_人物_公孙渊_0,对立,[{'79': '公孙渊因伦直谏阻反叛，将伦直斩首。'}],人物与人物,三国演义
三国演义_人物_曹操_0,三国演义_人物_王垕_0,上下级,[{'13': '曹操为压众心，借王垕之首以息军怨。'}],人物与人物,三国演义
三国演义_人物_卞氏_0,三国演义_人物_曹操_0,亲属,[{'50': '曹操黜丁夫人，立卞氏为魏王后。'}],人物与人物,三国演义
三国演义_地点_洛阳_0,三国演义_地点_金墉城_0,隶属,[{'87': '金墉城在洛阳，曹奂出就居住。'}],地点与地点,三国演义
三国演义_人物_纪灵_0,三国演义_人物_袁术_0,上下级,"[{'12': '纪灵为袁术大将'}, {'13': '袁术以纪灵为七路都救应使。'}, {'15': '纪灵是袁术的先锋大将。'}]",人物与人物,三国演义
三国演义_人物_雍闿_0,三国演义_人物_高定_0,对立,[{'62': '高定设计杀死雍闿'}],人物与人物,三国演义
三国演义_人物_刘备_0,三国演义_地点_涪水关_0,守护,[{'45': '刘备在涪关坚守不出，等诸葛军师到来。'}],人物与地点,三国演义
三国演义_人物_袁尚_0,三国演义_物品_双刀_0,持有,[{'23': '袁尚舞双刀飞马出阵'}],人物与物品,三国演义
三国演义_人物_袁绍_0,三国演义_人物_颜良_0,上下级,"[{'5': '颜良为袁绍部将，斩耿武。'}, {'16': '颜良为袁绍将军，勇冠三军'}]",人物与人物,三国演义
三国演义_人物_华歆_0,三国演义_人物_曹操_0,上下级,"[{'38': '曹操封华歆为大理少卿，留在许都'}, {'48': '华歆后归曹操，奉操命收捕伏后，原文‘歆乃先事孙权，后归曹操’'}]",人物与人物,三国演义
三国演义_人物_张飞_0,三国演义_地点_瓦口关_0,守护,[{'51': '张飞攻占瓦口关后屯兵镇守。'}],人物与地点,三国演义
三国演义_人物_张肃_0,三国演义_地点_广汉_0,守护,[{'44': '张肃为广汉太守'}],人物与地点,三国演义
三国演义_地点_吴郡_0,三国演义_地点_玉清观_0,隶属,[{'21': '玉清观在吴郡内，吴太夫人设醮于此。'}],地点与地点,三国演义
三国演义_人物_吕公_0,三国演义_人物_孙坚_0,对立,[{'5': '吕公设伏用石子乱箭射死孙坚。'}],人物与人物,三国演义
三国演义_人物_姜维_0,三国演义_地点_天水郡_0,出身,[{'87': '诗赞姜维“天水夸英俊”，是其故乡。'}],人物与地点,三国演义
三国演义_人物_孙皓_0,三国演义_人物_楼玄_0,对立,[{'88': '楼玄谏孙皓，被杀害'}],人物与人物,三国演义
三国演义_人物_张辽_0,三国演义_人物_曹操_0,对立,[{'14': '张辽被擒后怒骂曹操，后被救下'}],人物与人物,三国演义
三国演义_人物_刘备_0,三国演义_人物_吕布_0,对立,"[{'4': '刘备刺斜里助战，三英围住吕布厮杀。'}, {'10': '吕布乘夜袭取徐州，刘备失城。'}, {'12': '吕布因张飞夺马攻打小沛，逼走刘备'}, {'13': '吕布因刘备与曹操密谋而怒，遣高顺张辽攻小沛，刘备向曹操求援。'}]",人物与人物,三国演义
三国演义_人物_郭图_0,三国演义_组织_袁谭军_0,归属,[{'24': '郭图是袁谭谋士，为其出谋划策。'}],人物与组织,三国演义
三国演义_人物_典韦_0,三国演义_人物_高顺_0,对立,[{'8': '典韦拦挡高顺，高顺退入城中。'}],人物与人物,三国演义
三国演义_人物_黄盖_0,三国演义_技能_苦肉计_0,掌握,[{'33': '黄盖主动提出并承受苦肉计，以便诈降曹操'}],人物与技能,三国演义
三国演义_人物_乐进_0,三国演义_地点_合淝_0,守护,[{'49': '乐进奉命守合淝城。'}],人物与地点,三国演义
三国演义_人物_孙皓_0,三国演义_人物_张布_0,对立,[{'88': '张布谏孙皓，被斩并灭三族'}],人物与人物,三国演义
三国演义_人物_审荣_0,三国演义_人物_审配_0,亲属,[{'24': '审荣是审配之侄。'}],人物与人物,三国演义
三国演义_人物_刘备_0,三国演义_人物_张飞_0,亲密,"[{'1': '桃园结义，刘备为兄，张飞为弟，誓同生死'}, {'2': '三人义同生死，食则同桌，寝则同床'}, {'4': '刘备与张飞为结义兄弟。'}, {'8': '张飞为刘备三弟，随刘备到徐州，再三相劝刘备领徐州。'}, {'10': '刘备与张飞是结义兄弟，张飞失城后惶恐欲自杀，刘备宽慰。'}, {'13': '刘备与张飞结义兄弟，共守小沛。'}, {'15': '刘备与张飞情同兄弟，张飞称刘备为兄，常随保护。'}, {'16': '张飞与刘备为结义兄弟，翼德称刘备为哥哥'}, {'17': '刘备与张飞为结义兄弟，情同手足'}, {'20': '刘备与张飞古城相聚，兄弟重聚'}, {'23': '刘备与张飞结义兄弟，同救龚都'}, {'26': '刘备与张飞是结义兄弟。'}, {'57': '刘备称与关、张生死之交，桃园结义，誓同生死。'}, {'58': '刘备称张飞为三弟，誓为其报仇，结义兄弟情深'}]",人物与人物,三国演义
三国演义_人物_黄盖_0,三国演义_地点_三江口_0,守护,[{'31': '周瑜差黄盖领本部战船至三江口下寨。'}],人物与地点,三国演义
三国演义_人物_妫览_0,三国演义_人物_徐氏_0,对立,[{'27': '徐氏假意顺从妫览，暗中召孙高、傅婴杀死妫览报仇。'}],人物与人物,三国演义
三国演义_人物_穆顺_1,三国演义_物品_密书_0,持有,[{'48': '穆顺藏密书于发中，原文‘顺藏书于发中’'}],人物与物品,三国演义
三国演义_人物_程畿_0,三国演义_组织_吴军_0,对抗,[{'59': '程畿不逃敌，拔剑自刎以殉主。'}],人物与组织,三国演义
三国演义_人物_司马懿_0,三国演义_地点_渭北寨_0,守护,[{'77': '司马懿退守渭北寨，传令坚守不出。'}],人物与地点,三国演义
三国演义_人物_丁谧_0,三国演义_人物_曹爽_0,上下级,[{'79': '丁谧是曹爽门客，被封为尚书。'}],人物与人物,三国演义
三国演义_人物_吕布_0,三国演义_地点_徐州_0,守护,"[{'11': '吕布袭取徐州，据为己有'}, {'12': '吕布虎踞徐州'}, {'14': '吕布曾占据徐州，后被糜竺等拒之门外'}]",人物与地点,三国演义
三国演义_人物_孟达_0,三国演义_人物_申仪_0,对立,[{'69': '申仪暗告司马懿孟达欲反，后献城为内应'}],人物与人物,三国演义
三国演义_人物_诸葛亮_0,三国演义_物品_薤叶芸香_0,持有,[{'64': '孔明令众军采取薤叶芸香，口含以避瘴气。'}],人物与物品,三国演义
三国演义_人物_司马懿_0,三国演义_人物_张虎_1,上下级,[{'76': '司马懿令张虎引弓弩手伏于渭水浮桥北岸。'}],人物与人物,三国演义
三国演义_人物_刘岱_0,三国演义_人物_刘繇_0,亲属,[{'11': '刘繇是兖州刺史刘岱之弟'}],人物与人物,三国演义
三国演义_人物_十常侍_0,三国演义_组织_黄巾军_0,合作,[{'2': '封谞等十常侍结连黄巾欲为内乱'}],组织与组织,三国演义
三国演义_人物_华佗_0,三国演义_人物_吴押狱_0,亲密,[{'55': '吴押狱每日以酒食供奉华佗，华佗感激而赠《青囊书》'}],人物与人物,三国演义
三国演义_人物_赵云_0,三国演义_人物_钟缙_0,对立,[{'29': '赵云一枪刺钟缙落马。'}],人物与人物,三国演义
三国演义_人物_刘备_0,三国演义_组织_汉室_0,归属,"[{'27': '刘备自称汉室末胄，立志匡扶汉室。'}, {'30': '诸葛亮称刘备为王室之胄，欲复兴汉室'}, {'31': '刘备是汉室之胄（刘皇叔）。'}, {'37': '刘备自称汉室宗亲，以复兴汉室为旗帜。'}, {'42': '刘备为汉室宗亲，志在匡正天朝'}, {'48': '刘备为皇叔忠于汉室，原文‘匡扶汉室’'}]",人物与组织,三国演义
三国演义_人物_孟达_0,三国演义_人物_申耽_0,合作,[{'56': '申耽献计投魏，孟达从之，一同降魏。'}],人物与人物,三国演义
三国演义_人物_刘备_0,三国演义_人物_刘弘_0,亲属,[{'1': '刘弘是刘备之父'}],人物与人物,三国演义
三国演义_人物_刘备_0,三国演义_物品_金银_1,持有,[{'1': '张世平、苏双赠刘备金银五百两'}],人物与物品,三国演义
三国演义_人物_关羽_0,三国演义_技能_拖刀计_0,掌握,[{'36': '关羽欲用拖刀计背砍胜黄忠'}],人物与技能,三国演义
三国演义_地点_北门_1,三国演义_地点_襄阳_0,隶属,[{'25': '北门为襄阳城门，蔡勋守把'}],地点与地点,三国演义
三国演义_人物_曹操_0,三国演义_人物_蔡中_0,上下级,[{'33': '曹操密令蔡中带军士去东吴诈降，作为内应'}],人物与人物,三国演义
三国演义_人物_关兴_0,三国演义_人物_关羽_0,亲属,"[{'53': '关兴来寨中省亲，关羽令其赍文书去成都'}, {'57': '关兴乃关羽之子，白袍银铠，入营伏地而哭。'}, {'58': '关兴是关羽之子，在关公神像前痛哭而拜'}, {'69': '关公显圣救关兴，称关兴为‘吾儿’，系父子关系'}]",人物与人物,三国演义
三国演义_人物_于诠_0,三国演义_人物_王基_0,对立,[{'82': '于诠与王基交战三十余合，力竭被乱军所杀。'}],人物与人物,三国演义
三国演义_人物_孙权_0,三国演义_人物_诸葛瑾_0,上下级,"[{'21': '孙权拜诸葛瑾为上宾，从其劝顺曹操。'}, {'53': '孙权遣诸葛瑾为使求婚于关羽'}, {'76': '孙权令诸葛瑾与陆逊同屯兵。'}]",人物与人物,三国演义
三国演义_人物_曹操_0,三国演义_物品_孟德新书_0,创造,[{'50': '左慈变出《孟德新书》，一字不差，表明曹操所著。'}],人物与物品,三国演义
三国演义_人物_孙坚_0,三国演义_人物_祖茂_0,上下级,[{'4': '祖茂为孙坚部将，使双刀。'}],人物与人物,三国演义
三国演义_人物_刘备_0,三国演义_人物_蔡瑁_0,对立,"[{'25': '蔡瑁设计欲害刘备，刘备逃命'}, {'26': '蔡瑁设计在襄阳会谋害刘备，并引军追赶。'}]",人物与人物,三国演义
三国演义_人物_诸葛亮_0,三国演义_物品_书信_5,创造,[{'47': '诸葛亮写信劝阻关羽入川与马超比试。'}],人物与物品,三国演义
三国演义_人物_吉穆_0,三国演义_人物_曹操_0,对立,[{'50': '吉穆为吉平次子，与兄同谋讨曹，事败被杀。'}],人物与人物,三国演义
三国演义_人物_张顗_0,三国演义_人物_赵云_0,对立,[{'29': '赵云力战四将，张顗被杀退。'}],人物与人物,三国演义
三国演义_组织_吴军_0,三国演义_组织_刘备军_0,合作,"[{'72': '东吴与蜀汉同盟；蜀汉与东吴结盟共伐魏'}, {'80': '诸葛恪求姜维进兵伐魏，吴蜀相约平分天下'}, {'86': '蜀汉与东吴为同盟，吴主孙休遣丁奉等率兵救蜀。'}, {'87': '吴蜀唇齿相依，吴主命陆抗等加强防御。'}]",组织与组织,三国演义
三国演义_人物_姜维_0,三国演义_地点_沓中_0,守护,[{'85': '姜维在沓中屯田种麦，下四十余营以为久计'}],人物与地点,三国演义
三国演义_人物_刘琮_0,三国演义_物品_降书_0,持有,[{'28': '刘琮写降书令宋忠潜往曹操处投献'}],人物与物品,三国演义
三国演义_人物_司马昭_0,三国演义_人物_文钦_0,对立,[{'82': '司马昭恨文鸯昔日单骑退兵之仇，但钟会劝谏后赦免文鸯兄弟。'}],人物与人物,三国演义
三国演义_人物_吴国太_0,三国演义_人物_孙权_0,亲属,"[{'30': '吴国太为孙权之母，见其寝食不安而询问'}, {'31': '吴国太是孙权的母亲，建议孙权请教周瑜。'}, {'37': '吴国太是孙权的母亲。'}, {'43': '吴国太为孙权之母，怒斥孙权勿攻荆州以保女儿性命'}]",人物与人物,三国演义
三国演义_人物_吕布_0,三国演义_人物_曹豹之女_0,亲属,[{'12': '次妻，已亡'}],人物与人物,三国演义
三国演义_组织_吕布军_0,三国演义_组织_袁术军_0,对抗,[{'12': '吕布绝婚袁术，袁术欲攻徐州'}],组织与组织,三国演义
三国演义_人物_何太后_0,三国演义_人物_何进_0,亲属,"[{'2': '何太后是何进之妹，因妹为后得权'}, {'3': '何进与何太后为兄妹。'}]",人物与人物,三国演义
三国演义_人物_李傕_0,三国演义_人物_董卓_0,上下级,[{'4': '李傕为董卓部将。'}],人物与人物,三国演义
三国演义_人物_诸葛亮_0,三国演义_技能_八卦阵_0,掌握,"[{'59': '诸葛亮在鱼腹浦布下八阵图，按遁甲八门，变化无穷，可比十万精兵。'}, {'73': '孔明每日操练人马，习学八阵之法，尽皆精熟。'}]",人物与技能,三国演义
三国演义_人物_张纮_0,三国演义_地点_广陵_0,出身,[{'11': '张纮是广陵人'}],人物与地点,三国演义
三国演义_人物_庞德_0,三国演义_人物_李氏_0,亲属,[{'53': '庞德出征前将儿子托付妻子'}],人物与人物,三国演义
三国演义_人物_雍闿_0,三国演义_人物_雍齿_0,亲属,[{'62': '雍闿是汉朝什方侯雍齿之后'}],人物与人物,三国演义
三国演义_人物_刘备_0,三国演义_地点_平原_0,守护,[{'7': '刘备为平原相，率军救徐州'}],人物与地点,三国演义
三国演义_人物_郝昭_0,三国演义_人物_靳祥_0,亲密,[{'71': '郝昭与靳祥同是陇西人，自幼交契'}],人物与人物,三国演义
三国演义_人物_袁术_0,三国演义_物品_传国玉玺_0,持有,"[{'11': '袁术得孙策质当的传国玉玺，权留在此'}, {'13': '袁术有孙策所质玉玺，以为称帝依据。'}]",人物与物品,三国演义
三国演义_人物_臧霸_0,三国演义_组织_泰山寇_0,领导,[{'14': '臧霸为泰山贼寇首领之一，与吕布结连'}],人物与组织,三国演义
三国演义_人物_乐进_0,三国演义_人物_曹操_0,上下级,"[{'4': '乐进来投曹操，被留为帐前吏。'}, {'8': '乐进随军入城，射死成廉。'}, {'24': '乐进是曹操将领，与李典半路截杀袁尚救军。'}]",人物与人物,三国演义
三国演义_人物_张飞_0,三国演义_人物_许褚_0,对立,[{'52': '张飞刺中许褚肩膀，夺粮草'}],人物与人物,三国演义
三国演义_人物_张任_0,三国演义_地点_雒城_0,守护,"[{'44': '张任守护雒城'}, {'46': '张任守雒城，设伏抗拒刘备'}]",人物与地点,三国演义
三国演义_人物_刘备_0,三国演义_组织_桃园结义_0,归属,"[{'11': '刘备与关羽、张飞桃园结义，不求同生但愿同死'}, {'20': '刘备是桃园结义的大哥'}, {'55': '刘备与关公、张飞桃园结义，为兄长'}]",人物与组织,三国演义
三国演义_人物_张特_0,三国演义_人物_诸葛恪_0,对立,[{'80': '诸葛恪攻新城，中张特缓兵之计'}],人物与人物,三国演义
三国演义_人物_普净_0,三国演义_地点_汜水关_0,出身,[{'55': '普净原是汜水关镇国寺中长老，后云游至玉泉山'}],人物与地点,三国演义
三国演义_人物_关羽_0,三国演义_人物_孔秀_0,对立,[{'19': '孔秀阻挡关公过关，被关公一刀斩于马下'}],人物与人物,三国演义
三国演义_人物_庞德_0,三国演义_物品_木榇_0,持有,[{'53': '庞德造木榇以示决死之心'}],人物与物品,三国演义
三国演义_人物_公孙瓒_0,三国演义_组织_公孙瓒军_0,领导,[{'5': '公孙瓒统领公孙瓒军，号为白马将军。'}],人物与组织,三国演义
三国演义_人物_孔融_0,三国演义_地点_北海_0,居住,[{'28': '诗赞孔融居北海'}],人物与地点,三国演义
三国演义_人物_张角_0,三国演义_物品_《太平要术》_0,持有,[{'1': '南华老仙授张角《太平要术》三卷，张角得之'}],人物与物品,三国演义
三国演义_人物_严纲_0,三国演义_人物_公孙瓒_0,上下级,[{'5': '严纲为公孙瓒先锋，被麴义斩于马下。'}],人物与人物,三国演义
三国演义_地点_临江亭_0,三国演义_地点_陆口_0,隶属,[{'48': '临江亭在陆口寨外，原文‘设宴于陆口寨外临江亭上’'}],地点与地点,三国演义
三国演义_人物_刘备_0,三国演义_人物_陶谦_0,合作,[{'7': '陶谦请刘备驻军小沛以保徐州，刘备从之'}],人物与人物,三国演义
三国演义_人物_张翼_0,三国演义_人物_诸葛亮_0,上下级,"[{'64': '孔明唤张翼断后，张翼擒获孟优。'}, {'73': '孔明令张翼与王平同去伏兵，分头截杀。'}]",人物与人物,三国演义
三国演义_地点_渭河_0,三国演义_地点_祁山_0,相邻,[{'68': '蜀军兵临渭水之西，列阵于祁山之前。'}],地点与地点,三国演义
三国演义_人物_关羽_0,三国演义_人物_廖化_0,上下级,[{'54': '廖化为关公部将，奉命突围往上庸求救'}],人物与人物,三国演义
三国演义_人物_凌统_0,三国演义_人物_甘宁_0,对立,"[{'28': '凌统因甘宁当年射死其父凌操，拔剑欲杀甘宁报仇'}, {'49': '凌统想起甘宁杀父之仇，宴会上欲舞剑刺杀甘宁。'}]",人物与人物,三国演义
三国演义_组织_吴军_0,三国演义_组织_曹操军_0,对抗,"[{'59': '曹丕趁吴蜀交兵，令曹仁、曹休、曹真三路暗袭东吴。'}, {'72': '东吴与曹魏敌对'}, {'80': '吴国与魏国交战'}, {'86': '魏国伐蜀，吴国救蜀，双方处于敌对状态。'}]",组织与组织,三国演义
三国演义_人物_马超_0,三国演义_组织_羌人部落_0,合作,[{'41': '马超深得羌人之心，羌人支持其抗曹。'}],人物与组织,三国演义
三国演义_人物_诸葛亮_0,三国演义_人物_张翼_0,上下级,[{'62': '孔明令张翼伏击擒获阿会喃'}],人物与人物,三国演义
三国演义_地点_冯翊_0,三国演义_地点_河东_0,相邻,[{'41': '曹操未从河东击冯翊，二者相邻。'}],地点与地点,三国演义
三国演义_人物_太史慈_0,三国演义_人物_孙策_0,上下级,[{'11': '孙策自释太史慈之缚，衣以锦袍，太史慈请降并收余众'}],人物与人物,三国演义
三国演义_人物_刘璋_0,三国演义_人物_张松_0,上下级,[{'42': '张松为刘璋部下别驾，奉命出使曹操'}],人物与人物,三国演义
三国演义_人物_羊祜_0,三国演义_地点_襄阳_0,守护,[{'88': '羊祜奉诏镇守襄阳，得军民之心'}],人物与地点,三国演义
三国演义_人物_夏侯渊_0,三国演义_技能_拖刀计_0,掌握,[{'49': '夏侯渊佯败后使用拖刀计斩杀杨任。'}],人物与技能,三国演义
三国演义_人物_木鹿大王_0,三国演义_人物_诸葛亮_0,对立,[{'65': '诸葛亮用假兽破木鹿大王驱兽之法，木鹿大王死于乱军。'}],人物与人物,三国演义
三国演义_人物_刘备_0,三国演义_人物_黄忠_0,上下级,[{'51': '玄德厚赏黄忠，委以重任，确认为君臣关系。'}],人物与人物,三国演义
三国演义_人物_祢衡_0,三国演义_人物_黄祖_0,对立,[{'17': '黄祖因祢衡辱骂而大怒，将其斩杀'}],人物与人物,三国演义
三国演义_人物_曹洪_0,三国演义_技能_拖刀背砍计_0,掌握,[{'8': '曹洪诈败后使用拖刀背砍计杀死何曼。'}],人物与技能,三国演义
三国演义_人物_公孙康_0,三国演义_人物_袁尚_0,对立,"[{'25': '公孙康杀袁尚，送首级与曹操'}, {'79': '公孙康斩袁尚首级献曹操。'}]",人物与人物,三国演义
三国演义_人物_杨奉_0,三国演义_地点_终南山_0,居住,[{'9': '杨奉被李傕所败，引军屯终南山下'}],人物与地点,三国演义
三国演义_人物_杨仪_0,三国演义_物品_锦囊_3,持有,[{'78': '杨仪持有孔明遗下的锦囊，临阵拆阅'}],人物与物品,三国演义
三国演义_人物_刘备_0,三国演义_人物_张任_0,对立,"[{'45': '张任引军追赶刘备，幸被刘封、关平杀退。'}, {'46': '张任设伏追击刘备，欲捉拿刘备'}]",人物与人物,三国演义
三国演义_人物_吴硕_0,三国演义_人物_董承_0,合作,[{'15': '吴硕是董承心腹，加入义状。'}],人物与人物,三国演义
三国演义_地点_洮水_0,三国演义_地点_雍州_0,隶属,[{'80': '洮水位于雍州境内'}],地点与地点,三国演义
三国演义_人物_左慈_0,三国演义_人物_曹操_0,对立,[{'50': '左慈戏弄曹操，曹操令许褚追擒，画影图形捉拿。'}],人物与人物,三国演义
三国演义_人物_关羽_0,三国演义_地点_麦城_0,守护,"[{'54': '关公败走麦城，分兵紧守四门'}, {'55': '关公退守麦城，留王甫、周仓死守'}]",人物与地点,三国演义
三国演义_人物_于禁_0,三国演义_地点_黄河_0,守护,[{'16': '于禁、李典屯兵河上'}],人物与地点,三国演义
三国演义_人物_卫瓘_0,三国演义_物品_手书_0,持有,[{'86': '卫瓘持有司马昭密信，用以监督钟会、邓艾。'}],人物与物品,三国演义
三国演义_人物_张邈_0,三国演义_地点_定陶_0,居住,[{'8': '张邈与吕布同在定陶。'}],人物与地点,三国演义
三国演义_人物_关羽_0,三国演义_人物_华佗_0,合作,"[{'54': '华佗为关公刮骨疗毒，关公配合治疗'}, {'55': '华佗曾为关公刮骨疗毒，关公谈笑自若'}]",人物与人物,三国演义
三国演义_人物_泠苞_0,三国演义_人物_魏延_0,对立,[{'45': '魏延与泠苞交战，活捉泠苞。'}],人物与人物,三国演义
三国演义_人物_沮鹄_0,三国演义_地点_邯郸_0,守护,[{'24': '沮鹄受命守邯郸遥为声援。'}],人物与地点,三国演义
三国演义_人物_裴绪_0,三国演义_人物_诸葛亮_0,上下级,[{'67': '裴绪是诸葛亮心腹，假扮魏将前往安定、天水求援'}],人物与人物,三国演义
三国演义_人物_伏皇后_0,三国演义_人物_汉献帝_0,亲属,[{'15': '伏皇后是汉献帝的皇后。'}],人物与人物,三国演义
三国演义_人物_孙权_0,三国演义_地点_东吴_0,守护,"[{'21': '孙权承父兄之业，掌江东之事，深得民心。'}, {'27': '孙权承父兄基业，据守江东，广纳贤士。'}, {'31': '孙权据有江东六郡，为江东之主。'}]",人物与地点,三国演义
三国演义_人物_曹操_0,三国演义_人物_邹氏_0,亲密,[{'12': '曹操纳邹氏，每日取乐'}],人物与人物,三国演义
三国演义_人物_陈登_0,三国演义_人物_陶谦_0,上下级,[{'7': '陈登奉命往青州向田楷求救'}],人物与人物,三国演义
三国演义_地点_会稽_0,三国演义_地点_查渎_0,隶属,[{'11': '会稽钱粮大半屯于查渎'}],地点与地点,三国演义
三国演义_人物_曹操_0,三国演义_人物_耿纪_0,对立,[{'50': '耿纪与韦晃密谋讨曹操，事败被斩。'}],人物与人物,三国演义
三国演义_人物_诸葛亮_0,三国演义_人物_陈式_0,上下级,"[{'72': '后主命陈式来助孔明，孔明统领'}, {'74': '陈式不听号令轻进箕谷遭伏，诸葛亮按军法将其斩首。'}]",人物与人物,三国演义
三国演义_人物_诸葛亮_0,三国演义_人物_马岱_0,上下级,[{'78': '孔明授马岱密计，令其随魏延伺机斩杀'}],人物与人物,三国演义
三国演义_人物_司马懿_0,三国演义_物品_将印_0,持有,[{'72': '司马懿受曹真让印，持有将印'}],人物与物品,三国演义
三国演义_人物_曹操_0,三国演义_地点_洛阳_0,居住,[{'55': '曹操从摩陂班师回洛阳，在洛阳起建始殿，后病死于洛阳'}],人物与地点,三国演义
三国演义_人物_张纮_0,三国演义_人物_曹操_0,上下级,[{'21': '曹操封张纮为会稽都尉，令其回吴辅佐孙权。'}],人物与人物,三国演义
三国演义_人物_纪灵_0,三国演义_物品_三尖刀_0,持有,[{'10': '纪灵使一口三尖刀，重五十斤。'}],人物与物品,三国演义
三国演义_人物_公孙瓒_0,三国演义_地点_易京楼_0,守护,[{'15': '公孙瓒筑易京楼，积粟自守。'}],人物与地点,三国演义
三国演义_人物_荀攸_0,三国演义_组织_曹操军_0,归属,[{'33': '荀攸是曹操帐下谋士，进献诈降之计'}],人物与组织,三国演义
三国演义_人物_曹丕_0,三国演义_人物_甄氏_0,亲密,[{'25': '曹丕纳甄氏为妻'}],人物与人物,三国演义
三国演义_人物_汉献帝_0,三国演义_人物_董承_0,亲属,[{'17': '董承为献帝岳父（国舅），奉衣带诏除曹操'}],人物与人物,三国演义
三国演义_人物_刘氏_1,三国演义_人物_曹操_0,亲属,[{'50': '刘氏为曹操妾，生子曹昂。'}],人物与人物,三国演义
三国演义_人物_蒋班_0,三国演义_人物_诸葛诞_0,对立,[{'82': '蒋班劝诸葛诞决战，诞不从，蒋班逾城降魏。'}],人物与人物,三国演义
三国演义_人物_左慈_0,三国演义_物品_遁甲天书_0,持有,[{'50': '左慈得遁甲天书三卷。'}],人物与物品,三国演义
三国演义_人物_司马懿_0,三国演义_技能_混元一气阵_0,掌握,[{'74': '司马懿布混元一气阵，被诸葛亮识破。'}],人物与技能,三国演义
三国演义_人物_司马炎_0,三国演义_组织_晋_0,领导,"[{'87': '司马炎即晋王位后受禅称帝，建立大晋。'}, {'88': '司马炎为晋主，篡魏立晋'}]",人物与组织,三国演义
三国演义_人物_曹操_0,三国演义_物品_铁索_0,持有,[{'34': '曹操采纳铁索连舟之计，用铁索连锁战船。'}],人物与物品,三国演义
三国演义_人物_孙綝_0,三国演义_人物_孟宗_0,上下级,[{'83': '孙綝遣孟宗拨中营精兵出屯武昌'}],人物与人物,三国演义
三国演义_地点_涪水关_0,三国演义_地点_雒城_0,连通,[{'45': '法正指出山北大路到雒城东门、山南小路到雒城西门，两条路皆可进兵。'}],地点与地点,三国演义
三国演义_人物_诸葛亮_0,三国演义_技能_祈禳之法_0,掌握,[{'77': '诸葛亮素谙祈禳之法，设灯禳星求寿。'}],人物与技能,三国演义
三国演义_人物_袁绍_0,三国演义_人物_韩馥_0,上下级,[{'5': '袁绍夺取冀州后，封韩馥为奋威将军，尽夺其权。'}],人物与人物,三国演义
三国演义_地点_椒房_0,三国演义_地点_禁宫_0,隶属,[{'48': '椒房为禁宫殿后皇后居所，原文‘殿后椒房内夹壁中藏躲’'}],地点与地点,三国演义
三国演义_人物_钟繇_0,三国演义_组织_曹操军_0,归属,[{'69': '钟繇为魏国太傅，保举司马懿'}],人物与组织,三国演义
三国演义_人物_霍戈_0,三国演义_组织_刘备军_0,归属,[{'87': '霍戈是建宁太守，蜀臣，闻后主受封乃降。'}],人物与组织,三国演义
三国演义_人物_姜维_0,三国演义_人物_宁随_0,上下级,[{'85': '宁随建议从孔函谷取雍州以解围'}],人物与人物,三国演义
三国演义_人物_姜维_0,三国演义_人物_曹真_0,对立,[{'71': '姜维遣心腹送密书诈降，骗曹真派兵接应，致费耀中计'}],人物与人物,三国演义
三国演义_人物_王经_0,三国演义_人物_王经母_0,亲属,[{'84': '王经母子一同被押赴东市受刑，含笑而死。'}],人物与人物,三国演义
三国演义_人物_诸葛亮_0,三国演义_技能_奇门遁甲天书_0,掌握,[{'34': '诸葛亮称曾遇异人，传授奇门遁甲天书，可以呼风唤雨。'}],人物与技能,三国演义
三国演义_人物_孟获_0,三国演义_人物_祝融夫人_0,亲属,[{'65': '祝融夫人乃孟获之妻。'}],人物与人物,三国演义
三国演义_人物_张飞_0,三国演义_人物_魏延_0,合作,[{'52': '张飞与魏延同取汉中'}],人物与人物,三国演义
三国演义_人物_关兴_0,三国演义_人物_张苞_0,合作,"[{'69': '张苞与关兴同领兵退羌兵，后共同设伏破铁车阵'}, {'70': '关兴与张苞同伏于武功山小路，鼓噪为疑兵。'}]",人物与人物,三国演义
三国演义_人物_杨仪_0,三国演义_人物_费祎_0,对立,[{'78': '费祎密奏杨仪怨言，致其后被贬'}],人物与人物,三国演义
三国演义_人物_曹操_0,三国演义_物品_粮草_1,持有,[{'32': '曹操屯粮草于聚铁山'}],人物与物品,三国演义
三国演义_人物_于禁_0,三国演义_人物_夏侯惇_0,上下级,[{'28': '夏侯惇为都督，于禁为副将，谏防火攻'}],人物与人物,三国演义
三国演义_人物_吕布_0,三国演义_人物_杨奉_0,合作,[{'13': '韩暹引杨奉同为内应，吕布保杨奉为琅琊牧。'}],人物与人物,三国演义
三国演义_人物_刘备_0,三国演义_人物_卢植_0,上下级,[{'1': '刘备曾师事卢植，卢植为师长'}],人物与人物,三国演义
三国演义_人物_关羽_0,三国演义_人物_徐晃_0,对立,[{'54': '徐晃与关公大战八十余合，以国家之事为重不顾旧交'}],人物与人物,三国演义
三国演义_人物_糜竺_0,三国演义_地点_江陵_0,守护,[{'36': '与刘封共同守江陵'}],人物与地点,三国演义
三国演义_人物_张鲁_0,三国演义_人物_马超_0,上下级,"[{'46': '马超兵败后投奔张鲁，张鲁欲以女招之为婿'}, {'47': '马超为张鲁部下，感其恩，领兵攻葭萌关，后因张鲁听信杨松谗言，进退两难。'}]",人物与人物,三国演义
三国演义_人物_公孙度_0,三国演义_人物_公孙渊_0,亲属,[{'79': '公孙渊是公孙度之孙。'}],人物与人物,三国演义
三国演义_人物_周瑜_0,三国演义_地点_舒城_0,出身,[{'11': '周瑜是庐江舒城人'}],人物与地点,三国演义
三国演义_地点_建宁_0,三国演义_地点_益州_0,隶属,[{'62': '建宁郡是益州下辖之郡'}],地点与地点,三国演义
三国演义_人物_曹操_0,三国演义_组织_朝廷_0,领导,"[{'28': '曹操罢三公自兼丞相，以朝廷名义行事'}, {'30': '曹操借天子之名以征四方，挟天子以令诸侯'}]",人物与组织,三国演义
三国演义_人物_卢逊_0,三国演义_物品_十矢连弩_0,持有,[{'85': '卢逊装武侯所遗十矢连弩于南郑关前，射退魏兵'}],人物与物品,三国演义
三国演义_人物_曹丕_0,三国演义_物品_龙舟_0,持有,[{'61': '曹丕乘龙舟至广陵，后龙舟被火焚'}],人物与物品,三国演义
三国演义_人物_关羽_0,三国演义_组织_汉室_0,归属,"[{'48': '关羽誓共匡扶汉室，原文‘吾与吾兄桃园结义，誓共匡扶汉室’'}, {'55': '关公誓扶汉室，骂孙权为‘叛汉之贼’'}]",人物与组织,三国演义
三国演义_人物_曹操_0,三国演义_组织_乌桓_0,对抗,[{'25': '曹操西击乌桓，战于白狼山'}],人物与组织,三国演义
三国演义_人物_朱桓_0,三国演义_人物_陆逊_0,上下级,[{'71': '陆逊任朱桓为左都督，分兵迎敌'}],人物与人物,三国演义
三国演义_人物_张松_0,三国演义_地点_益州_0,归属,[{'44': '张松原为刘璋部下'}],人物与组织,三国演义
三国演义_人物_姜维_0,三国演义_人物_徐质_0,对立,[{'81': '姜维设计埋伏，徐质被乱刀砍死'}],人物与人物,三国演义
三国演义_人物_丁奉_0,三国演义_地点_东兴_0,守护,[{'80': '丁奉奉命守护东兴'}],人物与地点,三国演义
三国演义_地点_三江_1,三国演义_地点_甘南水_0,隶属,[{'65': '三江即为泸水、甘南水、西城水三水会合，甘南水为其一。'}],地点与地点,三国演义
三国演义_人物_孙权_0,三国演义_人物_曹丕_0,上下级,[{'57': '曹丕降诏封孙权为吴王，加九锡，孙权称臣。'}],人物与人物,三国演义
三国演义_人物_刘备_0,三国演义_地点_新野_0,守护,[{'26': '刘备驻军新野，抵御曹军，安抚百姓。'}],人物与地点,三国演义
三国演义_人物_刘表_0,三国演义_人物_陈孙_0,对立,[{'25': '陈孙与张武同反，被张飞刺死'}],人物与人物,三国演义
三国演义_人物_张飞_0,三国演义_地点_长坂桥_0,守护,[{'29': '张飞横矛立马于长坂桥上，喝退追兵。'}],人物与地点,三国演义
三国演义_人物_诸葛亮_0,三国演义_地点_益州_0,归属,[{'61': '诸葛亮为蜀汉丞相，效力蜀国'}],人物与组织,三国演义
三国演义_地点_太极殿_0,三国演义_地点_洛阳_0,隶属,[{'81': '太极殿为魏宫正殿，太后在此召曹芳废立'}],地点与地点,三国演义
三国演义_人物_关羽_0,三国演义_地点_青泥隘口_0,守护,[{'42': '关羽当青泥隘口'}],人物与地点,三国演义
三国演义_人物_甘宁_0,三国演义_人物_黄祖_0,上下级,[{'27': '黄祖曾留甘宁在夏口，但待之甚薄，甘宁因此怀恨投吴。'}],人物与人物,三国演义
三国演义_人物_陆逊_0,三国演义_地点_荆州_0,守护,[{'61': '陆逊领荆州牧，镇守荆州'}],人物与地点,三国演义
三国演义_人物_夏侯楙_0,三国演义_人物_王平_0,对立,[{'67': '王平在南安城外一合生擒夏侯楙'}],人物与人物,三国演义
三国演义_地点_后园_0,三国演义_地点_相府_0,隶属,[{'15': '后园是相府内的园子，曹操在此煮酒论英雄。'}],地点与地点,三国演义
三国演义_人物_孟获_0,三国演义_地点_银坑洞_0,居住,"[{'63': '孟获三擒后忿忿归到银坑洞中'}, {'65': '银坑洞为蛮王巢穴，孟获居住于此。'}]",人物与地点,三国演义
三国演义_地点_幽州_0,三国演义_地点_涿郡_0,隶属,[{'1': '涿郡是幽州属郡'}],地点与地点,三国演义
三国演义_人物_刘备_0,三国演义_组织_汉室_0,归属,[{'14': '玄德为汉室宗亲，随曹操共扶王室'}],人物与组织,三国演义
三国演义_人物_郭淮_0,三国演义_地点_雍城_0,守护,[{'73': '司马懿令郭淮守把雍城。'}],人物与地点,三国演义
三国演义_人物_丁奉_0,三国演义_组织_吴军_0,归属,"[{'86': '丁奉是东吴将领，率兵救蜀。'}, {'87': '丁奉是吴国老将，总督沿江兵马。'}]",人物与组织,三国演义
三国演义_人物_张飞_0,三国演义_人物_魏续_0,对立,[{'12': '张飞杀退魏续'}],人物与人物,三国演义
三国演义_人物_孙坚_0,三国演义_地点_下邳_0,居住,[{'2': '孙坚除下邳丞'}],人物与地点,三国演义
三国演义_人物_刘备_0,三国演义_人物_孙乾_0,上下级,"[{'8': '孙乾为辅佐刘备的从事。'}, {'17': '孙乾为刘备幕僚，奉命前往河北求救'}, {'18': '孙乾为刘备部下，逃难中被刘辟收留，作为细作告知关羽刘备所在。'}, {'20': '孙乾为刘备部下，奔波寻访'}, {'23': '孙乾为刘备幕僚，劝投刘表并星夜往说'}, {'25': '孙乾为刘备部下，劝勿赴襄阳会'}]",人物与人物,三国演义
三国演义_人物_曹操_0,三国演义_物品_盔_0,持有,[{'24': '曹操被冀州城上弩箭射中头盔，险透其顶。'}],人物与物品,三国演义
三国演义_人物_徐盛_0,三国演义_地点_南徐_0,守护,[{'61': '徐盛总镇都督建业、南徐军马，守护江岸'}],人物与地点,三国演义
三国演义_人物_诸葛亮_0,三国演义_地点_祁山_0,守护,[{'69': '孔明引三军驻祁山大寨，在此会聚议事指挥作战'}],人物与地点,三国演义
三国演义_物品_铁索_1,三国演义_组织_吴军_0,创造,[{'88': '吴国造连环铁索横截江面以阻晋船'}],,三国演义
三国演义_人物_袁绍_0,三国演义_人物_许攸_0,对立,[{'22': '许攸因袁绍不听其计且遭斥责，又因子侄被审配下狱，遂弃袁绍投奔曹操，成为袁绍的敌人'}],人物与人物,三国演义
三国演义_人物_司马懿_0,三国演义_人物_曹爽_0,对立,"[{'79': '曹爽夺司马懿兵权，司马懿诈病诈赚曹爽，后趁其出城欲图之。'}, {'80': '司马懿发动政变，曹爽投降被诛灭三族'}]",人物与人物,三国演义
三国演义_人物_曹操_0,三国演义_物品_槊_0,持有,[{'34': '曹操取槊立于船头，横槊赋诗并刺死刘馥。'}],人物与物品,三国演义
三国演义_人物_诸葛亮_0,三国演义_物品_囚车_0,持有,[{'67': '诸葛亮将擒获的夏侯楙囚于车中'}],人物与物品,三国演义
三国演义_人物_司马懿_0,三国演义_人物_夏侯令女_0,上下级,[{'80': '司马懿嘉许夏侯令女之节，听其乞子养曹氏后'}],人物与人物,三国演义
三国演义_人物_满宠_0,三国演义_地点_汝南_0,守护,[{'23': '满宠与夏侯惇镇守汝南以拒刘表'}],人物与地点,三国演义
三国演义_地点_东吴_0,三国演义_地点_丹阳_0,驻扎,[{'27': '孙权领军至丹阳，后封孙高、傅婴为牙门将令守丹阳。'}],组织与地点,三国演义
三国演义_人物_刘表_0,三国演义_人物_刘备_0,上下级,[{'24': '刘表遣玄德为前部迎击曹操。'}],人物与人物,三国演义
三国演义_人物_甘宁_0,三国演义_地点_夏口_0,守护,[{'28': '孙权命甘宁领兵五千、战船一百只镇守夏口'}],人物与地点,三国演义
三国演义_地点_白帝城_0,三国演义_组织_刘备军_0,驻扎,[{'62': '李严镇守白帝城，可挡陆逊'}],组织与地点,三国演义
三国演义_人物_杜预_0,三国演义_人物_羊祜_0,合作,[{'88': '羊祜病危时向司马炎举荐杜预可继其志伐吴'}],人物与人物,三国演义
三国演义_人物_丁廙_0,三国演义_人物_曹丕_0,对立,[{'56': '曹丕下令诛杀丁仪、丁廙。'}],人物与人物,三国演义
三国演义_人物_吕布_0,三国演义_组织_泰山寇_0,合作,[{'13': '吕布使陈宫、臧霸结连泰山寇孙观、吴敦、尹礼、昌稀，东取山东。'}],人物与组织,三国演义
三国演义_人物_吕布_0,三国演义_人物_袁绍_0,合作,[{'7': '吕布与袁绍共破张燕于常山'}],人物与人物,三国演义
三国演义_人物_朱褒_0,三国演义_人物_高定_0,对立,[{'62': '鄂焕刺死朱褒，高定献其首级'}],人物与人物,三国演义
三国演义_人物_乐綝_0,三国演义_人物_司马昭_0,上下级,[{'82': '司马昭暗发密书与扬州刺史乐綝，令其防备诸葛诞。'}],人物与人物,三国演义
三国演义_人物_傅佥_0,三国演义_地点_阳安关_0,守护,[{'85': '傅佥与蒋舒共守阳安关，后战死'}],人物与地点,三国演义
三国演义_人物_文钦_0,三国演义_人物_诸葛诞_0,对立,[{'82': '文钦劝诸葛诞放北军省粮，诞怒斩文钦。'}],人物与人物,三国演义
三国演义_人物_曹操_0,三国演义_人物_陈群_0,上下级,[{'40': '陈群向曹操献策取江东，曹操采纳'}],人物与人物,三国演义
三国演义_人物_崔勇_0,三国演义_人物_徐晃_0,对立,[{'9': '徐晃一合斩崔勇于马下'}],人物与人物,三国演义
三国演义_地点_南阳_0,三国演义_地点_隆中_0,隶属,[{'26': '卧龙冈位于南阳郡。'}],地点与地点,三国演义
三国演义_人物_钟会_0,三国演义_组织_曹操军_0,归属,"[{'85': '钟会为魏镇西将军，归属魏国'}, {'86': '钟会是魏国镇西将军，为魏效力。'}]",人物与组织,三国演义
三国演义_人物_诸葛亮_0,三国演义_地点_荆州_0,守护,[{'44': '孔明留守荆州'}],人物与地点,三国演义
三国演义_地点_剑阁_0,三国演义_地点_益州_0,隶属,[{'42': '剑阁为益州雄关'}],地点与地点,三国演义
三国演义_人物_裴元绍_0,三国演义_人物_赵云_0,对立,[{'20': '赵云一合刺死裴元绍，占住卧牛山'}],人物与人物,三国演义
三国演义_人物_董卓_0,三国演义_地点_郿坞_0,居住,"[{'5': '董卓筑郿坞，家属居住，内藏珍宝粮食。'}, {'6': '董卓在郿坞居住，与貂蝉同享快乐。'}]",人物与地点,三国演义
三国演义_人物_曹操_0,三国演义_人物_许攸_0,上下级,[{'24': '许攸是曹操谋士，献计决漳河之水淹冀州。'}],人物与人物,三国演义
三国演义_人物_刘备_0,三国演义_组织_朝廷_0,归属,[{'8': '刘备将陶谦遗表申奏朝廷，权领徐州牧。'}],人物与组织,三国演义
三国演义_人物_周瑜_0,三国演义_人物_黄盖_0,上下级,"[{'31': '周瑜差黄盖为前部先锋，听令而行。'}, {'33': '周瑜为实施苦肉计，当众责打黄盖，黄盖服从其令'}, {'34': '黄盖准备火船听候周瑜号令，受周瑜指挥实施火攻。'}, {'38': '黄盖与韩当急救周瑜下船，是周瑜部下'}]",人物与人物,三国演义
三国演义_人物_文丑_0,三国演义_人物_袁绍_0,上下级,"[{'5': '文丑为袁绍部将，击败公孙瓒，砍死关纯。'}, {'16': '文丑为袁绍将军，勇冠三军'}]",人物与人物,三国演义
三国演义_人物_孙权_0,三国演义_人物_韩当_0,上下级,[{'57': '孙权命韩当为正将拒蜀。'}],人物与人物,三国演义
三国演义_人物_凌操_0,三国演义_人物_甘宁_0,对立,[{'27': '甘宁在夏口之战中一箭射死凌操。'}],人物与人物,三国演义
三国演义_人物_曹休_0,三国演义_人物_贾逵_0,上下级,[{'71': '贾逵劝曹休不可轻进，曹休不听，后贾逵救曹休于夹石道'}],人物与人物,三国演义
三国演义_人物_夏侯楙_0,三国演义_人物_诸葛亮_0,对立,[{'67': '诸葛亮设计困夏侯楙于南安，最终将其擒获'}],人物与人物,三国演义
三国演义_人物_孟获_0,三国演义_物品_赤毛牛_0,持有,[{'64': '孟获骑赤毛牛出战。'}],人物与物品,三国演义
三国演义_人物_周鲂_0,三国演义_人物_孙权_0,上下级,[{'71': '孙权封周鲂为关内侯，慰劳其断发之功'}],人物与人物,三国演义
三国演义_人物_颜良_0,三国演义_组织_袁绍军_0,归属,[{'5': '颜良为袁绍军先锋。'}],人物与组织,三国演义
三国演义_人物_刘封_0,三国演义_人物_申耽_0,对立,[{'56': '申耽降魏，在城上叫言已降魏，刘封大怒攻城。'}],人物与人物,三国演义
三国演义_人物_杨彪_0,三国演义_技能_反间计_2,掌握,[{'9': '杨彪献反间计，使夫人于郭汜妻处离间'}],人物与技能,三国演义
三国演义_人物_关羽_0,三国演义_地点_荆州_0,守护,"[{'36': '关羽奉命守荆州，后调去取长沙，令张飞替守'}, {'49': '关羽镇守荆州，使曹操难以染指。'}, {'53': '关羽镇守荆州'}]",人物与地点,三国演义
三国演义_人物_全琮_0,三国演义_人物_陆逊_0,上下级,[{'71': '陆逊任全琮为右都督，分兵迎敌'}],人物与人物,三国演义
三国演义_人物_诸葛亮_0,三国演义_地点_东吴_0,合作,[{'30': '诸葛亮出使东吴，舌战群儒，促成孙刘联盟'}],人物与组织,三国演义
三国演义_人物_乐就_0,三国演义_人物_袁术_0,上下级,[{'13': '袁术使乐就为催进使，接应七路之兵。'}],人物与人物,三国演义
三国演义_人物_孙权_0,三国演义_地点_柴桑郡_0,守护,[{'28': '孙权自领大军屯驻柴桑'}],人物与地点,三国演义
三国演义_人物_孟获_0,三国演义_人物_阿会喃_0,对立,[{'63': '阿会喃与董荼那一起擒孟获，后遭孟获设计杀害'}],人物与人物,三国演义
三国演义_人物_刘宁_0,三国演义_组织_刘备军_0,合作,[{'57': '洞溪汉将刘宁率兵助蜀。'}],人物与组织,三国演义
三国演义_地点_成都_0,三国演义_地点_益州_0,隶属,[{'55': '成都位于西川，刘备从东川回西川成都'}],地点与地点,三国演义
三国演义_人物_张让_0,三国演义_人物_董太后_0,上下级,[{'2': '董太后宣张让入宫商议，封张让等共预朝政'}],人物与人物,三国演义
三国演义_人物_凌统_0,三国演义_地点_东吴_0,归属,[{'28': '凌统为东吴将领，被加封承烈都尉'}],人物与组织,三国演义
三国演义_地点_北邙山_0,三国演义_地点_崔毅庄_0,隶属,[{'3': '崔毅庄位于北邙山。'}],地点与地点,三国演义
三国演义_人物_关羽_0,三国演义_人物_黄忠_0,对立,[{'36': '关羽与黄忠大战百余合不分胜负，相互敬重但处于敌对，后黄忠降刘备'}],人物与人物,三国演义
三国演义_人物_孙权_0,三国演义_地点_濡须口_0,守护,[{'50': '孙权在濡须口屯军，与曹操相拒。'}],人物与地点,三国演义
三国演义_人物_庞统_0,三国演义_物品_留书_0,持有,[{'39': '庞统接受诸葛亮留书，后赴荆州投刘备'}],人物与物品,三国演义
三国演义_人物_张南_0,三国演义_人物_曹操_0,上下级,[{'25': '张南降操，被封列侯'}],人物与人物,三国演义
三国演义_人物_孙休_0,三国演义_人物_薛珝_0,上下级,[{'83': '薛珝出使蜀中归，向孙休奏报黄皓用事等情况'}],人物与人物,三国演义
三国演义_人物_吉邈_0,三国演义_人物_曹操_0,对立,[{'50': '吉邈为吉平之子，与父有杀父之仇，参与讨曹，事败被杀。'}],人物与人物,三国演义
三国演义_人物_姜维_0,三国演义_人物_鲍素_0,上下级,[{'82': '鲍素奉姜维令屯兵于祁山谷口，后阵亡。'}],人物与人物,三国演义
三国演义_地点_成都_0,三国演义_地点_益州_0,驻扎,[{'44': '成都为刘璋治所，西川政权中心'}],组织与地点,三国演义
三国演义_地点_小师桥_0,三国演义_地点_逍遥津_0,隶属,[{'49': '小师桥位于逍遥津北，为吴军撤退必经之桥。'}],地点与地点,三国演义
三国演义_人物_关羽_0,三国演义_人物_许昌_0,居住,[{'18': '曹操拨府邸与关羽居住，关羽分宅两院，自居外宅。'}],人物与地点,三国演义
三国演义_人物_许贡_0,三国演义_地点_吴郡_0,守护,[{'21': '许贡为吴郡太守。'}],人物与地点,三国演义
三国演义_人物_刘备_0,三国演义_人物_马超_0,上下级,"[{'47': '马超归降刘备，被封为平西将军。'}, {'53': '封马超为五虎大将'}, {'57': '刘备命骠骑将军马超助魏延守汉中。'}]",人物与人物,三国演义
三国演义_人物_吕凯_0,三国演义_地点_永昌郡_0,守护,[{'66': '孔明留吕凯与王伉同守永昌四郡。'}],人物与地点,三国演义
三国演义_人物_刘备_0,三国演义_人物_孟达_0,上下级,[{'44': '刘备遣孟达守葭萌关'}],人物与人物,三国演义
三国演义_人物_刘璋_0,三国演义_物品_绿袍_0,持有,[{'42': '刘璋脱所穿绿袍赐与张松'}],人物与物品,三国演义
三国演义_地点_列柳城_0,三国演义_地点_街亭_0,相邻,[{'70': '街亭东北有一城名列柳城，乃山僻小路。'}],地点与地点,三国演义
三国演义_人物_韩遂_0,三国演义_物品_密书_0,创造,[{'41': '韩遂写密书遣杨秋送往曹操寨，约定投降。'}],人物与物品,三国演义
三国演义_人物_王含_0,三国演义_地点_乐城_0,守护,[{'85': '王含守乐城，见魏兵势大闭门不出，后降'}],人物与地点,三国演义
三国演义_人物_张陵_0,三国演义_人物_张鲁_0,亲属,[{'41': '张陵是张鲁之祖，在西川鹄鸣山造作道书。'}],人物与人物,三国演义
三国演义_人物_刘禅_0,三国演义_人物_吴太后_0,亲属,[{'78': '吴太后为后主之母，劝后主不可轻信魏延表奏'}],人物与人物,三国演义
三国演义_人物_徐晃_0,三国演义_物品_大斧_1,持有,[{'9': '徐晃手执大斧，一合斩崔勇'}],人物与物品,三国演义
三国演义_组织_吕布军_0,三国演义_组织_曹操军_0,对抗,[{'14': '曹操率曹军围攻下邳，击败吕布军'}],组织与组织,三国演义
三国演义_人物_丁奉_0,三国演义_人物_胡遵_0,对立,[{'80': '丁奉雪中奋短兵，大破胡遵'}],人物与人物,三国演义
三国演义_人物_法正_0,三国演义_技能_以逸待劳_0,掌握,[{'52': '法正定计以逸待劳，令黄忠守半山待曹兵倦怠后出击'}],人物与技能,三国演义
三国演义_人物_严颜_0,三国演义_地点_天荡山_0,守护,[{'51': '严颜与黄忠共同守天荡山。'}],人物与地点,三国演义
三国演义_人物_夏侯惇_0,三国演义_组织_青州兵_0,领导,[{'12': '夏侯惇统领青州兵'}],人物与组织,三国演义
三国演义_人物_曾宣_0,三国演义_人物_诸葛诞_0,对立,[{'82': '守将曾宣献北门放魏兵入城，背叛诸葛诞。'}],人物与人物,三国演义
三国演义_人物_赵云_0,三国演义_物品_青釭剑_0,持有,"[{'29': '赵云刺死夏侯恩，夺得青釭剑。'}, {'43': '赵云佩有青釭剑，在船上用以拨箭、分开枪搠，跳上吴船夺阿斗'}]",人物与物品,三国演义
三国演义_人物_姜维_0,三国演义_人物_梁绪_0,亲密,[{'68': '姜维与梁绪交厚，写密书约其为内应。'}],人物与人物,三国演义
三国演义_人物_曹操_0,三国演义_物品_书_2,创造,[{'41': '曹操亲笔作书一封，将紧要处涂抹后封送韩遂。'}],人物与物品,三国演义
三国演义_人物_关羽_0,三国演义_物品_绿锦战袍_0,持有,[{'18': '刘备所赐旧袍，关羽穿于内底，以示不忘旧恩。'}],人物与物品,三国演义
三国演义_人物_张宝_0,三国演义_人物_张角_0,亲属,[{'1': '张角与张宝为亲兄弟，张角为兄'}],人物与人物,三国演义
三国演义_地点_襄阳_0,三国演义_组织_蔡氏宗族_0,驻扎,[{'28': '蔡夫人与刘琮前赴襄阳驻扎'}],组织与地点,三国演义
三国演义_人物_孙休_0,三国演义_人物_孙皓_0,上下级,[{'83': '孙休封兄之子孙皓为乌程侯'}],人物与人物,三国演义
三国演义_人物_高干_0,三国演义_组织_高干军_0,领导,[{'24': '高干统领高干军支援袁尚。'}],人物与组织,三国演义
三国演义_人物_刘备_0,三国演义_人物_糜竺_0,亲属,[{'13': '糜竺之妹嫁与刘备为次妻，二人有郎舅之亲。'}],人物与人物,三国演义
三国演义_人物_何太后_0,三国演义_人物_王美人_0,对立,[{'2': '何后嫉妒鸩杀王美人'}],人物与人物,三国演义
三国演义_人物_刘禅_0,三国演义_人物_刘谌_0,亲属,[{'86': '刘谌是刘禅第五子，反对投降，后自杀。'}],人物与人物,三国演义
三国演义_人物_刘表_0,三国演义_地点_襄阳_0,居住,[{'5': '刘表治所在襄阳，围困孙坚。'}],人物与地点,三国演义
三国演义_人物_吕布_0,三国演义_人物_王允_0,亲密,[{'5': '王允赠金冠、许貂蝉，吕布感激涕零，愿效犬马之报。'}],人物与人物,三国演义
三国演义_组织_司马氏_0,三国演义_组织_曹操军_0,支配,"[{'80': '司马氏家族专权魏国，诛杀曹爽等'}, {'87': '魏国政皆由司马氏掌控。'}]",组织与组织,三国演义
三国演义_人物_张济_0,三国演义_人物_邹氏_0,亲属,[{'12': '夫妻，邹氏为张济之妻'}],人物与人物,三国演义
三国演义_地点_偃城_0,三国演义_地点_沔水_0,连通,[{'54': '徐晃循沔水袭偃城之后'}],地点与地点,三国演义
三国演义_地点_永安宫_1,三国演义_组织_刘备军_0,驻扎,[{'69': '永安宫为蜀国宫城，李严镇守'}],组织与地点,三国演义
三国演义_人物_张郃_0,三国演义_组织_曹操军_0,归属,"[{'51': '张郃为魏国名将，效力于魏军。'}, {'72': '张郃是魏国左将军'}]",人物与组织,三国演义
三国演义_人物_孙策_0,三国演义_人物_祖郎_0,对立,[{'11': '孙策引兵攻泾县大帅祖郎得胜'}],人物与人物,三国演义
三国演义_人物_曹丕_0,三国演义_地点_沛国谯郡_0,出身,[{'56': '曹丕南巡沛国谯县，大飨先茔，效汉高祖还沛之事。'}],人物与地点,三国演义
三国演义_人物_夏侯渊_0,三国演义_地点_定军山_0,守护,"[{'49': '曹操留夏侯渊守汉中定军山隘口。'}, {'51': '夏侯渊屯兵定军山，守护粮草。'}, {'52': '夏侯渊守定军山，被黄忠斩杀'}]",人物与地点,三国演义
三国演义_人物_张飞_0,三国演义_人物_刘备_0,亲密,"[{'14': '结义兄弟，重逢后哭拜于地'}, {'51': '玄德与张飞结义兄弟，孔明称‘主公与翼德做了许多年兄弟’。'}]",人物与人物,三国演义
三国演义_人物_夏侯楙_0,三国演义_人物_程武_0,上下级,[{'67': '程武为参军，献计设伏围困赵云，夏侯楙采纳'}],人物与人物,三国演义
三国演义_人物_司马望_0,三国演义_人物_邓艾_0,合作,[{'83': '司马望救出被围的邓艾，二人商议用反间计召回姜维'}],人物与人物,三国演义
三国演义_地点_三江_0,三国演义_地点_东吴_0,隶属,[{'21': '三江是江东水乡，孙策称三江之固。'}],地点与地点,三国演义
三国演义_人物_司马昭_0,三国演义_人物_陈泰_0,上下级,[{'82': '陈泰为魏将，与邓艾同屯兵雍、凉，表邓艾之功于司马昭。'}],人物与人物,三国演义
三国演义_地点_襄阳_0,三国演义_地点_隆中_0,隶属,"[{'26': '隆中在襄阳城外二十里。'}, {'27': '隆中位于襄阳城西二十里处，属于襄阳管辖范围。'}]",地点与地点,三国演义
三国演义_人物_伊籍_0,三国演义_人物_刘备_0,亲密,"[{'25': '伊籍两次报信救刘备，二人信任'}, {'28': '伊籍曾救刘备，又赍哀书来报，刘备感其恩'}]",人物与人物,三国演义
三国演义_人物_司马懿_0,三国演义_人物_郭淮_0,上下级,"[{'73': '司马懿令郭淮与孙礼从小路往救武都、阴平，后又令二人守把雍、郿二城。'}, {'75': '司马懿令郭淮守陇西诸郡'}, {'76': '司马懿令郭淮总督陇西军马，据北原下寨。'}]",人物与人物,三国演义
三国演义_人物_凌统_0,三国演义_人物_曹休_0,对立,[{'50': '曹休暗放冷箭射中凌统坐马，凌统掀翻在地。'}],人物与人物,三国演义
三国演义_人物_曹操_0,三国演义_人物_路昭_0,上下级,[{'15': '路昭是曹操部将，与朱灵同行助刘备。'}],人物与人物,三国演义
三国演义_人物_曹操_0,三国演义_人物_王忠_0,上下级,[{'16': '王忠为曹操偏将，与刘岱同领兵攻刘备'}],人物与人物,三国演义
三国演义_人物_张辽_0,三国演义_组织_曹操军_0,归属,[{'24': '张辽是曹操大将，随军攻冀州。'}],人物与组织,三国演义
三国演义_人物_杨仪_0,三国演义_人物_魏延_0,对立,"[{'77': '魏延与杨仪不和，不服其统领，欲攻杀杨仪。'}, {'78': '杨仪与魏延相争，依锦囊计策斩杀魏延'}]",人物与人物,三国演义
三国演义_人物_严政_0,三国演义_人物_张宝_0,对立,[{'2': '严政刺杀张宝，献首投降'}],人物与人物,三国演义
三国演义_地点_南门_1,三国演义_地点_襄平_0,隶属,[{'79': '南门是襄平城的城门，公孙渊父子夜开南门突围。'}],地点与地点,三国演义
三国演义_人物_曹操_0,三国演义_人物_祢衡_0,对立,[{'17': '祢衡当众裸衣辱骂曹操，曹操借刘表之手杀之'}],人物与人物,三国演义
三国演义_地点_东吴_0,三国演义_地点_豫章_0,隶属,[{'21': '豫章被孙策攻取，归入江东版图。'}],地点与地点,三国演义
三国演义_人物_刘备_0,三国演义_人物_秦宓_0,对立,[{'57': '秦宓劝谏伐吴，刘备大怒，叱武士推出斩之，后囚下。'}],人物与人物,三国演义
三国演义_组织_北军_0,三国演义_组织_曹操军_0,隶属,[{'34': '北军为曹操的北方军队，属于曹军主力。'}],组织与组织,三国演义
三国演义_人物_何进_0,三国演义_人物_蹇硕_0,对立,[{'2': '蹇硕奏请诛何进以立皇子协'}],人物与人物,三国演义
三国演义_人物_祖茂_0,三国演义_物品_双刀_1,持有,[{'4': '祖茂使双刀。'}],人物与物品,三国演义
三国演义_人物_关羽_0,三国演义_人物_鲁肃_0,对立,[{'48': '鲁肃设宴欲索荆州，关羽单刀赴会提防，扯鲁肃至江边，原文‘云长右手提刀，左手挽住鲁肃手’'}],人物与人物,三国演义
三国演义_人物_孙策_0,三国演义_人物_樊能_0,对立,[{'11': '孙策大喝惊骇樊能撞马破头而死'}],人物与人物,三国演义
三国演义_人物_吕布_0,三国演义_人物_李儒_0,对立,[{'6': '吕布称李儒助卓为虐，下令擒之，李儒后被王允斩于市曹。'}],人物与人物,三国演义
三国演义_人物_孙坚_0,三国演义_人物_孙静_0,亲属,[{'5': '孙坚之弟，孙静谏阻孙坚起兵。'}],人物与人物,三国演义
三国演义_人物_吕蒙_0,三国演义_物品_白衣_0,持有,[{'54': '吕蒙令士兵穿白衣扮作商人'}],人物与物品,三国演义
三国演义_人物_诸葛诞_0,三国演义_人物_贾充_0,对立,[{'82': '贾充以禅代之言试探诸葛诞，诞大怒斥责，后贾充建议司马昭除诞。'}],人物与人物,三国演义
三国演义_人物_刘禅_0,三国演义_组织_刘备军_0,归属,[{'75': '后主为蜀汉皇帝'}],人物与组织,三国演义
三国演义_人物_袁尚_0,三国演义_人物_马延_0,上下级,[{'24': '马延是袁尚部将，任先锋断后。'}],人物与人物,三国演义
三国演义_人物_王双_1,三国演义_物品_流星锤_1,持有,[{'71': '王双暗藏三个流星锤，百发百中'}],人物与物品,三国演义
三国演义_人物_张辽_0,三国演义_人物_蹋顿_0,对立,[{'25': '张辽拍马斩蹋顿于马下'}],人物与人物,三国演义
三国演义_人物_孟达_0,三国演义_物品_军器_2,持有,[{'51': '孟达将寨中丢下的军器鞍马搬运入关。'}],人物与物品,三国演义
三国演义_人物_吴纲_0,三国演义_人物_诸葛诞_0,上下级,[{'82': '吴纲为诸葛诞长史，奉命送诸葛靓入吴为质。'}],人物与人物,三国演义
三国演义_人物_曹操_0,三国演义_人物_许昌_0,居住,"[{'23': '曹操提兵回许都，商议兴兵'}, {'26': '曹操自冀州回许都，常从许昌发号施令。'}, {'28': '曹操以许昌为都城，留荀彧等守城'}]",人物与地点,三国演义
三国演义_人物_司马炎_0,三国演义_人物_羊祜_0,上下级,[{'88': '司马炎诏令羊祜率兵拒吴，后亲临问病'}],人物与人物,三国演义
三国演义_人物_夏侯渊_0,三国演义_人物_黄忠_0,对立,[{'52': '黄忠于定军山斩杀夏侯渊'}],人物与人物,三国演义
三国演义_人物_诸葛亮_0,三国演义_人物_马超_0,上下级,[{'52': '诸葛亮差人往下辨授计与马超'}],人物与人物,三国演义
三国演义_人物_伏完_0,三国演义_人物_曹操_0,对立,[{'48': '曹操拿下伏完并灭其三族，原文‘围住伏完私宅，老幼并皆拿下’'}],人物与人物,三国演义
三国演义_人物_关羽_0,三国演义_物品_赤兔马_0,持有,"[{'19': '关公坐骑赤兔马，日行千里'}, {'20': '关公骑赤兔马，郭常之子与裴元绍皆欲盗劫此马'}, {'55': '关公生前骑赤兔马，死后马被马忠所获，数日不食而死'}]",人物与物品,三国演义
三国演义_人物_庞统_0,三国演义_组织_刘备军_0,归属,[{'39': '庞统被拜为副军师中郎将，归属刘备军'}],人物与组织,三国演义
三国演义_人物_司马懿_0,三国演义_人物_曹操_0,上下级,"[{'28': '曹操任命司马懿为文学掾'}, {'50': '司马懿为主簿，谏王必不堪任御林军之职。'}, {'53': '司马懿献计联合东吴取荆州'}, {'54': '司马懿为曹操主簿，献计联结东吴袭关公之后'}]",人物与人物,三国演义
三国演义_人物_袁熙_0,三国演义_地点_幽州_0,守护,[{'23': '袁熙出守幽州，回州收拾人马'}],人物与地点,三国演义
三国演义_人物_诸葛亮_0,三国演义_地点_成都_0,居住,"[{'48': '诸葛亮在成都接诸葛瑾，原文‘不致日，早到成都’‘孔明出郭接瑾’'}, {'73': '孔明自回成都养病，居住于丞相府。'}]",人物与地点,三国演义
三国演义_人物_张顗_0,三国演义_人物_曹操_0,上下级,[{'24': '张顗降曹操后随军听用。'}],人物与人物,三国演义
三国演义_人物_赵云_0,三国演义_人物_钟绅_0,对立,[{'29': '赵云用青釭剑砍死钟绅。'}],人物与人物,三国演义
三国演义_人物_刘备_0,三国演义_人物_孙权_0,对立,"[{'37': '孙权设置美人计欲困刘备，后又派兵追杀，两人敌对。'}, {'42': '孙权东有虎踞之心，常怀夺荆州之意'}, {'48': '孙权屡索荆州不成，大怒，原文‘孙权大怒曰’'}, {'58': '刘备誓要灭吴，怒斥东吴来使，不肯讲和'}]",人物与人物,三国演义
三国演义_人物_曹洪_0,三国演义_人物_祖弼_0,对立,[{'56': '曹洪索要玉玺，祖弼叱责，曹洪令武士斩之。'}],人物与人物,三国演义
三国演义_人物_廖化_0,三国演义_物品_金盔_0,持有,[{'77': '廖化追赶司马懿获得金盔，献功录为头功。'}],人物与物品,三国演义
三国演义_人物_李傕_0,三国演义_人物_郭汜_0,对立,[{'9': '李傕与郭汜在长安城下混战，互相攻伐'}],人物与人物,三国演义
三国演义_人物_诸葛亮_0,三国演义_人物_杨仪_0,上下级,"[{'75': '孔明采纳杨仪分兵之策，后令其埋伏木门道'}, {'78': '孔明临终委大事于杨仪，杨仪为长史'}]",人物与人物,三国演义
三国演义_人物_沙摩柯_0,三国演义_组织_刘备军_0,合作,[{'57': '蛮王沙摩柯率番兵数万助蜀伐吴。'}],人物与组织,三国演义
三国演义_人物_孙皓_0,三国演义_人物_留平_0,对立,[{'88': '留平谏孙皓，被杀害'}],人物与人物,三国演义
三国演义_人物_刘虞_0,三国演义_地点_幽州_0,守护,[{'2': '刘虞为幽州牧领兵征渔阳'}],人物与地点,三国演义
三国演义_人物_马延_0,三国演义_组织_曹操军_0,归属,[{'24': '马延降曹后成为曹操部将。'}],人物与组织,三国演义
三国演义_人物_何仪_0,三国演义_组织_黄巾军_0,归属,[{'8': '何仪是黄巾余党，劫掠州郡。'}],人物与组织,三国演义
三国演义_组织_吴军_0,三国演义_组织_曹操军_0,合作,[{'53': '魏约吴共取荆州'}],组织与组织,三国演义
三国演义_人物_伏完_0,三国演义_组织_汉室_0,归属,[{'48': '伏完为汉朝皇丈，欲杀操救汉，原文‘伏完常欲杀操’'}],人物与组织,三国演义
三国演义_人物_张鲁_0,三国演义_地点_汉中_0,守护,"[{'41': '张鲁雄据汉中，自号师君，统领米贼。'}, {'46': '张鲁割据汉中，刘璋遣使求救于张鲁'}]",人物与地点,三国演义
三国演义_人物_刘禅_0,三国演义_组织_刘备军_0,领导,"[{'71': '后主刘禅为蜀汉皇帝'}, {'72': '后主是蜀汉君主'}, {'85': '刘禅为蜀汉后主，统治蜀国'}, {'86': '刘禅为蜀汉后主，领导蜀汉政权。'}, {'87': '刘禅是蜀汉后主，降魏后封安乐公。'}]",人物与组织,三国演义
三国演义_人物_曹操_0,三国演义_技能_反间计_0,掌握,[{'41': '曹操采纳贾诩反间计，通过伪书离间韩遂、马超。'}],人物与技能,三国演义
三国演义_组织_曹操军_0,三国演义_组织_袁绍军_0,对抗,[{'18': '曹操军与袁绍军在白马、延津等地交战，互为敌手。'}],组织与组织,三国演义
三国演义_人物_关羽_0,三国演义_地点_襄阳_0,守护,[{'42': '关羽拒守襄阳要路'}],人物与地点,三国演义
三国演义_人物_孙策_0,三国演义_物品_军器_0,持有,[{'11': '孙策收得牛渚邸阁军器'}],人物与物品,三国演义
三国演义_人物_刘璋_0,三国演义_人物_张鲁_0,对立,"[{'41': '刘璋曾杀张鲁母及弟，张鲁欲兴兵取川，二人有仇。'}, {'42': '张鲁与刘璋有杀母之仇，时思侵犯'}]",人物与人物,三国演义
三国演义_人物_许褚_0,三国演义_组织_虎卫军_0,归属,[{'56': '许褚领虎卫军三千，至临淄擒曹植等。'}],人物与组织,三国演义
三国演义_人物_于吉_0,三国演义_地点_琅琊宫_0,居住,[{'21': '于吉自称琅琊宫道士。'}],人物与地点,三国演义
三国演义_人物_刘夫人_0,三国演义_人物_袁绍_0,亲属,[{'23': '刘氏为袁绍后妻，劝立袁尚为后嗣'}],人物与人物,三国演义
三国演义_人物_何进_0,三国演义_人物_灵帝_0,上下级,[{'2': '灵帝病笃召何进入宫议后事'}],人物与人物,三国演义
三国演义_人物_关羽_0,三国演义_人物_孟坦_0,对立,[{'19': '孟坦诱攻关公，被关公砍为两段'}],人物与人物,三国演义
三国演义_人物_成济_0,三国演义_人物_曹髦_0,对立,[{'84': '成济奉贾充命用戟刺死曹髦。'}],人物与人物,三国演义
三国演义_人物_法正_0,三国演义_技能_反客为主_0,掌握,[{'52': '法正向黄忠献反客为主之计，诱夏侯渊出战'}],人物与技能,三国演义
三国演义_人物_刘备_0,三国演义_人物_马良_0,上下级,[{'36': '刘备用马良为从事，采纳其先取四郡之策'}],人物与人物,三国演义
三国演义_人物_曹操_0,三国演义_人物_陈琳_0,上下级,[{'24': '曹操赦免陈琳，命为从事。'}],人物与人物,三国演义
三国演义_地点_灭泉_0,三国演义_地点_秃龙洞_0,隶属,[{'64': '灭泉位于秃龙洞西北路上，是四毒泉之一。'}],地点与地点,三国演义
三国演义_人物_潘璋_0,三国演义_人物_苏飞_0,对立,[{'27': '潘璋在战场生擒苏飞，将其囚于槛车。'}],人物与人物,三国演义
三国演义_地点_司马水镜庄_0,三国演义_地点_草堂_0,隶属,[{'26': '草堂是水镜庄内的建筑，刘备曾宿于草堂之侧。'}],地点与地点,三国演义
三国演义_地点_洛阳_0,三国演义_组织_曹操军_0,驻扎,"[{'68': '洛阳为魏国都城，曹睿升殿设朝。'}, {'69': '洛阳为魏国都城，徐晃灵柩还葬于此'}, {'78': '魏主曹睿以洛阳为都城'}, {'80': '魏国以洛阳为都城'}]",组织与地点,三国演义
三国演义_人物_袁绍_0,三国演义_组织_御林军_0,领导,[{'2': '袁绍全身披挂领御林军五千入宫'}],人物与组织,三国演义
三国演义_人物_关羽_0,三国演义_人物_马忠_0,对立,[{'55': '马忠在决石用长钩套索绊倒关公坐马，擒获关公'}],人物与人物,三国演义
三国演义_人物_刘备_0,三国演义_物品_冠冕玺绶_0,持有,[{'53': '刘备登坛进冠冕玺绶'}],人物与物品,三国演义
三国演义_人物_司马懿_0,三国演义_人物_夏侯霸_0,上下级,[{'76': '司马懿保夏侯霸为左右先锋，过渭水安营。'}],人物与人物,三国演义
三国演义_地点_东吴_0,三国演义_组织_刘备军_0,合作,"[{'71': '东吴遣使入川请兵伐魏，蜀汉与东吴合谋攻魏'}, {'76': '蜀汉与东吴结盟，本回中孔明致书孙权，孙权答应起兵三路伐魏。'}, {'78': '孙权折金鈚箭为誓，不背吴蜀之盟'}]",组织与组织,三国演义
三国演义_人物_何进_0,三国演义_人物_马元义_0,对立,[{'1': '何进奉帝命调兵擒斩马元义'}],人物与人物,三国演义
三国演义_人物_刘璋_0,三国演义_物品_金珠锦绮_0,持有,[{'42': '刘璋备金珠锦绮作为进献曹操之物'}],人物与物品,三国演义
三国演义_人物_董卓_0,三国演义_人物_袁隗_0,对立,[{'4': '董卓派李傕、郭汜围住太傅袁隗家，不分老幼尽皆诛绝。'}],人物与人物,三国演义
三国演义_人物_刘备_0,三国演义_人物_袁绍_0,对立,[{'20': '袁绍见刘备不回，大怒欲起兵伐之'}],人物与人物,三国演义
三国演义_人物_许仪_0,三国演义_人物_钟会_0,上下级,[{'85': '钟会以许仪为先锋，后因其违令斩之'}],人物与人物,三国演义
三国演义_人物_马超_0,三国演义_地点_临洮_0,居住,[{'41': '马超败走后望陇西临洮而去。'}],人物与地点,三国演义
三国演义_人物_刘琮_0,三国演义_人物_刘表_0,亲属,[{'25': '刘表与刘琮为父子，后妻蔡氏所生'}],人物与人物,三国演义
三国演义_人物_杜预_0,三国演义_技能_破竹之势_0,掌握,[{'88': '杜预以破竹之势形容晋军兵威，并以此策略促全军急进'}],人物与技能,三国演义
三国演义_人物_张鲁_0,三国演义_人物_杨松_0,上下级,[{'47': '杨松为张鲁谋士，进谗言害马超。'}],人物与人物,三国演义
三国演义_人物_韩祯_0,三国演义_地点_西平关_0,守护,[{'69': '韩祯为守关蜀将，急报孔明羌兵扣关'}],人物与地点,三国演义
三国演义_人物_胡奋_0,三国演义_人物_诸葛诞_0,对立,[{'82': '胡奋在吊桥边手起刀落斩诸葛诞于马下。'}],人物与人物,三国演义
三国演义_人物_曹操_0,三国演义_物品_书信_6,持有,[{'54': '曹操令将东吴书信射入樊城以宽军心'}],人物与物品,三国演义
三国演义_人物_田丰_0,三国演义_人物_逢纪_0,对立,"[{'22': '逢纪进谗言说田丰出言不祥，导致袁绍怒欲斩田丰，田丰被囚禁'}, {'23': '逢纪进谗言激怒袁绍，导致田丰被杀'}]",人物与人物,三国演义
三国演义_人物_诸葛亮_0,三国演义_物品_道袍鹤氅_0,持有,[{'67': '诸葛亮道袍鹤氅，端坐车上'}],人物与物品,三国演义
三国演义_人物_李封_0,三国演义_人物_许褚_0,对立,[{'8': '许褚两合斩李封于马下。'}],人物与人物,三国演义
三国演义_人物_孙策_0,三国演义_人物_程普_0,上下级,[{'31': '程普自述随孙将军（孙伯符）开基创业，大小数百战。'}],人物与人物,三国演义
三国演义_地点_斜谷_0,三国演义_地点_阳平关_0,连通,[{'52': '曹操从阳平关退兵至斜谷'}],地点与地点,三国演义
三国演义_人物_阚泽_0,三国演义_人物_陆逊_0,亲密,[{'58': '阚泽以全家保荐陆逊为大都督，深信其才'}],人物与人物,三国演义
三国演义_人物_诸葛亮_0,三国演义_物品_二十只船_0,持有,[{'33': '孔明向鲁肃借得二十只轻快船用于草船借箭'}],人物与物品,三国演义
三国演义_地点_汉中_0,三国演义_地点_汉城_0,隶属,[{'85': '汉城位于汉中，蒋斌所守'}],地点与地点,三国演义
三国演义_人物_孙权_0,三国演义_人物_诸葛恪_0,上下级,"[{'72': '孙权命诸葛恪为太子左辅'}, {'80': '孙权召诸葛恪托孤'}]",人物与人物,三国演义
三国演义_人物_孙权_0,三国演义_人物_潘璋_0,上下级,[{'57': '孙权命潘璋为先锋拒蜀。'}],人物与人物,三国演义
三国演义_人物_关羽_0,三国演义_地点_东吴_0,对抗,[{'54': '关公与东吴敌对，东吴袭取荆州'}],人物与组织,三国演义
三国演义_人物_黄忠_0,三国演义_地点_天荡山_0,守护,[{'51': '黄忠与严颜夺取天荡山并守住。'}],人物与地点,三国演义
三国演义_人物_兀突骨_0,三国演义_人物_孟获_0,合作,[{'65': '孟获投乌戈国请兀突骨出兵相助，兀突骨起兵。'}],人物与人物,三国演义
三国演义_地点_武库_0,三国演义_地点_洛阳_0,隶属,[{'80': '武库位于洛阳城内'}],地点与地点,三国演义
三国演义_人物_少帝_0,三国演义_人物_李儒_0,对立,[{'3': '李儒奉董卓命以鸩酒毒杀少帝。'}],人物与人物,三国演义
三国演义_人物_蔡邕_0,三国演义_人物_顾雍_0,上下级,[{'21': '顾雍乃中郎蔡邕之徒。'}],人物与人物,三国演义
三国演义_人物_陈琳_0,三国演义_物品_檄文_0,创造,[{'16': '陈琳为袁绍草拟讨曹檄文，援笔立就'}],人物与物品,三国演义
三国演义_人物_尹奉_0,三国演义_地点_祁山_0,守护,[{'46': '尹奉与赵昂屯祁山，起兵讨马超'}],人物与地点,三国演义
三国演义_人物_姜维_0,三国演义_人物_蒋斌_0,上下级,[{'83': '姜维以蒋斌为左军'}],人物与人物,三国演义
三国演义_人物_刘表_0,三国演义_组织_荆州军_0,领导,"[{'5': '刘表统领刘表军，防御孙坚。'}, {'12': '刘表统领荆州军'}, {'17': '刘表统领荆州军队，持观望态度'}]",人物与组织,三国演义
三国演义_人物_陈登_0,三国演义_组织_汉室_0,归属,[{'14': '陈登自称‘吾乃汉臣，安肯事汝反贼耶’'}],人物与组织,三国演义
三国演义_人物_关羽_0,三国演义_人物_张飞_0,亲密,"[{'14': '结义兄弟，分别后重逢'}, {'20': '兄弟误会后释疑，张飞参拜云长，重归于好'}]",人物与人物,三国演义
三国演义_人物_诸葛恪_0,三国演义_物品_驴_1,持有,[{'72': '孙权将驴赐给诸葛恪'}],人物与物品,三国演义
三国演义_人物_李傕_0,三国演义_人物_樊稠_0,对立,[{'6': '李傕因樊稠放走韩遂，怀疑其谋反，设宴斩杀樊稠。'}],人物与人物,三国演义
三国演义_人物_诸葛亮_0,三国演义_组织_刘备军_0,领导,"[{'51': '孔明为蜀汉军师，指挥调度蜀兵。'}, {'52': '诸葛亮指挥蜀军智取汉中'}, {'62': '孔明统帅五十万川兵征讨南蛮'}, {'63': '诸葛亮统帅蜀军，分派各将渡水擒敌'}, {'65': '诸葛亮为蜀汉丞相，统领蜀军征讨南蛮。'}, {'67': '诸葛亮是蜀汉丞相，统帅北伐之军'}, {'70': '诸葛亮为蜀汉丞相，统率北伐大军。'}]",人物与组织,三国演义
三国演义_人物_司马孚_0,三国演义_人物_司马师_0,亲属,[{'81': '司马孚为司马师宗叔，赞同立曹髦'}],人物与人物,三国演义
三国演义_人物_袁尚_0,三国演义_物品_节钺_1,持有,[{'24': '袁尚持有节钺，败逃时丢弃。'}],人物与物品,三国演义
三国演义_人物_华歆_0,三国演义_人物_曹睿_0,上下级,[{'69': '华歆奏请曹睿御驾亲征以退蜀兵'}],人物与人物,三国演义
三国演义_地点_丹徒之西山_0,三国演义_地点_吴郡_0,隶属,[{'21': '丹徒之西山在吴郡境内，孙策在此会猎遇刺。'}],地点与地点,三国演义
三国演义_人物_关兴_0,三国演义_物品_青龙偃月刀_0,持有,"[{'57': '关兴绰家传大砍刀。'}, {'67': '关兴提偃月青龙刀，手挽人头'}]",人物与物品,三国演义
三国演义_人物_关羽_0,三国演义_物品_青龙偃月刀_0,持有,[{'48': '关羽使用大刀，原文‘云长右手提刀’‘周仓捧着大刀’'}],人物与物品,三国演义
三国演义_地点_南漳_0,三国演义_地点_司马水镜庄_0,隶属,[{'26': '水镜庄位于南漳。'}],地点与地点,三国演义
三国演义_人物_典韦_0,三国演义_物品_骏马雕鞍_0,持有,[{'6': '曹操将骏马雕鞍赐给典韦。'}],人物与物品,三国演义
三国演义_人物_司马懿_0,三国演义_人物_曹睿_0,上下级,"[{'73': '魏主拜司马懿为大将军、征西副都督，统领伐蜀。'}, {'74': '魏主下诏催司马懿出战，司马懿统领大军迎战。'}]",人物与人物,三国演义
三国演义_地点_襄阳_0,三国演义_地点_西门_0,隶属,[{'25': '西门为襄阳城门之一'}],地点与地点,三国演义
三国演义_人物_汉献帝_0,三国演义_人物_贾诩_0,合作,[{'9': '贾诩密奏愿救汉朝，暗助献帝'}],人物与人物,三国演义
三国演义_人物_师纂_0,三国演义_人物_邓艾_0,上下级,"[{'83': '邓艾令师纂引一万兵为左右冲击'}, {'86': '师纂是邓艾部将，随邓艾伐蜀，受封益州刺史。'}]",人物与人物,三国演义
三国演义_人物_曹仁_0,三国演义_人物_许褚_0,对立,[{'48': '曹仁欲见曹操被许褚挡住，大怒，原文‘曹仁大怒曰’'}],人物与人物,三国演义
三国演义_人物_吕布_0,三国演义_地点_下邳_0,守护,[{'14': '吕布退守下邳，自恃粮足及泗水之险'}],人物与地点,三国演义
三国演义_人物_关羽_0,三国演义_人物_颜良_0,对立,"[{'18': '关羽在白马坡单骑冲阵，斩杀颜良。'}, {'32': '周瑜提及关羽曾斩颜良'}]",人物与人物,三国演义
三国演义_人物_刘繇_0,三国演义_人物_刘表_0,上下级,[{'11': '刘繇败后与笮融走豫章投刘表'}],人物与人物,三国演义
三国演义_人物_袁尚_0,三国演义_地点_冀州_0,守护,[{'24': '袁尚据守冀州，抵挡曹操进攻。'}],人物与地点,三国演义
三国演义_人物_张肃_0,三国演义_地点_益州_0,归属,[{'44': '张肃为刘璋部下广汉太守'}],人物与组织,三国演义
三国演义_人物_甘宁_0,三国演义_地点_东吴_0,归属,"[{'27': '甘宁率众渡江投奔东吴，孙权拜为副将。'}, {'28': '甘宁投东吴，为都尉领兵镇守夏口'}, {'33': '甘宁是东吴将领，被周瑜命为前部'}]",人物与组织,三国演义
三国演义_人物_凌统_0,三国演义_人物_甘宁_0,亲密,[{'50': '凌统因甘宁相救，顿首拜谢，结为生死之交。'}],人物与人物,三国演义
三国演义_人物_刘备_0,三国演义_物品_双股剑_0,持有,[{'37': '刘备在甘露寺拔剑砍石，所佩宝剑。'}],人物与物品,三国演义
三国演义_地点_长安_0,三国演义_地点_青琐门_0,隶属,[{'6': '青琐门是长安城门，吕布呼王允出逃之处。'}],地点与地点,三国演义
三国演义_人物_孙权_0,三国演义_人物_黄盖_0,上下级,[{'33': '黄盖自称受孙氏三世厚恩，愿以死报效吴侯'}],人物与人物,三国演义
三国演义_人物_何平_0,三国演义_人物_魏延_0,对立,[{'78': '何平奉杨仪令，骂魏延反贼并诈败引其追赶'}],人物与人物,三国演义
三国演义_人物_吕布_0,三国演义_人物_张辽_0,上下级,"[{'7': '张辽为吕布帐下健将，出战截住夏侯惇'}, {'8': '张辽从东巷转出夹攻曹操。'}, {'12': '张辽为吕布部将'}, {'13': '吕布令张辽与臧霸出琅琊敌雷薄，后攻小沛西门。'}, {'14': '张辽为吕布部将，引兵守小沛'}]",人物与人物,三国演义
三国演义_人物_吕布_0,三国演义_地点_兖州_0,居住,[{'7': '吕布袭破兖州（除三县），据为己有'}],人物与地点,三国演义
三国演义_人物_张飞_0,三国演义_物品_酒_0,持有,[{'51': '张飞每日饮酒，用酒诱敌，为计策关键。'}],人物与物品,三国演义
三国演义_人物_吕布_0,三国演义_人物_董卓_0,亲属,"[{'3': '吕布拜董卓为义父。'}, {'4': '吕布为董卓义子，称董卓为父亲。'}, {'5': '董卓以吕布为义儿，出入护卫。'}]",人物与人物,三国演义
三国演义_人物_杨修_0,三国演义_物品_孟德新书_0,持有,[{'42': '杨修掌管《孟德新书》，出示与张松'}],人物与物品,三国演义
三国演义_人物_曹操_0,三国演义_人物_杨修_0,上下级,"[{'42': '杨修为丞相门下掌库主簿，曹操委以军政钱粮之重'}, {'52': '曹操以惑乱军心罪斩杀杨修'}]",人物与人物,三国演义
三国演义_地点_长安_0,三国演义_组织_朝廷_0,驻扎,[{'9': '朝廷在长安，李傕、郭汜在此混战'}],组织与地点,三国演义
三国演义_人物_吕蒙_0,三国演义_人物_孙权_0,上下级,"[{'27': '孙权任吕蒙为前部先锋，征讨黄祖。'}, {'49': '孙权令吕蒙为先锋攻取皖城。'}, {'54': '孙权拜吕蒙为大都督，总制江东诸路军马'}, {'55': '孙权用吕蒙之计袭取荆州，置吕蒙于上位庆功'}]",人物与人物,三国演义
三国演义_人物_孙翊_0,三国演义_人物_边洪_0,对立,[{'27': '边洪持刀砍死孙翊，后归罪被斩。'}],人物与人物,三国演义
三国演义_人物_魏延_0,三国演义_物品_黄旗_1,持有,[{'51': '魏延解酒，车上插黄旗大书‘军前公用美酒’。'}],人物与物品,三国演义
三国演义_人物_刘备_0,三国演义_人物_车胄_0,对立,[{'15': '车胄奉曹操命欲害刘备，被关羽斩杀。'}],人物与人物,三国演义
三国演义_人物_孙亮_0,三国演义_人物_孙綝_0,对立,[{'83': '孙綝废孙亮为会稽王'}],人物与人物,三国演义
三国演义_人物_孙权_0,三国演义_人物_张昭_0,上下级,"[{'21': '孙权承兄遗命，内事委张昭。'}, {'27': '孙权敬礼张昭，吴太夫人托孤时嘱权事张昭以师傅之礼。'}, {'30': '张昭为孙权手下第一谋士，但主降，孙权对其言论沉吟未决'}, {'38': '张昭谏阻孙权不可因一时之忿自相吞并'}, {'40': '张昭建议孙权差人求救于刘备'}, {'43': '张昭为孙权谋士，献计骗孙夫人带阿斗回吴'}, {'44': '张昭为东吴谋士，献计修书给刘璋、张鲁'}, {'50': '张昭劝孙权求和安民，孙权从其言。'}, {'54': '张昭为东吴谋士，提醒孙权曹操可能反复'}, {'72': '孙权为吴王，张昭为大臣'}]",人物与人物,三国演义
三国演义_人物_张悌_0,三国演义_组织_吴军_0,归属,[{'88': '张悌为吴丞相，领兵迎敌'}],人物与组织,三国演义
三国演义_人物_孙休_0,三国演义_人物_孙峻_0,对立,[{'83': '孙休命军士掘开孙峻坟墓戮尸'}],人物与人物,三国演义
三国演义_人物_吕布_0,三国演义_人物_曹操_0,对立,"[{'7': '吕布袭破兖州进据濮阳，曹操回军交战'}, {'8': '曹操与吕布多次交战，设计击败吕布。'}, {'9': '曹操大破吕布于定陶，吕布败走'}, {'13': '曹操密令刘备图吕布，吕布发现后反叛，曹操起兵征讨。'}, {'14': '曹操率军征讨吕布，决水淹下邳，最终擒杀吕布'}, {'31': '诸葛亮说吕布等敢与曹操对敌，皆被曹操所灭。'}]",人物与人物,三国演义
三国演义_人物_孙权_0,三国演义_人物_陆逊_0,上下级,"[{'54': '孙权拜陆逊为偏将军、右都督，代蒙守陆口'}, {'58': '孙权拜陆逊为大都督，赐宝剑印绶，总督军马'}, {'59': '孙权为吴王，陆逊为东吴大都督，孙权称赞陆逊为异人。'}, {'61': '吴王拜逊为辅国将军、江陵侯，领荆州牧，军权归于逊'}, {'71': '孙权封陆逊为辅国大将军、平北都元帅，授白旄黄钺'}, {'72': '孙权拜陆逊为上将军'}, {'76': '孙权令陆逊与诸葛瑾屯兵江夏、沔口取襄阳。'}, {'77': '陆逊为吴国大都督，上表吴王孙权。'}]",人物与人物,三国演义
三国演义_人物_徐庶_0,三国演义_人物_诸葛亮_0,亲密,[{'26': '徐庶与诸葛亮为友，向刘备推荐并亲自拜访劝其出山。'}],人物与人物,三国演义
三国演义_人物_诸葛诞_0,三国演义_地点_寿春_0,守护,[{'82': '诸葛诞据守寿春，闭门坚守与魏兵对抗。'}],人物与地点,三国演义
三国演义_人物_傅佥_0,三国演义_物品_四楞铁简_0,持有,[{'82': '傅佥暗掣四楞铁简在手，一简打死李鹏。'}],人物与物品,三国演义
三国演义_人物_华佗_0,三国演义_物品_青囊书_0,创造,[{'55': '华佗著《青囊书》，临终前赠与吴押狱'}],人物与物品,三国演义
三国演义_人物_王双_1,三国演义_人物_诸葛亮_0,对立,[{'71': '王双为魏先锋，斩杀蜀将谢雄、龚起，打伤张嶷'}],人物与人物,三国演义
三国演义_人物_韩德_0,三国演义_物品_开山大斧_1,持有,[{'67': '韩德善使开山大斧'}],人物与物品,三国演义
三国演义_人物_荀彧_0,三国演义_人物_荀攸_0,亲属,[{'6': '荀攸是荀彧之侄，海内名士，同投曹操。'}],人物与人物,三国演义
三国演义_人物_孙亮_0,三国演义_人物_孙权_0,亲属,[{'80': '孙权立孙亮为太子后继位'}],人物与人物,三国演义
三国演义_人物_马忠_0,三国演义_人物_黄忠_0,对立,[{'58': '马忠一箭射中黄忠肩窝，致其伤重而死'}],人物与人物,三国演义
三国演义_人物_蒋斌_0,三国演义_地点_汉城_0,守护,[{'85': '蒋斌守汉城，不敢出战，后降魏'}],人物与地点,三国演义
三国演义_人物_姜维_0,三国演义_技能_八卦阵_0,掌握,[{'83': '姜维按武侯八阵之法布阵，并能变成长蛇卷地阵'}],人物与技能,三国演义
三国演义_人物_周瑜_0,三国演义_人物_程普_0,上下级,[{'31': '周瑜为大都督，程普为副都督，程普起初不服，后亲赴行营谢罪，承认周瑜将才。'}],人物与人物,三国演义
三国演义_人物_孙权_0,三国演义_人物_顾雍_0,上下级,"[{'21': '孙权以顾雍为丞，行太守事。'}, {'38': '顾雍献反间之计，孙权采纳'}]",人物与人物,三国演义
三国演义_人物_许攸_0,三国演义_地点_南阳_0,出身,[{'22': '许攸自称南阳许攸，表明其籍贯为南阳'}],人物与地点,三国演义
三国演义_人物_李傕_0,三国演义_技能_彭越挠楚之法_0,掌握,[{'6': '李傕采用彭越挠楚之法，抄击吕布后方。'}],人物与技能,三国演义
三国演义_人物_曹操_0,三国演义_人物_韩遂_0,对立,[{'31': '同上。'}],人物与人物,三国演义
三国演义_人物_关羽_0,三国演义_人物_诸葛瑾_0,对立,[{'53': '关羽拒婚，辱骂逐出诸葛瑾'}],人物与人物,三国演义
三国演义_人物_吕布_0,三国演义_物品_粟二十万斛_0,持有,[{'12': '袁术送与吕布的粮食'}],人物与物品,三国演义
三国演义_人物_陈琳_0,三国演义_组织_幕府_0,归属,[{'16': '陈琳被袁绍用为记室，为幕府草檄'}],人物与组织,三国演义
三国演义_人物_诸葛亮_0,三国演义_物品_留书_0,创造,[{'39': '诸葛亮在江边留书信一封与庞统，嘱其投刘备'}],人物与物品,三国演义
三国演义_人物_王双_1,三国演义_地点_陈仓_0,守护,[{'71': '王双引二万兵于陈仓城外下寨，立排栅筑重城'}],人物与地点,三国演义
三国演义_人物_夏侯渊_0,三国演义_人物_杨任_0,对立,[{'49': '夏侯渊用拖刀计斩杀杨任。'}],人物与人物,三国演义
三国演义_人物_曹仁_0,三国演义_技能_八门金锁阵_0,掌握,[{'26': '曹仁摆八门金锁阵攻打新野，布阵有方。'}],人物与技能,三国演义
三国演义_人物_诸葛亮_0,三国演义_物品_七星宝剑_0,持有,[{'27': '诸葛亮草庐壁间挂有七星宝剑。'}],人物与物品,三国演义
三国演义_人物_曹操_0,三国演义_人物_田氏_0,合作,[{'8': '田氏密使人下书约为内应，城上插义字白旗。'}],人物与人物,三国演义
三国演义_人物_周鲂_0,三国演义_人物_曹休_0,对立,[{'71': '周鲂诈降曹休，断发为誓，诱魏兵深入'}],人物与人物,三国演义
三国演义_人物_姜维_0,三国演义_人物_董厥_0,上下级,[{'86': '姜维为蜀汉大将，董厥辅之，共守剑阁。'}],人物与人物,三国演义
三国演义_人物_司马望_0,三国演义_人物_崔州平_0,亲密,[{'83': '司马望幼年游学荆南，与崔州平为友讲论阵法'}],人物与人物,三国演义
三国演义_人物_诸葛亮_0,三国演义_组织_刘备军_0,归属,"[{'31': '诸葛亮是刘备军师，效力于刘备。'}, {'39': '诸葛亮为刘备军军师中郎将，效力于刘备'}, {'48': '诸葛亮为蜀汉军师，原文‘孔明曰’等'}, {'64': '孔明受先帝托孤，承圣旨平蛮，欲重安汉室。'}, {'68': '诸葛亮为蜀汉丞相，奉炎汉之统，兴师讨贼。'}, {'69': '诸葛亮为蜀汉丞相，率军北伐曹魏'}, {'71': '孔明为蜀汉丞相，总督军马'}, {'72': '诸葛亮是蜀汉丞相'}, {'73': '诸葛亮是蜀汉丞相，效忠于蜀汉政权。'}, {'77': '诸葛亮为蜀汉丞相，效忠蜀汉。'}]",人物与组织,三国演义
三国演义_人物_曹操_0,三国演义_人物_陈宫_0,合作,[{'3': '陈宫弃官随曹操一同逃亡。'}],人物与人物,三国演义
三国演义_人物_周泰_0,三国演义_物品_青罗伞_0,持有,[{'50': '周泰受孙权赐青罗伞，出入张盖。'}],人物与物品,三国演义
三国演义_人物_全祎_0,三国演义_组织_曹操军_0,归属,[{'82': '全祎降魏，司马昭加为偏将军。'}],人物与组织,三国演义
三国演义_人物_周瑜_0,三国演义_人物_韩当_0,上下级,"[{'31': '周瑜差韩当为前部先锋，听令而行。'}, {'32': '周瑜令韩当为左翼出战'}, {'38': '韩当与黄盖急救周瑜下船，是周瑜部下'}]",人物与人物,三国演义
三国演义_人物_张飞_0,三国演义_物品_丈八蛇矛_0,持有,[{'51': '张飞挺矛跃马与张郃交战。'}],人物与物品,三国演义
三国演义_人物_管辂_0,三国演义_物品_周易_0,持有,[{'79': '管辂精通《易》，何晏请与论《易》。'}],人物与物品,三国演义
三国演义_人物_公孙康_0,三国演义_人物_公孙恭_0,亲属,[{'25': '公孙恭为公孙康之弟'}],人物与人物,三国演义
三国演义_地点_乌程_0,三国演义_地点_吴郡_0,隶属,[{'11': '严白虎遣部将守住乌程，属吴郡'}],地点与地点,三国演义
三国演义_人物_刘封_0,三国演义_地点_江陵_0,守护,[{'36': '刘备留刘封与糜竺守江陵'}],人物与地点,三国演义
三国演义_人物_孙权_0,三国演义_人物_程普_0,上下级,"[{'31': '孙权封程普为副都督。'}, {'36': '程普部领战船士卒赴合淝听孙权调用，救孙权于张辽追击'}]",人物与人物,三国演义
三国演义_人物_贾诩_0,三国演义_技能_反间计_0,掌握,[{'41': '贾诩献反间计，教曹操离间韩遂与马超。'}],人物与技能,三国演义
三国演义_地点_上邽_0,三国演义_地点_南安郡_0,隶属,[{'82': '上邽乃南安屯粮之所，属南安郡。'}],地点与地点,三国演义
三国演义_人物_糜竺_0,三国演义_人物_陶谦_0,上下级,[{'7': '糜竺为陶谦别驾从事'}],人物与人物,三国演义
三国演义_人物_伊籍_0,三国演义_人物_刘备_0,上下级,[{'36': '刘备拜伊籍为副，协助马良'}],人物与人物,三国演义
三国演义_人物_于禁_0,三国演义_人物_关羽_0,对立,[{'53': '于禁投降，关羽将其缚送荆州大牢'}],人物与人物,三国演义
三国演义_人物_华雄_0,三国演义_人物_鲍忠_0,对立,[{'4': '华雄斩鲍忠于马下。'}],人物与人物,三国演义
三国演义_人物_张郃_0,三国演义_人物_曹操_0,上下级,"[{'22': '张郃投降曹操，曹操大喜，封其为偏将军、都亭侯，张郃请为先锋'}, {'50': '曹操使曹洪往助张郃同守东川。'}]",人物与人物,三国演义
三国演义_组织_汉室_0,三国演义_组织_曹操军_0,对抗,[{'48': '曹魏架空汉室，曹操威逼献帝，原文‘曹操威势日甚’'}],组织与组织,三国演义
三国演义_人物_吕布_0,三国演义_人物_袁术_0,对立,[{'12': '吕布绝婚袁术，杀其使者，袁术欲攻徐州'}],人物与人物,三国演义
三国演义_人物_姜维_0,三国演义_人物_王含_0,上下级,[{'83': '姜维以王含为左军'}],人物与人物,三国演义
三国演义_人物_张宝_0,三国演义_人物_朱儁_0,对立,[{'1': '张宝与朱儁在颍川对垒交战'}],人物与人物,三国演义
三国演义_人物_孙策_0,三国演义_人物_张昭_0,上下级,"[{'11': '孙策聘张昭为长史兼抚军中郎将'}, {'21': '张昭为孙策谋士，多次劝谏；孙策临终嘱托内事可问张昭。'}]",人物与人物,三国演义
三国演义_人物_张飞_0,三国演义_人物_诸葛亮_0,上下级,"[{'28': '诸葛亮令张飞引军埋伏安林，后于博陵渡口拦截'}, {'34': '诸葛亮令张飞领兵截断彝陵路，在葫芦谷口埋伏。'}, {'35': '奉军师将令袭取荆州'}, {'45': '孔明拨精兵一万令张飞部领，取大路杀奔巴州、雒城之西。'}]",人物与人物,三国演义
三国演义_人物_灵帝_0,三国演义_人物_皇子辩_0,亲属,[{'2': '皇子辩为灵帝之子'}],人物与人物,三国演义
三国演义_人物_荀爽_0,三国演义_人物_董卓_0,对立,[{'4': '荀爽谏阻迁都，被董卓罢为庶民。'}],人物与人物,三国演义
三国演义_人物_诸葛亮_0,三国演义_物品_木牛流马_0,创造,[{'76': '孔明设计并令匠人在上方谷制造木牛流马。'}],人物与物品,三国演义
三国演义_人物_何太后_0,三国演义_人物_董太后_0,对立,[{'2': '何太后与董太后争权，设宴讥讽'}],人物与人物,三国演义
三国演义_人物_杨锋_0,三国演义_人物_诸葛亮_0,合作,[{'64': '杨锋感诸葛亮活命之恩，假助孟获实则擒献。'}],人物与人物,三国演义
三国演义_人物_少帝_0,三国演义_人物_闵贡_0,合作,[{'3': '闵贡杀段珪后寻得少帝，护驾还京。'}],人物与人物,三国演义
三国演义_地点_三江城_0,三国演义_地点_盘蛇谷_0,连通,[{'65': '出盘蛇谷则三江大路，通向三江城。'}],地点与地点,三国演义
三国演义_人物_黄盖_0,三国演义_地点_零陵_0,出身,[{'30': '黄盖为零陵人'}],人物与地点,三国演义
三国演义_人物_邓艾_0,三国演义_人物_钟会_0,合作,[{'85': '钟会与邓艾约期合兵伐蜀，分路进发'}],人物与人物,三国演义
三国演义_人物_司马昭_0,三国演义_人物_邵悌_0,上下级,[{'85': '邵悌密告钟会不可独掌大权，司马昭解释'}],人物与人物,三国演义
三国演义_人物_左贤王_0,三国演义_人物_高干_0,对立,[{'25': '左贤王叱退高干，拒绝救援'}],人物与人物,三国演义
三国演义_人物_关羽_0,三国演义_人物_吕蒙_0,对立,"[{'48': '吕蒙伏兵岸侧欲杀关羽，因关羽握鲁肃不敢动，原文‘吕蒙、甘宁各引本部军欲出，见云长手提大刀，亲握鲁肃，恐肃被伤，遂不敢动’'}, {'54': '吕蒙白衣渡江袭取荆州，断关公后路'}, {'55': '关公英魂附体吕蒙，使其七窍流血而死'}]",人物与人物,三国演义
三国演义_人物_李儒_0,三国演义_人物_董卓_0,亲属,[{'3': '李儒是董卓的女婿。'}],人物与人物,三国演义
三国演义_人物_全祎_0,三国演义_物品_家书_0,持有,[{'82': '全祎修家书与父叔，射入城中劝降。'}],人物与物品,三国演义
三国演义_人物_句安_0,三国演义_人物_姜维_0,上下级,[{'80': '姜维令句安守麴山东城'}],人物与人物,三国演义
三国演义_人物_刘琮_0,三国演义_地点_襄阳_0,居住,[{'28': '刘琮随蔡夫人前赴襄阳驻扎'}],人物与地点,三国演义
三国演义_人物_马超_0,三国演义_组织_西凉兵_1,领导,[{'41': '马超统领西凉兵与曹操交战。'}],人物与组织,三国演义
三国演义_人物_王植_0,三国演义_地点_荥阳_0,守护,[{'19': '王植为荥阳太守'}],人物与地点,三国演义
三国演义_人物_卫瓘_0,三国演义_地点_成都_0,守护,[{'87': '平乱后留卫瓘守成都。'}],人物与地点,三国演义
三国演义_人物_孙权_0,三国演义_地点_东吴_0,领导,"[{'27': '孙权承父兄基业，统领东吴，拜周瑜为大都督。'}, {'28': '孙权为东吴之主，督众攻夏口'}, {'30': '孙权为东吴之主，吴侯'}, {'31': '孙权是东吴之主，决计破曹。'}, {'36': '孙权为吴侯，是东吴之主'}, {'37': '孙权是东吴之主，统御六郡八十一州。'}, {'39': '孙权为吴侯，统治东吴政权'}, {'42': '孙权为东吴之主，据六郡八十一州'}, {'44': '孙权为东吴之主'}, {'50': '孙权为东吴之主，统领东吴政权。'}, {'54': '孙权为吴侯，统领东吴'}, {'55': '孙权为东吴君主，主导东吴政权'}, {'71': '孙权为东吴君主'}]",人物与组织,三国演义
三国演义_地点_东吴_0,三国演义_地点_巴丘_0,驻扎,[{'78': '东吴全琮引兵数万屯于巴丘'}],组织与地点,三国演义
三国演义_人物_步骘_0,三国演义_人物_诸葛亮_0,对立,[{'30': '步骘讥讽诸葛亮效苏张之舌，被驳斥后默然无语'}],人物与人物,三国演义
三国演义_人物_少帝_0,三国演义_人物_董卓_0,对立,[{'3': '董卓废少帝为弘农王，后遣李儒以鸩酒杀害。'}],人物与人物,三国演义
三国演义_人物_刘备_0,三国演义_地点_涿县_0,居住,[{'1': '刘备家住涿县楼桑村'}],人物与地点,三国演义
三国演义_人物_刘备_0,三国演义_地点_雒城_0,守护,[{'46': '刘备攻下雒城后出榜安民，驻守雒城'}],人物与地点,三国演义
三国演义_人物_关羽_0,三国演义_人物_庞德_0,对立,[{'53': '庞德不屈，关羽下令斩之'}],人物与人物,三国演义
三国演义_人物_傅佥_0,三国演义_人物_王真_0,对立,[{'82': '傅佥与王真交战，卖个破绽活捉王真。'}],人物与人物,三国演义
三国演义_人物_樊氏_0,三国演义_人物_赵范_0,亲属,[{'36': '樊氏是赵范的寡嫂，赵范欲将其许配赵云'}],人物与人物,三国演义
三国演义_人物_李氏_1,三国演义_人物_马邈_0,亲属,[{'86': '李氏是马邈之妻，因丈夫不忠自缢而死。'}],人物与人物,三国演义
三国演义_人物_程普_0,三国演义_组织_孙坚军_0,归属,[{'5': '程普为孙坚军部将。'}],人物与组织,三国演义
三国演义_人物_刘璋_0,三国演义_地点_益州_0,居住,[{'42': '刘璋为益州牧，统治益州'}],人物与地点,三国演义
三国演义_人物_全怿_0,三国演义_人物_全祎_0,亲属,[{'82': '全祎修家书与叔全怿，劝其降魏。'}],人物与人物,三国演义
三国演义_人物_庞统_0,三国演义_人物_徐庶_0,合作,[{'34': '庞统教徐庶脱身之术，徐庶拜谢后照计散布谣言离开曹营。'}],人物与人物,三国演义
三国演义_地点_下邳_0,三国演义_地点_徐州_0,隶属,"[{'14': '下邳属徐州，吕布移钱粮于下邳'}, {'16': '下邳为徐州管辖，关羽守下邳'}, {'17': '下邳是徐州下辖之地，关羽死守'}, {'18': '下邳是徐州所属的城池，关羽曾驻守下邳。'}]",地点与地点,三国演义
三国演义_人物_曹仁_0,三国演义_组织_曹操军_0,归属,[{'28': '曹仁为曹操部将，为第一队前锋'}],人物与组织,三国演义
三国演义_人物_丁斐_0,三国演义_人物_曹操_0,上下级,[{'40': '丁斐放牛马诱西凉兵救曹操，后被封典军校尉'}],人物与人物,三国演义
三国演义_人物_关羽_0,三国演义_人物_文丑_0,对立,"[{'18': '关羽在延津追上文丑，一刀斩于马下。'}, {'32': '周瑜提及关羽曾斩文丑'}]",人物与人物,三国演义
三国演义_人物_何太后_0,三国演义_地点_永安宫_0,居住,[{'3': '何太后被囚于永安宫。'}],人物与地点,三国演义
三国演义_人物_曹奂_0,三国演义_组织_曹操军_0,领导,[{'87': '曹奂是魏国末代皇帝，后被迫禅位。'}],人物与组织,三国演义
三国演义_人物_伏皇后_0,三国演义_人物_穆顺_1,上下级,[{'48': '伏后命穆顺送密书，穆顺为宦官受命，原文‘妾看宦官中之忠义可托者，莫如穆顺’'}],人物与人物,三国演义
三国演义_人物_张苞_0,三国演义_人物_谢旌_0,对立,[{'57': '张苞一矛刺死谢旌。'}],人物与人物,三国演义
三国演义_人物_耿纪_0,三国演义_组织_汉室_0,归属,[{'50': '耿纪为汉朝侍中少府，欲扶汉室。'}],人物与组织,三国演义
三国演义_人物_刘备_0,三国演义_人物_霍峻_0,上下级,[{'44': '刘备遣霍峻同孟达守葭萌关'}],人物与人物,三国演义
三国演义_人物_孙策_0,三国演义_物品_佩剑_0,持有,[{'21': '孙策佩剑在刺杀中剑刃忽坠，后以此剑掷击于吉鬼魂。'}],人物与物品,三国演义
三国演义_人物_司马师_0,三国演义_人物_李丰_2,对立,[{'81': '司马师搜出血诏，腰斩李丰并灭三族'}],人物与人物,三国演义
三国演义_人物_刘备_0,三国演义_人物_糜竺_0,上下级,"[{'8': '糜竺辅佐刘备。'}, {'29': '部属，糜竺同行并保甘夫人先行。'}, {'32': '刘备令糜竺往东吴犒军探听虚实'}]",人物与人物,三国演义
三国演义_地点_银坑洞_0,三国演义_组织_南蛮_0,驻扎,[{'65': '孟获在银坑洞聚集宗党，为蛮军巢穴。'}],组织与地点,三国演义
三国演义_人物_曹操_0,三国演义_人物_袁熙_0,对立,[{'25': '曹操西击乌桓，袁熙败投辽东后被公孙康所杀'}],人物与人物,三国演义
三国演义_人物_张辽_0,三国演义_人物_蒋奇_0,对立,[{'22': '张辽与许褚假扮乌巢败军，遇蒋奇，张辽将蒋奇斩于马下'}],人物与人物,三国演义
三国演义_人物_姜维_0,三国演义_人物_陈泰_0,对立,[{'80': '姜维与陈泰交战于牛头山'}],人物与人物,三国演义
三国演义_人物_傅婴_0,三国演义_人物_徐氏_0,合作,[{'27': '徐氏密召傅婴与孙高，设伏杀死妫览、戴员。'}],人物与人物,三国演义
三国演义_人物_于禁_0,三国演义_人物_关羽_0,对立,"[{'54': '关公擒获于禁'}, {'56': '画中关云长水淹七军擒获于禁，于禁拜伏乞命。'}]",人物与人物,三国演义
三国演义_人物_孙坚_0,三国演义_人物_孙权_0,亲属,[{'72': '孙权之父'}],人物与人物,三国演义
三国演义_人物_诸葛亮_0,三国演义_物品_兵符_0,持有,[{'35': '从陈矫处得兵符，星夜诈调荆州、襄阳守军'}],人物与物品,三国演义
三国演义_人物_刘元起_0,三国演义_人物_刘备_0,亲属,[{'1': '刘元起是刘备叔父，常资给之'}],人物与人物,三国演义
三国演义_人物_曹爽_0,三国演义_组织_曹氏_0,归属,[{'80': '曹爽为曹氏宗族，被诛灭三族'}],人物与组织,三国演义
三国演义_人物_曹奂_0,三国演义_人物_贾充_0,上下级,[{'87': '贾充原是魏臣，劝曹奂顺应天命禅位。'}],人物与人物,三国演义
三国演义_人物_伏完_0,三国演义_人物_汉献帝_0,亲属,[{'15': '伏完是献帝的岳父，皇丈。'}],人物与人物,三国演义
三国演义_人物_刘备_0,三国演义_物品_遗诏_0,创造,[{'60': '刘备病危时写下遗诏托付后事'}],人物与物品,三国演义
三国演义_人物_曹仁_0,三国演义_地点_合淝_0,守护,[{'50': '曹操留曹仁屯合淝。'}],人物与地点,三国演义
三国演义_地点_襄平_0,三国演义_地点_辽东_0,隶属,[{'79': '襄平是辽东郡的治所。'}],地点与地点,三国演义
三国演义_人物_司马师_0,三国演义_人物_姜维_0,对立,[{'80': '姜维在阳平关用连弩射退司马师'}],人物与人物,三国演义
三国演义_人物_何苗_0,三国演义_人物_张让_0,合作,[{'2': '张让、段珪以金珠玩好结构何苗'}],人物与人物,三国演义
三国演义_人物_袁绍_0,三国演义_组织_袁绍军_0,领导,"[{'15': '袁绍带领袁军破公孙瓒，声势甚盛。'}, {'16': '袁绍起三十万精兵，令颜良文丑为将军'}]",人物与组织,三国演义
三国演义_人物_灵帝_0,三国演义_人物_皇子协_0,亲属,[{'2': '皇子协为灵帝之子'}],人物与人物,三国演义
三国演义_人物_胡烈_0,三国演义_人物_钟会_0,对立,[{'87': '钟会监禁胡烈于宫中。'}],人物与人物,三国演义
三国演义_地点_成都_0,三国演义_组织_刘备军_0,驻扎,"[{'51': '成都为蜀汉都城，蜀兵驻扎。'}, {'53': '蜀都城成都'}, {'78': '蜀汉都城成都，后主居之'}, {'80': '蜀汉建都成都'}, {'85': '成都为蜀汉都城，后主居之'}, {'86': '蜀汉政权以成都为都城，后主在此。'}]",组织与地点,三国演义
三国演义_人物_姜维_0,三国演义_地点_汉中_0,居住,[{'82': '姜维兵败退回汉中，选将操练，上表自贬。'}],人物与地点,三国演义
三国演义_人物_曹操_0,三国演义_人物_荀攸_0,对立,[{'48': '荀攸谏阻进魏王，曹操怒，荀攸忧愤而死，原文‘曹操闻之，怒曰此人欲效荀彧耶！’'}],人物与人物,三国演义
三国演义_人物_汉献帝_0,三国演义_人物_董承_0,上下级,[{'15': '献帝赐衣带密诏给董承，命其图谋曹操。'}],人物与人物,三国演义
三国演义_人物_刘表_0,三国演义_人物_蔡夫人_0,亲属,[{'25': '蔡夫人为刘表后妻'}],人物与人物,三国演义
三国演义_人物_刘备_0,三国演义_地点_小沛_0,居住,"[{'7': '刘备驻军小沛，修葺城垣抚谕居民'}, {'8': '刘备原驻兵小沛，后尽取军马入徐州。'}, {'11': '刘备还屯小沛居住'}]",人物与地点,三国演义
三国演义_人物_庞会_0,三国演义_人物_庞德_0,亲属,[{'53': '庞德预言其子长大报仇'}],人物与人物,三国演义
三国演义_人物_吕旷_0,三国演义_组织_曹操军_0,归属,[{'24': '吕旷降曹后成为曹操部将，封列侯。'}],人物与组织,三国演义
三国演义_人物_夏侯惇_0,三国演义_人物_秦琪_0,上下级,[{'19': '秦琪是夏侯惇部将，奉命守黄河渡口'}],人物与人物,三国演义
三国演义_人物_刘备_0,三国演义_人物_刘璋_0,对立,[{'44': '刘备杀杨怀、高沛，夺涪水关，刘璋斩张松，双方正式交战'}],人物与人物,三国演义
三国演义_人物_曹操_0,三国演义_地点_许都_0,居住,"[{'10': '曹操迁都许都，自封大将军武平侯，居住执政。'}, {'14': '曹操令夏侯惇回许都调理，葬陈宫于许都'}, {'15': '曹操班师回许昌，留玄德在相府左近宅院。'}, {'16': '曹操据许都，檄文传至时患头风卧病在床'}, {'42': '曹操居许都，国政在相府商议'}, {'54': '曹操在许都聚文武议事'}]",人物与地点,三国演义
三国演义_人物_姜叙_0,三国演义_人物_马超_0,对立,[{'46': '马超攻破历城，杀姜叙母，与姜叙交战'}],人物与人物,三国演义
三国演义_人物_甘夫人_0,三国演义_地点_下邳_0,居住,[{'16': '甘夫人与糜夫人于下邳安置'}],人物与地点,三国演义
三国演义_人物_张鲁_0,三国演义_人物_曹操_0,对立,[{'51': '曹操降服张鲁，平定汉中。'}],人物与人物,三国演义
三国演义_人物_赵昂_0,三国演义_地点_祁山_0,守护,[{'46': '赵昂与尹奉屯祁山，王氏亲往赏劳军士'}],人物与地点,三国演义
三国演义_人物_关索_0,三国演义_人物_诸葛亮_0,上下级,[{'64': '关索负责护孔明车驾。'}],人物与人物,三国演义
三国演义_人物_孙坚_0,三国演义_人物_朱儁_0,上下级,[{'2': '朱儁令孙坚攻打宛城南门'}],人物与人物,三国演义
三国演义_人物_关羽_0,三国演义_物品_青龙偃月刀_0,创造,[{'1': '关羽命良匠打造青龙偃月刀，重八十二斤'}],人物与物品,三国演义
三国演义_人物_孔融_0,三国演义_地点_北海郡_0,守护,[{'7': '孔融为北海太守，在北海六年甚得民心'}],人物与地点,三国演义
三国演义_人物_崔谅_0,三国演义_人物_杨陵_0,亲密,[{'67': '崔谅与杨陵为邻郡，交契甚厚'}],人物与人物,三国演义
三国演义_人物_孙策_0,三国演义_人物_陈武_0,上下级,[{'11': '陈武接应周瑜袭取曲阿，孙策拜为校尉'}],人物与人物,三国演义
三国演义_地点_沓中_0,三国演义_地点_陇西_0,隶属,[{'85': '沓中在陇西，姜维屯田于此'}],地点与地点,三国演义
三国演义_地点_成都_0,三国演义_组织_朝廷_0,驻扎,[{'62': '蜀汉朝廷驻于成都'}],组织与地点,三国演义
三国演义_人物_程昱_0,三国演义_技能_十面埋伏_0,掌握,[{'23': '程昱献十面埋伏之计，退军河上诱敌'}],人物与技能,三国演义
三国演义_人物_曹操_0,三国演义_人物_朱灵_0,上下级,[{'15': '朱灵是曹操部将，被派与路昭助刘备征袁术。'}],人物与人物,三国演义
三国演义_人物_袁绍_0,三国演义_人物_许攸_0,上下级,[{'16': '许攸为袁绍谋士，赞成起兵但不乐审配领兵'}],人物与人物,三国演义
三国演义_人物_马腾_0,三国演义_人物_马超_0,亲属,"[{'6': '马超是马腾之子，年十七岁，英勇无敌。'}, {'39': '马腾与马超为父子，马超劝父乘召入京师取事'}, {'40': '马超是马腾之子，为报父仇兴兵雪恨'}]",人物与人物,三国演义
三国演义_人物_姜叙_0,三国演义_人物_杨阜_0,亲属,[{'46': '杨阜与姜叙是姑表兄弟，杨阜借归葬之机联络姜叙'}],人物与人物,三国演义
三国演义_人物_邓艾_0,三国演义_技能_八卦阵_0,掌握,[{'83': '邓艾见姜维布八卦，亦能布八卦阵，但不知变法'}],人物与技能,三国演义
三国演义_人物_赵云_0,三国演义_人物_鲍隆_0,对立,[{'36': '赵云识破鲍隆诈降，将其斩首'}],人物与人物,三国演义
三国演义_人物_何进_0,三国演义_组织_禁军_0,领导,[{'2': '何进点禁军围骠骑将军董重府'}],人物与组织,三国演义
三国演义_人物_张角_0,三国演义_地点_巨鹿郡_0,出身,[{'1': '张角是巨鹿郡人'}],人物与地点,三国演义
三国演义_人物_诸葛亮_0,三国演义_物品_金珠_4,持有,[{'72': '孔明将金珠入吴'}],人物与物品,三国演义
三国演义_人物_曹操_0,三国演义_物品_红袍_0,持有,[{'40': '曹操穿红袍被西凉军认出，急脱下'}],人物与物品,三国演义
三国演义_人物_司马炎_0,三国演义_人物_王濬_0,上下级,[{'88': '司马炎命王濬为龙骧将军率水兵伐吴'}],人物与人物,三国演义
三国演义_地点_公安_0,三国演义_地点_南郡_0,隶属,[{'47': '公安属南郡，刘璋被安置于此。'}],地点与地点,三国演义
三国演义_人物_华歆_0,三国演义_组织_曹操军_0,归属,"[{'48': '华歆后归曹操，效力曹魏，原文‘歆乃先事孙权，后归曹操’'}, {'69': '华歆为魏臣，奏请御驾亲征'}]",人物与组织,三国演义
三国演义_人物_诸葛亮_0,三国演义_地点_隆中_0,居住,"[{'26': '诸葛亮隐居躬耕于南阳卧龙冈。'}, {'27': '诸葛亮在卧龙冈草庐居住，堂上对联‘淡泊以明志，宁静而致远’。'}, {'30': ""诸葛亮自述'在草庐之中'，刘备三顾于此""}]",人物与地点,三国演义
三国演义_人物_马岱_0,三国演义_人物_马腾_0,亲属,[{'39': '马腾与其兄子马岱为叔侄，马岱谏叔父勿入许昌，后扮客商逃遁'}],人物与人物,三国演义
三国演义_人物_姜维_0,三国演义_人物_马岱_0,合作,[{'70': '姜维与马岱一同断后，伏于山谷中。'}],人物与人物,三国演义
三国演义_人物_顾雍_0,三国演义_技能_反间之计_0,掌握,[{'38': '顾雍向孙权献反间计，令曹刘相攻'}],人物与技能,三国演义
三国演义_人物_郭太后_0,三国演义_人物_曹芳_0,上下级,[{'81': '太后在太极殿召曹芳责之，命其纳玺绶废为齐王'}],人物与人物,三国演义
三国演义_人物_孙坚_0,三国演义_地点_盐渎_0,居住,[{'2': '孙坚因功除盐渎丞上任'}],人物与地点,三国演义
三国演义_人物_杨奉_0,三国演义_人物_汉献帝_0,上下级,[{'9': '杨奉保护献帝，封为骑都尉，保驾驻跸华阴'}],人物与人物,三国演义
三国演义_人物_袁术_0,三国演义_地点_淮南_0,守护,[{'12': '袁术镇守淮南'}],人物与地点,三国演义
三国演义_人物_杨仪_0,三国演义_人物_诸葛亮_0,上下级,[{'77': '诸葛亮临终遗命杨仪统领撤军，授以锦囊。'}],人物与人物,三国演义
三国演义_地点_羌中_0,三国演义_地点_羌胡城_0,隶属,[{'68': '夏侯楙与马遵弃城投羌胡城，羌胡城在羌中。'}],地点与地点,三国演义
三国演义_人物_张鲁_0,三国演义_人物_阎圃_0,上下级,[{'46': '阎圃是张鲁部下，谏阻张鲁相信刘璋割地之许'}],人物与人物,三国演义
三国演义_人物_李春香_0,三国演义_人物_苗泽_0,亲密,[{'39': '苗泽与黄奎之妾李春香私通，为得春香而向曹操告发黄奎之谋'}],人物与人物,三国演义
三国演义_地点_东吴_0,三国演义_组织_曹操军_0,对抗,"[{'28': '孙权备战，周瑜练水军，与曹操南征对抗'}, {'30': '东吴与曹军势不两立，孙权决意抗曹'}, {'32': '曹军与东吴在三江口交战'}, {'33': '东吴与曹军隔江对峙，双方准备交战'}, {'35': '魏吴政权争斗，赤壁之战及后续南郡之战'}, {'61': '魏主曹丕起兵伐吴，徐盛率军迎敌大败魏军'}, {'76': '东吴响应蜀汉，出兵伐魏。'}, {'81': '东吴孙峻提兵渡江袭寿春，魏将诸葛诞取寿春抵御'}, {'82': '东吴助诸葛诞起兵讨伐司马昭，与魏国交战。'}]",组织与组织,三国演义
三国演义_人物_诸葛亮_0,三国演义_技能_以逸待劳_0,掌握,[{'75': '孔明使用以逸待劳之法，令众军出城急攻魏兵'}],人物与技能,三国演义
三国演义_人物_典韦_0,三国演义_物品_锦袄_0,持有,[{'6': '曹操解身上锦袄赐给典韦。'}],人物与物品,三国演义
三国演义_人物_曹丕_0,三国演义_物品_水墨画_0,持有,[{'56': '殿上悬水墨画，曹丕以此为题命曹植作诗。'}],人物与物品,三国演义
三国演义_人物_刘禅_0,三国演义_人物_黄皓_0,亲密,[{'83': '黄皓用事，受刘禅宠幸，奏知后主召回姜维'}],人物与人物,三国演义
三国演义_人物_张让_0,三国演义_人物_舞阳君_0,合作,[{'2': '张让等以金珠玩好结构舞阳君'}],人物与人物,三国演义
三国演义_人物_王平_0,三国演义_地点_街亭_0,守护,[{'70': '王平助马谡守街亭，离山十里下寨。'}],人物与地点,三国演义
三国演义_组织_刘备军_0,三国演义_组织_曹操军_0,对抗,"[{'48': '曹魏与蜀汉敌对，准备征伐，原文‘收吴灭蜀’'}, {'51': '蜀兵与魏军为敌对双方，在葭萌关、天荡山等地交战。'}, {'53': '蜀与魏为敌对关系'}, {'64': '孔明担心魏国趁机侵犯，蜀魏为敌对关系。'}, {'67': '诸葛亮率蜀军北伐，与曹魏军队交战'}, {'70': '蜀汉与魏国交战，争夺街亭等地。'}, {'72': '蜀汉与曹魏敌对交战'}, {'73': '蜀汉与魏国在边境及祁山一带交战，互为敌国。'}, {'74': '蜀汉与曹魏为敌对政权，诸葛亮北伐攻魏。'}, {'75': '蜀汉与魏国交战，孔明伐魏'}, {'76': '魏国与蜀汉为敌对政权，本回中司马懿率魏军对抗诸葛亮蜀军。'}, {'77': '蜀汉与曹魏处于交战状态。'}, {'80': '魏国与蜀汉多次交战'}, {'81': '魏国与蜀汉连年交战，司马师、司马昭先后领兵拒蜀'}, {'82': '蜀汉姜维多次伐魏，与魏国征战。'}, {'85': '蜀魏交战，姜维伐魏，魏伐蜀'}, {'86': '魏国伐蜀，蜀汉抵抗，最终后主降魏。'}]",组织与组织,三国演义
三国演义_地点_盩厔山_0,三国演义_地点_长安_0,相邻,[{'6': '盩厔山在长安西二百里，地势险峻，张济、樊稠屯兵于此抵御西凉军。'}],地点与地点,三国演义
三国演义_人物_曹仁_0,三国演义_地点_官渡_0,守护,[{'16': '曹仁总督大军，屯于官渡'}],人物与地点,三国演义
三国演义_人物_曹操_0,三国演义_人物_袁谭_0,对立,[{'25': '曹操征讨袁谭，杀之于南皮'}],人物与人物,三国演义
三国演义_人物_曹羲_0,三国演义_组织_御林军_0,领导,[{'79': '曹羲为中领军，引三千御林军。'}],人物与组织,三国演义
三国演义_人物_夏侯霸_0,三国演义_人物_郭淮_0,对立,[{'80': '郭淮与夏侯霸交战'}],人物与人物,三国演义
三国演义_人物_唐周_0,三国演义_人物_张角_0,对立,[{'1': '唐周本是张角弟子，却赴省中告变，导致事泄'}],人物与人物,三国演义
三国演义_人物_关羽_0,三国演义_地点_夏口_0,守护,[{'29': '云长引五千军守夏口。'}],人物与地点,三国演义
三国演义_人物_姜维_0,三国演义_人物_廖化_0,上下级,"[{'81': '廖化担任左右先锋之一，受姜维调遣'}, {'83': '姜维以廖化为先锋'}, {'84': '姜维令廖化为先锋，取子午谷。'}, {'85': '姜维令廖化守汉中，后命其守阴平桥'}]",人物与人物,三国演义
三国演义_人物_张飞_0,三国演义_组织_桃园结义_0,归属,"[{'11': '张飞与刘备、关羽桃园结义'}, {'20': '张飞是桃园结义的三弟'}]",人物与组织,三国演义
三国演义_人物_蒋琬_0,三国演义_人物_诸葛亮_0,上下级,"[{'64': '蒋琬建议班师，孔明未从。'}, {'71': '蒋琬自成都至，劝阻孔明斩马谡'}]",人物与人物,三国演义
三国演义_人物_典韦_0,三国演义_人物_夏侯惇_0,上下级,[{'6': '夏侯惇在射猎时见典韦逐虎过涧，收于军中，后推荐给曹操。'}],人物与人物,三国演义
三国演义_人物_杨锋_0,三国演义_地点_银冶洞_0,居住,[{'64': '杨锋是银冶洞二十一洞主，领兵来助孟获。'}],人物与地点,三国演义
三国演义_人物_夏侯渊_0,三国演义_人物_曹操_0,亲密,[{'52': '曹操为夏侯渊之死放声大哭，二人有兄弟之亲情'}],人物与人物,三国演义
三国演义_人物_陆逊_0,三国演义_地点_武昌_0,守护,[{'72': '陆逊辅太子守武昌'}],人物与地点,三国演义
三国演义_人物_上帝_0,三国演义_人物_南方火德星君_0,上下级,[{'7': '上帝命令南方火德星君往烧糜竺家'}],人物与人物,三国演义
三国演义_组织_大汉_0,三国演义_组织_米贼_0,对抗,[{'41': '米贼割据汉中，不服从朝廷管辖，国家因其地远未征伐。'}],组织与组织,三国演义
三国演义_人物_刘备_0,三国演义_人物_董卓_0,对立,[{'1': '刘备救董卓，但董卓因刘备白身而轻视无礼，张飞欲杀之'}],人物与人物,三国演义
三国演义_人物_赵云_0,三国演义_人物_马延_0,对立,[{'29': '赵云力战四将，马延被杀退。'}],人物与人物,三国演义
三国演义_人物_姜维_0,三国演义_人物_钟会_0,合作,"[{'86': '姜维率众降钟会，与钟会结为兄弟，共谋复汉大计。'}, {'87': '二人每日商议大事，共谋反叛，姜维建议诈称遗诏讨司马昭。'}]",人物与人物,三国演义
三国演义_人物_孟获_0,三国演义_地点_秃龙洞_0,居住,[{'64': '孟获被诸葛亮四次擒放后，逃往秃龙洞躲避。'}],人物与地点,三国演义
三国演义_人物_司马徽_0,三国演义_人物_牧童_0,上下级,[{'26': '牧童是司马徽的弟子，常侍师父。'}],人物与人物,三国演义
三国演义_人物_诸葛亮_0,三国演义_技能_连弩之法_0,掌握,[{'77': '诸葛亮有连弩之法并画成图本，临终传授姜维。'}],人物与技能,三国演义
三国演义_人物_刘备_0,三国演义_人物_孔融_0,合作,[{'7': '刘备应孔融求救，率关张精兵三千救北海'}],人物与人物,三国演义
三国演义_组织_曹操军_0,三国演义_组织_青州兵_0,隶属,[{'12': '青州兵归属于曹军'}],组织与组织,三国演义
三国演义_人物_王允_0,三国演义_人物_貂蝉_0,上下级,[{'5': '王允以亲女待貂蝉，貂蝉为府中歌伎，奉命参与连环计。'}],人物与人物,三国演义
三国演义_地点_潼关_0,三国演义_地点_长安_0,隶属,[{'40': '潼关为长安地区的关隘，钟繇退守于此'}],地点与地点,三国演义
三国演义_人物_司马望_0,三国演义_人物_姜维_0,对立,[{'82': '司马望领兵迎战姜维，坚守不出，闭门拒蜀。'}],人物与人物,三国演义
三国演义_人物_张杨_0,三国演义_地点_野王_0,守护,[{'10': '张杨辞帝屯兵野王，镇守该地。'}],人物与地点,三国演义
三国演义_人物_张飞_0,三国演义_人物_马超_0,对立,[{'47': '马超奉张鲁命攻打葭萌关，与张飞大战百余合，不分胜负。'}],人物与人物,三国演义
三国演义_人物_刘勋_0,三国演义_人物_孙策_0,对立,[{'21': '孙策建安四年袭取庐江，击败刘勋。'}],人物与人物,三国演义
三国演义_地点_兖州_0,三国演义_地点_范县_0,隶属,"[{'6': '范县是兖州下辖县，曹操留军守此。'}, {'7': '范县为兖州三处未被攻破的城池之一'}]",地点与地点,三国演义
三国演义_人物_刘备_0,三国演义_地点_涿郡_0,出身,[{'37': '刘备父母宗祖坟墓俱在涿郡，是其故乡。'}],人物与地点,三国演义
三国演义_人物_董卓_0,三国演义_人物_蔡邕_0,上下级,"[{'3': '董卓强征蔡邕，一月三迁其官，拜为侍中。'}, {'6': '蔡邕因感念董卓知遇之恩，在董卓暴尸时伏尸大哭，被王允下狱缢死。'}]",人物与人物,三国演义
三国演义_人物_孟优_0,三国演义_人物_孟获_0,亲属,"[{'63': '孟获与孟优是亲兄弟，孟获派孟优诈降'}, {'64': '孟获与孟优为亲兄弟，多次一同出战、逃亡。'}]",人物与人物,三国演义
三国演义_人物_吕蒙_0,三国演义_人物_周瑜_0,上下级,[{'38': '周瑜使吕蒙为后队'}],人物与人物,三国演义
三国演义_人物_诸葛亮_0,三国演义_人物_黄承彦_0,亲属,"[{'27': '黄承彦是诸葛亮的岳父，曾骑驴过小桥吟诗。'}, {'59': '黄承彦是诸葛亮岳父，自称老夫乃诸葛孔明之岳父。'}]",人物与人物,三国演义
三国演义_人物_丁原_0,三国演义_人物_吕布_0,对立,[{'3': '吕布为投董卓而杀害义父丁原。'}],人物与人物,三国演义
三国演义_人物_司马昭_0,三国演义_人物_陈泰_0,对立,[{'84': '陈泰披麻戴孝哭拜，主张独斩贾充谢天下，与司马昭意见相左。'}],人物与人物,三国演义
三国演义_人物_曹丕_0,三国演义_人物_曹睿_0,亲属,[{'66': '曹丕之子，曹丕带睿出猎时封为平原王，临终托孤。'}],人物与人物,三国演义
三国演义_人物_孟获_0,三国演义_人物_忙牙长_0,上下级,[{'63': '孟获遣副将忙牙长引兵攻夹山峪'}],人物与人物,三国演义
三国演义_人物_姜维_0,三国演义_物品_表文_3,持有,[{'85': '姜维上表后主请出兵伐魏'}],人物与物品,三国演义
三国演义_人物_马岱_0,三国演义_人物_马超_0,上下级,[{'41': '马岱是马超堂弟兼部将，随马超作战并救其突围。'}],人物与人物,三国演义
三国演义_人物_曹睿_0,三国演义_组织_曹操军_0,归属,[{'75': '曹睿为魏国君主'}],人物与组织,三国演义
三国演义_人物_司马昭_0,三国演义_人物_曹髦_0,上下级,"[{'81': '曹髦封司马昭为大将军、录尚书事，总揽朝政'}, {'82': '司马昭请魏主曹髦御驾亲征，髦畏威权只得从之。'}]",人物与人物,三国演义
三国演义_人物_吉平_0,三国演义_人物_董承_0,合作,[{'17': '吉平咬指为誓，与董承合谋毒杀曹操'}],人物与人物,三国演义
三国演义_人物_丁奉_0,三国演义_人物_周瑜_0,上下级,[{'38': '周瑜自与丁奉为第二队'}],人物与人物,三国演义
三国演义_人物_夏侯渊_0,三国演义_人物_曹操_0,亲属,[{'4': '夏侯渊与曹操同族，引壮士千人来会。'}],人物与人物,三国演义
三国演义_人物_沮授_0,三国演义_人物_沮鹄_0,亲属,[{'24': '沮鹄是沮授之子。'}],人物与人物,三国演义
三国演义_人物_刘禅_0,三国演义_人物_蒋琬_0,上下级,[{'78': '后主依孔明遗言加蒋琬为丞相、大将军'}],人物与人物,三国演义
三国演义_人物_曹真_0,三国演义_人物_曹睿_0,上下级,"[{'68': '曹睿拜曹真为大都督，赐节钺，命其御蜀。'}, {'69': '曹真为魏大都督，上表向曹睿求救兵'}]",人物与人物,三国演义
三国演义_人物_张绣_0,三国演义_人物_曹操_0,对立,"[{'12': '张绣因曹操纳其婶反叛，夜袭曹营'}, {'13': '曹操征张绣，被贾诩设计大败，后又破刘表张绣联军。'}]",人物与人物,三国演义
三国演义_人物_吕布_0,三国演义_物品_宝马香车_0,持有,[{'12': '吕布送女所用车马'}],人物与物品,三国演义
三国演义_人物_张昭_0,三国演义_地点_东吴_0,归属,"[{'28': '张昭为东吴谋士，建议孙权弃江夏回江东'}, {'30': '张昭为东吴谋士，孙权手下第一谋士'}, {'44': '张昭为东吴谋士'}]",人物与组织,三国演义
三国演义_人物_刘备_0,三国演义_人物_鲁肃_0,合作,[{'40': '鲁肃修书向刘备求救，玄德与孔明商议'}],人物与人物,三国演义
三国演义_人物_吕翔_0,三国演义_人物_袁尚_0,上下级,[{'24': '吕翔是袁尚大将，与吕旷同愿为先锋。'}],人物与人物,三国演义
三国演义_人物_夏侯楙_0,三国演义_人物_曹睿_0,亲属,[{'68': '夏侯楙为魏国驸马，曹睿之婿。'}],人物与人物,三国演义
三国演义_人物_廖化_0,三国演义_人物_诸葛亮_0,上下级,[{'73': '孔明授廖化锦囊，令与姜维同去袭营。'}],人物与人物,三国演义
三国演义_人物_夏侯渊_0,三国演义_组织_曹操军_0,领导,[{'51': '夏侯渊为魏军统帅，屯守汉中。'}],人物与组织,三国演义
三国演义_人物_韩当_0,三国演义_组织_孙坚军_0,归属,[{'5': '韩当为孙坚军部将。'}],人物与组织,三国演义
三国演义_人物_刘禅_0,三国演义_地点_洛阳_0,居住,[{'87': '刘禅被迁至洛阳，赐宅居住。'}],人物与地点,三国演义
三国演义_人物_夏侯惇_0,三国演义_人物_诸葛亮_0,对立,[{'30': '诸葛亮在博望烧屯，使夏侯惇心惊胆裂'}],人物与人物,三国演义
三国演义_人物_刘备_0,三国演义_物品_双股剑_0,持有,"[{'1': '刘备命良匠打造双股剑，随身使用'}, {'4': '刘备掣双股剑助战。'}, {'7': '玄德掣双股剑麾兵大进'}, {'23': '玄德掣双股剑后随赵云杀出'}]",人物与物品,三国演义
三国演义_人物_庞德_0,三国演义_人物_马超_0,上下级,"[{'40': '庞德为马超帐前心腹校尉，屡立战功'}, {'41': '庞德是马超部将，随马超征战，并在危急时救马超突围。'}, {'46': '庞德是马超部将，随马超投奔张鲁'}, {'49': '庞德原随马超投张鲁，后马超西川，庞德卧病未行。'}]",人物与人物,三国演义
三国演义_人物_赵云_0,三国演义_物品_军令状_0,持有,[{'36': '赵云立军令状领三千军取桂阳'}],人物与物品,三国演义
三国演义_人物_丁廙_0,三国演义_人物_曹植_0,亲密,[{'56': '曹植与丁仪、丁廙酣饮，丁廙称赞曹植聪明冠世。'}],人物与人物,三国演义
三国演义_人物_兀突骨_0,三国演义_组织_藤甲军_0,领导,[{'65': '兀突骨为乌戈国主，统领藤甲军。'}],人物与组织,三国演义
三国演义_人物_庞德_0,三国演义_人物_曹操_0,上下级,"[{'49': '曹操用计擒获庞德，亲释其缚，庞德拜降，成为曹操部将。'}, {'52': '庞德战退魏延，保曹操前行'}, {'53': '曹操加庞德为征西都先锋，后疑心抚慰'}]",人物与人物,三国演义
三国演义_人物_关羽_0,三国演义_人物_夏侯惇_0,对立,[{'20': '夏侯惇率军追赶关公，欲擒之见曹操'}],人物与人物,三国演义
三国演义_地点_三江_1,三国演义_地点_西城水_0,隶属,[{'65': '三江即为泸水、甘南水、西城水三水会合，西城水为其一。'}],地点与地点,三国演义
三国演义_地点_楼桑村_0,三国演义_地点_涿县_0,隶属,[{'1': '楼桑村是涿县下辖的村庄'}],地点与地点,三国演义
三国演义_人物_袁尚_0,三国演义_人物_袁绍_0,亲属,"[{'22': '袁尚是袁绍幼子，袁绍兵败渡河时幼子袁尚随行其后'}, {'23': '袁绍至爱袁尚，欲立为后嗣'}, {'24': '袁绍是袁尚之父，临终立袁尚为嗣。'}]",人物与人物,三国演义
三国演义_人物_霍峻_0,三国演义_地点_葭萌关_0,守护,"[{'44': '霍峻与孟达同守葭萌关'}, {'51': '霍峻守葭萌关，主张坚守。'}]",人物与地点,三国演义
三国演义_人物_吕范_0,三国演义_人物_孙策_0,上下级,[{'21': '吕范为孙策部下，建议令于吉祈雨以赎罪。'}],人物与人物,三国演义
三国演义_人物_荀彧_0,三国演义_人物_许昌_0,守护,[{'22': '曹操亲征官渡，留荀彧守许都（许昌）'}],人物与地点,三国演义
三国演义_人物_关羽_0,三国演义_人物_杨龄_0,对立,[{'36': '关羽不三合砍杀管军校尉杨龄'}],人物与人物,三国演义
三国演义_人物_司马望_0,三国演义_人物_石广元_0,亲密,[{'83': '司马望幼年游学荆南，与石广元为友讲论阵法'}],人物与人物,三国演义
三国演义_人物_刘琦_0,三国演义_人物_蔡夫人_0,对立,[{'28': '蔡夫人为继母不能容刘琦，刘琦性命旦夕'}],人物与人物,三国演义
三国演义_人物_关羽_0,三国演义_物品_红旗_1,持有,[{'48': '关羽船上红旗招展，原文‘一面红旗，风中招飐，显出一个大关字来’'}],人物与物品,三国演义
三国演义_人物_于禁_0,三国演义_人物_张飞_0,对立,[{'7': '张飞直取于禁，战数合'}],人物与人物,三国演义
三国演义_人物_张飞_0,三国演义_物品_红旗_2,持有,[{'51': '张飞以红旗为号令进兵。'}],人物与物品,三国演义
三国演义_人物_曹丕_0,三国演义_人物_曹彰_0,亲属,[{'56': '兄弟二人相抱大哭，曹彰交出兵权，曹丕令其回鄢陵自守。'}],人物与人物,三国演义
三国演义_人物_蹋顿_0,三国演义_组织_乌桓_0,领导,[{'25': '蹋顿为乌桓首领'}],人物与组织,三国演义
三国演义_人物_傅士仁_0,三国演义_人物_关羽_0,对立,[{'54': '傅士仁降东吴并招降糜芳，致使关公缺粮'}],人物与人物,三国演义
三国演义_人物_周瑜_0,三国演义_地点_东吴_0,归属,"[{'27': '周瑜为东吴大都督，总统水陆军马。'}, {'28': '周瑜为东吴都督，日于鄱阳湖教练水军'}, {'31': '周瑜是东吴大都督，统兵抗曹。'}, {'32': '周瑜为东吴大都督，统领东吴水军'}, {'33': '周瑜是东吴大都督，统率吴军'}, {'36': '周瑜是东吴大都督，赤壁鏖兵主要谋划者'}]",人物与组织,三国演义
三国演义_人物_娄子伯_0,三国演义_地点_终南山_0,居住,[{'41': '娄子伯隐居终南山，道号梦梅居士。'}],人物与地点,三国演义
三国演义_人物_刘琦_0,三国演义_人物_诸葛亮_0,亲密,[{'28': '刘琦向诸葛亮哭求避祸之策，孔明教其请守江夏'}],人物与人物,三国演义
三国演义_人物_王伉_0,三国演义_地点_永昌郡_0,守护,[{'66': '孔明留王伉与吕凯同守永昌四郡。'}],人物与地点,三国演义
三国演义_人物_汉献帝_0,三国演义_地点_许都_0,居住,[{'10': '献帝被迫迁都许都，居住于此。'}],人物与地点,三国演义
三国演义_人物_诸葛亮_0,三国演义_组织_刘备军_0,归属,[{'75': '孔明为蜀汉丞相，效忠蜀汉'}],人物与组织,三国演义
三国演义_人物_袁术_0,三国演义_人物_金尚_0,对立,[{'13': '袁术命金尚为太尉监运钱粮，尚不从，术杀之。'}],人物与人物,三国演义
三国演义_地点_京兆_0,三国演义_地点_长安_0,隶属,[{'41': '长安属京兆尹，夏侯渊与张既同守长安。'}],地点与地点,三国演义
三国演义_人物_华雄_0,三国演义_人物_潘凤_0,对立,[{'4': '潘凤出战华雄，被华雄斩了。'}],人物与人物,三国演义
三国演义_人物_吕布_0,三国演义_人物_田氏_0,对立,[{'8': '田氏见吕布败回，急令人拽起吊桥，投降曹操。'}],人物与人物,三国演义
三国演义_地点_中原_0,三国演义_地点_青州_0,隶属,[{'30': '青州为中原地区之一'}],地点与地点,三国演义
三国演义_人物_杨奉_0,三国演义_人物_董承_0,合作,[{'9': '董承与杨奉共同誓斩李傕、郭汜，合力救驾'}],人物与人物,三国演义
三国演义_人物_王双_1,三国演义_物品_千里征马宛马_0,持有,[{'71': '王双骑千里征马宛马，日行千里'}],人物与物品,三国演义
三国演义_人物_姜维_0,三国演义_人物_郭淮_0,对立,"[{'80': '姜维与郭淮交战于牛头山、洮水'}, {'81': '姜维虚拽弓弦接箭射死追兵郭淮'}]",人物与人物,三国演义
三国演义_人物_姜叙_0,三国演义_人物_姜叙母_0,亲属,[{'46': '姜叙母是姜叙之母，年八十二，激励姜叙起兵'}],人物与人物,三国演义
三国演义_人物_邓龙_0,三国演义_人物_黄祖_0,上下级,[{'27': '黄祖以邓龙为先锋，与陈就共同迎敌。'}],人物与人物,三国演义
三国演义_人物_姜维_0,三国演义_人物_诸葛亮_0,上下级,"[{'68': '诸葛亮设计收降姜维，执手相迎，欲传授平生之学，姜维下马拜降。'}, {'69': '孔明问姜维破铁车之法，姜维奉命出战诱敌'}, {'70': '诸葛亮令姜维作先锋，后与马岱断后。'}, {'71': '孔明用姜维之计，令其诈降曹真'}, {'72': '孔明令姜维取武都'}, {'73': '孔明授姜维锦囊，令与廖化分兵袭司马懿营寨。'}, {'76': '姜维为蜀汉先锋，随孔明出祁山。'}, {'77': '诸葛亮传授兵法及连弩之法给姜维，临终安排断后。'}, {'85': '姜维深得孔明传授，继承其志'}]",人物与人物,三国演义
三国演义_人物_孙坚_0,三国演义_地点_盱眙_0,居住,[{'2': '孙坚又除盱眙丞'}],人物与地点,三国演义
三国演义_人物_曹操_0,三国演义_人物_田畴_0,上下级,[{'25': '曹操封田畴为靖北将军、向导官'}],人物与人物,三国演义
三国演义_人物_孙綝_0,三国演义_地点_东吴_0,领导,[{'82': '孙綝辅政东吴，权柄皆归于綝，为人强暴。'}],人物与组织,三国演义
三国演义_人物_孙坚_0,三国演义_物品_花鬃马_0,持有,[{'4': '孙坚骑花鬃马。'}],人物与物品,三国演义
三国演义_地点_江夏_0,三国演义_组织_刘备军_0,驻扎,[{'31': '刘备孤身江夏，与东吴结盟抗曹。'}],组织与地点,三国演义
三国演义_人物_曹操_0,三国演义_人物_韩遂_0,上下级,[{'41': '韩遂投降曹操，曹操封其为西凉侯，韩遂成为曹操下属。'}],人物与人物,三国演义
三国演义_人物_张郃_0,三国演义_物品_枪_2,持有,[{'51': '张郃挺枪纵马与黄忠等交战。'}],人物与物品,三国演义
三国演义_人物_吴懿_0,三国演义_人物_诸葛亮_0,上下级,"[{'72': '孔明令吴懿与吴班同去'}, {'73': '孔明附耳分付吴懿等四将迎战诱敌。'}]",人物与人物,三国演义
三国演义_人物_曹操_0,三国演义_物品_连环大钉_0,持有,[{'33': '曹操听从庞统计策，令军中铁匠连夜打造连环大钉锁船'}],人物与物品,三国演义
三国演义_人物_韩德_0,三国演义_人物_韩琼_0,亲属,[{'67': '韩琼为韩德三子，被赵云一箭射死'}],人物与人物,三国演义
三国演义_人物_诸葛亮_0,三国演义_技能_八门遁甲_0,掌握,"[{'75': '司马懿称孔明善会八门遁甲'}, {'76': '孔明用遁甲之法制造阴云黑气，助劫寨。'}]",人物与技能,三国演义
三国演义_地点_金凤台_0,三国演义_地点_铜雀台_0,连通,"[{'25': '飞桥横空连接铜雀台与金凤台'}, {'38': '铜雀台右边金凤台，上横二桥相通'}]",地点与地点,三国演义
三国演义_地点_上邽_0,三国演义_地点_天水郡_0,隶属,[{'68': '上邽属天水郡，为粮草重地。'}],地点与地点,三国演义
三国演义_人物_严纲_0,三国演义_组织_公孙瓒军_0,归属,[{'5': '严纲为公孙瓒军先锋。'}],人物与组织,三国演义
三国演义_地点_摩天岭_0,三国演义_地点_阴平_0,隶属,[{'86': '摩天岭是阴平小路必经之险岭，邓艾裹毡滚下。'}],地点与地点,三国演义
三国演义_人物_诸葛亮_0,三国演义_人物_赵云_0,上下级,"[{'28': '诸葛亮令赵云为前部诈败诱敌，后追击曹军'}, {'34': '诸葛亮预先教赵云来接应，赵云射断徐盛船篷索护卫孔明。'}, {'35': '奉军师将令袭取南郡'}, {'37': '诸葛亮授意赵云依次拆锦囊执行计策。'}, {'38': '孔明唤赵云听计，安排其在荆州城上识破周瑜假途灭虢之计'}, {'45': '孔明拨一兵令赵云为先锋，溯江而上，会于雒城。'}, {'52': '诸葛亮令赵云领兵接应黄忠'}, {'63': '诸葛亮密计分付赵云，令其率军擒拿孟获'}, {'64': '孔明密授赵云计策，令其拦截孟获。'}, {'67': '诸葛亮差人令赵云进兵，后又遣张苞、关兴接应赵云'}, {'69': '孔明命赵云引一军埋伏，赵云一枪刺死朱赞'}, {'70': '诸葛亮令赵云与邓芝出箕谷为疑兵。'}, {'71': '孔明取金五十斤赠赵云，取绢一万匹赏其部卒，倍加钦敬'}]",人物与人物,三国演义
三国演义_人物_郑玄_0,三国演义_物品_书信_0,创造,[{'16': '郑玄应刘备请求，写书一封致袁绍'}],人物与物品,三国演义
三国演义_人物_诸葛诞_0,三国演义_物品_表文_2,持有,[{'82': '诸葛诞具表数司马昭之罪，使人申奏洛阳。'}],人物与物品,三国演义
三国演义_人物_孔融_0,三国演义_人物_曹操_0,上下级,[{'17': '孔融为曹操谋士，进谏免斩刘岱、王忠'}],人物与人物,三国演义
三国演义_人物_陈就_0,三国演义_人物_黄祖_0,上下级,[{'27': '黄祖以陈就为先锋，引艨艟截住沔口。'}],人物与人物,三国演义
三国演义_人物_韩遂_0,三国演义_人物_马超_0,亲属,[{'40': '韩遂与马腾结为兄弟，马超称韩遂为叔父'}],人物与人物,三国演义
三国演义_人物_袁绍_0,三国演义_人物_高览_0,对立,[{'22': '高览与张郃一同投降曹操，背叛袁绍'}],人物与人物,三国演义
三国演义_人物_关羽_0,三国演义_组织_刘备军_0,归属,"[{'48': '关羽为蜀汉大将，镇守荆州，原文‘云长自回荆州’'}, {'54': '关公为蜀汉大将，镇守荆州'}]",人物与组织,三国演义
三国演义_人物_诸葛亮_0,三国演义_人物_诸葛均_0,亲属,"[{'26': '诸葛亮之弟，一同躬耕于南阳。'}, {'27': '诸葛亮与诸葛均为同胞兄弟，诸葛均在家躬耕守庐。'}]",人物与人物,三国演义
三国演义_人物_张苞_0,三国演义_物品_丈八蛇矛_0,持有,"[{'57': '张苞手挺父所使丈八点钢矛。'}, {'58': '张苞挺丈八矛，一矛刺死夏恂'}, {'67': '张苞持丈八点钢矛，马项下挂人头'}]",人物与物品,三国演义
三国演义_人物_糜芳_0,三国演义_人物_阿斗_0,亲属,[{'58': '糜芳称阿斗太子是其外甥，有舅甥之亲'}],人物与人物,三国演义
三国演义_人物_臧霸_0,三国演义_地点_青徐_0,守护,[{'16': '曹操令吕布手下降将臧霸守把青、徐'}],人物与地点,三国演义
三国演义_人物_王方_0,三国演义_人物_马超_0,对立,[{'6': '马超一枪刺死王方。'}],人物与人物,三国演义
三国演义_人物_赵云_0,三国演义_地点_公安_0,守护,[{'42': '赵云镇守公安'}],人物与地点,三国演义
三国演义_人物_管亥_0,三国演义_组织_黄巾军_0,领导,[{'7': '管亥为黄巾贼党首领，率数万群寇围北海'}],人物与组织,三国演义
三国演义_人物_刘备_0,三国演义_人物_诸葛亮_0,上下级,"[{'27': '刘备三顾茅庐请诸葛亮出山，拜为军师，待之如师。'}, {'28': '刘备以师礼待诸葛亮，付剑印令其调度众将'}, {'29': '军师，刘备称孔明为师，事事请教。'}, {'30': '刘备三顾茅庐请诸葛亮出山，诸葛亮事刘豫州为军师'}, {'31': '诸葛亮是刘备的军师，刘备称其“孔明”，共谋抗曹。'}, {'32': '诸葛亮为刘备军师，刘备言听计从，孔明安排刘备开船等候'}, {'34': '诸葛亮为刘备军师，向刘备报告并安排伏兵，刘备称其神算。'}, {'35': '刘备以主公身份与诸葛亮议事，诸葛亮设计取南郡'}, {'37': '刘备是主公，诸葛亮是军师，为其出谋划策。'}, {'38': '刘备听从孔明计策，放声大哭以拒鲁肃索荆州'}, {'39': '诸葛亮为刘备军师中郎将，辅佐刘备'}, {'42': '诸葛亮为刘备军师，受命总守荆州'}, {'47': '诸葛亮为刘备军师，玄德称之主公。'}, {'48': '刘备为主公，诸葛亮为军师，原文‘孔明哭拜于地，曰望主公看亮之面’'}, {'49': '刘备请军师诸葛亮商议退曹之策，诸葛亮献计令孙权起兵袭合淝。'}, {'53': '刘备封诸葛亮为军师，总理军国重事'}, {'57': '刘备命丞相诸葛亮保太子守两川。'}, {'59': '刘备为蜀汉君主，诸葛亮为丞相，君臣关系，诸葛亮劝刘备往白帝城避之。'}, {'60': '刘备在永安宫托孤于诸葛亮，命其辅佐后主刘禅'}, {'71': ""先帝曾嘱孔明'马谡言过其实，不可大用'，孔明追思其言""}]",人物与人物,三国演义
三国演义_人物_田续_0,三国演义_人物_邓艾_0,上下级,[{'86': '田续是邓艾部将，因建议休养被邓艾怒斥。'}],人物与人物,三国演义
三国演义_人物_刘晔_0,三国演义_人物_杨暨_0,对立,[{'73': '杨暨揭发刘晔前后言辞不一，入奏魏主。'}],人物与人物,三国演义
三国演义_人物_刘璋_0,三国演义_人物_吴懿_0,亲属,[{'44': '吴懿是刘璋的舅氏，被派往雒城为将'}],人物与人物,三国演义
三国演义_人物_汉献帝_0,三国演义_物品_衣带诏_0,创造,[{'15': '献帝咬破指尖以血写密诏，暗令伏皇后缝于玉带内。'}],人物与物品,三国演义
三国演义_人物_周毖_0,三国演义_人物_董卓_0,对立,[{'4': '周毖谏阻迁都，被董卓斩首。'}],人物与人物,三国演义
三国演义_人物_刘备_0,三国演义_人物_曹操_0,合作,"[{'12': '曹操收留刘备，表为豫州牧，共攻吕布'}, {'13': '曹操会合刘备征袁术，令刘备屯兵小沛，结为兄弟，共图吕布。'}]",人物与人物,三国演义
三国演义_人物_曹操_0,三国演义_组织_曹操军_0,领导,"[{'4': '曹操招募义兵，统领操军。'}, {'12': '曹操统领曹军征讨张绣'}, {'14': '曹操为曹军统帅'}, {'15': '曹操统领十万之众，为曹军统帅。'}, {'16': '曹操自引大军，总督曹仁等将领'}, {'17': '曹操统领曹军，起兵五路下徐州'}, {'20': '曹操为丞相，统领曹军'}, {'28': '曹操自统大军五十万，分五队南征'}, {'30': '曹操统帅百万曹军，上将千员'}, {'33': '曹操是曹军统帅，指挥水陆大军'}, {'34': '曹操为丞相，统领百万曹军南征。'}, {'36': '曹操引百万之众下江南，为曹军统帅'}, {'40': '曹操率曹军三十万下江南，后战西凉'}, {'48': '曹操为魏公，统领魏势力，原文‘议欲尊曹操为魏王’'}, {'49': '曹操统领曹军西征汉中，后救合淝。'}, {'52': '曹操统率曹军亲征汉中'}, {'53': '曹操为魏王，领导曹魏'}, {'54': '曹操为魏王，统领魏国'}, {'55': '曹操为魏王，统领魏国势力'}]",人物与组织,三国演义
三国演义_人物_诸葛亮_0,三国演义_物品_锦囊_3,创造,[{'78': '孔明临终遗下锦囊，内藏斩魏延之计'}],人物与物品,三国演义
三国演义_人物_关羽_0,三国演义_技能_显圣_0,掌握,[{'58': '关公显圣惊散潘璋魂魄，使关兴得以斩杀'}],人物与技能,三国演义
三国演义_人物_孟获_0,三国演义_人物_朵思大王_0,合作,[{'64': '孟获投秃龙洞，朵思大王献计利用四毒泉对付蜀军。'}],人物与人物,三国演义
三国演义_人物_姜维_0,三国演义_人物_诸葛绪_0,对立,[{'86': '姜维在剑关下杀败诸葛绪，诸葛绪大败而走。'}],人物与人物,三国演义
三国演义_组织_御林军_0,三国演义_组织_朝廷_0,隶属,[{'62': '御林军为皇帝禁卫，听从朝廷'}],组织与组织,三国演义
三国演义_人物_孙夫人_0,三国演义_人物_孙权_0,亲属,"[{'37': '孙权将妹妹许配给刘备，是兄妹关系。'}, {'38': '孙权以妹嫁刘备，孙夫人是孙权之妹'}, {'43': '孙夫人为孙权之妹，孙权用计骗其带阿斗回吴以换取荆州'}, {'59': '孙权是孙夫人之兄，孙夫人为孙权之妹。'}]",人物与人物,三国演义
三国演义_人物_乌桓触_0,三国演义_人物_曹操_0,上下级,[{'25': '乌桓触出城降操，被加为镇北将军'}],人物与人物,三国演义
三国演义_人物_贾华_0,三国演义_物品_方天画戟_1,持有,[{'36': '贾华使方天画戟与宋谦共同护卫孙权'}],人物与物品,三国演义
三国演义_人物_严纲_0,三国演义_人物_麴义_0,对立,[{'5': '麴义斩公孙瓒先锋严纲于马下。'}],人物与人物,三国演义
三国演义_人物_赵昂_0,三国演义_人物_马超_0,对立,[{'46': '赵昂起兵讨马超，其子赵月被马超斩杀'}],人物与人物,三国演义
三国演义_人物_周瑜_0,三国演义_地点_柴桑郡_0,守护,[{'37': '周瑜屯兵柴桑郡，拦截刘备夫妇。'}],人物与地点,三国演义
三国演义_人物_王濬_0,三国演义_物品_大筏_0,创造,[{'88': '王濬造大筏数十方，上缚草人，以破铁锥'}],人物与物品,三国演义
三国演义_人物_刘禅_0,三国演义_人物_司马昭_0,上下级,[{'87': '司马昭封刘禅为安乐公，刘禅拜谢。'}],人物与人物,三国演义
三国演义_人物_司马昭_0,三国演义_人物_曹髦_0,对立,[{'84': '司马昭逼曹髦封晋公、加九锡，见《潜龙诗》大怒，终弑君。'}],人物与人物,三国演义
三国演义_人物_孟获_0,三国演义_地点_泸水_0,守护,[{'63': '孟获率蛮兵据泸水之险，深沟高垒以拒蜀兵'}],人物与地点,三国演义
三国演义_人物_曹操_0,三国演义_组织_汉室_0,对抗,"[{'16': '檄文指曹操孤弱汉室，残害忠良'}, {'27': '曹操挟天子以令诸侯，徐母称之为‘欺君罔上之贼’。'}]",人物与组织,三国演义
三国演义_人物_姜维_0,三国演义_地点_天水郡_0,出身,[{'67': '姜维乃天水冀人'}],人物与地点,三国演义
三国演义_人物_徐氏_0,三国演义_技能_卜易_0,掌握,[{'27': '徐氏极善卜《易》，曾卜一卦大凶，劝孙翊勿出会客。'}],人物与技能,三国演义
三国演义_人物_刘禅_0,三国演义_人物_宦官_0,亲密,[{'74': '后主听信宦官谗言，下诏召回诸葛亮。'}],人物与人物,三国演义
三国演义_组织_燕_0,三国演义_组织_曹操军_0,对抗,[{'78': '公孙渊兴兵入寇，摇动北方'}],组织与组织,三国演义
三国演义_人物_孙翊_0,三国演义_人物_戴员_0,对立,[{'27': '戴员与妫览共谋杀孙翊，后被徐氏设计杀死。'}],人物与人物,三国演义
三国演义_人物_董卓_0,三国演义_地点_长安_0,居住,[{'5': '董卓在长安专权，出入僭天子仪仗。'}],人物与地点,三国演义
三国演义_人物_泠苞_0,三国演义_地点_益州_0,归属,[{'44': '泠苞为刘璋部将'}],人物与组织,三国演义
三国演义_人物_姜维_0,三国演义_人物_郤正_0,上下级,"[{'81': '姜维遣郤正为使入羌结好羌王'}, {'85': '郤正献策沓中屯田以避祸，姜维从之'}]",人物与人物,三国演义
三国演义_人物_董卓_0,三国演义_人物_袁绍_0,对立,[{'3': '袁绍在筵上反对董卓废立，拔剑相向，后奔冀州。'}],人物与人物,三国演义
三国演义_人物_裴元绍_0,三国演义_组织_黄巾军_0,归属,[{'20': '裴元绍自称天公将军张角部将'}],人物与组织,三国演义
三国演义_人物_袁尚_0,三国演义_人物_阴夔_0,上下级,[{'24': '阴夔是豫州刺史，奉袁尚命至曹操营请降。'}],人物与人物,三国演义
三国演义_人物_刘备_0,三国演义_人物_邹靖_0,上下级,[{'1': '邹靖为校尉，统领刘备等义兵破敌'}],人物与人物,三国演义
三国演义_人物_刘备_0,三国演义_物品_徐州牌印_0,持有,[{'8': '刘备权领徐州事，接受徐州牌印。'}],人物与物品,三国演义
三国演义_人物_吕布_0,三国演义_人物_魏续_0,上下级,"[{'12': '魏续为吕布部将'}, {'14': '魏续为吕布部将，保护妻小，后与侯成合谋献门'}]",人物与人物,三国演义
三国演义_人物_庞统_0,三国演义_技能_天文_0,掌握,[{'45': '庞统占天文，见太白临于雒城，以为已应凶兆。'}],人物与技能,三国演义
三国演义_人物_张郃_0,三国演义_人物_高览_0,合作,[{'22': '张郃与高览一同投降曹操，并共同请为先锋，引兵劫袁绍寨'}],人物与人物,三国演义
三国演义_人物_庞统_0,三国演义_人物_张飞_0,合作,[{'39': '张飞巡视耒阳县时，先欲擒庞统，后观其断案之才大惊，下席谢罪并极力举荐于刘备'}],人物与人物,三国演义
三国演义_人物_何进_0,三国演义_人物_十常侍_0,对抗,"[{'2': '何进欲尽诛宦官，与十常侍为敌'}, {'3': '十常侍设伏于嘉德门斩杀何进。；何进欲诛十常侍，反被张让等设伏杀害。'}]",人物与组织,三国演义
三国演义_人物_吕布_0,三国演义_人物_张飞_0,对立,"[{'4': '张飞与吕布大战五十余合，后关羽、刘备加入围攻。'}, {'9': '张飞屡次怒喝要与吕布斗三百合'}, {'10': '吕布率军攻入徐州，张飞醉不能敌，杀出东门。'}, {'12': '张飞夺马，与吕布大战百余合'}]",人物与人物,三国演义
三国演义_人物_郭淮_0,三国演义_地点_陇西_0,守护,[{'75': '郭淮守陇西诸郡'}],人物与地点,三国演义
三国演义_人物_刘备_0,三国演义_人物_庞统_0,上下级,"[{'39': '刘备拜庞统为副军师中郎将，与孔明共赞方略'}, {'42': '庞统为刘备军师，随行取西川'}, {'43': '庞统为刘备谋士，曾劝刘备席间杀刘璋，并教魏延舞剑'}, {'44': '庞统为刘备军师，献上中下三计'}, {'45': '刘备以庞统为军师，听其计策，并将白马换给庞统。'}]",人物与人物,三国演义
三国演义_人物_刘备_0,三国演义_人物_孙夫人_0,亲属,"[{'37': '刘备与孙夫人正式成亲，结为夫妻。'}, {'38': '刘备与孙夫人是夫妻，车马仆从停于山顶'}, {'59': '孙夫人是刘备之妻，闻讹传先主死而投江。'}]",人物与人物,三国演义
三国演义_地点_涪城_0,三国演义_地点_绵竹_0,相邻,[{'86': '涪城与绵竹相邻，邓艾与诸葛瞻战于绵竹。'}],地点与地点,三国演义
三国演义_人物_曹操_0,三国演义_地点_黎阳_0,守护,[{'16': '曹操自引大军二十万进黎阳，拒袁绍'}],人物与地点,三国演义
三国演义_人物_袁绍_0,三国演义_人物_郑玄_0,合作,[{'16': '郑玄写信给袁绍请求救助刘备，袁绍重其命而相助'}],人物与人物,三国演义
三国演义_人物_孙策_0,三国演义_人物_陆逊_0,亲属,[{'50': '陆逊为孙策女婿。'}],人物与人物,三国演义
三国演义_人物_张鲁_0,三国演义_组织_米贼_0,领导,[{'41': '张鲁在汉中自号师君，创立米贼组织。'}],人物与组织,三国演义
三国演义_人物_关羽_0,三国演义_人物_曹仁_0,对立,[{'54': '关公围樊城，曹仁被困城中'}],人物与人物,三国演义
三国演义_人物_李严_0,三国演义_人物_李丰_1,亲属,[{'75': '李严之子李丰，被孔明用为长史'}],人物与人物,三国演义
三国演义_人物_孙綝_0,三国演义_人物_桓彝_0,对立,[{'83': '桓彝大骂孙綝，孙綝拔剑斩之'}],人物与人物,三国演义
三国演义_人物_张让_0,三国演义_人物_灵帝_0,上下级,[{'1': '灵帝尊信张让，呼为阿父，张让得宠'}],人物与人物,三国演义
三国演义_地点_葛陂_0,三国演义_组织_黄巾军_0,驻扎,[{'8': '何仪引数百骑奔走葛陂，被许褚截住。'}],组织与地点,三国演义
三国演义_人物_司马懿_0,三国演义_人物_蒋济_0,上下级,[{'80': '司马懿令太尉蒋济一同写表并采纳其谋'}],人物与人物,三国演义
三国演义_人物_诸葛亮_0,三国演义_物品_红旗_4,持有,[{'73': '孔明在山上把红旗一招，关兴引兵杀出。'}],人物与物品,三国演义
三国演义_人物_张卫_0,三国演义_人物_许褚_0,对立,[{'49': '许褚在巴中与张卫交锋，将其斩于马下。'}],人物与人物,三国演义
三国演义_人物_诸葛亮_0,三国演义_技能_袖占一课_0,掌握,[{'36': '诸葛亮在马上袖占一课，算出长沙已得、主得大将'}],人物与技能,三国演义
三国演义_地点_金雁桥_0,三国演义_地点_雒城_0,连通,[{'46': '金雁桥在雒城东门外，是通往雒城的桥梁'}],地点与地点,三国演义
三国演义_组织_张绣军_0,三国演义_组织_曹操军_0,对抗,[{'12': '曹操征张绣，两军交战'}],组织与组织,三国演义
三国演义_人物_山神_0,三国演义_人物_马援_0,上下级,[{'64': '山神自称奉伏波将军马援之命，指引孔明解毒之法。'}],人物与人物,三国演义
三国演义_人物_吕布_0,三国演义_人物_曹性_0,上下级,[{'8': '曹性与郝萌一起杀出。'}],人物与人物,三国演义
三国演义_人物_刘备_0,三国演义_人物_马超_0,上下级,[{'56': '马超为蜀将，巡视军捉获彭羕使者，禀报汉中王。'}],人物与人物,三国演义
三国演义_人物_孙恩_0,三国演义_人物_孙綝_0,亲属,[{'83': '孙綝令其弟孙恩分屯诸营'}],人物与人物,三国演义
三国演义_人物_鲁肃_0,三国演义_地点_东吴_0,归属,"[{'30': '鲁肃为东吴谋士，力主抗曹'}, {'31': '鲁肃是东吴谋士，主张联刘抗曹。'}, {'33': '鲁肃是东吴谋士，奉周瑜之命行事'}, {'36': '鲁肃是东吴谋士，代表东吴与刘备交涉'}, {'39': '鲁肃被孙权拜为都督，归属东吴政权'}]",人物与组织,三国演义
三国演义_人物_吕布_0,三国演义_人物_李肃_0,合作,[{'6': '李肃与吕布合谋，前往郿坞骗董卓入朝，助吕布诛杀董卓。'}],人物与人物,三国演义
三国演义_人物_华佗_0,三国演义_地点_沛国_0,出身,[{'11': '华佗是沛国谯郡人'}],人物与地点,三国演义
三国演义_人物_程昱_0,三国演义_人物_郭嘉_0,合作,[{'6': '程昱向荀彧和曹操推荐郭嘉，郭嘉被聘至兖州。'}],人物与人物,三国演义
三国演义_组织_吴军_0,三国演义_组织_晋_0,对抗,[{'88': '晋发动伐吴战争，最终灭吴统一'}],组织与组织,三国演义
三国演义_人物_荀彧_0,三国演义_物品_饮食一盒_0,持有,[{'43': '荀彧开曹操所送食盒，见空无一物，会意服毒自尽'}],人物与物品,三国演义
三国演义_地点_许都_0,三国演义_地点_鲁阳_0,相邻,[{'10': '许都地近鲁阳，便于转运粮食。'}],地点与地点,三国演义
三国演义_人物_曹操_0,三国演义_物品_孟德新书_0,创造,[{'42': '曹操仿《孙子》作《孟德新书》共一十三篇'}],人物与物品,三国演义
三国演义_人物_司马懿_0,三国演义_人物_郑文_0,上下级,[{'76': '司马懿令偏将军郑文诈降孔明。'}],人物与人物,三国演义
三国演义_人物_关平_0,三国演义_人物_刘备_0,亲属,[{'47': '关平为关羽之子，称刘备为伯父。'}],人物与人物,三国演义
三国演义_人物_马腾_0,三国演义_组织_西凉兵_0,领导,[{'15': '马腾统西凉兵，愿为衣带诏外应。'}],人物与组织,三国演义
三国演义_人物_万政_0,三国演义_人物_赵云_0,对立,[{'70': '赵云一箭射中万政盔缨，惊跌于涧中。'}],人物与人物,三国演义
三国演义_人物_左慈_0,三国演义_技能_天遁_0,掌握,[{'50': '左慈掌握天遁，能腾云跨风，飞升太虚。'}],人物与技能,三国演义
三国演义_人物_刘备_0,三国演义_人物_郑玄_0,上下级,"[{'1': '刘备曾师事郑玄，郑玄为师长'}, {'16': '刘备在涿郡时曾师事郑玄，及为徐州牧仍时时造庐请教'}]",人物与人物,三国演义
三国演义_人物_曹丕_0,三国演义_地点_洛阳_0,居住,[{'56': '曹丕自许昌幸洛阳，大建宫室。'}],人物与地点,三国演义
三国演义_人物_丁奉_0,三国演义_人物_诸葛恪_0,上下级,[{'80': '诸葛恪令丁奉引水兵攻东兴'}],人物与人物,三国演义
三国演义_人物_韩遂_0,三国演义_人物_马腾_0,亲密,[{'39': '马腾与韩遂为结义弟兄，共守西凉'}],人物与人物,三国演义
三国演义_人物_廖化_0,三国演义_人物_郑伦_0,对立,[{'83': '廖化一刀斩郑伦于马下'}],人物与人物,三国演义
三国演义_地点_功臣阁_0,三国演义_地点_许都_0,隶属,[{'15': '功臣阁位于太庙内，属于许都范围。'}],地点与地点,三国演义
三国演义_人物_李蒙_0,三国演义_人物_马超_0,对立,[{'6': '马超在阵前生擒李蒙，后斩首号令。'}],人物与人物,三国演义
三国演义_人物_关羽_0,三国演义_人物_秦琪_0,对立,[{'19': '秦琪据守黄河渡口阻挡关公，被关公一刀斩落'}],人物与人物,三国演义
三国演义_人物_赵云_0,三国演义_人物_黄忠_0,合作,[{'52': '赵云杀入重围救出黄忠'}],人物与人物,三国演义
三国演义_地点_洛阳_0,三国演义_地点_芳林园_0,隶属,[{'78': '芳林园位于洛阳，魏主起土木于此'}],地点与地点,三国演义
三国演义_人物_夏侯楙_0,三国演义_人物_董禧_0,上下级,[{'67': '夏侯楙遣董禧引三万军伏于左'}],人物与人物,三国演义
三国演义_人物_梁绪_0,三国演义_人物_马遵_0,上下级,[{'67': '梁绪为天水功曹，建议马遵起兵救夏侯楙'}],人物与人物,三国演义
三国演义_人物_庞统_0,三国演义_人物_曹操_0,合作,[{'33': '曹操信任庞统，采纳其连环计，下令打造铁环连锁'}],人物与人物,三国演义
三国演义_人物_诸葛亮_0,三国演义_人物_诸葛瑾_0,亲属,"[{'27': '诸葛瑾是诸葛亮的兄长，在江东孙权处为幕宾。'}, {'30': '二人为兄弟，孔明称先公后私'}, {'31': '诸葛瑾是诸葛亮的兄长，受周瑜之托劝诸葛亮投东吴。'}]",人物与人物,三国演义
三国演义_人物_孙皓_0,三国演义_人物_王濬_0,对立,[{'88': '王濬率晋兵攻入石头城，孙皓舆榇自缚归降'}],人物与人物,三国演义
三国演义_人物_卫瓘_0,三国演义_人物_邓艾_0,对立,[{'87': '卫瓘奉诏收押邓艾父子，备槛车送洛阳。'}],人物与人物,三国演义
三国演义_人物_周瑜_0,三国演义_技能_火攻_1,掌握,"[{'33': ""周瑜掌中写'火'字，定下火攻之计，并安排黄盖行苦肉计""}]",人物与技能,三国演义
三国演义_人物_刘恢_0,三国演义_地点_代州_0,居住,[{'2': '刘恢为代州太守，留匿刘备于代州家中'}],人物与地点,三国演义
三国演义_人物_吕蒙_0,三国演义_地点_龙湫水口_0,守护,[{'27': '吕蒙把守龙湫水口，在那里接纳了来降的甘宁。'}],人物与地点,三国演义
三国演义_人物_吕蒙_0,三国演义_人物_陆逊_0,合作,[{'54': '吕蒙推荐陆逊代己守陆口，共谋袭荆州'}],人物与人物,三国演义
三国演义_人物_魏延_0,三国演义_地点_陈仓道口_0,守护,[{'72': '魏延在陈仓道口拒守王双'}],人物与地点,三国演义
三国演义_地点_梁都洞_0,三国演义_地点_银坑山_0,隶属,[{'65': '梁都洞中有山，环抱其洞，山上出银矿，名为银坑山。'}],地点与地点,三国演义
三国演义_人物_刘禅_0,三国演义_人物_张嶷_0,上下级,[{'78': '后主命张嶷与王平同屯永安'}],人物与人物,三国演义
三国演义_人物_刘备_0,三国演义_人物_曹仁_0,对立,[{'26': '曹仁为报二吕之仇，起大军攻新野，欲生擒刘备。'}],人物与人物,三国演义
三国演义_人物_曹操_0,三国演义_物品_金宝_0,持有,[{'16': '曹操亲临发掘梁孝王坟墓，掠取金宝（檄文所记）'}],人物与物品,三国演义
三国演义_人物_董卓_0,三国演义_人物_郭汜_0,上下级,[{'4': '郭汜为董卓部将。'}],人物与人物,三国演义
三国演义_人物_刘邦_0,三国演义_物品_传国玉玺_0,持有,[{'4': '子婴将玉玺献与汉高祖刘邦。'}],人物与物品,三国演义
三国演义_人物_司马懿_0,三国演义_人物_苟安_0,上下级,[{'74': '苟安投魏后，受司马懿指使回成都散布流言。'}],人物与人物,三国演义
三国演义_人物_刘琮_0,三国演义_人物_王威_0,上下级,[{'29': '王威为刘琮故将，密告设险击曹。'}],人物与人物,三国演义
三国演义_人物_孟获_0,三国演义_人物_杨锋_0,对立,[{'64': '杨锋假意助战，在酒席上擒获孟获、孟优及朵思大王。'}],人物与人物,三国演义
三国演义_地点_洛阳_0,三国演义_地点_省中_0,隶属,[{'1': '省中即宫省之中，位于洛阳'}],地点与地点,三国演义
三国演义_人物_张嶷_0,三国演义_人物_诸葛亮_0,上下级,"[{'72': '孔明令张嶷与马忠一同'}, {'73': '孔明先后命张嶷参与诱敌和守陈仓古道。'}]",人物与人物,三国演义
三国演义_人物_全端_0,三国演义_人物_诸葛诞_0,对立,[{'82': '全端与全怿一同降魏，背叛诸葛诞。'}],人物与人物,三国演义
三国演义_人物_诸葛亮_0,三国演义_物品_玉带_2,持有,[{'72': '孔明将玉带入吴作贺'}],人物与物品,三国演义
三国演义_人物_刘繇_0,三国演义_人物_太史慈_0,上下级,"[{'7': '太史慈受刘繇书唤，前往投奔'}, {'11': '太史慈为刘繇部将，愿为先锋'}]",人物与人物,三国演义
三国演义_人物_崔禹_0,三国演义_人物_张苞_0,对立,[{'57': '张苞生擒崔禹。'}],人物与人物,三国演义
三国演义_地点_东华门_1,三国演义_地点_洛阳_0,隶属,[{'81': '东华门为洛阳宫中的城门，李丰等在此被搜出血诏'}],地点与地点,三国演义
三国演义_人物_司马昭_0,三国演义_组织_曹操军_0,归属,[{'86': '司马昭是魏国晋公，为魏效力。'}],人物与组织,三国演义
三国演义_人物_周泰_0,三国演义_人物_张南_0,对立,[{'34': '周泰跃过敌船，手起刀落砍张南于水中。'}],人物与人物,三国演义
三国演义_人物_司马炎_0,三国演义_人物_孙皓_0,上下级,[{'88': '孙皓投降后，司马炎封其为归命侯'}],人物与人物,三国演义
三国演义_地点_北原_0,三国演义_地点_渭河_0,相邻,[{'76': '北原位于渭水北岸，郭淮据北原下寨，紧邻渭水。'}],地点与地点,三国演义
三国演义_人物_孙策_0,三国演义_人物_许贡家客_0,对立,[{'21': '许贡家客为报主人之仇，在丹徒西山刺杀孙策。'}],人物与人物,三国演义
三国演义_人物_诸葛恪_0,三国演义_组织_吴军_0,归属,[{'80': '诸葛恪为吴国太傅，托孤大臣'}],人物与组织,三国演义
三国演义_人物_王琰_0,三国演义_人物_高干_0,对立,[{'25': '王琰杀高干，解送首级'}],人物与人物,三国演义
三国演义_人物_庞统_0,三国演义_物品_孔明荐书_0,持有,[{'39': '庞统在刘备拜将时拿出孔明荐书'}],人物与物品,三国演义
三国演义_人物_吴国太_0,三国演义_人物_孙权_0,亲属,"[{'21': '孙权之母，孙策死后训导孙权。'}, {'72': '孙权之母'}]",人物与人物,三国演义
三国演义_地点_冀州_0,三国演义_地点_冀州狱中_0,隶属,[{'23': '冀州狱中位于冀州境内，田丰被囚于此'}],地点与地点,三国演义
三国演义_人物_伊籍_0,三国演义_物品_哀书_0,持有,[{'28': '伊籍奉刘琦之命将哀书呈送刘备'}],人物与物品,三国演义
三国演义_人物_诸葛亮_0,三国演义_人物_魏延_0,上下级,"[{'62': '孔明令魏延为前部先锋，授计擒孟获'}, {'75': '孔明令魏延护车、诈败引诱张郃'}]",人物与人物,三国演义
三国演义_人物_廖化_0,三国演义_地点_阴平桥_0,守护,[{'85': '姜维表请廖化守阴平桥，以防魏兵'}],人物与地点,三国演义
三国演义_地点_教场_0,三国演义_地点_演武厅_0,隶属,[{'50': '城南教场中有演武厅，左慈被斩后群尸奔上演武厅。'}],地点与地点,三国演义
三国演义_人物_关羽_0,三国演义_人物_王甫_0,上下级,[{'55': '王甫为关公部将，守麦城，闻关公死讯堕城而死'}],人物与人物,三国演义
三国演义_人物_杨奉_0,三国演义_地点_大梁_0,守护,[{'10': '杨奉引本部军屯于大梁。'}],人物与地点,三国演义
三国演义_人物_关兴_0,三国演义_物品_七星皂旙_0,持有,[{'75': '关兴手执七星皂幡步行车前'}],人物与物品,三国演义
三国演义_人物_文丑_0,三国演义_人物_颜良_0,亲密,[{'18': '文丑声称颜良与自己如兄弟，欲为颜良报仇。'}],人物与人物,三国演义
三国演义_人物_刘备_0,三国演义_人物_赵云_0,亲密,"[{'5': '刘备敬爱赵云，分别时执手垂泪，不忍相离。'}, {'7': '赵云辞去，玄德执手挥泪而别'}, {'60': '刘备以故交之情嘱托赵云早晚看觑其子'}]",人物与人物,三国演义
三国演义_人物_刘备_0,三国演义_人物_黄忠_0,上下级,"[{'36': '刘备亲往黄忠家相请，黄忠出降，刘备待之甚厚'}, {'42': '黄忠为刘备麾下将领，任前部随取西川'}, {'44': '黄忠为刘备部将，杀邓贤救魏延'}, {'52': '刘备加黄忠为征西大将军'}, {'53': '封黄忠为五虎大将'}, {'57': '刘备任黄忠为前部先锋。'}, {'58': '黄忠为蜀汉武威后将军，随先主伐吴，以臣事君'}]",人物与人物,三国演义
三国演义_人物_吕翔_0,三国演义_人物_张飞_0,对立,[{'26': '张飞与吕翔交战，一矛刺死吕翔。'}],人物与人物,三国演义
三国演义_人物_徐晃_0,三国演义_地点_河东_0,出身,[{'9': '徐晃乃河东杨郡人'}],人物与地点,三国演义
三国演义_人物_典韦_0,三国演义_人物_许褚_0,对立,[{'8': '典韦与许褚交战从辰至午不分胜负，后许褚战败被擒。'}],人物与人物,三国演义
三国演义_人物_于吉_0,三国演义_技能_祈雨_0,掌握,[{'21': '于吉在烈日中自缚祈雨，求得三尺甘霖，雷电齐发。'}],人物与技能,三国演义
三国演义_人物_吕公_0,三国演义_组织_荆州军_0,归属,[{'5': '吕公为刘表军健将，伏击孙坚。'}],人物与组织,三国演义
三国演义_人物_关羽_0,三国演义_物品_金疮药_0,持有,[{'53': '关羽箭伤后敷金疮药'}],人物与物品,三国演义
三国演义_人物_曹操_0,三国演义_地点_兖州_0,守护,[{'6': '曹操为镇东将军，在兖州招贤纳士，威镇山东。'}],人物与地点,三国演义
三国演义_人物_刘备_0,三国演义_地点_成都_0,居住,"[{'48': '刘备在成都，原文‘到成都，先使人报知玄德’'}, {'53': '刘备引百官回成都'}, {'55': '汉中王自东川回成都，在成都处理政务'}]",人物与地点,三国演义
三国演义_人物_周瑜_0,三国演义_人物_徐盛_0,上下级,[{'38': '周瑜自与徐盛为第二队'}],人物与人物,三国演义
三国演义_人物_赵云_0,三国演义_物品_锦囊_0,持有,[{'37': '赵云贴身收藏锦囊，依次拆开执行计策。'}],人物与物品,三国演义
三国演义_人物_董卓_0,三国演义_地点_相府_1,居住,[{'3': '董卓居相府，曹操曾在此献刀。'}],人物与地点,三国演义
三国演义_人物_甘宁_0,三国演义_地点_巴郡临江_0,出身,[{'27': '甘宁是巴郡临江人，原为锦帆贼，后改行从善。'}],人物与地点,三国演义
三国演义_人物_诸葛亮_0,三国演义_人物_鲁肃_0,对立,[{'37': '诸葛亮以言辞驳倒鲁肃，并设借荆州文书骗过鲁肃。'}],人物与人物,三国演义
三国演义_地点_市曹_0,三国演义_地点_许都_0,隶属,[{'12': '市曹在许都'}],地点与地点,三国演义
三国演义_人物_曹睿_0,三国演义_地点_洛阳_0,居住,[{'78': '曹睿在洛阳造宫殿，筑高台'}],人物与地点,三国演义
三国演义_人物_诸葛亮_0,三国演义_物品_孔明荐书_0,创造,[{'39': '诸葛亮写荐书推荐庞统给刘备，称凤雏到日宜即重用'}],人物与物品,三国演义
三国演义_人物_马超_0,三国演义_地点_潼关_0,守护,[{'40': '马超攻破潼关后占据并防守'}],人物与地点,三国演义
三国演义_人物_赵昂_0,三国演义_人物_赵月_0,亲属,[{'46': '赵月是赵昂之子，随马超为裨将，后因赵昂起兵被马超斩杀'}],人物与人物,三国演义
三国演义_人物_姜维_0,三国演义_组织_曹操军_0,归属,"[{'67': '姜维是魏中郎将，效力于天水郡'}, {'68': '姜维原为魏将，效力于马遵麾下。'}]",人物与组织,三国演义
三国演义_人物_董卓_0,三国演义_人物_貂蝉_0,亲属,[{'6': '董卓纳貂蝉为妾，宠爱有加，后因貂蝉与吕布私通而怨恨。'}],人物与人物,三国演义
三国演义_人物_张郃_0,三国演义_人物_郭淮_0,合作,[{'51': '郭淮为张郃求情，并建议再给兵取葭萌关。'}],人物与人物,三国演义
三国演义_人物_张宝_0,三国演义_组织_黄巾军_0,领导,[{'2': '张宝为黄巾军首领，称地公将军'}],人物与组织,三国演义
三国演义_人物_徐璆_0,三国演义_物品_传国玉玺_0,争夺,[{'15': '徐璆杀袁胤，夺得玉玺赴许都献于曹操。'}],人物与物品,三国演义
三国演义_人物_陆逊_0,三国演义_人物_黄承彦_0,合作,[{'59': '黄承彦因好善将迷入八阵图的陆逊从生门引出。'}],人物与人物,三国演义
三国演义_人物_赵云_0,三国演义_人物_陈应_0,对立,[{'36': '赵云活捉出战迎敌的陈应，后释放劝降'}],人物与人物,三国演义
三国演义_物品_铁锥_0,三国演义_组织_吴军_0,创造,[{'88': '吴国造铁锥数万置于水中以破晋船'}],,三国演义
三国演义_人物_司马孚_0,三国演义_人物_曹奂_0,上下级,[{'87': '司马孚哭拜曹奂，自称魏臣。'}],人物与人物,三国演义
三国演义_人物_张松_0,三国演义_物品_黄金五百两_0,持有,[{'42': '张松获得刘璋所赐黄金五百两'}],人物与物品,三国演义
三国演义_人物_关羽_0,三国演义_地点_玉泉山_0,守护,[{'55': '关公英魂显圣护民于玉泉山，乡人建庙四时致祭'}],人物与地点,三国演义
三国演义_人物_孟达_0,三国演义_人物_法正_0,合作,[{'42': '法正与孟达同乡，共同协助刘备取西川'}],人物与人物,三国演义
三国演义_人物_关平_0,三国演义_人物_诸葛亮_0,上下级,[{'28': '诸葛亮令关平预备引火之物于博望坡后放火'}],人物与人物,三国演义
三国演义_人物_曹睿_0,三国演义_地点_洛阳_0,居住,[{'73': '魏主在洛阳设坛求晴，处理朝政。'}],人物与地点,三国演义
三国演义_人物_马谡_0,三国演义_物品_军令状_2,持有,[{'70': '马谡立下军令状，保证守街亭不失，否则斩全家。'}],人物与物品,三国演义
三国演义_人物_孙策_0,三国演义_物品_传国玉玺_0,持有,[{'11': '孙策以亡父留下的传国玉玺为质当向袁术借兵'}],人物与物品,三国演义
三国演义_人物_郭淮_0,三国演义_人物_陈泰_0,合作,"[{'80': '郭淮与陈泰共拒蜀兵，设计断粮'}, {'81': '郭淮与陈泰合谋诈降羌人，擒迷当破蜀'}]",人物与人物,三国演义
三国演义_地点_平昌门_0,三国演义_地点_洛阳_0,隶属,[{'80': '平昌门是洛阳城门'}],地点与地点,三国演义
三国演义_人物_吕布_0,三国演义_组织_吕布军_0,领导,"[{'4': '吕布领三万军扎寨虎牢关前。'}, {'12': '吕布统领徐州军'}, {'14': '吕布为吕布军主帅'}]",人物与组织,三国演义
三国演义_人物_曹真_0,三国演义_地点_济阳_0,居住,[{'72': '曹真因病回济阳'}],人物与地点,三国演义
三国演义_地点_子午谷_0,三国演义_地点_安长_0,连通,[{'67': '魏延提议从子午谷投北，十日可到安长（长安）'}],地点与地点,三国演义
三国演义_人物_孙休_0,三国演义_人物_滕胤_0,上下级,[{'83': '孙休为被害的滕胤重建坟墓以表其忠'}],人物与人物,三国演义
三国演义_人物_张当_0,三国演义_人物_曹爽_0,上下级,"[{'79': '张当谄事曹爽，私选先帝侍妾送入曹爽府中。'}, {'80': '黄门张当与曹爽同谋篡逆'}]",人物与人物,三国演义
三国演义_人物_审荣_0,三国演义_组织_袁尚军_0,归属,[{'24': '审荣是审配之侄，原为袁尚守城将。'}],人物与组织,三国演义
三国演义_人物_刘备_0,三国演义_人物_袁术_0,对立,"[{'10': '刘备奉诏起兵讨伐袁术，两军会于盱眙。'}, {'12': '袁术欲擒刘备，后图徐州'}, {'15': '刘备奉诏截击袁术，将其军杀得尸横遍野。'}]",人物与人物,三国演义
三国演义_人物_曹操_0,三国演义_人物_陈登_0,上下级,"[{'14': '曹操嘉陈登之功，封为伏波将军'}, {'17': '陈登献徐州，归顺曹操'}]",人物与人物,三国演义
三国演义_地点_定军山_0,三国演义_地点_汉中_0,隶属,[{'51': '定军山在汉中，为夏侯渊屯兵之处。'}],地点与地点,三国演义
三国演义_人物_韩玄_0,三国演义_地点_长沙_0,守护,[{'36': '韩玄为长沙太守，后被魏延所杀'}],人物与地点,三国演义
三国演义_人物_汉献帝_0,三国演义_组织_大汉_0,领导,[{'10': '献帝是汉朝天子，名义上领导汉室。'}],人物与组织,三国演义
三国演义_人物_朵思大王_0,三国演义_地点_秃龙洞_0,居住,[{'64': '朵思大王是秃龙洞洞主，常居于此。'}],人物与地点,三国演义
三国演义_人物_韩暹_0,三国演义_组织_白波军_0,领导,[{'10': '韩暹为白波帅，领导白波军。'}],人物与组织,三国演义
三国演义_人物_孟获_0,三国演义_组织_南蛮_0,领导,"[{'61': '孟获为南蛮首领，起兵攻四郡'}, {'62': '孟获为蛮王，统领南蛮势力'}]",人物与组织,三国演义
三国演义_人物_周瑜_0,三国演义_技能_美人计_0,掌握,[{'37': '周瑜设计美人计，欲赚刘备入吴幽囚以换荆州。'}],人物与技能,三国演义
三国演义_人物_朱桓_0,三国演义_地点_濡须口_0,守护,[{'60': '朱桓督军守濡须城，斩魏将常雕'}],人物与地点,三国演义
三国演义_人物_刘备_0,三国演义_人物_刘琦_0,亲属,"[{'26': '刘琦称刘备为叔父，刘备劝其小心尽孝。'}, {'29': '叔侄，刘琦过船称叔父。'}, {'36': '刘备以叔父之名辅佐侄儿刘琦，称‘以叔辅侄’'}]",人物与人物,三国演义
三国演义_人物_关羽_0,三国演义_人物_潘璋_0,对立,[{'55': '潘璋伏于临沮小路，与关公交战，其部将马忠擒获关公'}],人物与人物,三国演义
三国演义_人物_曹操_0,三国演义_组织_青州兵_0,领导,[{'6': '曹操挑选降兵精锐，号为青州兵，自领之。'}],人物与组织,三国演义
三国演义_地点_汉中_0,三国演义_组织_曹操军_0,驻扎,[{'51': '曹操留夏侯渊、张郃屯守汉中。'}],组织与地点,三国演义
三国演义_人物_司马炎_0,三国演义_物品_传国玉玺_0,持有,[{'87': '司马炎受禅登坛，获得传国玺。'}],人物与物品,三国演义
三国演义_地点_洛阳_0,三国演义_地点_温德殿_0,隶属,[{'1': '温德殿位于洛阳宫内'}],地点与地点,三国演义
三国演义_人物_孙休_0,三国演义_物品_玉玺_2,持有,[{'83': '孙休再三谦让后方受玉玺即天子位'}],人物与物品,三国演义
三国演义_人物_曹真_0,三国演义_人物_赵云_0,对立,[{'61': '赵子龙拒住阳平关险道，曹真屯兵斜谷道不能取胜'}],人物与人物,三国演义
三国演义_人物_邓艾_0,三国演义_技能_反间计_1,掌握,[{'83': '邓艾采纳司马望建议，遣党均入蜀行反间计'}],人物与技能,三国演义
三国演义_人物_曹爽_0,三国演义_人物_桓范_0,上下级,"[{'79': '桓范是大司农，有智谋，曹爽信任他，但桓范谏曹爽勿兄弟皆出。'}, {'80': '桓范为曹爽司农，劝其幸许都调兵'}]",人物与人物,三国演义
三国演义_人物_马岱_0,三国演义_技能_锦囊计_0,掌握,[{'78': '马岱受孔明密计，待机斩杀魏延'}],人物与技能,三国演义
三国演义_人物_姜维_0,三国演义_人物_谯周_0,对立,[{'82': '谯周作《仇国论》谏姜维勿伐魏，姜维看毕大怒，掷之于地。'}],人物与人物,三国演义
三国演义_人物_刘备_0,三国演义_人物_赵云_0,上下级,[{'56': '赵云为虎威将军，谏刘备不可起倾国之兵伐吴。'}],人物与人物,三国演义
三国演义_人物_司马孚_0,三国演义_人物_司马懿_0,上下级,[{'80': '司马懿令尚书令司马孚一同写表'}],人物与人物,三国演义
三国演义_人物_吉平_0,三国演义_物品_毒药_0,持有,[{'17': '吉平暗藏毒药入府，欲毒杀曹操'}],人物与物品,三国演义
三国演义_人物_孙坚_0,三国演义_人物_袁术_0,对立,[{'4': '袁术听谗言不发粮草，致孙坚败于华雄。'}],人物与人物,三国演义
三国演义_人物_严颜_0,三国演义_地点_巴郡_0,守护,[{'45': '严颜为巴郡太守，据城坚守，不降张飞。'}],人物与地点,三国演义
三国演义_人物_孙策_0,三国演义_人物_孙静_0,亲属,"[{'11': '孙静是孙策叔父'}, {'21': '孙策之弟，孙策死后孙静理会丧事。'}]",人物与人物,三国演义
三国演义_组织_曹操军_0,三国演义_组织_袁氏_0,支配,[{'31': '曹操收编了袁绍之众七八万人，但多怀疑未服。'}],组织与组织,三国演义
三国演义_人物_孟达_0,三国演义_人物_李辅_0,对立,[{'69': '李辅为孟达心腹，却出首孟达反情，献新城'}],人物与人物,三国演义
