id,type,description,book
三国演义_人物_丁仪_0,人物,"实体名：丁仪
实体描述：
- 字正礼，沛郡人，文士，与丁廙兄弟二人助曹植，被曹丕诛戮。",三国演义
三国演义_人物_丁原_0,人物,"实体名：丁原
实体描述：
- 字建阳，又称丁建阳。荆州刺史，反对董卓废立，被义子吕布杀害。",三国演义
三国演义_人物_丁咸_0,人物,"实体名：丁咸
实体描述：
- 蜀汉左护军，笃信中郎将。",三国演义
三国演义_人物_丁夫人_0,人物,"实体名：丁夫人
实体描述：
- 曹操大妻，无出，后被黜。",三国演义
三国演义_人物_丁奉_0,人物,"实体名：丁奉
实体描述：
- 字承渊，庐江人，孙权部下良将。
- 东吴护军校尉，从旱路去南屏山捉诸葛亮，未果。
- 东吴将领。随周瑜攻南郡，救周瑜脱险。
- 东吴将领，与徐盛一同拦截刘备，后飞报周瑜。
- 东吴将领，随周瑜为第二队。
- 东吴将领，参与袭取荆州，被关平杀退。
- 东吴将领，被陆逊命为护卫。
- 东吴将领，与徐盛一同接应淳于丹，后围困傅彤，劝降被拒。
- 东吴将领，受徐盛密计引兵接应孙韶，射中张辽，与孙韶夺得无数马匹器械。
- 吴国平北将军，雪中奋短兵，大破魏军于东兴，后随诸葛恪伐魏。
- 老将，计略过人，献计于腊日大会群臣擒孙綝，后重加封赏。
- 东吴将领，被任为主帅率兵五万救蜀。
- 吴国老将，见蜀亡收兵还吴，后总督沿江兵马防魏。
- 吴将，被加封为右大司马，后病死。",三国演义
三国演义_人物_丁封_0,人物,"实体名：丁封
实体描述：
- 东吴副将，与孙异引兵二万向沔中而进。",三国演义
三国演义_人物_丁廙_0,人物,"实体名：丁廙
实体描述：
- 字敬礼，沛郡人，文士，与丁仪一同被诛。",三国演义
三国演义_人物_丁斐_0,人物,"实体名：丁斐
实体描述：
- 渭南县令。放牛马诱西凉兵，助曹操脱险，后被封典军校尉。",三国演义
三国演义_人物_丁管_0,人物,"实体名：丁管
实体描述：
- 尚书，怒斥董卓废立，以象简击卓，被斩。",三国演义
三国演义_人物_丁谧_0,人物,"实体名：丁谧
实体描述：
- 字彦靖，曹爽门客。
- 曹爽心腹，与何晏等同谋篡逆，被斩。",三国演义
三国演义_人物_万彧_0,人物,"实体名：万彧
实体描述：
- 吴左典军，建议立孙皓为君，后任右丞相，因谏孙皓被杀害。",三国演义
三国演义_人物_万政_0,人物,"实体名：万政
实体描述：
- 魏国将领，郭淮部将，被赵云一箭射中盔缨，惊跌于涧中。",三国演义
三国演义_人物_上帝_0,人物,"实体名：上帝
实体描述：
- 上帝，命令南方火德星君往烧糜竺家。",三国演义
三国演义_人物_丘建_0,人物,"实体名：丘建
实体描述：
- 魏大将，在钟会帐下。
- 钟会心腹将，原为胡烈部下，密报胡烈钟会谋反。",三国演义
三国演义_人物_丘本_0,人物,"实体名：丘本
实体描述：
- 监军，劝邓艾作书诱降诸葛瞻，后谏勿轻出。",三国演义
三国演义_人物_严君平_0,人物,"实体名：严君平
实体描述：
- 西汉隐士，善卜，张松称蜀中有君平之隐。",三国演义
三国演义_人物_严峻_0,人物,"实体名：严峻
实体描述：
- 东吴谋士，问诸葛亮治何经典，被诸葛亮以腐儒之说驳斥，低头丧气。",三国演义
三国演义_人物_严政_0,人物,"实体名：严政
实体描述：
- 张宝部将，刺杀张宝，献首投降朱儁。",三国演义
三国演义_人物_严氏_0,人物,"实体名：严氏
实体描述：
- 吕布正妻，生有一女，吕布最钟爱。支持将女儿许配袁术之子，认为可保徐州无忧。
- 吕布之妻。本篇中劝阻吕布出城驻兵，称恐被抛弃，使吕布犹豫不决。",三国演义
三国演义_人物_严畯_0,人物,"实体名：严畯
实体描述：
- 字曼才，彭城人，至江东被孙权敬礼。",三国演义
三国演义_人物_严白虎_0,人物,"实体名：严白虎
实体描述：
- 自称东吴德王，据吴郡，与孙策交战，弟严舆，求和不成，弃城而走，后奔余杭、会稽。",三国演义
三国演义_人物_严纲_0,人物,"实体名：严纲
实体描述：
- 公孙瓒部将，任先锋，被麴义斩于马下。",三国演义
三国演义_人物_严舆_0,人物,"实体名：严舆
实体描述：
- 严白虎之弟，出城求和，欲与孙策平分江东，被孙策飞剑砍杀。",三国演义
三国演义_人物_严颜_0,人物,"实体名：严颜
实体描述：
- 巴郡太守，蜀中名将，善开硬弓，使大刀。坚守不降，被张飞设计生擒，感其恩义而降。
- 原刘璋部将，后被张飞义释而投降。为前部劝降各关隘，助张飞长驱大进，又参与攻打雒城，引兵冲杀张任。
- 蜀汉老将，原为刘璋部将，被张飞义释；后与黄忠同取天荡山，埋伏放火，斩夏侯德。
- 蜀汉老将，往巴西阆中守隘，替张飞、魏延同取汉中。",三国演义
三国演义_人物_乌桓触_0,人物,"实体名：乌桓触
实体描述：
- 幽州刺史，聚众歃血背袁向曹，出城降操，被加为镇北将军。",三国演义
三国演义_人物_乐就_0,人物,"实体名：乐就
实体描述：
- 袁术麾下催进使，后守寿春被生擒斩首。",三国演义
三国演义_人物_乐毅_0,人物,"实体名：乐毅
实体描述：
- 战国时期名将，诸葛亮常自比乐毅。
- 战国燕将，扶持微弱之燕，下齐七十余城，被张昭拿来与诸葛亮对比。",三国演义
三国演义_人物_乐綝_0,人物,"实体名：乐綝
实体描述：
- 魏国副先锋，乐进之子，与张虎同守头营，被蜀军击败。
- 魏国将领，随戴陵入阵被缚。
- 魏国将领，与张虎同行动。
- 魏国将领，与张虎一同救应司马懿。
- 魏将，参与围困公孙渊。
- 魏扬州刺史，司马昭密书与之，被诸葛诞斩杀。",三国演义
三国演义_人物_乐进_0,人物,"实体名：乐进
实体描述：
- 字文谦，阳平卫国人。投奔曹操，被留为帐前吏。
- 曹操部将，出战臧霸，战三十余合不分胜负，后与夏侯惇双战吕布不往。
- 曹操部将，随军入城，后射死成廉，参与攻打吕布。
- 曹操部将，随曹洪见驾，后为校尉。
- 曹操部将，随曹操收残兵。
- 曹操部将，参与围攻张飞，与徐晃夹击。
- 曹操部将，在左队为第四队，后杀出截击袁绍，并围住张飞。
- 曹操将领，与李典引兵半路截杀袁尚救军。
- 曹操部将。射杀郭图，后攻并州，夺壶关。
- 曹操部将，至长坂桥见张飞不敢近前。
- 曹操部将，任左军青旗。
- 曹操部将。与李典共守合淝，为副将。
- 曹军大将，单骑突袭孙权，砍断宋谦、贾华画戟。
- 曹操部将，引兵至青泥镇。
- 曹操部将，字文谦，守合淝，与甘宁交锋诈败。
- 曹魏将领，与凌统斗五十合，被暗箭射中面门。
- 魏国已故将领，乐綝之父，文本中提及。",三国演义
三国演义_人物_乔公_0,人物,"实体名：乔公
别名：乔国老
实体描述：
- 江东二乔之父，孔明建议周瑜以千金买二乔送曹操。
- 二乔之父，与曹操至契（提及）。
- 二乔之父，居于南徐，助刘备促成婚事，劝吴国太真招刘备为婿，在甘露寺中为刘备说话。",三国演义
三国演义_人物_乔瑁_0,人物,"实体名：乔瑁
实体描述：
- 东郡太守。随八路诸侯战虎牢。后被刘岱杀死。",三国演义
三国演义_人物_二皇子_0,人物,"实体名：二皇子
实体描述：
- 汉献帝的两位皇子，被曹操所害，死后魂魄索命。",三国演义
三国演义_人物_于吉_0,人物,"实体名：于吉
实体描述：
- 自称琅琊宫道士，得神书《太平青领道》，普施符水救人，被百姓呼为神仙。因被孙策视为妖人而遭斩杀，死后显灵惊扰孙策。",三国演义
三国演义_人物_于禁_0,人物,"实体名：于禁
实体描述：
- 字文则，泰山巨平人，引军投曹操，弓马熟娴，武艺出众，任点军司马。
- 曹操部将，于曹营寨边迎战刘备、张飞，被张飞战败，后献计袭吕布西寨。
- 曹操部将，为合后。
- 曹操部将，后为校尉。
- 曹操部将，平虏校尉。路剿青州兵劫掠，安抚乡民。被青州兵诬告造反，仍先立营寨拒敌，后击败张绣军。曹操赞其“虽古之名将，何以加兹”，赐金器封益寿亭侯。
- 曹操麾下将领，为先锋，后被张绣军所伤。
- 曹操的将领，屯兵河上。
- 曹操部将，被祢衡讥讽为可使负版筑墙，后参与埋伏。
- 曹操部将，随曹操送行关公。
- 曹操部下将领，与徐晃在后，参与劫乌巢，后与张辽、许褚、徐晃引军追赶袁绍。
- 曹操部将，在右队为第四队，后杀出截击袁绍，并追击刘备。
- 曹操部将。随张辽分路攻蹋顿。
- 曹操部将，为副将随夏侯惇南征，提醒防火攻未果。
- 曹操部将，奉命追杀刘琮母子，后回报曹操。
- 曹操部将，与毛玠一同被任命为水军都督。
- 曹操任命的水军都督之一，与毛玠共同守寨。
- 曹操部将，水军都督，与毛玠同请令。
- 曹操部将，出战马超，八九合败走。
- 曹操部将，从背后射马超，误中李堪。
- 曹操的征南将军，领七军救樊城，因嫉妒庞德成功而不肯动兵，移军罾口川，被水淹后投降关羽。
- 魏国将领，被关公擒获，后释放归曹。
- 被曹丕令董治陵事，见陵屋壁画自己拜伏乞命之状，气愤成病而死。",三国演义
三国演义_人物_于糜_0,人物,"实体名：于糜
实体描述：
- 刘繇部将，与孙策战不三合被生擒，挟死。",三国演义
三国演义_人物_于诠_0,人物,"实体名：于诠
实体描述：
- 东吴将领，愿领兵入寿春助守，后与魏兵交战，力战而死，被人赞颂。",三国演义
三国演义_人物_云英_0,人物,"实体名：云英
实体描述：
- 董承侍妾，与秦庆童私语被发现，受杖责。",三国演义
三国演义_人物_仇连_0,人物,"实体名：仇连
实体描述：
- 右都督，因建议移营被司马懿斩首示众。",三国演义
三国演义_人物_任夔_0,人物,"实体名：任夔
实体描述：
- 牙将，不听吴兰言，搦曹洪战，被斩。",三国演义
三国演义_人物_任峻_0,人物,"实体名：任峻
实体描述：
- 曹操部下，任典农中郎将，催督钱粮。",三国演义
三国演义_人物_伊尹_0,人物,"实体名：伊尹
实体描述：
- 商朝名相，耕于莘野，有匡扶宇宙之才，被诸葛亮举例说明不必治经典。
- 商朝贤相，被众官比作不及曹操。",三国演义
三国演义_人物_伊籍_0,人物,"实体名：伊籍
实体描述：
- 字机伯，荆州幕宾，山阳人。两次报信救刘备，劝刘备勿乘的卢。
- 字机伯，曾救刘备，受刘琦差遣送哀书报丧，劝刘备以吊丧为名取荆州。
- 刘备谋士，上厅献策求贤士，推荐马良兄弟。
- 文官，同守荆州。
- 刘备部下，属荆襄旧日文武。
- 刘备使者，前往东吴游说孙权起兵攻合淝。
- 关羽的参谋，一同征进。
- 奉命与马良同赴成都求救。
- 蜀汉官员，与马良同报荆州之失。",三国演义
三国演义_人物_伍习_0,人物,"实体名：伍习
实体描述：
- 将领，杀了郭汜，被封殄虏将军。",三国演义
三国演义_人物_伍孚_0,人物,"实体名：伍孚
实体描述：
- 越骑校尉，字德瑜，藏刀刺董卓未成，被剖剐而死。",三国演义
三国演义_人物_伍延_0,人物,"实体名：伍延
实体描述：
- 吴车骑将军，为都督迎敌，后弃城被擒斩。",三国演义
三国演义_人物_伍琼_0,人物,"实体名：伍琼
实体描述：
- 校尉，与周毖同劝董卓封袁绍。
- 城门校尉。与周毖同谏，被斩首。",三国演义
三国演义_人物_伏完_0,人物,"实体名：伏完
实体描述：
- 伏皇后之父，皇丈。向献帝建议用衣带诏密赐董承。
- 伏皇后之父，伏皇丈，见穆顺送书后回书欲结连孙、刘为外应，被曹操拿下灭三族。
- 伏皇后之父，因谋反被曹操所杀，死后魂魄索命。",三国演义
三国演义_人物_伏德_0,人物,"实体名：伏德
实体描述：
- 国舅，伏皇后之兄，挟白绢助帝后渡河。",三国演义
三国演义_人物_伏皇后_0,人物,"实体名：伏皇后
实体描述：
- 汉献帝的皇后，与献帝一同被李傕劫持，后渡河逃难。
- 汉献帝皇后。协助献帝将密诏缝于玉带内，与父伏完商议除操。
- 汉献帝皇后，与帝私论董承事，为董妃求情未果。
- 称伏后，献帝之妻，修书令穆顺送与父伏完图谋杀曹操，事泄后被华歆拖出，被曹操乱棒打死。
- 汉献帝皇后，被曹操所害，死后魂魄索命。",三国演义
三国演义_人物_伦直_0,人物,"实体名：伦直
实体描述：
- 公孙渊参军，谏阻反叛，与贾范同被斩于市。",三国演义
三国演义_人物_何仪_0,人物,"实体名：何仪
实体描述：
- 黄巾余党，劫掠州郡，被曹操击败，引数百骑奔走葛陂，被许褚活捉，后斩讫。",三国演义
三国演义_人物_何太后_0,人物,"实体名：何太后
实体描述：
- 何后，灵帝皇后，生皇子辩，鸩杀王美人，保十常侍，反对何进诛宦官。
- 少帝之母，被董卓逼迁永安宫，后遭李儒推下楼而死。",三国演义
三国演义_人物_何平_0,人物,"实体名：何平
实体描述：
- 蜀汉先锋，奉杨仪令引兵三千先行到南谷之后，骂魏延反贼，诈败而走，引魏延追赶。",三国演义
三国演义_人物_何晏_0,人物,"实体名：何晏
实体描述：
- 字平叔，曹爽门客，以浮华相尚，劝曹爽防司马懿。
- 曹爽心腹，与邓飏、丁谧、毕轨、李胜等同谋篡逆，被司马懿捉拿问斩。",三国演义
三国演义_人物_何曼_0,人物,"实体名：何曼
实体描述：
- 又称截天夜叉，黄巾将，步行出战，与曹洪交战四五十合，被曹洪用拖刀背砍计杀死。",三国演义
三国演义_人物_何曾_0,人物,"实体名：何曾
实体描述：
- 魏国司徒，后为晋丞相，劝立司马炎为世子。",三国演义
三国演义_人物_何植_0,人物,"实体名：何植
实体描述：
- 吴司徒，参与退兵之策。",三国演义
三国演义_人物_何氏_0,人物,"实体名：何氏
实体描述：
- 孙皓之母，被尊为太后。",三国演义
三国演义_人物_何苗_0,人物,"实体名：何苗
实体描述：
- 何进之弟，受十常侍贿赂，入告何太后劝阻杀宦官。
- 何进之弟，被吴匡等认为同谋害兄，砍为齑粉。",三国演义
三国演义_人物_何进_0,人物,"实体名：何进
实体描述：
- 大将军，奉帝召调兵擒马元义。
- 字遂高，大将军，何国舅。起身屠家，因妹为皇后得权重任，欲诛宦官犹豫不决，召外兵。
- 东汉大将军，召外兵入京欲诛宦官，反被十常侍诱杀于嘉德殿。
- 东汉大将军，陈琳曾谏其不听，后遭董卓之乱。
- 古风中提及，无谋中贵乱。",三国演义
三国演义_人物_何顒_0,人物,"实体名：何顒
实体描述：
- 南阳人，见曹操言汉室将亡安天下者必此人也。
- 大臣，随何进入宫扶立太子辩即皇帝位。",三国演义
三国演义_人物_侯成_0,人物,"实体名：侯成
实体描述：
- 吕布帐下健将，与魏续等同。
- 吕布部将，出战被典韦击败，退入城中，后巡海打粮未回。
- 吕布麾下将领，引骑接应高顺。
- 吕布部将。本篇中因追回被盗马匹酿酒送吕布而被责打，后与宋宪、魏续合谋，盗赤兔马献曹操，献门擒吕布。",三国演义
三国演义_人物_侯览_0,人物,"实体名：侯览
实体描述：
- 十常侍之一。
- 十常侍之一，劫持太后等。",三国演义
三国演义_人物_侯选_0,人物,"实体名：侯选
实体描述：
- 韩遂部下八部将之一，随韩遂起兵。
- 韩遂部将，劝马超求和。",三国演义
三国演义_人物_俄何烧戈_0,人物,"实体名：俄何烧戈
实体描述：
- 羌将，为先锋引兵南安，后受陈泰诈降计劫魏寨，跌入陷坑，自刎而死。",三国演义
三国演义_人物_俞涉_0,人物,"实体名：俞涉
实体描述：
- 袁术部下骁将。出战华雄，战不三合被斩。",三国演义
三国演义_人物_傅佥_0,人物,"实体名：傅佥
实体描述：
- 蜀将，姜维爱将，有胆勇，随姜维伐魏，活捉王真，打死李鹏。
- 蜀汉右军，随姜维伐魏。
- 蜀将，奉命引二千魏兵随征听用，后扮作运粮魏兵，在山谷中截击邓艾。
- 蜀将，守阳安关，与蒋舒共守。下关战魏兵，被围后自刎而死。",三国演义
三国演义_人物_傅嘏_0,人物,"实体名：傅嘏
实体描述：
- 魏国尚书，谏司马师不可伐吴，主张各守边疆。
- 魏尚书，建议分兵取乐嘉、项城、寿春。",三国演义
三国演义_人物_傅士仁_0,人物,"实体名：傅士仁
实体描述：
- 关羽的先锋，因饮酒失火烧毁军器粮草，被关羽杖责后罚守公安。
- 公安守将，因惧关公怨恨而降东吴，后招降糜芳。
- 东吴将领，刘备切齿之仇人之一，曾参与陷害关羽。
- 原蜀将，后降吴。与糜芳刺杀马忠投蜀，被刘备令关兴剐杀祭关公。",三国演义
三国演义_人物_傅婴_0,人物,"实体名：傅婴
实体描述：
- 孙翊心腹旧将，与孙高一起杀死妫览、戴员。",三国演义
三国演义_人物_傅巽_0,人物,"实体名：傅巽
实体描述：
- 字公悌，东曹掾，劝刘琮献荆州与曹操。
- 荆州官员，归曹后被封为关内侯。",三国演义
三国演义_人物_傅干_0,人物,"实体名：傅干
实体描述：
- 字彦材，参军，上书谏曹操先修文德，按甲寝兵，待时而动，曹操览之罢南征。",三国演义
三国演义_人物_傅彤_0,人物,"实体名：傅彤
实体描述：
- 中军护尉。
- 蜀将，守江南第四营，与淳于丹交战，后断后死战，骂吴狗吐血而亡。
- 蜀汉将领，随刘备伐吴，在猇亭之战中殁于王事。",三国演义
三国演义_人物_兀突骨_0,人物,"实体名：兀突骨
实体描述：
- 乌戈国国主，身长丈二，不食五谷，以生蛇恶兽为饭，身有鳞甲，刀箭不能侵。率藤甲军助孟获，被诸葛亮火烧盘蛇谷而死。",三国演义
三国演义_人物_光武_0,人物,"实体名：光武
实体描述：
- 汉光武帝刘秀。得传国玺于宜阳，传位至今。",三国演义
三国演义_人物_光武帝_0,人物,"实体名：光武帝
实体描述：
- 汉朝中兴之主。",三国演义
三国演义_人物_党均_0,人物,"实体名：党均
实体描述：
- 襄阳人，为邓艾出使成都结连黄皓，布散流言陷害姜维。
- 邓艾部下，回到祁山寨报知姜维退兵之事，后又入洛阳报知司马昭。",三国演义
三国演义_人物_全后_0,人物,"实体名：全后
实体描述：
- 孙亮皇后，全尚之女，孙亮事败时被指误事。",三国演义
三国演义_人物_全尚_0,人物,"实体名：全尚
实体描述：
- 全纪之父，得知杀孙綝计划后告知其妻，导致泄密，被孙綝斩杀。",三国演义
三国演义_人物_全怿_0,人物,"实体名：全怿
实体描述：
- 东吴大将，与全端引兵入寿春助诸葛诞，后得子全祎书信，开门降魏。",三国演义
三国演义_人物_全琮_0,人物,"实体名：全琮
实体描述：
- 东吴右都督，字子璜。与朱桓分兵抄魏寨后，大破薛乔。
- 东吴将领，引兵数万屯于巴丘界口，后主惊疑其有异心。",三国演义
三国演义_人物_全祎_0,人物,"实体名：全祎
实体描述：
- 全端子，引兵欲入寿春，见魏兵势大而降，修家书劝父叔降魏。",三国演义
三国演义_人物_全端_0,人物,"实体名：全端
实体描述：
- 吴国左城守将，守东兴左城。
- 东吴大将，与全怿同降魏。
- 东吴将领，降魏，其家眷被孙綝斩杀。",三国演义
三国演义_人物_全纪_0,人物,"实体名：全纪
实体描述：
- 黄门侍郎，国舅，奉孙亮之命谋诛孙綝，泄密被杀。",三国演义
三国演义_人物_公孙修_0,人物,"实体名：公孙修
实体描述：
- 公孙渊之子，与父一同突围被擒斩。",三国演义
三国演义_人物_公孙度_0,人物,"实体名：公孙度
实体描述：
- 辽东公孙渊之祖父，曾为辽东太守。",三国演义
三国演义_人物_公孙康_0,人物,"实体名：公孙康
实体描述：
- 辽东太守，襄平人，武威将军公孙度之子。杀袁熙、袁尚，送首级与曹操，被封襄平侯、左将军。
- 公孙渊之父，曾斩袁尚首级献曹操，封襄平侯。",三国演义
三国演义_人物_公孙恭_0,人物,"实体名：公孙恭
实体描述：
- 公孙康之弟，建议杀二袁献头与曹公。
- 公孙康之弟，继职辽东，后被子公孙渊夺位。",三国演义
三国演义_人物_公孙晃_0,人物,"实体名：公孙晃
实体描述：
- 公孙康长子，公孙渊之兄。",三国演义
三国演义_人物_公孙渊_0,人物,"实体名：公孙渊
实体描述：
- 辽东地方势力，自号为燕王，改元绍汉元年，建宫殿立官职，兴兵入寇北方。
- 辽东公孙度之孙，公孙康之子，文武兼备，性刚好斗，自号为燕王，改元绍汉元年，后兵败被司马懿斩杀。",三国演义
三国演义_人物_公孙瓒_0,人物,"实体名：公孙瓒
实体描述：
- 刘备之友。
- 北平太守。统领精兵一万五千，路经平原县遇见刘备。后引刘备、关羽、张飞同往讨董。在虎牢关亲战吕布，败走，被张飞所救。
- 北平太守，与袁绍争夺冀州，在磐河交战，被文丑击败，得赵云相救，后与刘备、赵云结好，最终讲和班师，表荐刘备为平原相。
- 刘备向其借兵，瓒借马步军二千，又许借赵云。
- 刘备故交。被袁绍破于易京，自缢而死。
- 袁绍的对手，曹操曾北征公孙瓒。被袁绍击败。
- 原北平太守，因不听人言兵败自焚，赵云曾在其麾下。
- 古风中提及，各逞雄才占一方。",三国演义
三国演义_人物_公孙越_0,人物,"实体名：公孙越
实体描述：
- 公孙瓒之弟，被袁绍遣人冒充董卓家将射死。",三国演义
三国演义_人物_共工氏_0,人物,"实体名：共工氏
实体描述：
- 神话人物，秦宓引其战败头触不周山导致天倾西北地陷东南。",三国演义
三国演义_人物_关兴_0,人物,"实体名：关兴
实体描述：
- 关羽的次子，奉命赍立功文书去成都见汉中王。
- 关羽之子，闻父死讯号恸而来。
- 关羽之子，字安国。白袍银铠，来见刘备哭诉。与张苞争先锋，后结为兄弟。作战英勇，斩杀李异，生擒谭雄。
- 关羽之子，随刘备伐吴，斩杀仇人潘璋，夺回青龙偃月刀，与张苞一同救出黄忠。
- 蜀将，关羽之子。奉命出巡，后护刘备杀下山来，被乱箭射伤。
- 蜀汉将领，关羽之子。诸葛亮密调其引兵三万屯于紧要之处，为各路救应。
- 关羽之子，蜀汉将领，被留作救应。
- 蜀汉帐前左护卫使，龙骧将军。
- 蜀将，关羽之子，持偃月青龙刀，奉诸葛亮之命接应赵云，杀魏将董禧，后随崔谅入南安城斩杨陵。
- 关兴，蜀汉将领，保护孔明杀出重围，后截住姜维去路。
- 蜀将，关羽之子。随张苞、马岱迎战羌兵，被围困后遇父亲关羽显圣救出。后与张苞等设伏，斩杀越吉。
- 蜀汉将领，张苞之兄（实则关兴为关羽之子）。受命与张苞各引三千精兵伏于武功山小路，鼓噪为疑兵。
- 蜀汉将领，关羽之子。奉命接应赵云、邓芝，后与张苞为前后救应使。
- 蜀汉将领，受孔明密计伏于魏寨左右，袭取魏军营寨。
- 蜀国将领。孔明左方，与张苞前后夹攻魏兵，后受孔明之命伏于山谷，见红旗引兵杀出。
- 蜀汉将领，为先锋，受密计扮魏兵劫寨，后从西南杀出夹攻。
- 蜀汉将领，结束做天蓬模样，手执七星皂幡步行车前，后与魏延轮流交战引诱张郃。
- 蜀汉大将，病亡，孔明闻讯放声大哭，叹少一员大将。",三国演义
三国演义_人物_关宁_0,人物,"实体名：关宁
实体描述：
- 关定长子，学文。",三国演义
三国演义_人物_关定_0,人物,"实体名：关定
实体描述：
- 关家庄老翁，姓关名定，久仰关公大名，款待关公，并让次子关平跟随关公。",三国演义
三国演义_人物_关平_0,人物,"实体名：关平
实体描述：
- 关定次子，十八岁，学武。被刘备提议拜关公为父，随关公一同起身。
- 关羽义子，随关羽引军救刘备。
- 关羽义子，受孔明将令预备引火之物。
- 关羽义子，随关羽往华容道埋伏。
- 关羽之子。与刘封领军截住巴丘上流水路。
- 关羽之子，随刘备西行，在中军。
- 关羽之子，随刘备出战，捉拿杨怀、高沛。
- 关羽之子，奉命往荆州请诸葛亮，后辅佐云长守荆州。
- 关羽之子，奉父命送书信给刘备，呈报关羽欲入川比试之意。
- 关羽之子，劝父亲顾及军师面子，后选快船十只藏水军五百于江上等候，见红旗招引即驾船过江。
- 关羽的义子，副将，随父征战，曾与庞德战三十合不分胜负，后斩杀翟元。
- 关公之子，随父征战，曾救关公归寨，后与廖化一同突围。
- 关羽义子，随父突围，得知赵累死讯后为父断后，被潘璋、朱然围困，力尽被执，与父同遇害。",三国演义
三国演义_人物_关彝_0,人物,"实体名：关彝
实体描述：
- 汉寿亭侯，被魏兵所杀。",三国演义
三国演义_人物_关索_0,人物,"实体名：关索
实体描述：
- 关羽第三子，逃难后投奔，为前部先锋，参与诱敌。
- 蜀将，守一寨，后擒诸洞酋长。
- 蜀将，负责护孔明车驾。",三国演义
三国演义_人物_关纯_0,人物,"实体名：关纯
实体描述：
- 韩馥别驾，奉韩馥之命请袁绍，后与耿武伏击袁绍，被文丑砍死。",三国演义
三国演义_人物_关羽_0,人物,"实体名：关羽
别名：云长，关，关云长，关公
实体描述：
- 字云长，本字长生，河东解良人。身长九尺，髯长二尺，面如重枣，唇若涂脂，丹凤眼，卧蚕眉。因杀势豪逃难江湖五六年，后与刘备、张飞结义，打造青龙偃月刀，随刘备讨黄巾。
- 字云长，称关公。刘备义弟，劝刘备杀督邮弃官，随刘备征战。
- 字云长，又称关公。刘备结义兄弟，身长九尺，髯长二尺，丹凤眼，卧蚕眉，面如重枣，声如巨钟。时为马弓手。斩华雄，酒尚温。后在虎牢关与张飞、刘备合战吕布。
- 字云长，刘备结义兄弟，与张飞随刘备助公孙瓒战袁绍。
- 字云长，又称关云长，刘备结义兄弟，随刘备救北海，出战管亥，数十合间劈管亥于马下，后随刘备救徐州。
- 刘备二弟，随刘备到徐州，再三相劝刘备领徐州。
- 即关羽，字云长，刘玄德的结义兄弟，在后堂对吕布表现出不满。
- 字云长，又称关公。刘备结拜兄弟，与纪灵大战三十合不分胜负，斩荀正。
- 即关羽，字云长，刘备的结义兄弟，与张飞并称关、张，曾劝刘备不可信吕布。
- 字云长，刘备义弟，随刘备赴吕布宴，按剑立于背后。后与张辽交战，并随刘备突围投曹操。
- 刘备结义兄弟，名羽，助战吕布，杀退袁术，后守小沛西门。又称关公、云长。
- 关羽，字云长，又称关公。本篇中与张飞各自溃败后收兵山中，后与张飞重逢，一同协助曹操攻打吕布，曾在路上拦住吕布。
- 字云长，又称关公。刘备二弟，曾跪求曹操不杀张辽。在许田打围时欲斩曹操，被刘备阻止。后设计斩杀车胄，夺回徐州。与张飞一同保护刘备。
- 字云长，刘备的结义兄弟，生擒王忠。后守下邳，安置甘、糜二夫人。
- 字云长，刘备结义兄弟，保护刘备妻小死守下邳。曹操爱其武艺人材，欲说降之。
- 字云长，又称关公、美髯公。刘备结义兄弟，武艺超群，忠义无双。曾被困土山，与曹操约三事降汉不降曹，后斩颜良、文丑，封汉寿亭侯。得知刘备下落后果断辞曹，挂印封金，护送二嫂离去。
- 名关羽，字云长，又称汉寿亭侯、关某。护送二嫂寻兄，过五关斩六将，骑赤兔马，持青龙刀，封金挂印，不辞而别。
- 又称云长、关将军、关某，关羽，刘备二弟，忠义无双，手持青龙刀（文中称刀），骑赤兔马。护送二嫂寻找刘备，途中斩蔡阳、杀秦琪，曾被曹操所留，后离开许都，与张飞古城相会。
- 字云长，刘备结义兄弟，屯兵东南角，杀退乐进，与关平、周仓同救刘备。
- 字云长，刘备二弟。随刘备讨贼，建议刘备赴襄阳会。
- 字云长，又称关公。刘备结义兄弟，勇武过人，文中奉命从左路迎敌，后夺取樊城。
- 字云长，又称关公，刘备的结义兄弟。随刘备三顾茅庐，曾质疑诸葛亮自比管仲乐毅是否太过。
- 字云长，刘备二弟，守新野，受孔明将令于豫山埋伏，后又于白河上流放水淹曹军。
- 字云长，刘备二弟，手执青龙刀，坐下赤兔马。曾往江夏借得军马一万，于汉津截出，吓退曹操。
- 字云长，刘备大将，率精兵万人。
- 字云长，又称关云长。刘备二弟，世之虎将，曾斩颜良、文丑，随刘备赴宴护卫。
- 字云长，刘备部将，立军令状去华容道埋伏，孔明担心其放走曹操。
- 字云长，又称关云长、关某，刘备部将。奉军师令守华容道，因念曹操旧恩及见张辽，放走曹操。
- 字云长，又称关云长、关某。刘备帐下大将，守荆州，后奉命取长沙，与黄忠大战百余合不分胜负，欲用拖刀计，感黄忠义气，黄忠射其盔缨报恩，后劝降黄忠。
- 刘备的结义兄弟，在黄州界首带领刀手杀出，吓退周瑜。
- 又称关公，被诸葛亮埋伏击败周瑜的军马之一，后从江陵杀来捉周瑜。
- 字云长，刘备结义兄弟。奉命洒扫驿庭接待张松，后守荆州拒襄阳要路。又称关云长、关某。
- 即关羽，字云长。受刘备托付保守荆州，孔明嘱其“北拒曹操，东和孙权”。领印绶守荆州。
- 刘备结义兄弟，字云长，美髯公，受封荡寇将军、汉寿亭侯。欲与马超比试，被诸葛亮书信劝阻。
- 又称云长、关公，刘备结义兄弟，镇守荆州，性格刚烈勇猛，单刀赴会鲁肃之宴，手提大刀，谈笑自若，最终安全返回荆州。
- 刘备部将，称关将军，镇守荆州，字云长。
- 又称关将军，蜀汉大将，孔明欲从荆州替回以敌夏侯渊，文本中提及。
- 字云长，又称关公、关云长、前将军，五虎大将之首，镇守荆州，勇猛且有谋略，使用青龙刀，曾水淹七军，擒于禁、斩庞德。
- 又称关公、云长、君侯、关将军，蜀汉名将，右臂中乌头毒箭，接受华佗刮骨疗毒，威震华夏，后因东吴袭取荆州而败走麦城。
- 即关羽，字云长，蜀汉五虎上将之首，汉寿亭侯。与刘备、张飞桃园结义。在麦城突围时被擒，不屈而死。死后显圣，追吕蒙之魂，惊曹操，托梦刘备。又称关将军、关云长。
- 即关羽，被东吴孙权所害。画中俨然上坐，水淹七军擒于禁、庞德。
- 刘备二弟，又称云长、关公。被东吴所害，引发刘备、张飞报仇之事。
- 蜀汉五虎大将之一，被东吴所害。文中以关公神像、显圣形式出现，其子关兴为其报仇，斩杀潘璋。
- 蜀汉名将，字云长，刘备结义兄弟。已故，死后被上帝敕命为神，鬼魂显现于刘备灯影下，言与刘备聚会不远。
- 蜀汉名将，关兴之父，又称关公。死后显圣，在云雾中救关兴脱困，并指路；又惊退羌兵，指路救张苞。
- 古风中提及，义结关张愿扶主。",三国演义
三国演义_人物_典满_0,人物,"实体名：典满
实体描述：
- 典韦之子，被封为中郎，收养在曹操府中。",三国演义
三国演义_人物_典韦_0,人物,"实体名：典韦
实体描述：
- 陈留人，勇力过人，使两枝铁戟重八十斤，逐虎过涧，被夏侯惇收于军中，曹操称之为“古之恶来”，任帐前都尉。
- 曹操部将，手挺双铁戟，冒箭救曹操，飞戟杀敌，杀散敌军。
- 曹操部将，勇猛，多次杀入城中救曹操，后为先锋与许褚等共攻吕布。
- 曹操部将，领铁骑冲突，后为都尉。
- 曹操猛将，力大勇猛，使双铁戟。守中军帐外宿卫，被胡车儿盗走双戟后，醉酒以腰刀步卒死战，拒寨门杀伤多人，最终中枪而死。曹操哭祭之。
- 曹操帐下猛将，已故，曹操为之立祀祭奠。
- 曹操帐前虎卫军骁将，已死，被提及。",三国演义
三国演义_人物_冯习_0,人物,"实体名：冯习
实体描述：
- 蜀汉副将，参与劫寨等战斗。
- 蜀将，随刘备伐吴，劝黄忠勿轻进，后引兵助战。
- 蜀将，营中火起后慌逃，被徐盛敌住，后与张南同死于乱军。
- 蜀汉将领，随刘备伐吴，在猇亭之战中殁于王事。",三国演义
三国演义_人物_冯方女_0,人物,"实体名：冯方女
实体描述：
- 袁术所立皇后。",三国演义
三国演义_人物_冯礼_0,人物,"实体名：冯礼
实体描述：
- 冀州东门守将，因被审配责罚而怀恨降曹，后带人掘地道失败被杀。",三国演义
三国演义_人物_冯紞_0,人物,"实体名：冯紞
实体描述：
- 晋臣，力言不可伐吴。",三国演义
三国演义_人物_凌操_0,人物,"实体名：凌操
实体描述：
- 土人，领乡人杀败严白虎，后与子同接孙策，被使为从征校尉。
- 孙权部将，轻舟杀入夏口，被甘宁一箭射死。
- 凌统之父，被甘宁射死。",三国演义
三国演义_人物_凌统_0,人物,"实体名：凌统
实体描述：
- 凌操之子，年十五，奋力夺回父亲尸体。
- 东吴将领，字公绩？因甘宁射死其父凌操，欲杀甘宁报仇，被孙权劝止，后加封为承烈都尉。
- 东吴武将，被周瑜任为第三队将领。
- 东吴将领，领三千兵直截彝陵界首，以兵应乌林火起。
- 字公绩，东吴将领。在赤壁后拦截曹操，后暂代周瑜守营，救程普败军。
- 东吴将领，守汉阳郡。
- 东吴将领，随周瑜为后队。
- 孙权部将，与甘宁有杀父之仇，在逍遥津保护孙权死战。
- 东吴将领，与甘宁争功，后因甘宁救其性命而结为生死之交。
- 东吴合后，奉命拒蜀。
- 东吴将领，参与围攻黄忠。
- 东吴将领，曾应声愿往取蜀营。",三国演义
三国演义_人物_刘?_0,人物,"实体名：刘?
实体描述：
- 本郡太守，不信管辂神卜，以印囊、山鸡毛试之，大惊。",三国演义
三国演义_人物_刘丞_0,人物,"实体名：刘丞
实体描述：
- 将军，与全纪共谋诛孙綝，被孙綝拿下斩杀。",三国演义
三国演义_人物_刘元起_0,人物,"实体名：刘元起
实体描述：
- 刘备叔父，奇刘备之言，常资给之。",三国演义
三国演义_人物_刘先_0,人物,"实体名：刘先
实体描述：
- 刘表部下别驾，奉命守荆州。
- 荆州别驾，与邓义同降曹操。",三国演义
三国演义_人物_刘劭_0,人物,"实体名：刘劭
实体描述：
- 魏国将领，奉命救江夏，后谨防孙权后兵。",三国演义
三国演义_人物_刘勋_0,人物,"实体名：刘勋
实体描述：
- 被孙策袭取庐江而败。",三国演义
三国演义_人物_刘备_0,人物,"实体名：刘备
别名：先帝，刘玄德，昭烈皇帝，汉中王，玄德
实体描述：
- 字玄德，中山靖王刘胜之后，汉景帝阁下玄孙，身长七尺五寸，两耳垂肩，双手过膝，面如冠玉，唇若涂脂。幼孤，事母至孝，贩屦织席为业，家住涿县楼桑村。曾师事郑玄、卢植，与公孙瓒等为友。后与关羽、张飞桃园结义，立志破贼安民。
- 字玄德，又称刘玄德、备。中山靖王之后，与关羽、张飞结义，参与讨伐黄巾军，有功授安喜县尉，后因督邮之事弃官。
- 字玄德，又称刘玄德。汉室宗亲，平原县令。与关羽、张飞结义。随公孙瓒讨董，参与三英战吕布。
- 字玄德，平原相，与关羽、张飞助公孙瓒战袁绍，后与赵云相识并有不舍之心。
- 字玄德，又称刘玄德，汉室宗亲，平原相，当世英雄，率关羽、张飞及三千精兵救北海，后又往公孙瓒处借兵救徐州，写信劝曹操解和，不受徐州牌印，驻军小沛。
- 又称刘玄德、玄德、刘使君、备。从小沛到徐州，受陶谦托付，最终权领徐州牧，用孙乾、糜竺等辅佐。
- 字玄德，徐州之主，收留吕布，让其驻扎小沛，后与吕布、关羽、张飞等共事。
- 字玄德，又称刘玄德、玄德、刘使君。领徐州牧，封征东将军宜城亭侯。收留吕布，拒绝曹操密书杀布，后奉诏讨袁术，被吕布袭取徐州。
- 字玄德，又称刘玄德，与关羽、张飞桃园结义，曾失城池家小，后屯小沛，屈身守分以待天时。
- 字玄德，屯军小沛，被袁术攻打后求援于吕布。吕布射戟解围，后因张飞夺马与吕布交恶，弃城投奔曹操。曹操表其为豫州牧，进兵屯小沛攻吕布。
- 豫州牧，字玄德，与曹操联合，屯兵小沛，后杀韩暹、杨奉。又称玄德、刘玄德、备。
- 刘备，字玄德，又称刘豫州、大耳儿。本篇中他丢失沛城，妻小失散，匹马逃难，投奔曹操，后随曹操攻吕布，最终参与白门楼之会。曾受吕布辕门射赖之恩。
- 字玄德，又称刘使君、刘皇叔、左将军。中山靖王之后，汉献帝之叔。参与董承衣带诏密谋，在许田打围时制止关羽杀曹操。后借截击袁术之名脱离曹操控制，领兵徐州，斩杀车胄。曾种菜韬晦，煮酒论英雄时假借惧雷掩饰失箸。
- 字玄德，徐州牧，曾师事郑玄，与曹操、袁绍等争战。被曹操怀疑反叛，遣刘岱、王忠攻之，刘备生擒二人后释放，欲与曹操和解。
- 字玄德，汉室宗亲，徐州牧。文中他兵败后投奔袁绍，曾与张飞分兵劫曹操寨，失败后匹马逃往青州。
- 字玄德，又称刘皇叔、刘使君。关羽结义兄长，与关羽、张飞桃园结义。徐州兵败后投奔袁绍，后得知关羽在曹操处，修书召其归来。
- 刘备，字玄德，称刘皇叔，关公之兄，在袁绍处后往汝南会合刘辟。
- 字玄德，又称皇叔。先投袁绍，后往汝南，又回河北。与关、张古城重聚，得赵云等，驻军汝南。
- 字玄德，又称刘使君，汉室宗亲，乘虚攻许昌，在穰山与曹操交战，后败走投奔刘表。
- 即刘备，刘表遣其为前部迎击曹操，后引兵自回荆州。
- 字玄德，又称使君。在荆州助刘表讨张武、陈孙，得马，被蔡瑁设计陷害，跃马过檀溪逃回新野。
- 字玄德，又称刘玄德、使君、刘豫州、皇叔。汉室宗亲，仁义之主，文中逃席跃马檀溪，得水镜先生指点，求贤若渴，后得徐庶、诸葛亮辅佐。
- 字玄德，又称刘豫州、刘皇叔，汉室末胄，涿郡人。仁义布于四海，三次拜访诸葛亮，求安邦定国之策。曾为左将军、宜城亭侯、豫州牧。
- 字玄德，汉室宗亲，屯新野，得孔明辅佐，以师礼待之，后走樊城避曹军。
- 字玄德，又称刘使君、刘皇叔，仁德之主，携百姓渡江，败于曹操，后投江夏。曾哭告于刘表墓前，不弃百姓，被赵云救阿斗后掷子慰将。
- 字玄德，又称刘豫州、豫州。汉室宗亲，屯兵江夏，派诸葛亮联合东吴，以仁义著称，曾携民渡江。
- 刘豫州、刘皇叔，汉室之胄，与东吴结盟共伐曹操，军师诸葛亮。
- 字玄德，又称刘豫州、刘使君、备。蜀汉之主，与东吴结盟破曹，曾赴周瑜宴请，险遭杀害。
- 字玄德，称刘皇叔，屯兵夏口，派赵云接应诸葛亮，后与孔明共看周瑜用兵。
- 字玄德，又称主公，刘备军首领。屯兵油江口，欲取南郡，后得诸葛亮计策坐收南郡、荆州、襄阳。
- 字玄德，又称刘皇叔、刘玄德。大汉皇叔，刘表之弟。得荆州、南郡、襄阳后，采纳马良建议，先后取零陵、桂阳、武陵、长沙四郡，重用赵云、张飞、关羽等，待黄忠甚厚，改油江口为公安。
- 字玄德，又称刘皇叔，中山靖王之后，汉室宗亲，仁义布于天下，被孙权招为妹婿，后与孙夫人成亲，最终离开东吴回到荆州。
- 字玄德，又称刘皇叔，荆州牧，孙夫人之夫，与孔明归荆州庆喜，后按孔明计策在鲁肃面前大哭以拖延还荆州。
- 字玄德，又称刘皇叔。与孔明在山顶饮酒，闻周瑜死讯后派孔明吊丧。初见庞统因其貌陋只授耒阳县宰，后得知其才，拜为副军师中郎将。
- 又称玄德、刘皇叔。荆州之主，与孙权结为唇齿，写信联络马超共讨曹操。
- 字玄德，汉朝皇叔，荆州之主。仁义宽厚，礼贤下士，张松献图后决定取西川。又称刘玄德、皇叔。
- 字玄德，又称刘玄德，汉室宗亲，本次入蜀与刘璋相会，后引兵拒张鲁于葭萌关。手下有庞统、法正、赵云、张飞、诸葛亮等。其子阿斗被孙夫人欲带回东吴，被赵云、张飞截江夺回。
- 字玄德，又称刘皇叔。领兵在葭萌关，后与庞统商议取西川，杀杨怀、高沛，夺涪水关。
- 字玄德，又称刘将军，蜀汉之主。在涪关与庞统商议进兵，后将白马换给庞统。夜梦神人击臂，疑孔明之书。后闻庞统死痛哭。
- 蜀汉之主，字玄德，又称刘玄德、主公。率军攻打雒城，被张任追击时得张飞救援，后义释严颜，赏赐黄金锁子甲，最终攻下雒城。
- 蜀汉之主，字玄德，又称刘皇叔。领益州牧，仁德待人，收服马超，平定西川，逐刘璋至公安。
- 字玄德，称皇叔，蜀汉之主，与关羽、张飞桃园结义，借荆州不还，后得西川，许诺先还三郡但被关羽拒绝。
- 西川之主，字玄德，与诸葛亮商议退曹之策。
- 字刘玄德，又称刘皇叔，左慈劝曹操让位与之，耿纪等欲结为外援。
- 即刘备，蜀汉君主，关心张飞饮酒，听从孔明建议，后亲率大军图汉中，厚赏黄忠、严颜。
- 蜀汉之主，字玄德。亲征汉中，封黄忠为征西大将军，赞叹赵云一身是胆，号虎威将军。自称大汉宗亲，奉诏讨贼。
- 字玄德，又称汉中王、刘玄德、备，汉朝宗室，仁义著于天下，抚有两川之地，后进位汉中王，立刘禅为王世子。
- 即刘备，关公之兄，受其厚恩。
- 字玄德，汉中王，蜀汉君主。与关羽、张飞桃园结义，闻关羽死讯哭绝于地，誓报弟仇。又称刘皇叔。
- 即刘备，字玄德，后称先主。闻曹丕逼汉帝，痛哭，后听孔明等劝进，即帝位，改元章武元年，封诸葛亮为丞相。欲起兵为关羽报仇。
- 蜀汉先主，又称陛下、先主。为报关羽、张飞之仇，不顾赵云、诸葛亮等人劝阻，执意起兵伐吴。御驾亲征，统领七十五万大军，后因张飞遇害更加悲痛，最终在彝陵之战中与吴军对峙。
- 蜀汉先主，又称刘皇叔，御驾亲征东吴为关羽、张飞报仇，后因兵败忧愤而终。文中率军至猇亭，亲捧马忠首级祭祀关公，定要灭吴。
- 蜀汉先主，又称玄德、刘玄德、先主。率军伐吴，连营七百里，被陆逊火攻击败，逃往白帝城，后由赵云救入白帝城。
- 蜀汉先主，又称刘先主、蜀主、先主。在猇亭彝陵之战中被陆逊击败，退守白帝城，改馆驿为永安宫。后病重，于永安宫托孤于诸葛亮，嘱其辅佐刘禅，并言“君才十倍曹丕，必能安邦定国”。临终前哭祭关羽、张飞，驾崩时六十三岁。
- 蜀汉先主刘备，已晏驾，在日与吴不睦。
- 蜀汉先帝刘备，托孤于孔明。
- 蜀汉昭烈帝刘备，诸葛亮在《出师表》中多次提及，曾三顾茅庐、临崩寄臣以大事。
- 指刘备，蜀汉昭烈皇帝。曾称赵云之德，嘱孔明马谡言过其实不可大用。孔明追思其言而痛哭。
- 蜀汉先帝刘备，孔明受其托孤之重。
- 蜀汉先主刘备，诸葛亮受其三顾之恩和托孤之重。
- 蜀汉先主刘备，曾言孔明识魏延脑后有反骨。
- 蜀汉昭烈帝，白帝城托孤于诸葛孔明。
- 指刘备，蜀汉昭烈皇帝。刘谌至昭烈庙哭诉，言先帝创立基业不易。
- 古风中提及，楼桑玄德本皇孙。",三国演义
三国演义_人物_刘夫人_0,人物,"实体名：刘夫人
别名：刘氏
实体描述：
- 袁绍后妻，袁尚生母，劝袁绍立袁尚为后嗣。
- 袁绍之妻，袁尚生母。袁绍死后杀害其所爱宠妾五人并毁尸。
- 袁绍之妻，袁将军之妻。曾向曹丕请求保全，并愿让甄氏为曹丕执箕帚。",三国演义
三国演义_人物_刘子扬_0,人物,"实体名：刘子扬
实体描述：
- 鲁肃之友，曾约鲁肃投巢湖郑宝。",三国演义
三国演义_人物_刘宁_0,人物,"实体名：刘宁
实体描述：
- 洞溪汉将，率兵助蜀。
- 蜀将，兵败后投降东吴。",三国演义
三国演义_人物_刘安_0,人物,"实体名：刘安
实体描述：
- 猎户，曾招待刘备，因无野味杀妻供食，谎称狼肉。后得孙乾赐金百两。",三国演义
三国演义_人物_刘宠_0,人物,"实体名：刘宠
实体描述：
- 太尉，刘繇之侄。",三国演义
三国演义_人物_刘寔_0,人物,"实体名：刘寔
实体描述：
- 魏相国参军，预言钟会、邓艾破蜀但不得还都。",三国演义
三国演义_人物_刘封_0,人物,"实体名：刘封
实体描述：
- 本名寇封，罗侯寇氏之子，刘泌之甥。被刘备收为义子，改名刘封，后拜关羽、张飞为叔。
- 刘备义子，受孔明将令预备引火之物，于博望坡放火。
- 刘备义子，曾与糜芳安排船只，后随诸葛亮往江夏求救。
- 刘备义子，受令驾船绕江剿擒败军。
- 刘备部下，与糜竺守江陵。
- 刘备义子。与关平领军截住巴丘上流水路，使周瑜愈怒。
- 刘备义子，随刘备西行，在中军。
- 刘备义子，在宴席上拔剑助魏延舞剑。
- 刘备的义子，帐后捉拿杨怀、高沛。
- 刘备义子，领生力军截杀张任，夺回战马。
- 刘备义子，属荆襄旧日文武。
- 玄德义子，奉命接应黄忠，劝黄忠暂歇，黄忠不听；随军助战。
- 刘备义子，与孟达同领兵设旌旗、夺定军山，后出战曹彰败北。
- 刘备的义子，奉命攻取上庸诸郡。
- 刘备义子，与孟达同守上庸，拒不发兵救关公。
- 刘备养子，与孟达按兵不动，不救关羽。
- 刘备养子，因不救关公被罪，后守绵竹，受命擒孟达，兵败奔回成都，被刘备斩之。",三国演义
三国演义_人物_刘岱_0,人物,"实体名：刘岱
实体描述：
- 兖州刺史，列为第四镇诸侯。后向乔瑁借粮不成，杀乔瑁降其众。
- 兖州刺史，刘繇之弟。",三国演义
三国演义_人物_刘岱_1,人物,"实体名：刘岱
实体描述：
- 原兖州刺史，降曹操后为偏将，与王忠引军五万攻刘备，被张飞生擒。
- 曹操部将，与王忠一同征讨刘备失败，被曹操欲斩，后因孔融谏言免死夺爵。",三国演义
三国演义_人物_刘巴_0,人物,"实体名：刘巴
实体描述：
- 字子初，零陵烝阳人。劝刘璋不可助刘备，认为刘备是枭雄。
- 刘璋部下，刘璋降后闭门不出，刘备亲请出仕，任左将军。
- 蜀汉前将军，征南将军。",三国演义
三国演义_人物_刘度_0,人物,"实体名：刘度
实体描述：
- 零陵太守。闻刘备军至，与子刘贤商议，后听刘贤劝降，献城纳降，孔明令其仍为郡守。",三国演义
三国演义_人物_刘延_0,人物,"实体名：刘延
实体描述：
- 滑州太守，不敢应付船只给关公渡河。",三国演义
三国演义_人物_刘弘_0,人物,"实体名：刘弘
实体描述：
- 刘备之父，曾举孝廉，作吏，早丧。",三国演义
三国演义_人物_刘循_0,人物,"实体名：刘循
实体描述：
- 刘璋长子，自愿领兵守雒城。
- 刘璋之子，字季玉之子。守雒城，城破后开西门逃走，投成都去见刘璋。",三国演义
三国演义_人物_刘恂_0,人物,"实体名：刘恂
实体描述：
- 刘禅六子。",三国演义
三国演义_人物_刘恢_0,人物,"实体名：刘恢
实体描述：
- 代州太守，见刘备乃汉室宗亲，留匿在家。",三国演义
三国演义_人物_刘放_0,人物,"实体名：刘放
实体描述：
- 侍中光禄大夫，掌枢密院，保奏曹爽为大将军。",三国演义
三国演义_人物_刘敏_0,人物,"实体名：刘敏
实体描述：
- 蜀汉右护军，偏将军。",三国演义
三国演义_人物_刘晔_0,人物,"实体名：刘晔
实体描述：
- 字子阳，光武嫡派子孙，被郭嘉推荐给曹操。
- 曹操谋士，识破陈宫之计，建议分军三队，后守濮阳。
- 曹操部下，任司空仓曹掾。
- 曹操的使者，被派往襄城说张绣，盛称曹操盛德，促成张绣投降。
- 曹操的谋士，进献发石车之策，曹操令其进车式，连夜造发石车数百乘，击退袁军弓箭手，又献策绕营掘长堑以破地道。
- 曹操谋士，赞同司马懿之言，认为应速攻西川。
- 曹魏长史，劝曹操亲自征讨汉中，后谏夏侯渊性刚恐中计。
- 魏大夫，建议曹丕趁吴蜀交兵之际渡江袭吴，曹丕未纳。
- 魏国尚书。先劝曹丕伐吴，后因东吴新胜、锐气百倍而谏阻，曹丕不听。
- 魏国参谋官，建议曹丕不可造次渡江，待三五日探其动静。
- 魏国侍中，后为军师。劝魏主伐蜀，后又对众臣言不可伐，被杨暨揭发，向魏主解释兵者诡道。",三国演义
三国演义_人物_刘氏_1,人物,"实体名：刘氏
实体描述：
- 曹操妾，生子曹昂。",三国演义
三国演义_人物_刘氏_2,人物,"实体名：刘氏
实体描述：
- 曹爽之妻，闻司马懿起兵，急问守府官。",三国演义
三国演义_人物_刘永_0,人物,"实体名：刘永
实体描述：
- 刘备之子，字公寿，吴氏所生。
- 刘备次子，封鲁王。至永安宫听受遗命，刘备命其以父事诸葛亮。",三国演义
三国演义_人物_刘泌_0,人物,"实体名：刘泌
实体描述：
- 樊城县令，长沙人，汉室宗亲。迎刘备入樊城，设宴相待，将其甥寇封过继给刘备为义子。",三国演义
三国演义_人物_刘焉_0,人物,"实体名：刘焉
实体描述：
- 幽州太守，江夏竟陵人，汉鲁恭王之后。出榜招军，认刘备为侄。
- 刘璋之父，曾任益州牧。
- 古风中提及，据巴蜀。",三国演义
三国演义_人物_刘熙_0,人物,"实体名：刘熙
实体描述：
- 刘馥之子，告请父尸归葬。",三国演义
三国演义_人物_刘理_0,人物,"实体名：刘理
实体描述：
- 刘备之子，字奉孝，吴氏所生。
- 刘备三子，封梁王。至永安宫听受遗命，刘备命其以父事诸葛亮。",三国演义
三国演义_人物_刘琦_0,人物,"实体名：刘琦
实体描述：
- 刘表长子，前妻陈氏所生。为人贤而柔懦。
- 刘表长子。奉父命到新野向刘备请罪，席间堕泪求教免祸之策，刘备劝其小心尽孝。
- 刘表长子，被继母蔡氏不容，求计于孔明，得避祸江夏之策，后引兵守江夏。
- 刘表长子，江夏太守，曾起兵接应刘备，与刘备合兵一处，后回江夏。
- 刘表长子，与刘备同在江夏，领江夏战士不下万人。
- 刘备部将，奉命守江夏。
- 刘表之子，公子，到夏口探听消息，后受孔明令回武昌陈兵岸口。
- 刘表之子，公子刘琦。刘备以叔辅侄占据荆州，后病亡，被诸葛亮预言应星坠之兆。",三国演义
三国演义_人物_刘琬_0,人物,"实体名：刘琬
实体描述：
- 汉使，曾入吴见孙氏兄弟，预言孙权大贵高寿。",三国演义
三国演义_人物_刘琮_0,人物,"实体名：刘琮
实体描述：
- 刘表次子，蔡夫人所生。颇聪明。
- 刘表次子，年十四，被蔡瑁等立为荆州之主，后听傅巽等言献荆襄九郡与曹操。
- 刘表次子，荆州之主，惧曹操而降，被曹操封为青州刺史，后遭于禁追杀身亡。
- 刘表之子，听信佞言暗自投降曹操，致使曹操得以猖獗。",三国演义
三国演义_人物_刘琮_1,人物,"实体名：刘琮
实体描述：
- 刘禅三子。",三国演义
三国演义_人物_刘琰_0,人物,"实体名：刘琰
实体描述：
- 蜀汉行中军师，车骑大将军、都乡侯。
- 蜀将，受命留守安定。
- 蜀大臣，疑妻与后主私通，令军士以履挞妻面，后被斩。",三国演义
三国演义_人物_刘瑁_0,人物,"实体名：刘瑁
实体描述：
- 刘焉之子，早夭，曾许娶吴懿之妹。",三国演义
三国演义_人物_刘瑶_0,人物,"实体名：刘瑶
实体描述：
- 刘禅次子。",三国演义
三国演义_人物_刘璇_0,人物,"实体名：刘璇
实体描述：
- 蜀汉太子，被魏兵所杀。",三国演义
三国演义_人物_刘璋_0,人物,"实体名：刘璋
实体描述：
- 益州牧，被曹操视为狐兔之一。
- 益州牧，字季玉。曹操称之为守户之犬。
- 益州牧，刘备之弟，汉朝骨肉，诸葛亮借口不忍取西川提及。
- 益州牧，字季玉，刘焉之子，与张鲁有仇。
- 字季玉，益州牧，刘备同宗。暗弱不能任贤，遣张松求援，后迎刘备入川。又称刘益州。
- 益州牧，刘备的同宗，与刘备在城中宴饮，后被刘备拒张鲁于葭萌关，自己回成都。手下有刘璝、泠苞、邓贤、张任等将领。
- 益州牧，刘备的同宗兄弟。怀疑刘备欲夺西川，斩张松，遣将守雒城。
- 益州牧，彭羕因直言触忤刘璋而被髡钳。
- 益州牧，字季玉，又称刘季玉。雒城失陷后聚众商议，拒绝郑度迁民之策，怒撕法正劝降书，后遣费观、李严守绵竹，又遣黄权求救于张鲁。
- 益州牧，字季玉，又称刘益州、刘盖州。不听郑度之计，后投降刘备，被迁往公安。
- 原益州牧，被刘备诈力夺取西川。",三国演义
三国演义_人物_刘璝_0,人物,"实体名：刘璝
实体描述：
- 刘璋部下将佐，疑刘备有异心。
- 刘璋部将，在宴席上掣剑出列要求群舞，以助刘璋。
- 刘璋部将，与泠苞、张任、邓贤领兵守雒县，曾往锦屏山问紫虚上人。
- 雒城守将，又称刘瓒（文本中误写）。与张任等守城，引兵杀出。
- 刘璋部将，守雒城。协助刘循守城，后与张任等抵抗刘备，最终在城上被张翼砍翻杀死。",三国演义
三国演义_人物_刘璩_0,人物,"实体名：刘璩
实体描述：
- 刘禅七子。",三国演义
三国演义_人物_刘璿_0,人物,"实体名：刘璿
实体描述：
- 刘禅长子。",三国演义
三国演义_人物_刘瓒_0,人物,"实体名：刘瓒
实体描述：
- 刘禅四子。",三国演义
三国演义_人物_刘磐_0,人物,"实体名：刘磐
实体描述：
- 刘表之侄，曾与黄忠共守长沙，后闲居攸县，被黄忠荐于刘备，使掌长沙郡。",三国演义
三国演义_人物_刘禅_0,人物,"实体名：刘禅
别名：后主
实体描述：
- 刘备之子，乳名阿斗。出生时有白鹤异象，异香满室。
- 蜀汉后主，刘备太子，又称后主、太子禅。留守成都，后即位为帝，改元建兴。纳张飞之女为皇后。听闻五路兵犯境，亲至丞相府问计于诸葛亮。
- 蜀汉君主刘禅，又称蜀主、当今主上。善待张温，赐锦墩设御宴，后同意诸葛亮南征。
- 蜀汉皇帝，刘禅，年幼无知，信任孔明，同意其征讨南蛮。
- 蜀汉皇帝刘禅，排銮驾出郭三十里迎接孔明，扶起孔明并车而回，设太平筵会，后览《出师表》并同意北伐。
- 蜀汉皇帝，刘备之子，即刘禅。在成都听政，览孔明表章后令其出师。闻赵云死放声大哭。
- 蜀汉后主刘禅，闻孙权称帝，与群臣商议，后遣使问孔明。
- 蜀汉皇帝刘禅，亦称天子。御驾自来问孔明病，命御医调治。
- 蜀汉皇帝，听信宦官谗言，下诏宣孔明班师。
- 蜀汉皇帝刘禅，听信宦官之言召回孔明，后悔之，支持孔明伐魏。
- 蜀汉君主，刘禅。听取谯周奏报，接受孔明拜辞出征。
- 蜀汉皇帝刘禅，诸葛亮上表奏报，遣李福问安。
- 蜀汉皇帝刘禅，在成都寝食不安，闻诸葛亮死讯大哭，后处理魏延、杨仪反情，依诸葛亮遗言加封蒋琬、费祎等，又送灵柩至定军山安葬。
- 刘备之子，被托孤于诸葛孔明。
- 蜀汉皇帝刘禅，准许姜维北伐。又称陛下。
- 蜀汉后主，遣使回贺吴主，宠幸黄皓，被薛珝评价为朝无直言、民有菜色。
- 蜀国君主，召回姜维，称恐劳军士，别无他意，后准姜维伐魏。
- 蜀汉后主，又称蜀主、天子。听信黄皓谗言，溺于酒色，不理朝政，召姜维班师。
- 蜀汉后主，又称后主。听信黄皓，闻魏兵至惊慌失措，最终纳降，被邓艾封为骠骑将军。
- 蜀汉后主，降魏后封安乐公。文中称后主、蜀主。
- 后汉皇帝，安乐公，被提及作为投降先例。",三国演义
三国演义_人物_刘繇_0,人物,"实体名：刘繇
实体描述：
- 扬州刺史，与太史慈同郡，有书来唤太史慈。
- 字正礼，东莱牟平人，汉室宗亲，扬州刺史，被袁术赶过江屯曲阿，与孙策交战，败后投刘表。",三国演义
三国演义_人物_刘胜_0,人物,"实体名：刘胜
别名：中山靖王
实体描述：
- 中山靖王，刘备之祖先。
- 刘备的祖先，刘胜，诸葛亮借此强调刘备的汉室宗亲身份。",三国演义
三国演义_人物_刘艾_0,人物,"实体名：刘艾
实体描述：
- 宗正，与王立议论天文。",三国演义
三国演义_人物_刘范_0,人物,"实体名：刘范
实体描述：
- 左中郎将，为马腾、韩遂内应，事泄被杀。",三国演义
三国演义_人物_刘虞_0,人物,"实体名：刘虞
实体描述：
- 幽州牧，领兵征张举、张纯，表奏刘备大功，封太尉。",三国演义
三国演义_人物_刘表_0,人物,"实体名：刘表
别名：刘景升
实体描述：
- 字景升，荆州刺史，汉室宗亲。号江夏八俊之一。受袁绍书，派兵截击孙坚欲夺传国玺。
- 荆州牧，汉室宗亲，曾围困孙坚，后与孙坚交战，采纳蒯良、蔡瑁等人建议，最终以黄祖换回孙坚尸体罢兵。
- 刘繇与笮融投奔之处。
- 荆州刺史，与张绣结连，后张绣败兵投之。被曹操视为狐兔之一。
- 荆州牧，与张绣联合，截曹操后路。
- 荆州牧，字景升。曹操在煮酒论英雄中认为其虚名无实，非英雄。
- 字景升，荆州牧，好结纳名流。他接待祢衡，不喜其讥讽，将其遣往江夏见黄祖，后因韩嵩劝降而怒。
- 字景升，镇守荆襄九郡，刘备欲往说其共破曹操。
- 字景升，荆州牧，汉室宗亲，接纳刘备，亲自出郭迎接。
- 荆州牧，曹操欲征讨之，刘表遣玄德为前部。
- 字景升，荆州牧。待刘备甚厚，欲废长立幼，犹豫不决。
- 字景升，荆州牧，汉室宗亲。文中请刘备赴襄阳会，后因蔡瑁谋害刘备而大怒，责骂蔡瑁。
- 字景升，荆州牧，病重托孤于刘备，死后蔡夫人等立刘琮为主。
- 荆州牧，字景升，已故。刘备曾拜于其墓前哭告。
- 荆州牧，已故。刘备曾寄迹于刘表处，其子刘琮投降曹操。
- 被曹操所灭的诸侯之一，曹操得荆州。
- 字景升，荆州旧主，刘备之兄，基业被刘备以叔辅侄名义占据。
- 即刘表，刘备之兄，荆州刺史，弟承兄业被诸葛亮作为刘备占据荆州的理由。
- 东汉末年荆州牧，被曹操平定，刘备曾依附。
- 字景升，荆州牧，其子被孙权贬为豚犬。文中提及作为对比。
- 字刘景升，贾诩以刘表父子废立之事谏曹操。
- 古风中提及，屯荆襄。",三国演义
三国演义_人物_刘谌_0,人物,"实体名：刘谌
实体描述：
- 刘禅第五子，北地王。反对投降，先杀妻子，至昭烈庙大哭自刎而死。",三国演义
三国演义_人物_刘贞_0,人物,"实体名：刘贞
实体描述：
- 刘胜之子，汉武时封涿鹿亭侯，后坐酎金失侯。",三国演义
三国演义_人物_刘贤_0,人物,"实体名：刘贤
实体描述：
- 刘度之子。与邢道荣引兵抵御刘备，中诸葛亮计被张飞活捉，后劝父投降，被派往荆州随军办事。",三国演义
三国演义_人物_刘辟_0,人物,"实体名：刘辟
实体描述：
- 汝南黄巾军首领，归顺袁绍，与龚都佯输诈败，让关羽夺得汝南。
- 汝南守将，与龚都复夺汝南，请刘备同谋破曹。
- 汝南守将，曾接待刘备，后差人请刘备往汝南驻扎。
- 汝南黄巾军首领，与龚都拥众数万，助刘备守汝南，后弃城而走，护送刘备家小，被高览斩杀。",三国演义
三国演义_人物_刘达_0,人物,"实体名：刘达
实体描述：
- 魏将，奉王经命战姜维。",三国演义
三国演义_人物_刘邦_0,人物,"实体名：刘邦
别名：汉高祖，高皇帝
实体描述：
- 汉朝开国皇帝，斩白蛇起义。
- 刘邦，汉朝开国皇帝。子婴献玉玺与汉高祖。
- 汉高祖。献帝在功臣阁指其画像，讲述其起于泗上亭长，斩蛇起义。
- 刘邦，曾多次被项羽击败，但最终垓下一战成功。
- 即汉高祖刘邦，斩蛇起义，开基立业，被诸葛亮引用以论证汉室正统。
- 汉高祖，龙兴，尊王子弟，大启九国。",三国演义
三国演义_人物_刘陶_0,人物,"实体名：刘陶
实体描述：
- 谏议大夫，谏帝斩十常侍，被下狱谋杀。",三国演义
三国演义_人物_刘雄_0,人物,"实体名：刘雄
实体描述：
- 刘备之祖。",三国演义
三国演义_人物_刘馥_0,人物,"实体名：刘馥
实体描述：
- 字元颖，扬州刺史，指出曹操诗句不吉，被曹操一槊刺死。",三国演义
三国演义_人物_北斗_0,人物,"实体名：北斗
实体描述：
- 穿白袍之神，主死，与南斗弈棋，检看簿籍，为赵颜改寿。",三国演义
三国演义_人物_区星_0,人物,"实体名：区星
实体描述：
- 长沙贼，作乱被孙坚讨平。",三国演义
三国演义_人物_十常侍_0,人物,"实体名：十常侍
实体描述：
- 张让、赵忠、封谞、段珪、曹节、侯览、蹇硕、程旷、夏恽、郭胜十人朋比为奸，号为十常侍。
- 以张让、赵忠为首的宦官集团，卖官鬻爵，欺君罔上，结连黄巾欲为内乱。
- 以张让、段珪等为首的宦官集团，把持朝政，造成祸乱。
- 东汉末年宦官集团，作乱劫持少帝出北邙，导致玉玺遗失。
- 东汉末年的宦官集团，导致乱政，郑玄因十常侍之乱弃官归田。
- 东汉灵帝时的宦官集团，被姜维比作黄皓。",三国演义
三国演义_人物_华佗_0,人物,"实体名：华佗
实体描述：
- 字元化，沛国谯郡人，当世神医，医治周泰金疮，一月而愈。
- 名医，孙策受伤后使人寻请，但已往中原。文本中亦写作华伦。
- 字元化，沛国谯郡人，神医，为关公刮骨疗毒，赠药不留金。
- 字元化，沛国谯郡人，神医。曾为关羽刮骨疗毒，建议曹操开颅取风涎，被曹操怀疑下狱，死于狱中。又称华伦。",三国演义
三国演义_人物_华歆_0,人物,"实体名：华歆
实体描述：
- 豫章太守，见孙策檄文后投降。
- 曹操敬慕之人，被孙权遣往许都表刘备为荆州牧，后曹操封其为大理少卿留在许都。
- 尚书令，曾与邴原、管宁为友，后事孙权归曹操，亲自动手揪出伏皇后，助曹操收捕伏后。
- 御史大夫，曹操定爵封官时任职。
- 魏臣，进言推荐华佗，后从汉帝处索得诏命封曹丕为魏王。
- 曹丕封为相国，后为司徒。奏请问罪曹植、曹熊，劝丕杀曹植，参与逼汉献帝禅位，按剑指献帝。
- 魏国太尉，奏请诛杀司马懿，称其鹰视狼顾，久必为国家大祸。
- 魏臣，奏请曹睿御驾亲征以退蜀兵。
- 魏国官员。上疏谏魏主退兵。",三国演义
三国演义_人物_华覈_0,人物,"实体名：华覈
实体描述：
- 吴国中书丞，奏请吴主孙休加强防御。
- 吴中书丞，劝孙皓修德安民，被怒叱后隐居不出。",三国演义
三国演义_人物_华雄_0,人物,"实体名：华雄
实体描述：
- 关西人，身长九尺，虎体狼腰，豹头猿臂。董卓部下骁骑校尉。镇守汜水关，斩鲍忠、俞涉、潘凤、祖茂，后被关羽斩杀。",三国演义
三国演义_人物_卑衍_0,人物,"实体名：卑衍
实体描述：
- 公孙渊麾下大将军，被夏侯霸一刀斩于马下。",三国演义
三国演义_人物_卓膺_0,人物,"实体名：卓膺
实体描述：
- 刘璋部将，原写作卓鹰。与张任出城退敌，见张任中计，便投降赵云，后被刘备赏赐。
- 刘璋降将，后为刘备擢用。",三国演义
三国演义_人物_单子春_0,人物,"实体名：单子春
实体描述：
- 琅琊太守，召管辂讲论易理，叹服。",三国演义
三国演义_人物_南华老仙_0,人物,"实体名：南华老仙
实体描述：
- 碧眼童颜，手执藜杖，将天书三卷《太平要术》授予张角，自称南华老仙，言讫化清风而去。",三国演义
三国演义_人物_南斗_0,人物,"实体名：南斗
实体描述：
- 穿红袍之神，主生，与北斗弈棋，为赵颜添寿。",三国演义
三国演义_人物_南方火德星君_0,人物,"实体名：南方火德星君
实体描述：
- 南方火德星君，奉上帝教欲烧糜竺家，感糜竺相待以礼而明告，化身为美妇人求同载。",三国演义
三国演义_人物_卞和_0,人物,"实体名：卞和
实体描述：
- 春秋时人，于荆山之下见凤凰栖石，得玉进献楚文王。",三国演义
三国演义_人物_卞喜_0,人物,"实体名：卞喜
实体描述：
- 汜水关守将，原是黄巾余党，善使流星锤，埋伏刀斧手欲害关公，被关公劈为两段。",三国演义
三国演义_人物_卞氏_0,人物,"实体名：卞氏
实体描述：
- 曹操妾，生曹丕、曹彰、曹植、曹熊，后立为魏王后。
- 曹操王后，生曹丕、曹彰、曹植、曹熊。
- 曹丕之母，为曹植求情，要求存其性命。",三国演义
三国演义_人物_卢植_0,人物,"实体名：卢植
实体描述：
- 中郎将，刘备曾师事之。奉诏讨张角，与张角战于广宗。因未贿赂左丰被诬陷，押回京问罪。
- 原官，被皇甫嵩表奏有功无罪，朝廷复其原官。
- 尚书，素知董卓面善心狠，谏阻何进，后弃官。董卓欲杀植时被蔡邕等谏止。",三国演义
三国演义_人物_卢逊_0,人物,"实体名：卢逊
实体描述：
- 蜀守关将，守南郑关，用连弩射退许仪，被荀恺射杀。",三国演义
三国演义_人物_卫仲道_0,人物,"实体名：卫仲道
实体描述：
- 蔡琰前夫。",三国演义
三国演义_人物_卫凯_0,人物,"实体名：卫凯
实体描述：
- 侍中，议欲尊曹操为魏王。",三国演义
三国演义_人物_卫弘_0,人物,"实体名：卫弘
实体描述：
- 陈留孝廉，家巨富，疏财仗义。资助曹操招募义兵，出家财置办衣甲旗幡。",三国演义
三国演义_人物_卫演_0,人物,"实体名：卫演
实体描述：
- 公孙渊侍中，到魏营请降，被司马懿叱回。",三国演义
三国演义_人物_卫瓘_0,人物,"实体名：卫瓘
实体描述：
- 魏监军，在钟会帐下听令。
- 监军，劝钟会勿杀诸葛绪，后受司马昭之命监督两路军马。
- 魏国监军，奉命收邓艾，后参与平定钟会之乱。",三国演义
三国演义_人物_句安_0,人物,"实体名：句安
实体描述：
- 蜀将，与李歆同守麴山二城，后援兵不至，开门降魏。
- 魏大将，在钟会帐下。",三国演义
三国演义_人物_史涣_0,人物,"实体名：史涣
实体描述：
- 曹操部将。本篇中奉命追斩眭固。
- 徐晃部将，获得袁军细作，后与徐晃一起截击韩猛，杀散人夫，放火焚烧粮车。
- 徐晃部将，挺枪出战袁尚，被袁尚背射中左目而死。
- 曹操将领，此前被袁尚斩杀。本回开头提及。",三国演义
三国演义_人物_史迹_0,人物,"实体名：史迹
实体描述：
- 潘璋部将，出战黄忠，被黄忠一刀斩于马下。",三国演义
三国演义_人物_司蕃_0,人物,"实体名：司蕃
实体描述：
- 平昌门守将，桓范旧吏，被桓范诈开城门放出，后告发桓范矫诏。",三国演义
三国演义_人物_司马伷_0,人物,"实体名：司马伷
实体描述：
- 晋镇东大将军、琅琊王，领兵出涂中。",三国演义
三国演义_人物_司马孚_0,人物,"实体名：司马孚
实体描述：
- 中庶子，劝曹丕早立嗣王以安众心。
- 魏国尚书令，与蒋济一同写表。
- 司马师宗叔，赞同立曹髦为君。
- 魏太傅，见曹髦尸大哭，请以王礼葬曹髦。
- 司马懿之弟，哭拜曹奂，自称魏臣，不受晋封。",三国演义
三国演义_人物_司马师_0,人物,"实体名：司马师
实体描述：
- 司马懿长子，字子元，素有大志，通晓兵书。随父征讨孟达。
- 司马懿长子，与弟司马昭引兵救应前营，谏父亲勿亲入重地。
- 司马懿长子，随父出征，上方谷被困时同哭。
- 司马懿长子，与司马昭一起拦截公孙渊。
- 司马懿长子，封大将军总领尚书机密，领兵助战雍州，被姜维用连弩击败。
- 魏国大将军，司马懿之子，令司马昭为大都督拒蜀，后专权朝政，废曹芳立曹髦，带病征讨毋丘俭，眼瘤迸出而死。
- 司马昭之兄，景王，司马攸过继为其后。",三国演义
三国演义_人物_司马徽_0,人物,"实体名：司马徽
实体描述：
- 字德操，道号水镜先生，颍川人。隐居高士，识得刘备英雄，指点其寻访伏龙、凤雏，与庞德公、庞统为友。
- 字德操，号水镜先生，道貌非常，曾向刘备推荐诸葛亮，称其可比姜子牙、张子房。
- 字德操，人称司马德操。曾言“伏龙、凤雏，两人得一，可安天下”，被刘备引用。",三国演义
三国演义_人物_司马懿_0,人物,"实体名：司马懿
实体描述：
- 字仲达，河内温人，任文学掾，司马隽之孙，司马防之子，司马朗之弟。
- 曹操主簿，字仲达，建议乘势攻取益州。
- 主簿，谏王必不堪任御林军之职。
- 字仲达，曹操的谋士，献计使东吴取荆州，令刘备首尾不能相救。
- 字仲达，魏国谋士，建议曹操联结东吴袭关公之后。
- 字仲达，魏臣。识破东吴移祸之计，建议曹操以大臣之礼葬关羽，使刘备深恨孙权。
- 谏曹丕不可直接受禅，应上表谦辞以绝谤。
- 魏国谋臣，字仲达。向曹丕献五路伐蜀之策：联络鲜卑、南蛮、孙权、孟达，并自领一路曹真军。
- 魏国尚书仆射，建议造战船从蔡、颖入淮取寿春至广陵，留守许昌决断国政。
- 魏国抚军大将军，后为骠骑大将军，字仲达。深有谋略，受曹丕托孤。上表乞守西凉，提督雍、凉兵马。被马谡反间计所害，遭曹睿怀疑，后削职回乡。
- 魏国骠骑大将军，后复职为平西都督，字仲达。被诸葛亮视为最大威胁。闻孟达反叛，不待圣旨星夜进军，擒杀孟达，后奉命破蜀。
- 魏国大都督，字仲达。率军征讨蜀汉，先破孟达，后取街亭，又兵临西城，因疑有伏兵而退。
- 魏国大都督，字仲达。建议曹睿分兵守险，后算出诸葛亮必取陈仓，举荐郝昭守御。闻曹休败引兵退。
- 魏国大都督，字仲达，向魏主曹睿献计坚守陈仓，料敌先机，后受命总摄陇西诸路军马，与诸葛亮对峙。
- 魏国都督，字仲达。引兵到长安，令张郃为先锋，与孔明对峙，屡次识破孔明之计，坚守不出，后被迫出战大败，叹孔明神出鬼没。
- 魏国都督，字仲达，被称为司马都督。善用兵，与诸葛亮斗阵赌赛，后识破增灶之计，自愧不如。
- 魏国都督，字仲达，与孔明对峙，谨慎多疑，曾识破孔明割麦之计，后因张郃之死悲伤。
- 魏国大都督，字仲达。受命御蜀，坚守不出，识破孔明计谋，仿造木牛流马，后中计败退。
- 魏国大都督，字仲达，深谋远虑，善于坚守，与诸葛亮对峙。曾受巾帼女衣之辱，隐忍不发，后见诸葛亮将星坠落，追击却被木像吓退。
- 魏国太尉，被魏主曹睿封为太尉，总督军马，安镇诸边，后回洛阳。
- 魏国太尉，字仲达，善用兵，受命征讨公孙渊，后诈病赚曹爽，辅佐曹芳。
- 魏国太傅，发动政变诛杀曹爽，后封丞相加九锡，固辞不受。又称仲达、司马公、太傅。临终嘱二子善理国政。
- 司马昭之父，宣王，追谥为宣帝。",三国演义
三国演义_人物_司马攸_0,人物,"实体名：司马攸
实体描述：
- 司马昭次子，过继给司马师，性情温和。",三国演义
三国演义_人物_司马昭_0,人物,"实体名：司马昭
实体描述：
- 司马懿次子，字子尚，素有大志，通晓兵书。随父征讨孟达。
- 司马懿次子，奉命探路，指出街亭易取之故，后随父围攻魏延。
- 司马懿次子，与兄司马昭同救应前营。
- 司马懿次子，随父出征，上方谷被困时同哭。
- 司马懿次子，随父出征，参与拦截公孙渊。
- 司马懿次子，护父过府，后为骠骑上将军，助郭淮防姜维，又为大都督总领三路伐吴。
- 魏大都督，司马师之弟，领兵拒蜀，被困铁笼山，拜泉得水，后继兄掌权，封大将军。
- 魏国大将军，自为天下兵马大都督，把持朝政，有篡逆之心，亲征淮南讨伐诸葛诞，后班师回洛阳。
- 魏国权臣，听闻邓艾破敌大喜并加赏。
- 魏国权臣，有图蜀之心，闻《潜龙诗》大怒，带剑上殿，逼曹髦封晋公，后弑曹髦，佯哭处置成济，立曹璜为帝，封相国、晋公，闻邓艾大败仍厚赐添兵。
- 魏晋公，决策伐蜀。知钟会心高，但不虑其反。
- 晋公，又称晋公。伐蜀的实际决策者，疑邓艾有反意，又疑钟会，亲提大兵至长安。
- 魏国晋公，后封晋王、文王，掌控朝政，遣钟会伐蜀。又称晋公、文王。",三国演义
三国演义_人物_司马朗_0,人物,"实体名：司马朗
实体描述：
- 主簿，司马懿之兄。",三国演义
三国演义_人物_司马望_0,人物,"实体名：司马望
实体描述：
- 司马昭族兄，长城镇守将军，与姜维交战，坚守不出。
- 魏将，救出被围的邓艾，识破姜维的长蛇卷地阵，后与邓艾议用反间计。
- 与邓艾共事，邓艾向其言君臣不和必有内变。
- 魏将，与邓艾谈兵，伏兵于洮阳，杀夏侯霸，后夹攻姜维。",三国演义
三国演义_人物_司马炎_0,人物,"实体名：司马炎
实体描述：
- 司马昭之子，贾充等知司马昭留意于子司马炎，遂不复劝进。
- 司马昭长子，后嗣位晋王，篡魏称帝，国号大晋。又称晋王、太子。
- 晋主，已篡魏，听取贾充、羊祜、杜预等人建议，最终发兵伐吴，统一天下。",三国演义
三国演义_人物_司马相如_0,人物,"实体名：司马相如
实体描述：
- 西汉文学家，张松称蜀中有相如之赋。",三国演义
三国演义_人物_司马防_0,人物,"实体名：司马防
实体描述：
- 京兆尹，司马懿之父。",三国演义
三国演义_人物_司马隽_0,人物,"实体名：司马隽
实体描述：
- 颍川太守，司马懿之祖父。",三国演义
三国演义_人物_吉平_0,人物,"实体名：吉平
实体描述：
- 字称平，洛阳名医。他感董承忠汉，咬指为誓，欲借治曹操头风之机下毒杀操，事败后受尽酷刑，最终撞阶而死。
- 太医，因董承衣带诏事被曹操杀，其子吉邈、吉穆逃窜。",三国演义
三国演义_人物_吉穆_0,人物,"实体名：吉穆
实体描述：
- 字思然，吉平次子，与兄同谋讨曹操，事败被杀。",三国演义
三国演义_人物_吉邈_0,人物,"实体名：吉邈
实体描述：
- 字文然，吉平长子，与金祎等合谋讨曹操，事败被杀。",三国演义
三国演义_人物_后槽_0,人物,"实体名：后槽
实体描述：
- 张辽手下养马人，被责怀怨，与戈定合谋内应，被擒斩。",三国演义
三国演义_人物_向宠_0,人物,"实体名：向宠
实体描述：
- 蜀汉将军，性行淑均，晓畅军事，被先帝称为能，孔明留其为大将总督御林军马。",三国演义
三国演义_人物_向朗_0,人物,"实体名：向朗
实体描述：
- 文官，同守荆州。",三国演义
三国演义_人物_吕义_0,人物,"实体名：吕义
实体描述：
- 刘璋降将，后为刘备擢用。
- 蜀汉副将，定远将军、领汉中太守。",三国演义
三国演义_人物_吕伯奢_0,人物,"实体名：吕伯奢
实体描述：
- 曹操父亲结义兄弟，欲款待曹操与陈宫，因家人杀猪产生误会，被曹操杀害。",三国演义
三国演义_人物_吕公_0,人物,"实体名：吕公
实体描述：
- 刘表健将，领计伏击孙坚，用石子乱箭射死孙坚，后被程普一矛刺死。",三国演义
三国演义_人物_吕凯_0,人物,"实体名：吕凯
实体描述：
- 永昌功曹，字季平，献《平蛮指掌图》，被孔明用为行军教授。
- 蜀将，奉命离泸水百里拣阴凉之地分作四个寨子，后与马谡等管待孟优，令乐人搬做杂剧劝酒下药。
- 蜀将，为诸葛亮提供地理信息，告知西洱河上流有竹可搭桥，后闻秃龙洞路况不详。
- 蜀将，熟悉南蛮地理，向孔明介绍乌戈国及桃花恶水。
- 蜀汉将领，与王伉同守永昌四郡。",三国演义
三国演义_人物_吕威璜_0,人物,"实体名：吕威璜
实体描述：
- 袁绍部下督将，与淳于琼同守乌巢。",三国演义
三国演义_人物_吕岱_0,人物,"实体名：吕岱
实体描述：
- 吴国大司马，与诸葛恪同受托孤。",三国演义
三国演义_人物_吕布_0,人物,"实体名：吕布
实体描述：
- 字奉先，又称布。丁原义子，后杀丁原投董卓，再拜董卓为义父。勇武过人，手执方天画戟，骑赤兔马。
- 字奉先，号温侯。董卓义子，武艺高强，骑赤兔马，持画戟。人称“人中吕布”。在虎牢关先后击败方悦、穆顺、武安国、公孙瓒，与张飞、关羽、刘备三英大战后撤退。
- 字奉先，董卓义儿，骁勇异常，得王允赠金冠，后因貂蝉与董卓反目，在凤仪亭与貂蝉私会被董卓撞见。
- 字奉先，号温侯，董卓的义子兼心腹猛将。因貂蝉被董卓所夺而怨恨，后在王允劝说下杀董卓。骁勇善战。
- 字奉先（未直接出现），当世勇士，自遭李郭之乱后先后投袁术、袁绍、张杨、张邈，袭破兖州，进据濮阳，与曹操交战，陈宫献计不用，自恃勇武。
- 又称吕温侯、布。勇猛善战，与曹操交战，中计败走，后被六将围攻，退守定陶，最终弃城而走。
- 字奉先，勇猛武将，与曹操交战后败走，先后投奔袁绍、刘玄德，后被刘玄德安置在小沛。
- 字奉先，又称吕奉先、布。兵败投刘备，被安置于小沛。后因张飞鞭打曹豹，乘夜袭取徐州。
- 字奉先，袭取徐州，先助袁术攻刘备，后听陈宫之计迎刘备屯小沛，送还家眷。
- 字奉先，号温侯，虎踞徐州，勇力过人。辕门射戟解刘备之围，后与袁术联姻又绝婚，最终因张飞夺马攻小沛，逼走刘备。曹操称其“狼子野心”。
- 徐州军阀，字奉先，又称温侯，与曹操、刘备等交战，后被封左将军。又称布、温侯。
- 吕布，字奉先，人称温侯。本篇中先后击败关羽、张飞，占据徐州，后被曹操、刘备联军围困于下邳，因不听陈宫之谋，最终被宋宪、魏续擒获，在白门楼被曹操缢死。
- 东汉末年军阀，曾夺曹操之地，其手下降将臧霸为曹操所用。
- 勇将，被曹操所灭，曹操平生所恶者之一。
- 被曹操所灭的诸侯之一，曾与曹操对敌。
- 东汉猛将，曹操曾擒之（提及）。
- 东汉末年诸侯，被曹操击破。
- 东汉末年猛将，被曹操比作马超之勇。
- 曾被曹操扫荡消灭。",三国演义
三国演义_人物_吕常_0,人物,"实体名：吕常
实体描述：
- 曹仁的部将，请兵迎战关羽，但军士不战先走，大败。",三国演义
三国演义_人物_吕建_0,人物,"实体名：吕建
实体描述：
- 魏国副将，随徐晃出战，假扮徐晃旗号与关平交战。",三国演义
三国演义_人物_吕据_0,人物,"实体名：吕据
实体描述：
- 吴国将领，奉命接应丁奉。
- 东吴将军，被孙綝所杀。
- 被害的东吴重臣，孙休为其重建坟墓。",三国演义
三国演义_人物_吕旷_0,人物,"实体名：吕旷
实体描述：
- 袁尚部将，后降曹操，被封为列侯。
- 原袁氏旧将，降曹后奉命诈降高干，助破壶关。
- 曹操降将，随曹仁屯樊城，自请带兵攻新野，与赵云交战，被赵云一枪刺于马下。",三国演义
三国演义_人物_吕翔_0,人物,"实体名：吕翔
实体描述：
- 袁尚部将，吕旷之弟，同降曹操。
- 与吕旷一同降曹并诈降高干。
- 曹操降将，与吕旷同攻新野，败退时被张飞一矛刺中，落马而死。",三国演义
三国演义_人物_吕范_0,人物,"实体名：吕范
实体描述：
- 字子衡，汝南细阳人，袁术谋士，助孙策划策，后随孙策起兵。
- 孙策部下，建议令于吉祈雨以赎罪。
- 东吴文官，被周瑜任为四方巡警使。
- 字子衡，东吴谋士，奉孙权之命前往荆州为刘备做媒，促成刘备与孙夫人的婚事。
- 东吴谋士，为孙权卜卦预测关公动向。
- 东吴官员，为孙权卜卦，主敌人投西北而走，亥时擒获。
- 东吴将领，奉命引兵拒住曹休，杀败曹休。",三国演义
三国演义_人物_吕蒙_0,人物,"实体名：吕蒙
实体描述：
- 字子明，汝南人，孙权部下良将，任前部先锋，在夏口之战中砍死陈就。
- 东吴武将，参与议论战降，后任第四队将领。
- 东吴将领，领三千兵去乌林接应甘宁，焚烧曹操寨栅。
- 东吴将领。接应甘宁放火，后献计砍树断路，参与伏击曹仁。
- 东吴将领，随周瑜为后队。
- 东吴将领，字子明，建议在濡须水口筑坞以拒曹操，孙权采纳。
- 东吴将领，与甘宁伏兵于岸侧准备杀关羽，见关羽亲握鲁肃不敢动。
- 孙权部将，献策先取皖城，后与甘宁为先锋，亲自擂鼓破城。
- 东吴将领，接应凌统、周泰等，引水军救孙权。
- 东吴将领，屯兵陆口，常有吞并荆州之意。
- 字子明，东吴大都督，白衣渡江袭取荆州，善待关公将士家属。
- 东吴大都督，字子明。设计袭取荆州，在麦城设伏擒获关羽。后庆功时被关羽英魂附体，七窍流血而死。
- 东吴大都督，字子明，袭取荆州之计的主谋，已丧。",三国演义
三国演义_人物_吕虔_0,人物,"实体名：吕虔
实体描述：
- 字子恪，武城人，被刘晔推荐给曹操，任军中从事。
- 曹操部将，随操袭西寨，战张辽、臧霸不利。
- 曹操部将，飞马赶来一箭射死薛兰。
- 曹操部下，为校尉。
- 曹操麾下将领，后被张绣军所伤。
- 曹操部将，被祢衡讥讽为可使磨刀铸剑。
- 曹操部将，疑问粮草先行之策，后得曹操解释为饵敌之计。
- 曹操谋士，反对舍刘表而助袁谭。
- 曹操部将，任后军皂旗。
- 魏国中军护卫。",三国演义
三国演义_人物_吕通_0,人物,"实体名：吕通
实体描述：
- 曹操部将，任右军白旗。",三国演义
三国演义_人物_吕霸_0,人物,"实体名：吕霸
实体描述：
- 吕蒙之子，袭爵孱陵侯。",三国演义
三国演义_人物_吴兰_0,人物,"实体名：吴兰
实体描述：
- 吴懿保举的副将，随军至雒城。
- 蜀将，与雷铜一同作战，被黄忠杀退。
- 刘璋部将。与雷铜出北门敌黄忠、魏延，后料敌不住，率本部军马投降刘备。
- 刘璋降将，后为刘备擢用。
- 马超先锋，与曹洪军相遇，大败。
- 蜀汉将领，与马超同来，被曹彰一戟刺死。",三国演义
三国演义_人物_吴匡_0,人物,"实体名：吴匡
实体描述：
- 何进部将，于青琐门外放火，并杀何苗。",三国演义
三国演义_人物_吴国太_0,人物,"实体名：吴国太
别名：吴太夫人，吴氏
实体描述：
- 孙策与孙权之母，劝孙策不可加害于吉，认为屈杀神仙招祸。
- 孙权之母，病危时召周瑜、张昭托付江东基业，梦日月入怀而生孙策、孙权。
- 孙权之母，见孙权寝食不安，提醒他记其姐临终之语，从而引出周瑜。
- 孙权的母亲，建议孙权请教周瑜决断降曹或战曹之事。
- 孙权的母亲，在甘露寺相中刘备为婿，力主将女儿嫁给刘备，保护刘备免受刀斧手埋伏。
- 孙权之母，刘备的岳母，闻孙权欲动兵攻荆州，大怒制止，担心女儿孙夫人性命。
- 孙权之母，被追谥为武烈皇后。",三国演义
三国演义_人物_吴太后_0,人物,"实体名：吴太后
别名：吴氏
实体描述：
- 蜀汉皇太后，刘备皇后。刘备驾崩后尊为皇太后。闻诸葛亮不出府，欲亲往，被董允劝止。
- 蜀汉太后，先帝之妻，提及先帝言孔明识魏延脑后有反骨，劝后主不可轻信魏延表奏。",三国演义
三国演义_人物_吴子兰_0,人物,"实体名：吴子兰
实体描述：
- 昭信将军。经王子服介绍加入衣带诏义状。
- 董承同谋，参与衣带诏密谋，后被曹操处斩。",三国演义
三国演义_人物_吴懿_0,人物,"实体名：吴懿
实体描述：
- 刘璋的舅氏，被派往雒城为将，保举吴兰、雷铜为副将。
- 雒城守将，与刘璝等商议拒敌。
- 刘璋部将。与刘璝助战，后引兵截住张飞，被赵云一合生擒，投降刘备，并告知城中守将情况。
- 刘璋降将，后为刘备擢用。
- 蜀汉将领，其妹被法正推荐给刘备为妃，后生刘永、刘理。
- 蜀汉左将军，高阳侯。
- 蜀将，受命留守南安。
- 蜀汉将领，与吴班一同截击魏军。
- 蜀国将领。与吴班等四将迎战魏兵，且战且走。
- 蜀汉将领，与吴班同引兵杀出，参与扮魏兵劫寨。
- 蜀汉将领，守祁山营。
- 蜀汉将领，引木筏兵烧浮桥，救败兵过岸。
- 蜀汉将领，忠义之士，孔明临终委用。",三国演义
三国演义_人物_吴押狱_0,人物,"实体名：吴押狱
实体描述：
- 姓吴的狱卒，每日以酒食供奉华佗，得华佗赠《青囊书》，回家后书被其妻烧毁，仅剩一两叶。",三国演义
三国演义_人物_吴敦_0,人物,"实体名：吴敦
实体描述：
- 泰山寇首领。
- 泰山贼寇之一。本篇中与孙观等同领兵拦路。",三国演义
三国演义_人物_吴景_0,人物,"实体名：吴景
实体描述：
- 孙策母舅，丹阳太守，被扬州刺史刘繇所逼。",三国演义
三国演义_人物_吴班_0,人物,"实体名：吴班
实体描述：
- 刘备部下，属荆襄旧日文武。
- 张飞部将，从荆州来见刘备，被用为牙门将，佐张飞守阆中。张飞死后发表章奏知天子，后为先锋。
- 蜀将，随刘备伐吴，令冯习助黄忠战，后刘备令其引弱兵诱敌。
- 蜀汉先锋，率弱兵诱敌，后杀出重围被赵云救回白帝城。
- 蜀汉后将军，安乐侯。
- 蜀汉将领，受孔明令伏于营外，截断魏军归路。
- 蜀国将领。受孔明之命与吴懿、马忠、张嶷四将且战且走，后回军赶杀。
- 蜀汉将领，受密计引兵杀出，参与扮魏兵劫寨。
- 蜀汉将领，守祁山营。
- 蜀汉将领，引木筏兵去烧浮桥，中箭落水而死。",三国演义
三国演义_人物_吴硕_0,人物,"实体名：吴硕
实体描述：
- 议郎。董承心腹，加入衣带诏，主张从容商议。
- 董承同谋，参与衣带诏密谋，后被曹操处斩。",三国演义
三国演义_人物_吴纲_0,人物,"实体名：吴纲
实体描述：
- 诸葛诞长史，奉命送诸葛靓入吴为质求援。",三国演义
三国演义_人物_吴臣_0,人物,"实体名：吴臣
实体描述：
- 苍梧太守，与刘备有旧，诸葛亮假称欲往投之。",三国演义
三国演义_人物_吴质_0,人物,"实体名：吴质
实体描述：
- 朝歌长，密入曹丕府中商议，用大簏藏身。",三国演义
三国演义_人物_吾彦_0,人物,"实体名：吾彦
实体描述：
- 吴建平太守，拒城不下，闻吴亡乃降。",三国演义
三国演义_人物_吾粲_0,人物,"实体名：吾粲
实体描述：
- 字孔休，乌程人，至江东被孙权敬礼。",三国演义
三国演义_人物_周仓_0,人物,"实体名：周仓
实体描述：
- 原黄巾张宝部下，两臂有千斤力，板肋虬髯，形容甚伟。在卧牛山为寇，遇关公后愿跟随，步行相随，后为关公部将。
- 关羽部将，随关羽引军救刘备。
- 关羽部将，随关羽往华容道埋伏。
- 武将，同守荆州。
- 关羽部下，属荆襄旧日文武。
- 关羽部下，捧大刀立于阶下，厉声言天下土地有德者居之，被关羽叱退后去岸口摇旗招关平船。
- 关羽的部将，深识水性，力大，生擒庞德。
- 关羽部下，与王甫同守麦城，见关羽首级后自刎而亡。",三国演义
三国演义_人物_周公_0,人物,"实体名：周公
实体描述：
- 周朝贤臣，被众官比作不及曹操，诗中有“周公恐惧流言日”。
- 周朝辅佐成王的贤臣，管辂引为例。",三国演义
三国演义_人物_周听_0,人物,"实体名：周听
实体描述：
- 王朗部将，助战王朗，后被孙策一枪刺死。",三国演义
三国演义_人物_周善_0,人物,"实体名：周善
实体描述：
- 孙权心腹，受命假扮商人，带五百军潜入荆州，向孙夫人献密书，后被张飞斩杀。",三国演义
三国演义_人物_周奂_0,人物,"实体名：周奂
实体描述：
- 大鸿胪，死于国难。",三国演义
三国演义_人物_周尚_0,人物,"实体名：周尚
实体描述：
- 周瑜之叔，丹阳太守。",三国演义
三国演义_人物_周平_0,人物,"实体名：周平
实体描述：
- 周泰之弟，挥刀助战夏恂，被关兴一刀斩了。",三国演义
三国演义_人物_周循_0,人物,"实体名：周循
实体描述：
- 周瑜长男。周瑜死后，孙权厚恤之。",三国演义
三国演义_人物_周旨_0,人物,"实体名：周旨
实体描述：
- 晋牙将，引水手暗渡长江，斩孙歆，杀沈莹。",三国演义
三国演义_人物_周毖_0,人物,"实体名：周毖
实体描述：
- 侍中，劝董卓封袁绍为郡守以免生变。
- 尚书。谏阻董卓迁都，被斩首。",三国演义
三国演义_人物_周泰_0,人物,"实体名：周泰
实体描述：
- 字幼平，九江下蔡人，原为劫掠者，后投孙策，守宣城护孙权，身被十二枪。
- 东吴武将，被周瑜任为第二队将领。
- 东吴将领，与韩当同出，跃过敌船砍杀张南。
- 字幼平，东吴将领。从赤壁东边杀来，后救甘宁突围，参与彝陵之战。
- 东吴将领，与蒋钦一同持剑追赶刘备夫妇。
- 东吴大将，与韩当一同冲击曹操。
- 孙权部将，随中军。
- 东吴将领，三番冲杀救出孙权，又救徐盛，身被数枪，孙权赐青罗伞。
- 东吴将领，曾被华佗医治，后参与夹攻关公。
- 东吴副将，奉命拒蜀。
- 东吴将领，参与围攻黄忠，后与韩当一起防守，不服陆逊指挥。
- 东吴将领，曾建议分两路击蜀兵，后受陆逊令攻江南岸。",三国演义
三国演义_人物_周瑜_0,人物,"实体名：周瑜
别名：周郎
实体描述：
- 字公瑾，庐江舒城人，与孙策结为昆仲，助孙策图大事，荐二张，设计擒太史慈，袭取曲阿。
- 字公瑾，又称周郎。孙策好友，守御巴丘。闻孙策死奔丧，受遗命辅佐孙权，并推荐鲁肃。
- 字公瑾，孙权部下大都督，总统江东水陆军马，反对送质子，支持伐黄祖。
- 东吴都督，日于鄱阳湖教练水军，以备攻战。
- 即周瑜，东吴大都督，吴国太提及“引得周郎立战功”。
- 东吴大都督，字公瑾，在鄱阳湖训练水师，起初假意主降，后被孔明以二乔之事激怒，决心抗曹，并任大都督。
- 东吴大都督，字公瑾，又称周郎、周公瑾。统领东吴水军，设计反间计使曹操斩杀蔡瑁、张允，并与蒋干同窗。善水战，有谋略。
- 字公瑾，东吴大都督。设计让孔明造箭欲借机杀害，后惊叹孔明神机妙算。与孔明同写“火”字，定下火攻之计；又用苦肉计打黄盖，使蔡中、蔡和诈降传递消息。
- 字公瑾，东吴大都督，主持赤壁之战，因无东南风而病倒，得孔明借风后调兵遣将。
- 字公瑾，称周郎，东吴大都督。赤壁之战后率军攻南郡，中曹仁诱敌之计被弩箭射伤，后设计诈死诱曹仁劫寨获胜，但因诸葛亮袭取南郡气得金疮迸裂。
- 字公瑾，东吴大都督，又称周郎。因诸葛亮袭取南郡、荆襄而气伤箭疮，欲起兵夺回，后被鲁肃劝止。赤壁鏖兵主要谋划者，后班师回柴桑养病。
- 字公瑾，东吴大都督，设计美人计欲困刘备取荆州，反被诸葛亮算计，最终“赔了夫人又折兵”，金疮迸裂。
- 东吴大都督，箭疮未愈，因被诸葛亮埋伏击败而怒气冲激导致疮口迸裂，后欲用假途灭虢之计取荆州，被孔明识破，箭疮复裂坠马。
- 东吴大都督，字公瑾。因诸葛亮识破其取西川之计而怒气填胸坠马，临终长叹“既生瑜，何生亮”，遗书荐鲁肃自代，年三十六岁。
- 东吴都督，赤壁之战遇曹操。
- 字公瑾，东吴前都督，曾荐鲁肃自代。
- 即周瑜，字公瑾，东吴大都督，曾破曹操于赤壁，不幸早夭。
- 东吴大都督，称周郎，阚泽言东吴大事曾全任周郎。",三国演义
三国演义_人物_周群_0,人物,"实体名：周群
实体描述：
- 刘璋降将，后为刘备擢用。",三国演义
三国演义_人物_周胤_0,人物,"实体名：周胤
实体描述：
- 周瑜次男。周瑜死后，孙权厚恤之。",三国演义
三国演义_人物_周鲂_0,人物,"实体名：周鲂
实体描述：
- 东吴鄱阳太守，诈降曹休，断发明志，诱魏兵深入，助陆逊破敌。后封关内侯。",三国演义
三国演义_人物_和洽_0,人物,"实体名：和洽
实体描述：
- 侍中，议欲尊曹操为魏王。",三国演义
三国演义_人物_唐周_0,人物,"实体名：唐周
实体描述：
- 张角弟子，驰书报封谞，却赴省中告变。",三国演义
三国演义_人物_唐咨_0,人物,"实体名：唐咨
实体描述：
- 吴国将领，奉命接应丁奉。
- 东吴先锋，战败后因惧孙綝不敢回国，降魏。
- 东吴将领，降魏，其家眷被孙綝斩杀。
- 魏将，被遣于登、莱等州拘集海船。",三国演义
三国演义_人物_唐妃_0,人物,"实体名：唐妃
实体描述：
- 弘农王妃，与少帝同囚永安宫，被李儒绞死。",三国演义
三国演义_人物_唐彬_0,人物,"实体名：唐彬
实体描述：
- 晋广武将军，与王濬浮江东下。",三国演义
三国演义_人物_土安_0,人物,"实体名：土安
实体描述：
- 乌戈国领兵俘长，随兀突骨出战藤甲军。",三国演义
三国演义_人物_士孙瑞_0,人物,"实体名：士孙瑞
实体描述：
- 仆射，与王允商议诛杀董卓之计，提出让李肃去请董卓。",三国演义
三国演义_人物_夏侯令女_0,人物,"实体名：夏侯令女
实体描述：
- 曹爽从弟文叔之妻，早寡，截耳断鼻誓不改嫁，司马懿闻而贤之。",三国演义
三国演义_人物_夏侯兰_0,人物,"实体名：夏侯兰
实体描述：
- 曹操部将，为副将，救粮草时被张飞一枪刺于马下。",三国演义
三国演义_人物_夏侯和_0,人物,"实体名：夏侯和
实体描述：
- 夏侯渊四子，字义权。谙知韬略，为行军司马。
- 魏国将领，与夏侯惠一同出战，擒获蜀兵。",三国演义
三国演义_人物_夏侯咸_0,人物,"实体名：夏侯咸
实体描述：
- 魏大将，在钟会帐下。",三国演义
三国演义_人物_夏侯威_0,人物,"实体名：夏侯威
实体描述：
- 夏侯渊次子，字季权。弓马熟娴，为左右先锋。
- 魏将，与夏侯霸同伏，围困公孙渊。",三国演义
三国演义_人物_夏侯存_0,人物,"实体名：夏侯存
实体描述：
- 曹仁的骁将，轻视关羽，出战被关羽一合砍死。",三国演义
三国演义_人物_夏侯尚_0,人物,"实体名：夏侯尚
实体描述：
- 魏将，夏侯惇之侄，与韩浩助张郃，轻敌追击黄忠，被黄忠夜袭破寨，后逃往天荡山。
- 夏侯渊部将，出哨诱敌，被黄忠生擒，换回陈式时被黄忠射中后心。
- 魏国将领，与徐晃同守襄阳。
- 魏将，与徐晃同取襄阳，伏兵夹攻刘封。
- 魏国将领，与曹真围南郡，被陆逊伏兵击败。",三国演义
三国演义_人物_夏侯德_0,人物,"实体名：夏侯德
实体描述：
- 魏将，镇守天荡山，笑黄忠无谋，分兵给韩浩下山，后被严颜斩于马下。
- 曹魏将领，于天荡山被折。",三国演义
三国演义_人物_夏侯恩_0,人物,"实体名：夏侯恩
实体描述：
- 曹操随身背剑之将，佩青釭剑，被赵云一枪刺死，剑被夺。",三国演义
三国演义_人物_夏侯惇_0,人物,"实体名：夏侯惇
实体描述：
- 字元让，沛国谯人，夏侯婴之后。自小习枪棒，闻曹操起兵与其族弟夏侯渊各引壮士千人来会。与曹操同族。在追击董卓时与吕布交战，后刺死徐荣。
- 曹操部将，引荐典韦，后为先锋攻打徐州。
- 曹操部将，拍马助战乐进，被张辽截住，后与乐进皆走。
- 曹操部将，引军救援曹操，参与伏击吕布，后守鄄城。
- 曹操部将，任先锋引精兵五万保驾，后为将军。
- 曹操部将，为讨张绣先锋。其所领青州兵乘势劫掠民家，被于禁剿杀，后曹操责其治兵不严之过。
- 曹操麾下先锋，与高顺交战，被曹性射中左目，啖睛杀敌。
- 曹操部将。本篇中在与吕布军作战时损其一目，卧病未痊。
- 曹操部将，天下奇才，被祢衡讥讽为“完体将军”，后参与劫寨并截击刘备。
- 曹操部将，为先锋引五千军搦战关羽，诱关羽出城追赶，与徐晃、许褚等伏击关羽，迫其退守土山。
- 曹操部将，其部将秦琪据守黄河渡口。
- 曹操部将，字元让。率军追赶关公，指责关公杀人斩将，欲擒之见曹操，后被张辽劝退。
- 曹操部下大将，在官渡之战中发书告急，后奉曹操令引军伏于左，参与攻打袁绍营寨，并守大寨等任务。
- 曹操部将，在左队为第一队，引军抄背后取汝南，后挡住袁绍去路。
- 曹操部将。建议速征辽东。
- 曹操部将，为都督领兵十万攻新野，中诸葛亮火攻之计大败而回。
- 曹操部将，其部下钟缙、钟绅拦杀赵云。
- 曹操部将，在博望坡被诸葛亮火烧屯营，心惊胆裂。
- 曹操部将，任水陆路都接应使。
- 曹操部将。守襄阳，被诸葛亮用兵符诈调出城，关羽袭取襄阳。
- 曹操部将，被召回商议征伐，建议先取汉中张鲁。
- 曹操部将，后部押运粮草。
- 曹魏将领，领三万军巡警许昌，围住许都，擒耿纪、韦晃。
- 魏将，夏侯尚之叔，文本中仅提及作为夏侯尚的亲属关系。
- 曹魏前部先锋，后禀请夜间口号，被曹操叱退。
- 曹操部将，见伏皇后等阴云，大惊昏倒，自此得病。
- 魏国将领，夏侯楙自幼嗣为其子。",三国演义
三国演义_人物_夏侯惠_0,人物,"实体名：夏侯惠
实体描述：
- 夏侯渊三子，字稚权。谙知韬略，为行军司马。
- 魏国将领，与夏侯和分头出战，屡败蜀兵，后随司马懿追击。",三国演义
三国演义_人物_夏侯杰_0,人物,"实体名：夏侯杰
实体描述：
- 曹操身边将领，被张飞大喝惊得肝胆碎裂，倒撞于马下。",三国演义
三国演义_人物_夏侯楙_0,人物,"实体名：夏侯楙
实体描述：
- 魏国夏侯渊之子，字子休，性急吝啬，嗣与夏侯惇为子，后娶曹操之女清河公主为驸马。自请出征为大都督，调关西军马迎战诸葛亮。
- 魏国驸马，曹睿派遣镇守长安，率军迎战蜀兵，屡败于赵云，后被围困南安，最终被王平生擒。
- 夏侯楙，魏国驸马，被诸葛亮设计释放，误信姜维降蜀，后与马遵弃城投羌胡城。
- 夏侯渊之子，驸马，曾违误军机，失陷人马，羞惭不回。",三国演义
三国演义_人物_夏侯渊_0,人物,"实体名：夏侯渊
实体描述：
- 夏侯惇族弟，与夏侯惇各引壮士千人来会曹操。同属曹氏亲族。
- 曹操部将，随军入城，后救起曹操，参与伏击吕布。
- 曹操部将，后为将军。
- 曹操部将。本篇中迎接曹操入寨，提及兄长夏侯惇伤目，后参与攻城。
- 曹操部将，参与八面埋伏，从后赶来追杀刘备。
- 曹操部下将领，与夏侯惇领一军伏于左，以备不虞。
- 曹操部将，在左队为第五队，后冲出截击袁绍，并杀死龚都。
- 曹操部将，为第三队。
- 曹操部将，随军至长坂桥。
- 曹操部将，任右军白旗。
- 曹氏宗族将领，在铜雀台夺射红心，正中四箭当中。
- 曹操部将。奉令从右边杀出，参与围困马腾父子。
- 曹操部将，引军随曹操出战，后救曹洪，杀成宜。
- 曹操部下大将，曾与马超军交战，后屯兵长安。
- 曹操部将。得曹操军令领军破马超，后安抚陇西诸州，将杨阜送往许都见曹操。
- 曹操部将，先锋，曾用拖刀计斩杨任，后守汉中定军山隘口。
- 曹魏将领，守东川，与张郃同守。
- 魏将，曹操倚重的西凉藩蔽，屯兵汉中定军山，深通韬略，被孔明认为强于张郃。
- 曹魏征西将军，守定军山，性格刚躁，不听张郃劝谏，被黄忠斩杀。
- 魏国将领，被黄忠所斩，其子夏侯楙。
- 魏国名将，已故，其四子常欲为父报仇。
- 魏将，殁于定军山，被提及。",三国演义
三国演义_人物_夏侯玄_0,人物,"实体名：夏侯玄
实体描述：
- 魏国征西将军，曹爽亲族，被司马懿下诏取赴洛阳议事。
- 魏太常，曹芳皇亲，参与密谋诛司马师，事泄被擒，腰斩于市。",三国演义
三国演义_人物_夏侯霸_0,人物,"实体名：夏侯霸
实体描述：
- 夏侯渊长子，字仲权。弓马熟娴，被司马懿保为左右先锋，过渭水安营。
- 魏国将领，受司马懿派遣哨探五丈原，后见蜀兵退去。
- 魏将，随司马懿征讨公孙渊，伏于辽水之滨，斩卑衍。
- 夏侯玄之叔，闻讯引兵造反，败后投奔蜀汉姜维，为向导官。
- 蜀汉参谋，原为魏将，因司马兄弟谋害降蜀，助姜维伐魏，献计取南安，后与姜维一同逃走，又劝姜维注意邓艾。
- 蜀将，原为魏将，随姜维伐魏，劝姜维防备邓艾，后在武城山屯兵，救姜维脱困。
- 蜀汉中军副将，原魏将，建议姜维攻取祁山。
- 蜀将，提醒姜维王瓘之言有诈，后与姜维各引一军埋伏。
- 蜀前部，投汉。取洮阳时中邓艾计，被射死于城下。",三国演义
三国演义_人物_夏恂_0,人物,"实体名：夏恂
实体描述：
- 东吴部将，挺枪出战张苞，被张苞一矛刺死。",三国演义
三国演义_人物_夏恽_0,人物,"实体名：夏恽
实体描述：
- 十常侍之一。
- 十常侍之一，同被剁为肉泥。",三国演义
三国演义_人物_大乔_0,人物,"实体名：大乔
别名：乔夫人
实体描述：
- 孙策之妻，大乔。孙策临终嘱其孝养尊姑，并嘱其妹转致周瑜尽心辅佐。
- 孙伯符将军主妇，乔公长女，被曹操觊觎。",三国演义
三国演义_人物_太史慈_0,人物,"实体名：太史慈
实体描述：
- 字子义，东莱黄县人，奉母命单骑救孔融，突围向刘备求救，后随刘备破贼，不受金帛而归，往扬州投刘繇。
- 字子义，东莱黄县人，原为刘繇部将，与孙策神亭酣斗，后归降孙策，信义之士，曾射中城上裨将左手。
- 东吴武将，被周瑜任为第四队将领。
- 东吴将领，在群英会上被周瑜任命为监酒，佩剑坐于席上。
- 东吴将领，领兵三千直奔黄州地界，断曹操合淝接应之兵。
- 东吴将领。见陆逊举火，与陆逊合兵一处冲杀。
- 东吴大将，与张辽战七八十合不分胜负。派戈定潜入合淝为内应，中计被乱箭射伤，重伤而死，临终言“大丈夫生于乱世，当带三尺剑立不世之功”。",三国演义
三国演义_人物_奚泥_0,人物,"实体名：奚泥
实体描述：
- 乌戈国领兵俘长，随兀突骨出战藤甲军。",三国演义
三国演义_人物_女巫_0,人物,"实体名：女巫
实体描述：
- 为李傕击鼓降神，李傕重赏女巫而不赏军将。",三国演义
三国演义_人物_妫览_0,人物,"实体名：妫览
实体描述：
- 丹阳督将，与戴员共谋杀孙翊，欲强占徐氏，后被孙高、傅婴杀死。",三国演义
三国演义_人物_姜叙_0,人物,"实体名：姜叙
实体描述：
- 抚彝将军，杨阜姑表兄弟。在杨阜和其母激励下起兵讨伐马超，屯历城，后与马超交战。",三国演义
三国演义_人物_姜叙母_0,人物,"实体名：姜叙母
实体描述：
- 姜叙之母，杨阜之姑，年八十二。激励姜叙讨伐马超，以死相逼，后被马超所杀。",三国演义
三国演义_人物_姜子牙_0,人物,"实体名：姜子牙
实体描述：
- 兴周八百年之姜子牙，司马徽认为诸葛亮可比姜子牙。
- 姜尚，钓于渭水，周朝开国功臣，被诸葛亮举例说明不必治经典。",三国演义
三国演义_人物_姜尚父_0,人物,"实体名：姜尚父
实体描述：
- 即姜子牙，诸葛恪引其九十岁执掌兵权为例劝张昭饮酒。",三国演义
三国演义_人物_姜维_0,人物,"实体名：姜维
实体描述：
- 天水冀人，字伯约，中郎将，博览群书，精通兵法武艺，识破诸葛亮假裴绪之计，并提出擒诸葛亮之策。
- 姜维，字伯约，天水冀人也，事母至孝，文武双全，智勇足备。原为魏将，献计于马遵，后与赵云交战，被诸葛亮设计收降，最终归顺蜀汉，诸葛亮赞其为“得一凤”。
- 蜀将，字伯约。孔明向其问破车之法，奉命领兵出战诱敌，配合雪中陷坑计破羌兵。
- 蜀汉将领，被孔明令为先锋，兵出斜谷，后与马岱断后，伏于山谷中。
- 蜀汉将领，字伯约。原为魏将，后降蜀。用诈降书诱曹真，使费耀中计，助诸葛亮破魏。
- 蜀汉将领，随诸葛亮商议军情，后奉命取武都。
- 蜀国将领。打破武都，与王平从后杀出，后受孔明锦囊，与廖化分兵袭司马懿营寨。
- 蜀汉将领，受孔明密计，引军悄地杀出，三路夹攻魏兵。
- 蜀汉将领，受孔明之令护车擂鼓，后伏兵东南角，又引兵守险要。
- 蜀汉先锋，随孔明出祁山，参与攻渭水旱营、劫寨等战斗。
- 蜀汉将领，字伯约。孔明弟子，继承其兵法，受命断后。曾欲杀魏延为孔明报仇，后以木像吓退司马懿。
- 蜀汉将领，字伯约，辅助杨仪，指出槎山小径，后与魏延对敌，依锦囊计策助马岱斩魏延，被封为辅汉将军、平襄侯。
- 蜀汉大将军，继承诸葛亮遗志北伐，收夏侯霸，起兵攻魏，兵败牛头山。又称伯约。
- 蜀汉将军，起兵二十万伐魏，与夏侯霸商议策略，用埋伏之计困司马昭于铁笼山，后射死郭淮，又于洮水大破魏兵，被封为大将军。
- 蜀汉大将，字伯约，多次率兵伐魏。本回中从钟提起兵，欲取祁山、南安，与邓艾交战于武城山、段谷，最终兵败退回汉中，自贬为后将军。
- 蜀汉大将军，字伯约，统帅蜀兵二十万伐魏，深得诸葛武侯兵法，能布八阵之法，变成长蛇卷地阵困邓艾，被邓艾用反间计召回。
- 蜀国大将军，深得武侯之法，率军伐魏，识破王瓘诈降之计，将计就计击败邓艾，后因粮车被烧、栈道被毁而引兵还汉中。
- 蜀汉大将军，又称姜伯约。多次伐魏，在沓中屯田，与邓艾、钟会等交战。曾受诸葛亮传授。
- 蜀汉大将，字伯约。引兵守住剑阁，杀败诸葛绪，后闻后主降魏，率众降于钟会，密谋复汉。
- 蜀汉将领，字伯约，后降钟会并共谋复蜀，事败自刎。
- 古风中提及，九伐中原。",三国演义
三国演义_人物_娄子伯_0,人物,"实体名：娄子伯
实体描述：
- 京兆隐士，道号梦梅居士，隐居终南山，献计筑冰城。",三国演义
三国演义_人物_孔伷_0,人物,"实体名：孔伷
实体描述：
- 豫州刺史，列为第三镇诸侯。",三国演义
三国演义_人物_孔子_0,人物,"实体名：孔子
实体描述：
- 孔子，孔融的祖先，曾问礼于老子。
- 春秋时期思想家，曹操称其称文王之至德。",三国演义
三国演义_人物_孔宙_0,人物,"实体名：孔宙
实体描述：
- 泰山都尉，孔融之父。",三国演义
三国演义_人物_孔昱_0,人物,"实体名：孔昱
实体描述：
- 字世元，鲁国人，江夏八俊之一。",三国演义
三国演义_人物_孔秀_0,人物,"实体名：孔秀
实体描述：
- 东岭关守将，阻挡关公过关，被关公一刀斩于马下。",三国演义
三国演义_人物_孔融_0,人物,"实体名：孔融
实体描述：
- 北海太守。随八路诸侯战虎牢，部将武安国被吕布砍断手腕。
- 字文举，鲁国曲阜人，孔子二十世孙，泰山都尉孔宙之子，曾任中郎将、北海太守，极好宾客，甚得民心，救徐州时被管亥围城，得太史慈、刘备相助。
- 北海太守。为杨彪求情，劝曹操不可因袁氏罪杨彪。
- 名士，来见曹操认为袁绍势大不可战，只可与和。列举袁绍部下众多智勇之士。
- 字文举，孔子后代，汉末名士，官至北海相。他谏曹操勿斩刘岱、王忠，推荐祢衡，在曹操欲杀祢衡时从容进言。
- 太中大夫，谏曹操勿轻伐刘备刘表，被曹操斩杀，二子亦被杀。",三国演义
三国演义_人物_孙_0,人物,"实体名：孙
实体描述：
- 吴太子，孙休之子，被立为豫章王，未能即位。",三国演义
三国演义_人物_孙乾_0,人物,"实体名：孙乾
实体描述：
- 字公祐，北海人，陶谦举荐给刘备为从事，后辅佐刘备。
- 刘备谋士，建议先定守城之人。
- 刘备幕僚，亦作“孙韩”。劝刘备修书告急于吕布；后建议刘备弃城投奔曹操，并先往曹操处通报。
- 刘备幕宾，守小沛北门，往许都求援。
- 孙乾，刘备部下。本篇中逃出沛城，劝刘备投曹操，随刘备见曹操，后奉命赐刘安金百两。
- 刘备的部下，星夜赍郑玄书信往袁绍处投递。后守徐州。
- 刘备幕僚，奉命前往河北求救于袁绍，后回小沛报信并留守。
- 刘备部下，逃难至汝南被刘辟收留，作为细作告知关羽刘备在袁绍处，并劝关羽速往投奔。
- 刘备部下，奉命迎接关公，告知刘备已往汝南。
- 刘备部下，随关公护送二嫂，先入古城通报张飞，后与关公同往河北寻刘备。
- 刘备幕僚，劝刘备投刘表，星夜往荆州说刘表，后保护刘备家小。
- 刘备部下。劝刘备勿轻往襄阳赴会。
- 刘备幕僚，文官。刘备遣其至荆州送书诉告蔡瑁谋害之事，后劝刘备留徐庶。
- 刘备部下，奉命调拨船只救济百姓，准备庆喜筵席。
- 字公祐，刘备幕僚，曾与简雍在城中声扬百姓愿随者同过江。
- 刘备部将，与简雍守城。
- 刘备部将。奉刘备命到周瑜处作贺，回报消息。
- 刘备的幕僚，奉命往江南说合亲事，陪同刘备入吴成亲，后回荆州报喜。
- 刘备幕僚。与张飞同至耒阳县，劝阻张飞勿轻忽庞统，后见证庞统断案之才。
- 刘备幕僚，奉命赍金珠至汉中贿赂杨松，促成招降马超之计。",三国演义
三国演义_人物_孙亮_0,人物,"实体名：孙亮
实体描述：
- 孙权第三子，潘夫人所生，继位为吴帝，后与孙峻等密谋诛诸葛恪。又称吴主。
- 东吴君主，聪明但无奈于孙綝专权。
- 吴主，年十六，聪明但被孙綝把持，曾密谋诛杀孙綝未成，被废为会稽王。",三国演义
三国演义_人物_孙仁_0,人物,"实体名：孙仁
实体描述：
- 孙坚次妻所生女。",三国演义
三国演义_人物_孙仲_0,人物,"实体名：孙仲
实体描述：
- 黄巾余党，与赵弘、韩忠聚众，被刘备射中落马。",三国演义
三国演义_人物_孙休_0,人物,"实体名：孙休
实体描述：
- 字子烈，孙权第六子，初为琅琊王，被孙綝迎立为吴主，后与丁奉、张布合谋诛杀孙綝。
- 吴主，接蜀求救信后遣丁奉等率兵救蜀。
- 吴国君主，从华覈言命陆抗等守江口。
- 吴主，闻司马炎篡魏，忧虑成疾，卧床不起，召丞相濮阳兴入宫，托付太子后去世。",三国演义
三国演义_人物_孙冀_0,人物,"实体名：孙冀
实体描述：
- 吴左将军，代陆抗领兵。",三国演义
三国演义_人物_孙匡_0,人物,"实体名：孙匡
实体描述：
- 字季佐，孙坚四子。
- 孙策幼弟，曹操以曹仁之女许配之。",三国演义
三国演义_人物_孙和_0,人物,"实体名：孙和
实体描述：
- 孙权次子，琅琊王夫人所生，立为太子后被全公主谮毁，废之忧恨而死。
- 孙皓之父，被追谥为文皇帝。",三国演义
三国演义_人物_孙坚_0,人物,"实体名：孙坚
实体描述：
- 字文台，吴郡富春人，孙武子之后，破黄巾有功，任长沙太守讨区星，封乌程侯。
- 字文台，长沙太守，乌程侯。讨董联军前部先锋。率四将攻汜水关，因袁术不发粮草而败于华雄。后入洛阳得传国玺，被袁绍追问，发誓后离去，途中被刘表截击。
- 字文台，江东军阀，因与刘表结怨，后跨江击刘表，最终在岘山中伏被乱箭射死，寿止三十七岁。有子孙策、孙权等。
- 孙策之父，讨董卓时移家舒城，留下传国玉玺。
- 破虏将军，孙权的父亲，黄盖自称随其纵横东南。
- 孙权之父，被追谥为武烈皇帝。
- 孙峻之祖父之兄，吴国奠基人。
- 古风中提及，起江左。",三国演义
三国演义_人物_孙夫人_0,人物,"实体名：孙夫人
实体描述：
- 孙权之妹，被许配给刘备，性格刚勇，好观武事，最终随刘备离开东吴，并喝退追兵。
- 孙权之妹，刘备之妻，与刘备车马仆从停于山顶。
- 刘备之妻，孙权之妹，因闻母病危，带阿斗乘船回东吴，被赵云、张飞截江夺回阿斗。
- 刘备之妻，孙权之妹。闻猇亭兵败讹传先主死，驱车至江边望西遥哭，投江而死。",三国演义
三国演义_人物_孙峻_0,人物,"实体名：孙峻
实体描述：
- 吴国宗室，孙静曾孙，掌御林军，与滕胤密谋诛杀诸葛恪，后封丞相大将军。字子远。
- 东吴将领，提兵渡江袭寿春。
- 东吴丞相，病亡。
- 孙綝之兄，已故，被孙休命军士掘开坟墓戮尸。",三国演义
三国演义_人物_孙干_0,人物,"实体名：孙干
实体描述：
- 孙綝之弟，偏将军，分屯诸营。",三国演义
三国演义_人物_孙异_0,人物,"实体名：孙异
实体描述：
- 东吴副将，与丁封引兵二万向沔中而进。
- 吴国左将军，守南徐诸处隘口。",三国演义
三国演义_人物_孙恩_0,人物,"实体名：孙恩
实体描述：
- 孙綝之弟，武卫将军，分屯诸营，后迎孙休。",三国演义
三国演义_人物_孙恭_0,人物,"实体名：孙恭
实体描述：
- 孙静之孙，孙峻之父。",三国演义
三国演义_人物_孙据_0,人物,"实体名：孙据
实体描述：
- 孙綝之弟，威远将军，入苍龙宿卫。",三国演义
三国演义_人物_孙朗_0,人物,"实体名：孙朗
实体描述：
- 字早安，孙坚次妻所生子。",三国演义
三国演义_人物_孙权_0,人物,"实体名：孙权
实体描述：
- 字仲谋，孙坚次子，提及未出场。
- 孙策之弟，与周泰守宣城，遇山贼被周泰救出。
- 孙策之弟，字仲谋，号碧眼儿。孙策死后承领江东，形貌奇伟，善于举贤任能。
- 字仲谋，承父兄基业据守江东，广纳贤士，后拜周瑜为大都督，决定不送质子给曹操。
- 东吴之主，督众攻打夏口，重赏三军，升甘宁为都尉，后弃江夏班师回江东，赦免苏飞，加封凌统为承烈都尉，自领大军屯柴桑。
- 字仲谋，江东之主，屯兵柴桑郡，集众谋士商议御守之策。
- 字仲谋，吴侯，东吴之主。碧眼紫髯，犹豫降曹还是抗曹，最终在鲁肃和诸葛亮的劝说下决定联合刘备共破曹操。
- 东吴之主，犹豫是否降曹，最终决定与曹操决战，赐剑周瑜并封其为大都督。
- 吴侯，东吴之主。周瑜向其辞行，并承诺起兵继后。
- 东吴之主，文中称“吴侯”“孙氏”“主公”。黄盖受孙氏三世厚恩。
- 称吴侯，东吴之主，差人报信已派陆逊为先锋，自为后应。
- 字仲谋，称吴侯，东吴之主。在合淝路口望见江中火光，教陆逊举火为号。
- 吴侯，东吴之主。攻合淝不下，闻程普兵到，下马迎鲁肃，欲与张辽决战，被张辽追杀，折宋谦，后听张纮劝，罢兵回南徐。
- 字仲谋，号吴侯，东吴之主，将妹妹嫁与刘备，后派兵追赶刘备夫妇，但因母亲和妹妹作罢。
- 东吴之主，又称吴侯，忿怒欲起兵取荆州，后采纳顾雍建议表刘备为荆州牧，又命鲁肃讨还荆州。
- 吴侯，字仲谋。闻周瑜死放声大哭，从其遗书命鲁肃为都督。因庞统轻视周瑜而不喜，拒用庞统。
- 东吴之主。聚众将商议应对曹操南下，采纳张昭建议求救于刘备。
- 东吴之主，据六郡八十一州，常怀虎踞。
- 东吴之主，字仲谋，号吴侯。曾欲趁刘备西征取荆州，后因曹操南下而作罢，最终迁治建业，与曹操相拒于濡须。
- 东吴之主，采纳张昭之计，发使往刘璋、张鲁处。
- 孔明假设曹操、孙权齐起兵来犯，问云长对策。
- 东吴之主，知刘备并吞西川，欲索还荆州。
- 称吴侯，东吴之主，屡次索要荆州，大怒刘备不还，派鲁肃设宴欲杀关羽，后因曹操起兵而移兵合淝。
- 吴侯，领江东，起兵攻合淝，在逍遥津被张辽击败。
- 东吴之主，在濡须口与曹操交战，重用甘宁、周泰等，后求和并纳贡。
- 字仲谋，又称吴侯、权，东吴之主，与刘备有姻亲及荆州之仇，欲取荆州。
- 字仲谋，吴侯，东吴君主，采纳吕蒙、陆逊之计袭取荆州。
- 东吴君主，字仲谋，碧眼紫髯。在麦城之战中采纳吕蒙之计擒杀关羽，后得荆州，又因惧怕刘备复仇而将关羽首级送与曹操。
- 东吴之主，又称吴侯、吴王。其部下吕蒙袭杀关羽，导致刘备兴兵复仇。后接受曹丕封爵为吴王，加九锡，派诸葛瑾求和未果，又遣赵咨向魏称臣，最终命韩当、周泰等拒蜀。
- 东吴之主，又称吴王。因刘备伐吴而心怯，采纳步骘建议送还张飞首级及范疆、张达求和。
- 东吴君主，又称吴王。接陆逊奏笺大喜，称赞陆逊为异人。
- 东吴君主，又称吴主。派陆逊破蜀兵。曹丕伐吴时，令吕范、诸葛瑾、朱桓等拒敌。后被诸葛亮列为五路大军之一，但孔明料其因曹丕三路侵吴之怨必不肯从。
- 吴国君主，又称吴王、权。采纳陆逊、张昭等建议，改元黄武元年，后与蜀国通好，封徐盛为安东将军抵御魏兵。
- 东吴君主，与蜀汉讲和，但可能存有异心。
- 东吴君主，在武昌东关会官商议破魏，后出城迎接陆逊，封周鲂为关内侯。
- 吴王，后即皇帝位，改元黄龙，与蜀同盟伐魏。
- 东吴君主，吴主。览孔明书后大喜，决定御驾亲征，兵分三路伐魏。
- 吴国君主，吴王。分兵三路入寇魏国，后无功而退。
- 东吴君主，吴主。闻诸葛亮归天每日流涕，令官僚挂孝，增巴丘守兵以防魏人，折金鈚箭发誓不背盟，并遣使入川致祭。
- 吴国君主，遣张弥、许晏赍金珠珍玉赴辽东封公孙渊为燕王。
- 吴国大帝，先有太子孙登，后立孙和为太子，又废之，立孙亮。受惊成病而薨。又称吴主。
- 吴大帝，孙皓的祖父。",三国演义
三国演义_人物_孙桓_0,人物,"实体名：孙桓
实体描述：
- 吴王宗族，字叔武，武卫都尉，年二十五岁。主动请缨领兵拒蜀，被任命为左都督，屯兵宜都界口，后被张苞、关兴击败，困守彝陵。
- 东吴安东将军，孙权之侄，被困于彝陵城中，陆逊不救。
- 东吴将领，被吴班、张南久围彝陵城，后得冯习来救方脱。",三国演义
三国演义_人物_孙楷_0,人物,"实体名：孙楷
实体描述：
- 宗正，奉孙綝之命往虎林迎请孙休。",三国演义
三国演义_人物_孙歆_0,人物,"实体名：孙歆
实体描述：
- 吴骠骑将军，为先锋，被周旨斩于马下。",三国演义
三国演义_人物_孙瑜_0,人物,"实体名：孙瑜
实体描述：
- 孙权之弟。奉吴侯命到巴丘助周瑜取西川。",三国演义
三国演义_人物_孙登_0,人物,"实体名：孙登
实体描述：
- 孙权长子，徐夫人所生，于吴赤乌四年身亡。",三国演义
三国演义_人物_孙皎_0,人物,"实体名：孙皎
实体描述：
- 字叔明，孙权叔父孙静次子，本欲与吕蒙同征，后负责接应粮草。",三国演义
三国演义_人物_孙皓_0,人物,"实体名：孙皓
实体描述：
- 孙休兄之孙，被封为乌程侯。
- 字元宗，大帝孙权太子孙和之子，吴末帝，凶暴酷虐，宠幸岑昏，杀忠臣，最终投降晋朝，被封归命侯。",三国演义
三国演义_人物_孙礼_0,人物,"实体名：孙礼
实体描述：
- 魏国将领，与辛毗一同领兵助曹真，截住箕谷道口。
- 魏国将领，与辛毗星夜具表申奏魏主言蜀兵出祁山。
- 魏国上将军，曹真心腹，设计用粮车诱敌，被蜀军火攻击败，带伤突围。
- 魏国将领。与郭淮同往救二郡，见蜀兵已破城池，劝速退，被孔明伏兵击败，与郭淮弃马而走。
- 魏国大将，引雍、凉诸郡人马助战，去袭剑阁。
- 魏国将领，与郭淮同领陇西兵，于北原下寨。
- 魏国将领，与郭淮一同在浮桥作战。",三国演义
三国演义_人物_孙秀_0,人物,"实体名：孙秀
实体描述：
- 晋骠骑将军，原吴宗室，退朝向南哭。",三国演义
三国演义_人物_孙策_0,人物,"实体名：孙策
别名：孙伯符
实体描述：
- 字伯符，孙坚长子，随父征刘表，后换回父亲灵柩，罢战回江东，招贤纳士。
- 字伯符，人称孙郎、小霸王，自称孙信符，父孙坚，借袁术兵平定江东，擒太史慈，攻严白虎，为人勇武，挟死一将喝死一将。
- 江东霸主，被曹操视为狐兔之一。
- 江东军阀，曾质押玉玺于袁术，后与袁术绝交，被封为讨逆将军、吴侯，屯兵湖口。
- 江东领袖，字伯符。曹操认为其藉父之名，非英雄。
- 字伯符，江东诸侯，威镇三江，地连六郡，袁绍欲结之共攻曹操。
- 江东霸主，人称小霸王、孙郎。性急少谋，勇猛善战。因怒斩于吉，最终金疮迸裂而死。临终将江东基业托付给弟弟孙权。
- 孙权之兄，早丧，曾奠定江东基业。
- 孙权之兄，已故，曾与刘表有杀父之仇提及。
- 即孙策，孙权之兄，遗言外事问周瑜，其妻大乔。
- 孙权之兄，娶大乔（提及）。
- 孙吴奠基者，陆逊为其女婿。
- 孙权之兄，被追谥为长沙桓王。
- 古风中提及，起江左。",三国演义
三国演义_人物_孙綝_0,人物,"实体名：孙綝
实体描述：
- 孙峻从弟，字子通，辅政东吴，为人强暴，杀滕胤、吕据、王惇，后发兵救诸葛诞。
- 东吴大将军，专权妄杀，废吴主孙亮为会稽王，迎立孙休，后被丁奉、张布等设计斩杀，灭三族。",三国演义
三国演义_人物_孙翊_0,人物,"实体名：孙翊
实体描述：
- 字叔弼，孙坚三子。
- 孙权之弟，为丹阳太守，性刚好酒，被边洪刺杀。",三国演义
三国演义_人物_孙膑_0,人物,"实体名：孙膑
实体描述：
- 战国军事家，诗中赞孔明妙算胜孙庞，与庞涓并称。",三国演义
三国演义_人物_孙观_0,人物,"实体名：孙观
实体描述：
- 泰山寇首领，与陈宫、臧霸结连。
- 泰山贼寇之一。本篇中领兵拦路，后被曹军击败，欲献萧关未果。",三国演义
三国演义_人物_孙谦_0,人物,"实体名：孙谦
实体描述：
- 魏国偏将，止住潘举放箭，连止三次。",三国演义
三国演义_人物_孙资_0,人物,"实体名：孙资
实体描述：
- 魏国尚书，献计养精蓄锐，待吴蜀自相残害。
- 侍中光禄大夫，与刘放共掌枢密院。",三国演义
三国演义_人物_孙闿_0,人物,"实体名：孙闿
实体描述：
- 孙綝之弟，长水校尉，分屯诸营。",三国演义
三国演义_人物_孙静_0,人物,"实体名：孙静
实体描述：
- 字幼台，孙坚之弟，谏孙坚勿因小恨起兵。
- 孙策叔父，献计攻查渎，后守江东东路。
- 孙策之弟，张昭令其理会丧事。
- 东吴宗室，引一枝军守吴会。
- 孙权叔父，孙皎之父。
- 孙坚之弟，孙峻之曾祖。",三国演义
三国演义_人物_孙韶_0,人物,"实体名：孙韶
实体描述：
- 字公礼，孙坚过房子。
- 吴王侄，字公礼，官授扬威将军。不遵徐盛军令，擅自引兵过江，后与丁奉等大败魏兵。
- 东吴将领，与张承出兵广陵取淮阳。",三国演义
三国演义_人物_孙高_0,人物,"实体名：孙高
实体描述：
- 孙翊心腹旧将，与傅婴受徐氏之命，杀死妫览、戴员，后封牙门将。",三国演义
三国演义_人物_孝元皇太后_0,人物,"实体名：孝元皇太后
实体描述：
- 汉元帝皇后。将玉玺打王寻、苏献，崩其一角。",三国演义
三国演义_人物_孟优_0,人物,"实体名：孟优
实体描述：
- 孟获之弟，奉兄计以献宝为名诈降，被诸葛亮识破，酒内下药醉倒，后被赵云擒获。
- 孟获之弟，曾随孟获出战，被张翼擒获后释放，后与孟获同投秃龙洞，最终被杨锋擒获。
- 孟获之弟，与孟获一同归降。",三国演义
三国演义_人物_孟光_0,人物,"实体名：孟光
实体描述：
- 蜀汉祭酒。",三国演义
三国演义_人物_孟公威_0,人物,"实体名：孟公威
实体描述：
- 汝南人，诸葛亮的朋友，与石广元在酒店饮酒作歌。",三国演义
三国演义_人物_孟坦_0,人物,"实体名：孟坦
实体描述：
- 韩福牙将，诱攻关公，被关公砍为两段。",三国演义
三国演义_人物_孟宗_0,人物,"实体名：孟宗
实体描述：
- 中书郎，受孙綝之命拨中营精兵出屯武昌。",三国演义
三国演义_人物_孟节_0,人物,"实体名：孟节
实体描述：
- 孟获之兄，号万安隐者，隐居万安溪草庵，以安乐泉和薤叶芸香救蜀军，不接受孔明封赏。",三国演义
三国演义_人物_孟获_0,人物,"实体名：孟获
实体描述：
- 南蛮蛮王。受曹丕官诰赏赐，起蛮兵十万犯益州四郡，为五路大军之一。诸葛亮遣魏延设疑兵拒之。
- 南蛮首领，起兵攻四郡，被魏延用疑兵计杀退；后结连雍闿起十万蛮兵侵掠四郡。
- 蛮王，起兵反蜀，被孔明第一次擒获后不服，释放再战。
- 南蛮渠魁，被诸葛亮多次擒获又不服，自称颇知兵法。曾据泸水之险，深沟高垒以拒蜀兵，后遣弟孟优诈降，被识破。最终被三擒后仍言不服。
- 南蛮王，身穿犀皮甲，头顶朱红盔，左手挽牌，右手执刀，骑赤毛牛，多次被诸葛亮擒获仍不服，欲报四番之恨，后逃往秃龙洞。
- 南蛮蛮王，被诸葛亮七擒七纵。曾多次反抗蜀军，聚集宗党，与祝融夫人、带来洞主、木鹿大王、兀突骨等联合对抗诸葛亮。最终心服归降。
- 南中部落首领，率领洞主酋长等相送孔明，向孔明说明泸水猖神作祸及旧时祭法，后涕泣拜别孔明回领地。",三国演义
三国演义_人物_孟达_0,人物,"实体名：孟达
实体描述：
- 字子庆，与法正同乡。张松心腹契友，受刘璋命领兵迎刘备入川。又称孟子庆。
- 蜀中人，被庞统战派往守葭萌关，保举霍峻同去。
- 刘备部下，与霍峻守葭萌关，被马超攻打，后复命守关。
- 葭萌关守将，不听霍峻坚守之劝，迎战张郃大败而回；后助黄忠搬运粮草马匹。
- 蜀汉将领，与刘封同领兵，后与马超夹攻曹兵。
- 刘备的将领，与刘封一同攻取上庸。
- 上庸守将，与刘封一同拒救关公。
- 蜀汉将领，与刘封同按兵不动，不救关羽。
- 与刘封同罪，后投魏，被曹丕封为散骑常侍、建武将军、平阳亭侯，领新城太守。曾写信招降刘封。
- 原蜀汉降将，后为魏将。受曹丕之命起上庸兵十万攻汉中，为五路大军之一。诸葛亮作李严亲笔信与之，使其推病不出以慢军心。
- 上庸将领，起兵至半路染病不能行。
- 原蜀将，降魏后任新城太守。欲起兵反魏归蜀，与孔明约期。因轻敌不信司马懿速至，被申耽、申仪等内应，最终被申耽刺死。
- 原蜀汉降将，据守新城，被司马懿倍道而行，八日攻破，孟达被乱军所杀。
- 原蜀将，后降魏，被司马懿攻上庸时生擒。",三国演义
三国演义_人物_宁随_0,人物,"实体名：宁随
实体描述：
- 姜维副将，建议从孔函谷取雍州以解围。",三国演义
三国演义_人物_宋宪_0,人物,"实体名：宋宪
实体描述：
- 吕布帐下健将，与魏续等同。
- 吕布部将，奉命送吕布之女前往寿春，后又被吕布派往山东买马。被张飞杀退。
- 吕布麾下将领，出碣石敌陈兰。
- 吕布部将。本篇中保护吕布妻小移屯下邳，后因吕布无仁无义，与侯成、魏续合谋，盗画戟并缚吕布献城。
- 原吕布部将，后归曹操。与颜良交战不三合被斩。",三国演义
三国演义_人物_宋忠_0,人物,"实体名：宋忠
实体描述：
- 刘琮部下，奉命潜地往曹操处献降书，被关羽捉住后释放。",三国演义
三国演义_人物_宋果_0,人物,"实体名：宋果
实体描述：
- 李傕部将，与杨奉约定举事，被李傕擒杀。",三国演义
三国演义_人物_宋白_0,人物,"实体名：宋白
实体描述：
- 慎县县令，设席待毋丘俭，乘其大醉杀之。",三国演义
三国演义_人物_宋谦_0,人物,"实体名：宋谦
实体描述：
- 孙权护卫，使方天画戟。乐进突袭时与贾华双戟被砍断，后被李典射死。",三国演义
三国演义_人物_宗宝_0,人物,"实体名：宗宝
实体描述：
- 孔融部将，挺枪出战管亥，战不数合被管亥砍于马下。",三国演义
三国演义_人物_宗预_0,人物,"实体名：宗预
实体描述：
- 蜀汉参军、右中郎将，字德艳，奉命出使东吴报丧，应对孙权，成功探明吴国无背盟之意。",三国演义
三国演义_人物_官雝_0,人物,"实体名：官雝
实体描述：
- 蜀汉后护军，典军中郎将。",三国演义
三国演义_人物_审荣_0,人物,"实体名：审荣
实体描述：
- 审配之侄，因辛毗家属被害而怀忿，献西门降曹。",三国演义
三国演义_人物_审配_0,人物,"实体名：审配
实体描述：
- 袁绍的谋士，进言说吕布为豺虎，若得兖州必图冀州，建议助曹操攻之。
- 袁绍的谋士及统军，主张立即兴兵讨曹操，被荀彧评价为“专而无谋”。许攸不乐其领兵。
- 袁绍谋士，与郭图各自争权。
- 袁绍的谋士，献计筑土山射箭、打地道掘子军，又建议重兵守乌巢，并回邺都监督粮草。后写信告发许攸滥受财物，导致许攸投曹。
- 袁绍谋士，向辅袁尚，与逢纪暂掌军事，谏言袁绍养军力。
- 字正南，袁尚谋士。坚守冀州，法令严明，后城破被擒，不降而死。",三国演义
三国演义_人物_宦官_0,人物,"实体名：宦官
实体描述：
- 后主身边的宦官，听信苟安流言，奏请召回孔明。",三国演义
三国演义_人物_封谞_0,人物,"实体名：封谞
实体描述：
- 十常侍之一，张角遣马元义结交以为内应，后事泄下狱。
- 十常侍之一，结连黄巾欲为内乱。",三国演义
三国演义_人物_小乔_0,人物,"实体名：小乔
实体描述：
- 周瑜之妻，乔公次女，被曹操觊觎。",三国演义
三国演义_人物_少帝_0,人物,"实体名：少帝
实体描述：
- 即弘农王刘辩，灵帝长子。被董卓废为弘农王，后与唐妃被李儒以鸩酒杀害。",三国演义
三国演义_人物_尚广_0,人物,"实体名：尚广
实体描述：
- 吴术士，为孙皓筮蓍，称庚子岁青盖当入洛阳。",三国演义
三国演义_人物_尚弘_0,人物,"实体名：尚弘
实体描述：
- 行军校尉，用绢包帝后放船下河。",三国演义
三国演义_人物_尹大目_0,人物,"实体名：尹大目
实体描述：
- 魏国殿中校尉，与曹爽交厚，奉司马懿命持蒋济书劝曹爽投降。
- 魏殿中校尉，曹爽心腹，想留文钦，文钦不解其意。",三国演义
三国演义_人物_尹奉_0,人物,"实体名：尹奉
实体描述：
- 统兵校尉。与姜叙、赵昂等商议讨伐马超，屯祁山，后与马超交战，全家被马超所杀。",三国演义
三国演义_人物_尹楷_0,人物,"实体名：尹楷
实体描述：
- 武安长，屯毛城通上党粮道，被许褚一刀斩于马下。",三国演义
三国演义_人物_尹礼_0,人物,"实体名：尹礼
实体描述：
- 泰山寇首领。
- 泰山贼寇之一。本篇中与孙观等同领兵拦路。",三国演义
三国演义_人物_尹赏_0,人物,"实体名：尹赏
实体描述：
- 天水主簿，建议马遵起兵救夏侯楙。
- 尹赏，天水城守将，与梁绪一同降蜀，被封为冀城令。",三国演义
三国演义_人物_尹默_0,人物,"实体名：尹默
实体描述：
- 蜀汉博士。",三国演义
三国演义_人物_屈原_0,人物,"实体名：屈原
实体描述：
- 楚国大夫，王累谏章中提及。",三国演义
三国演义_人物_山涛_0,人物,"实体名：山涛
实体描述：
- 魏国大臣，谏司马昭立长不立幼。",三国演义
三国演义_人物_山神_0,人物,"实体名：山神
实体描述：
- 本处山神，奉伏波将军马援之命，化身为老叟指引孔明万安溪及安乐泉、薤叶芸香以解哑泉之毒。",三国演义
三国演义_人物_岑咥_0,人物,"实体名：岑咥
实体描述：
- 字公孝，南阳人，江夏八俊之一。",三国演义
三国演义_人物_岑威_0,人物,"实体名：岑威
实体描述：
- 魏国镇远将军，驱驾仿造的木牛流马运粮，被王平斩杀。",三国演义
三国演义_人物_岑昏_0,人物,"实体名：岑昏
实体描述：
- 吴中常侍，孙皓宠幸的宦官，后被众臣碎割生啖。",三国演义
三国演义_人物_岑璧_0,人物,"实体名：岑璧
实体描述：
- 袁谭将领，与吕旷交战，被吕旷斩于马下。",三国演义
三国演义_人物_崔勇_0,人物,"实体名：崔勇
实体描述：
- 郭汜部将，出马与杨奉交战，被徐晃一合斩于马下。",三国演义
三国演义_人物_崔夫人_0,人物,"实体名：崔夫人
实体描述：
- 刘谌之妻，触柱而死。",三国演义
三国演义_人物_崔州平_0,人物,"实体名：崔州平
实体描述：
- 博陵人，诸葛亮的朋友，与刘备在隆中相遇，谈论治乱之道，认为治乱无常。
- 司马望幼年游学时的朋友，曾讲论阵法。",三国演义
三国演义_人物_崔毅_0,人物,"实体名：崔毅
实体描述：
- 先朝司徒崔烈之弟，隐于北邙山庄院，救护少帝与陈留王。",三国演义
三国演义_人物_崔烈_0,人物,"实体名：崔烈
实体描述：
- 城门校尉，死于国难。",三国演义
三国演义_人物_崔琰_0,人物,"实体名：崔琰
别名：崔琐
实体描述：
- 字季珪，又称琰。清河东武城人，骑都尉，托疾在家，被曹操召为本州别驾从事。
- 曹操部下，任西曹掾。
- 尚书，力言不可立曹操为魏王，大骂曹操欺君，被杖杀。",三国演义
三国演义_人物_崔禹_0,人物,"实体名：崔禹
实体描述：
- 朱然部将，代朱然救援孙桓，被张苞生擒，解至秭归后斩首。",三国演义
三国演义_人物_崔谅_0,人物,"实体名：崔谅
实体描述：
- 安定太守，闻蜀兵围南安，起兵救援，被关兴、张苞杀败，降诸葛亮，后奉命入城说杨陵，被张苞刺死。",三国演义
三国演义_人物_州泰_0,人物,"实体名：州泰
实体描述：
- 魏兖州刺史，为右军，在石头城埋伏。",三国演义
三国演义_人物_左丰_0,人物,"实体名：左丰
实体描述：
- 黄门，奉朝廷体探军情，向卢植索贿未成，回奏诬陷卢植。",三国演义
三国演义_人物_左咸_0,人物,"实体名：左咸
实体描述：
- 东吴主簿，劝孙权杀关羽，以免后患。",三国演义
三国演义_人物_左慈_0,人物,"实体名：左慈
实体描述：
- 字元放，道号乌角先生，眇一目，跛一足，会遁甲天书，戏弄曹操，掷杯化鸠，杀不尽。",三国演义
三国演义_人物_左灵_0,人物,"实体名：左灵
实体描述：
- 与贾诩一同监押天子车驾。",三国演义
三国演义_人物_左贤王_0,人物,"实体名：左贤王
实体描述：
- 北番王子。拒绝高干救援请求，叱退高干。
- 匈奴王，因惧曹操之势，送蔡琰还汉。",三国演义
三国演义_人物_巩志_0,人物,"实体名：巩志
实体描述：
- 武陵从事。劝金旋纳降被叱，后射杀金旋，出城纳降，被刘备令代金旋之职。",三国演义
三国演义_人物_师婆_0,人物,"实体名：师婆
实体描述：
- 成都师婆，被黄皓请入宫，自称西川土神，预言魏国疆土归蜀。",三国演义
三国演义_人物_师旷_0,人物,"实体名：师旷
实体描述：
- 春秋时期著名乐师，周瑜借其典故表明闻弦歌而知雅意。",三国演义
三国演义_人物_师纂_0,人物,"实体名：师纂
别名：师篡
实体描述：
- 邓艾帐前校尉，与邓忠同领兵埋伏段谷。
- 邓艾部将，与邓忠各引一万兵冲击蜀寨。
- 魏偏将，守祁山寨，兵少智寡，被张翼攻打。
- 邓艾部将，与邓忠同引兵至绵竹，被诸葛尚战退，后受封益州刺史。",三国演义
三国演义_人物_带来洞主_0,人物,"实体名：带来洞主
实体描述：
- 孟获妻弟，八番部长。曾向孟获推荐木鹿大王，后与孟获一同被擒，又参与诈降计，最终归降。",三国演义
三国演义_人物_常雕_0,人物,"实体名：常雕
实体描述：
- 魏国将领，曹仁令其为先锋取濡须城，战不三合被朱桓斩于马下。",三国演义
三国演义_人物_干休_0,人物,"实体名：干休
实体描述：
- 曲阿老人，自称姓干名休，劝孙休速行。",三国演义
三国演义_人物_应劭_0,人物,"实体名：应劭
实体描述：
- 泰山太守，奉命取曹嵩，曹嵩被杀后逃脱投袁绍。",三国演义
三国演义_人物_庞会_0,人物,"实体名：庞会
实体描述：
- 庞德的儿子，庞德预言其有异相，长大必当报仇。
- 魏大将，在钟会帐下。",三国演义
三国演义_人物_庞德_0,人物,"实体名：庞德
实体描述：
- 字令明。马超帐前心腹校尉，勇武过人，献计攻取长安，斩钟进，多次救韩遂。
- 马超部将，随马超征战，后救马超突围。
- 马超部将。随马超起兵，后与马岱跟随马超投奔张鲁。
- 马超部将，因病卧于汉中，未能随马超出征。
- 南安人，原属马超，后依张鲁，被曹操用计擒获后投降，字令明。
- 曹魏将领，与陈武大战，杀陈武于峪口。
- 曹魏将领，战退魏延，保曹操前行。
- 字令明，原为马超副将，后降曹操，抬榇决死战，与关羽大战百余合，射伤关羽，后遭水淹七军被周仓生擒，不屈被杀。
- 魏国将领，被关公斩杀。
- 画像中愤怒不屈，为关云长水淹七军时所擒。",三国演义
三国演义_人物_庞德公_0,人物,"实体名：庞德公
实体描述：
- 字山民，襄阳名士，庞统之叔，与司马徽为友，长司马徽十岁。",三国演义
三国演义_人物_庞涓_0,人物,"实体名：庞涓
实体描述：
- 战国魏将，诗中与孙膑并提，被孔明超越。",三国演义
三国演义_人物_庞统_0,人物,"实体名：庞统
实体描述：
- 字士元，道号凤雏。襄阳名士，与司马徽为友，少司马徽五岁，后与伏龙并称，得一人可安天下。
- 字士元，号凤雏先生，襄阳人。避乱寓居江东，向周瑜献连环计。被蒋干引荐给曹操，建议用铁环连锁大船小船，使北军不惧风浪。
- 号凤雏，向曹操献铁索连舟之计，又教徐庶脱身之术，为刘备阵营的重要谋士。
- 字士元，道号凤雏先生。在江边揪住孔明笑其气死周瑜又来吊孝，后与孔明留书相约。投孙权被嫌貌陋不用，投刘备被授耒阳县宰，不理政事，后一日断尽百余日公务，被张飞举荐，刘备拜为副军师中郎将。
- 字士元，号凤雏，刘备军师。劝刘备取西川，献计席间杀刘璋。又称庞士元、凤雏。
- 刘备的谋士，号凤雏，曾劝刘备在宴席上杀刘璋取西川，并教魏延舞剑助兴。
- 刘备的军师，号凤雏。献上中下三计，随刘备取涪关，与刘备议论伐人之国。
- 字士元，道号凤雏。随刘备取西川，不信孔明之书，骑马取小路，在落凤坡被张任伏兵射死，年三十六。
- 字士元，已故。诸葛亮曾言为其报仇，劝降李严时提及。",三国演义
三国演义_人物_庞羲_0,人物,"实体名：庞羲
实体描述：
- 巴西太守，受刘璋之命拒张鲁。",三国演义
三国演义_人物_庞舒_0,人物,"实体名：庞舒
实体描述：
- 在长安城中私藏吕布妻小送还吕布，后被李傕、郭汜斩首。
- 长安中私藏严氏之人。本篇中严氏提及幸赖他得以与吕布重逢。",三国演义
三国演义_人物_度尚_0,人物,"实体名：度尚
实体描述：
- 上虞令，奏闻朝廷表曹娥为孝女，令邯郸淳作文镌碑。",三国演义
三国演义_人物_廖化_0,人物,"实体名：廖化
实体描述：
- 字元俭，襄阳人，黄巾余党，聚众劫掠，杀杜远救二夫人，欲送关公被谢绝。
- 曾欲投靠关公，关公却之，文本中提及前事。
- 引一军来降，刘备教其辅佐云长拒曹操。
- 武将，同守荆州。
- 关羽部下，属荆襄旧日文武。
- 关羽的先锋，出马搦战诈败，助关羽击败曹仁。
- 关公部将，屯兵四冢，后突围往上庸求救。
- 蜀汉将领，哭拜于刘备前，细奏刘封、孟达不发救兵之事。
- 哭拜于地，言关公父子遇害实刘封、孟达之罪，乞诛此二贼。
- 蜀汉副将，飞卫将军。
- 蜀汉将领，引三千锹钁军掘地道攻陈仓，后与王平、张嶷迎战王双。
- 蜀国将领。与姜维同受锦囊，分兵袭司马懿营寨。
- 蜀汉将领，为先锋，斩秦良，参与扮魏兵劫寨。
- 蜀汉将领，为后队攻渭水旱营，后引兵断司马懿来路。
- 蜀汉将领，追赶司马懿得到金盔，录为头功。后受孔明托付。
- 蜀汉先锋，与姜维伐魏，出战徐质败回，后受姜维计策埋伏杀敌，困司马昭时参与杀敌。
- 蜀汉先锋，后奉命与张翼埋伏山后，斩魏将郑伦。
- 蜀将，姜维部下，主张将在外君命有所不受，后奉命断后，又为先锋取子午谷。
- 蜀将，任右车骑将军。劝姜维勿强行伐魏，后守阴平桥，与姜维合兵。
- 蜀汉将领，与姜维、张翼同至剑阁。
- 蜀汉将领，托病不起，后忧死。",三国演义
三国演义_人物_廖淳_0,人物,"实体名：廖淳
实体描述：
- 合后。",三国演义
三国演义_人物_廖立_0,人物,"实体名：廖立
实体描述：
- 蜀汉长水校尉，自谓才名宜为孔明副手，因怨谤被废为庶人，闻孔明死而泣。",三国演义
三国演义_人物_张世平_0,人物,"实体名：张世平
实体描述：
- 中山大商，每年往北贩马，赠刘备良马五十匹、金银五百两、镔铁一千斤。",三国演义
三国演义_人物_张举_0,人物,"实体名：张举
实体描述：
- 渔阳反贼，称天子，势败自缢。",三国演义
三国演义_人物_张仪_0,人物,"实体名：张仪
实体描述：
- 战国纵横家，两次相秦，有匡扶人国之谋，被步骘提及，诸葛亮称其为豪杰。
- 战国说客，周瑜引以自喻。",三国演义
三国演义_人物_张仲景_0,人物,"实体名：张仲景
实体描述：
- 东汉医学家，张松称蜀中有仲景之能。",三国演义
三国演义_人物_张任_0,人物,"实体名：张任
实体描述：
- 刘璋部下将佐，有不平之色。
- 刘璋手下从事，见魏延舞剑，亦掣剑对舞，保护刘璋。
- 刘璋部将，与刘璝守雒城，不信紫虚上人之言。
- 雒城守将。设伏于落凤坡，射死庞统。后追赶刘备，被刘封、关平杀退。
- 刘璋部将，蜀郡人，极有胆略。在雒城设伏追击刘备，后被诸葛亮设计在金雁桥附近被张飞活捉，不屈而死。",三国演义
三国演义_人物_张体_0,人物,"实体名：张体
实体描述：
- 吴国太子右弼，张昭次子，文本中写为张体（应为张休）。",三国演义
三国演义_人物_张俭_0,人物,"实体名：张俭
实体描述：
- 字元节，同郡（山阳）人，江夏八俊之一。",三国演义
三国演义_人物_张允_0,人物,"实体名：张允
实体描述：
- 刘表部将，与蔡瑁共守外门，参与立刘琮。
- 荆州水军将领，与蔡瑁同降曹操，被加封为助顺侯、水军副都督。
- 荆州降将，曹操水军都督。与蔡瑁共管水军，因蒋干盗信被曹操误杀。
- 与蔡瑁同为水军都督，被曹操误杀。",三国演义
三国演义_人物_张先_0,人物,"实体名：张先
实体描述：
- 张绣麾下将领，被许褚斩杀。",三国演义
三国演义_人物_张冀_0,人物,"实体名：张冀
实体描述：
- 蜀将，随孔明到马岱寨中，后与马岱领命设伏，参与破羌兵。
- 蜀汉将领，受命引军去修理剑阁，以备归路。",三国演义
三国演义_人物_张勋_0,人物,"实体名：张勋
实体描述：
- 袁术都督，参与商议。
- 袁术麾下大将军，统领七路大军征徐州。",三国演义
三国演义_人物_张华_0,人物,"实体名：张华
实体描述：
- 晋秘书丞，支持伐吴，与晋主围棋时劝进。",三国演义
三国演义_人物_张南_0,人物,"实体名：张南
实体描述：
- 袁熙部将，与焦触一同降曹。
- 袁绍手下降将，与焦触同阻赵云。
- 原袁绍部将，后属曹操，与焦触同往，被周泰砍于水中。",三国演义
三国演义_人物_张南_1,人物,"实体名：张南
实体描述：
- 蜀汉副将，参与劫寨等战斗。
- 蜀将，随刘备伐吴，在彝陵营中接入黄忠。
- 蜀将，与吴班久围彝陵城，后与冯习一同被吴兵夹攻，死于乱军。
- 蜀汉将领，随刘备伐吴，在猇亭之战中殁于王事。",三国演义
三国演义_人物_张卫_0,人物,"实体名：张卫
实体描述：
- 张鲁之弟，与张鲁商议起兵。
- 张鲁之弟，与曹操相拒，后弃关奔回，最终被许褚斩杀。",三国演义
三国演义_人物_张子房_0,人物,"实体名：张子房
实体描述：
- 旺汉四百年之张子房，司马徽认为诸葛亮可比张子房。",三国演义
三国演义_人物_张宝_0,人物,"实体名：张宝
实体描述：
- 张角之弟，与张角一同举兵，自称地公将军。在颍川与皇甫嵩、朱儁交战败走。
- 黄巾军首领，称“地公将军”，会妖法，被朱儁击败，后被部将严政刺杀。
- 黄巾首领，张宝部下有周仓，张宝死后周仓啸聚山林。",三国演义
三国演义_人物_张尚_0,人物,"实体名：张尚
实体描述：
- 晋将，斩陆景。",三国演义
三国演义_人物_张峻_0,人物,"实体名：张峻
实体描述：
- 太常，奉邓艾命招安各郡军民。",三国演义
三国演义_人物_张嶷_0,人物,"实体名：张嶷
实体描述：
- 蜀汉将领，受命埋伏擒获董荼那。
- 蜀将，守一寨。
- 蜀将，随诸葛亮征南蛮。与祝融夫人交战时被飞刀击中左臂擒获，后换回。参与盘蛇谷伏击。
- 蜀汉抚戎将军、关内侯。
- 张嶷，蜀汉将领，伏于寨外迎击魏兵。
- 蜀汉将领，与王双交战，中计被流星锤打伤，吐血数口。
- 蜀汉将领，与马忠一同围困魏军。
- 蜀国将领。与吴班等四将迎战，后受孔明之命守陈仓古道。
- 蜀汉前部先锋，与王平同守祁山营。
- 蜀汉将领，为前队攻渭水旱营，后受计扮六丁六甲神兵惊退魏军。
- 蜀汉将领，驱木牛流马到寨交割粮草，后受孔明托付。
- 蜀汉将领，与王平一同引兵屯于永安。
- 蜀汉运粮使，随姜维伐魏。
- 蜀荡寇将军，闻姜维受困，引数百骑杀入重围救出姜维，自己被乱箭射死。",三国演义
三国演义_人物_张布_0,人物,"实体名：张布
实体描述：
- 左将军，被孙休密召计议，为内应擒杀孙綝，后宣诏安抚众心。
- 吴左将军，赞同立孙皓，后因谏被斩，灭三族。",三国演义
三国演义_人物_张弥_0,人物,"实体名：张弥
别名：许晏
实体描述：
- 孙权遣往辽东的使者，被公孙渊斩首送与曹睿。；孙权遣往辽东的使者，与张弥同被公孙渊斩杀。",三国演义
三国演义_人物_张当_0,人物,"实体名：张当
实体描述：
- 黄门，谄事曹爽，私选先帝侍妾送入曹爽府中。
- 魏国黄门，与曹爽同谋篡逆，被司马懿捉下狱中问罪。",三国演义
三国演义_人物_张悌_0,人物,"实体名：张悌
实体描述：
- 吴丞相，领兵迎敌，战死于乱军之中。",三国演义
三国演义_人物_张承_0,人物,"实体名：张承
实体描述：
- 东吴将领，与孙韶同出兵。",三国演义
三国演义_人物_张既_0,人物,"实体名：张既
实体描述：
- 冯翊高陵人，字德容，被夏侯渊保举为京兆尹。",三国演义
三国演义_人物_张明_0,人物,"实体名：张明
实体描述：
- 魏将，奉王经命战姜维。",三国演义
三国演义_人物_张昭_0,人物,"实体名：张昭
实体描述：
- 字子布，彭城人，有经天纬地之才，被孙策聘为长史兼抚军中郎将，曾谏孙策不可冒险。
- 孙策及孙权的重要谋士，字子布。多次劝谏孙策不可杀害于吉。孙策临终嘱托内事可问张昭。
- 字子布，孙权部下谋士，认为送质子可免曹操兴兵，后劝居丧不可动兵。
- 东吴谋士，建议孙权弃江夏回江东，以逸待劳败刘表。
- 字子布，东吴谋士，主降派首领。与诸葛亮辩论，被驳得无言以对，后仍劝孙权不可轻敌。
- 东吴文官，字子布，主张降曹，劝周瑜投降。
- 东吴谋士，谏阻孙权因一时之忿自相吞并，以防曹操乘虚来攻。
- 东吴谋士。建议孙权派鲁肃求救于刘备。
- 东吴谋士，字子布，献计派心腹入荆州诈称国太病危，骗孙夫人带阿斗回东吴，以换取荆州。
- 东吴谋士，献计修书给刘璋和张鲁，以图刘备。
- 东吴谋士，与孙权商议索还荆州，献计使刘备奉还荆州。
- 东吴谋士，献计执诸葛瑾老小逼其弟诸葛亮劝刘备还荆州。
- 孙权谋士，认为可乘曹操在汉中而取合淝。
- 东吴谋士，劝孙权求和安民。
- 东吴谋士，建议礼接满宠，认为魏与吴本无仇。
- 东吴谋士，提醒孙权曹操可能反复。
- 东吴谋士。曾怀疑诸葛瑾背吴入蜀，后谏孙权不应受魏封爵。
- 东吴大臣，认为陆逊一书生不可用。
- 东吴重臣，启奏吴王改元，建议用油鼎烹邓芝，后赞同陆逊之见。
- 吴国大臣，字子布，劝孙权即帝位，后建议修文偃武与蜀同盟。",三国演义
三国演义_人物_张普_0,人物,"实体名：张普
实体描述：
- 魏国将领，为曹休先锋，战徐盛不敌，后伏于石亭之南，被朱桓一刀斩于马下。",三国演义
三国演义_人物_张杨_0,人物,"实体名：张杨
实体描述：
- 上党太守。随八路诸侯战虎牢，部将穆顺被吕布刺死。
- 吕布曾投之，杨纳布，后李傕、郭汜写信教杀吕布，布弃张杨。
- 河内太守，向献帝进献米肉。
- 太守，具粟帛迎驾于轵道，被封大司马，后屯兵野王。
- 河内太守。本篇中出兵欲救吕布，被部将杨丑所杀。
- 东汉末年军阀，其余众投靠曹操。",三国演义
三国演义_人物_张松_0,人物,"实体名：张松
实体描述：
- 字永年，益州别驾，奉命出使曹操，后转投刘备，献西川地理图，愿为内应。生得额钁头尖，鼻僵齿露，身短不满五尺，言语有若铜钟。博闻强记，能过目不忘。
- 刘璋部下，欲献西川与刘备，修书为内应，被兄张肃告发，全家斩首。
- 曾献西川图本给刘备，其遗图被玄德取用。",三国演义
三国演义_人物_张梁_0,人物,"实体名：张梁
实体描述：
- 张角之弟，与张角一同举兵，自称人公将军。在颍川与皇甫嵩、朱儁交战败走。
- 黄巾军首领，张角之弟，统众与皇甫嵩相拒，被斩于曲阳。",三国演义
三国演义_人物_张横_0,人物,"实体名：张横
实体描述：
- 韩遂部下八部将之一，在陷坑中战死。",三国演义
三国演义_人物_张武_0,人物,"实体名：张武
实体描述：
- 降将，在江夏造反，所骑之马为千里马，被赵云刺死。",三国演义
三国演义_人物_张济_0,人物,"实体名：张济
实体描述：
- 董卓部将，随守虎牢关。
- 董卓部将，随李傕攻入长安，封骠骑将军平阳侯，后领兵屯弘农。
- 统领大军自陕西来到，欲为李傕、郭汜解和，封骠骑将军。
- 张绣之叔，原统兵攻南阳，为流矢所中而死。其妻邹氏被曹操纳之。",三国演义
三国演义_人物_张温_0,人物,"实体名：张温
实体描述：
- 字惠恕，吴人，至江东被孙权敬礼。
- 东吴谋士，在座上欲与骆统一起问难诸葛亮。
- 东吴中郎将，字惠恕。奉命使蜀，态度傲慢，被秦宓辩难无言可对，后与邓芝同回吴国。",三国演义
三国演义_人物_张温_1,人物,"实体名：张温
实体描述：
- 司空，被董卓以结连袁术为由斩杀。",三国演义
三国演义_人物_张燕_0,人物,"实体名：张燕
实体描述：
- 常山贼（或势力首领），被袁绍与吕布共破。
- 黑山贼，引军十万降曹操，被封平北将军，后守北寨。",三国演义
三国演义_人物_张燕_1,人物,"实体名：张燕
实体描述：
- 古风中提及，霸南郑。",三国演义
三国演义_人物_张特_0,人物,"实体名：张特
实体描述：
- 魏国新城牙门将军，用缓兵之计骗退诸葛恪，后修补城池拒守。",三国演义
三国演义_人物_张球_0,人物,"实体名：张球
实体描述：
- 魏国骁将，领五千兵从湖口攻吴水寨。",三国演义
三国演义_人物_张皇后_0,人物,"实体名：张皇后
实体描述：
- 曹芳皇后，张缉之女，因密诏事被司马师命白练绞死。",三国演义
三国演义_人物_张约_0,人物,"实体名：张约
实体描述：
- 诸葛恪心腹将，掌御林军，随恪入宫被杀。",三国演义
三国演义_人物_张纮_0,人物,"实体名：张纮
实体描述：
- 字子纲，广陵人，有经天纬地之才，被孙策聘为参谋正议校尉，谏孙策自重。
- 孙策部下，曾被遣往许昌上表献捷，后留在许昌。孙策死后，被曹操封为会稽都尉，回吴辅佐孙权。
- 字子纲，与顾雍一同接待宾客。
- 东吴文官，主张降曹。
- 长史，劝孙权不可轻敌，孙权纳其言。
- 长史，字子纲，病故前上哀书劝孙权迁居秣陵，言有帝王之气。",三国演义
三国演义_人物_张纯_0,人物,"实体名：张纯
实体描述：
- 渔阳反贼，称大将军，凶暴被部下刺杀。",三国演义
三国演义_人物_张绍_0,人物,"实体名：张绍
实体描述：
- 张飞之弟，奉命守阆中。
- 私署侍中，与谯周、邓良赍玉玺至雒城请降，后招安各郡军民。
- 蜀汉侍中，随刘禅赴洛阳。",三国演义
三国演义_人物_张绣_0,人物,"实体名：张绣
实体描述：
- 张济之侄，统其众，用贾诩为谋士，屯兵宛城。先降曹操，因曹操纳其婶邹氏而怒，用贾诩计策反，袭击曹营，杀典韦、曹安民、曹昂。
- 军阀，据南阳，与刘表联合，后与曹操交战，用贾诩计策。
- 割据军阀。曹操煮酒论英雄时提及，视为碌碌小人。
- 军阀，曾与曹操有仇，后听从贾诩建议投降曹操，被封为扬武将军。他奉命招安刘表。
- 古风中提及，各逞雄才占一方。",三国演义
三国演义_人物_张缉_0,人物,"实体名：张缉
实体描述：
- 魏光禄大夫，张皇后之父，曹芳之皇丈，参与密谋，被搜出血诏，腰斩灭族。",三国演义
三国演义_人物_张翼_0,人物,"实体名：张翼
实体描述：
- 武阳人，刘璋部将。先与刘璝守城，后拔剑砍翻刘璝，开门投降刘备。
- 刘璋降将，后为刘备擢用。
- 赵云部将，守营寨，谨守寨栅。
- 中军护尉。
- 蜀汉副将，受命埋伏擒获阿会喃。
- 蜀将，守一寨。
- 蜀将，受孔明计策断孟获后路，后解孟优至孔明处。
- 蜀将，随诸葛亮征南蛮，曾筑立寨栅，后引军擒获祝融夫人等。
- 蜀汉前军都督，领扶风太守。
- 张翼，蜀汉将领，奉诸葛亮之命截杀马遵，后与王平等夹攻姜维。
- 蜀国将领。愿舍身当先，受孔明之命与王平各引精兵伏于山谷，截杀魏兵。
- 蜀汉将领，受孔明令出斜谷，与马忠等劫曹真营寨。
- 蜀汉将领，为后队攻渭水旱营，后引兵断司马懿来路。
- 蜀汉将领，曾与廖化杀败司马懿，后受孔明托付委用。
- 蜀汉先锋，后为征西大将军，随姜维伐魏，出战徐质败回，受计埋伏，后劝姜维不宜再进兵，姜维不听。
- 蜀汉左军，后与廖化埋伏山后，夹攻魏兵。
- 蜀将，认为蜀人连年动兵皆有怨望，建议乘胜收兵以安民心，后为先锋取骆谷。
- 蜀左车骑将军。建议取祁山，后与姜维合兵，劝退守剑阁。
- 蜀汉将领，与姜维、廖化同至剑阁。
- 蜀汉将领，死于钟会之乱乱军中。",三国演义
三国演义_人物_张肃_0,人物,"实体名：张肃
实体描述：
- 张松之兄，广汉太守。发现张松密信后首告，致张松被杀。",三国演义
三国演义_人物_张良_0,人物,"实体名：张良
实体描述：
- 留侯。汉朝开国功臣，画像在功臣阁。
- 汉初谋士，有匡扶宇宙之才，被诸葛亮举例。",三国演义
三国演义_人物_张节_0,人物,"实体名：张节
实体描述：
- 魏国黄门侍郎，反对司马炎篡位，被乱瓜打死。",三国演义
三国演义_人物_张苞_0,人物,"实体名：张苞
实体描述：
- 张飞长子。父亲被害后，具棺椁，自报刘备。请求为先锋，与关兴比试武艺，后结为兄弟。随军作战，生擒崔禹、谭雄等。
- 张飞之子，使用丈八矛，随刘备伐吴，刺死夏恂，后与关兴一同作战，并凌迟范疆、张达祭父。
- 蜀将，张飞之子。奉命出巡，救刘备冲出重围，护送上马鞍山，后带伤冲突。
- 蜀汉将领，张飞之子。诸葛亮密调其引兵三万屯于紧要之处，为各路救应。
- 张飞之子，蜀汉将领，被留作救应。
- 蜀汉帐前右护卫使，虎翼将军。
- 蜀将，张飞之子，持丈八点钢矛，奉诸葛亮之命接应赵云，杀魏将薛则，后与关兴等围攻南安。
- 张苞，蜀汉将领，保护孔明，后与姜维交战。
- 蜀将，张飞之子。与关兴同去退羌兵，被铁车军追急时遇伯父关羽显圣指路，救得关兴。后参与破羌兵。
- 蜀汉将领，张飞之子。与关兴同伏于武功山小路，大喊杀出，魏军弃甲而走。
- 蜀汉将领，张飞之子。奉命接应赵云、邓芝，后与关兴为前后救应使。
- 蜀汉将领，与关兴一同袭取魏寨。
- 蜀国将领。孔明右方，追击郭淮、孙礼时不慎连人带马跌入涧内，跌破头，送回成都后伤重身死。",三国演义
三国演义_人物_张英_0,人物,"实体名：张英
实体描述：
- 刘繇部将，领兵屯牛渚，被蒋钦周泰放火败走，后出城追孙策被陈武刺死。",三国演义
三国演义_人物_张茂_0,人物,"实体名：张茂
实体描述：
- 魏国太子舍人，字彦材，上表切谏魏主，被下令斩杀。",三国演义
三国演义_人物_张著_0,人物,"实体名：张著
实体描述：
- 蜀汉副将，随黄忠劫粮，被围后得赵云救出。",三国演义
三国演义_人物_张虎_0,人物,"实体名：张虎
实体描述：
- 江夏将领，随黄祖出战，被韩当一刀削去半个脑袋。",三国演义
三国演义_人物_张虎_1,人物,"实体名：张虎
实体描述：
- 魏国先锋，张辽之子，守头营，被蜀军袭营败走。
- 魏国将领，与戴陵等同入八卦阵，被缚。
- 魏国将领，与乐綝伏于渭水浮桥北岸射蜀兵，后奉命抢木牛流马。
- 魏国将领，受命救应司马懿，后接应冲出上方谷。
- 魏将，参与围困公孙渊。",三国演义
三国演义_人物_张衡_0,人物,"实体名：张衡
实体描述：
- 张鲁之父，继承张陵道术。",三国演义
三国演义_人物_张裔_0,人物,"实体名：张裔
实体描述：
- 蜀汉长史，掌丞相府事。",三国演义
三国演义_人物_张角_0,人物,"实体名：张角
实体描述：
- 巨鹿郡人，本是不第秀才，入山采药遇南华老仙得《太平要术》，晓夜攻习，能呼风唤雨，号为太平道人，自称大贤良师。后举兵反汉，自称天公将军。
- 黄巾军首领，已死，被皇甫嵩发棺戮尸枭首。
- 天公将军，黄巾首领，已死。裴元绍自称其部将。",三国演义
三国演义_人物_张让_0,人物,"实体名：张让
实体描述：
- 十常侍之一，灵帝尊信其为阿父。
- 十常侍之一，与赵忠等掌权，索金帛，藏匿告急表章，后与段珪等结构何苗。
- 十常侍之首，与段珪等劫持少帝、陈留王，后投河而死。
- 东汉十常侍之一，被姜维引用为鉴。",三国演义
三国演义_人物_张象_0,人物,"实体名：张象
实体描述：
- 吴前将军，率水兵迎敌，后请降，引晋兵入石头城。",三国演义
三国演义_人物_张超_0,人物,"实体名：张超
实体描述：
- 广陵太守，列为第十一镇诸侯。
- 张邈之弟，引陈宫来见张邈。
- 与吕布同在定陶，后自刎。",三国演义
三国演义_人物_张辽_0,人物,"实体名：张辽
实体描述：
- 字文远，雁门马邑人，吕布帐下健将，出战截住夏侯惇。
- 吕布部将，从东巷转出夹攻曹操，后巡海打粮未回。
- 吕布部将，奉命追赶抢回吕布之女，后追赶刘备被关羽敌住。
- 吕布麾下将领，攻西门，被关羽感化而不战。
- 张辽，字文远。本篇中为吕布部将，引兵守小沛，后护送许汜等出城，城破被擒，怒骂曹操，被救下。
- 字文远。原为吕布部将，被曹操释缚收降，拜为中郎将，赐爵关内侯。曾奉曹操命请刘备。
- 字文远，曹操部将，勇武过人。他欲斩祢衡被曹操制止，后奉命说降关羽，与关公有旧。
- 字文远。曹操部将，与关羽有旧交。奉命上土山劝降关羽，传达曹操诚意，促成关羽降汉三事。
- 字文远，曹操部将，与关公交厚，受命请住关公。
- 曹操部将，字文远。奉丞相钧旨传谕放行关公，劝解夏侯惇，并与关公拱手而别。
- 曹操部下大将，字文远，出战张郃斗四五十合不分胜负。后与许褚、徐晃、于禁等引军追赶袁绍，并斩蒋奇于马下。
- 曹操部将，在左队为第二队，后径冲袁绍旧寨。
- 曹操大将，射杀沮鹄，与袁尚交战。
- 曹操部将。为次军，斩蹋顿于马下。
- 曹操部将，为第二队。
- 曹操部将，至长坂桥，后劝曹操回军。
- 曹军将领，被曹操差遣带弓弩军三千到江边助射。
- 曹操部将，任护卫往来监战使，后驾小脚船扶曹操逃生，并射伤黄盖。
- 字文远，曹操部将。一箭射黄盖下水救曹操，后随曹操突围，在华容道劝关羽念旧情放行。
- 曹军大将，守合淝。专搦孙权决战，击败吴军，追赶孙权，后识破戈定内应之计，斩杀戈定及后槽，射伤太史慈。
- 曹魏将领，先锋，与凌统交锋，后守合淝。
- 魏国旧将，封列侯，在合淝等处据守关津隘口。
- 魏国大将，被丁奉射中腰，箭疮迸裂而亡。
- 魏国已故将领，张虎之父，文本中提及。",三国演义
三国演义_人物_张达_0,人物,"实体名：张达
实体描述：
- 张飞帐下末将，与范疆合谋刺杀张飞，投奔东吴。
- 杀害张飞的凶手之一，被东吴绑送蜀营，被张苞万剐凌迟。",三国演义
三国演义_人物_张遵_0,人物,"实体名：张遵
实体描述：
- 蜀汉尚书，与诸葛尚同守绵竹，后引军杀出战死。",三国演义
三国演义_人物_张邈_0,人物,"实体名：张邈
实体描述：
- 陈留太守，列为第六镇诸侯。
- 陈留太守，韩馥投奔之处。
- 吕布投之，陈宫说邈共取兖州，邈大喜令吕布袭破兖州。
- 与吕布同在定陶，后投袁术。",三国演义
三国演义_人物_张郃_0,人物,"实体名：张郃
实体描述：
- 袁绍部下的名将，被孔融提及。
- 袁绍部下大将，字儁乂，与张辽斗四五十合不分胜负。后与高览攻打曹营失利，因郭图谮言恐被问罪，遂与高览投降曹操，被封为偏将军、都亭侯，并请为先锋劫寨。
- 曹操部将，在右队为第二队，后径冲袁绍旧寨，在穰山挡住刘备，被赵云杀退，文本中亦作张邰。
- 曹操部将，为第二队。
- 河间大将，曾与赵云战十余合，赵云颠入土坑，张郃欲刺时见红光而退。
- 曹操部将。被曹操令断后，后与徐晃双敌赵云。
- 绿袍队武将，在铜雀台翻身背射中红心。
- 曹操部将，出战马超，二十合败走。
- 曹操部将，先锋，参与平定汉中，后守蒙头岩等隘口。
- 曹魏将领，守东川，欲取巴西，轻敌进兵。
- 魏国名将，曹洪部下，先后守宕渠三寨、瓦口关、葭萌关，与张飞、黄忠多次交战，屡败屡战，后被夏侯尚等轻视。
- 曹魏名将。守定军山，劝夏侯渊不可出战，后被黄忠、陈式夹攻败走，又围困黄忠，见赵云枪法心惊胆战。
- 魏国大将，为先行。
- 魏国名将，为先锋随司马懿出征，与王平交战，追击马谡，后被魏延拦截。
- 魏国将领，留守长安，后分道守把隘口。
- 魏国左将军，奉圣旨听调，曾追蜀兵不上，后守长安，被蜀军击败。
- 魏国名将，先锋。随司马懿出征，劫寨中伏，奋勇杀出重围救戴陵，后被孔明视为蜀中之害，领兵追击中计死战。
- 魏国先锋，字隽乂，性急躁，奋勇追击蜀兵，在木门道中万弩齐发射死。",三国演义
三国演义_人物_张钧_0,人物,"实体名：张钧
实体描述：
- 郎中，见刘备自陈功绩，入朝劝帝斩十常侍，被逐出。",三国演义
三国演义_人物_张闿_0,人物,"实体名：张闿
实体描述：
- 都尉，本是黄巾余党，护送曹嵩时见财起意，杀死曹嵩全家，取财物逃往淮南。
- 杀曹嵩之人，致曹操迁怒陶谦。",三国演义
三国演义_人物_张陵_0,人物,"实体名：张陵
实体描述：
- 张鲁之祖，在西川鹄鸣山造作道书，创立五斗米道。",三国演义
三国演义_人物_张韬_0,人物,"实体名：张韬
实体描述：
- 曹丕幸臣，与郭贵妃商议，诈称于甄夫人宫中掘得桐木偶人，上书天子年月日时，为魇镇之事。",三国演义
三国演义_人物_张音_0,人物,"实体名：张音
实体描述：
- 高庙使，持节奉玺至魏王宫，后赍回玺绶。",三国演义
三国演义_人物_张顗_0,人物,"实体名：张顗
实体描述：
- 袁尚部将，与马延同降曹操。
- 袁氏降将，与马延等一同攻幽州。
- 袁绍手下降将，与马延等同追赵云。
- 原袁绍部将，后降曹操。与马延同行，被甘宁手起一刀斩落马下。",三国演义
三国演义_人物_张飞_0,人物,"实体名：张飞
别名：张翼德，翼德
实体描述：
- 字翼德，世居涿郡，颇有庄田，卖酒屠猪，专好结交天下豪杰。身长八尺，豹头环眼，燕颔虎须，声若巨雷，势如奔马。与刘备、关羽桃园结义，打造丈八点钢矛。
- 字翼德，又称张翼德。刘备义弟，性发欲杀董卓，怒鞭督邮，勇猛善战。
- 字翼德，又称燕人张飞。刘备结义兄弟，时为步弓手。虎牢关战吕布，大骂“三姓家奴”，酣战五十余合，后与关羽、刘备合围吕布。
- 字翼德，刘备结义兄弟，与关羽随刘备助公孙瓒战袁绍。
- 字翼德，刘备结义兄弟，随刘备救北海，杀入贼阵，后与刘备杀奔曹营，直取于禁，追杀至徐州城下。
- 刘备三弟，随刘备到徐州，再三相劝刘备领徐州。
- 字翼德，刘玄德的结义兄弟，性格刚烈，多次与吕布发生冲突。
- 字翼德，又称翼德、张翼德。刘备结拜兄弟，守徐州时醉酒鞭打曹豹，导致吕布袭城，后杀曹豹，投淮南见刘备。
- 刘备的结义兄弟，字翼德，曾欲自刎被刘备阻止，后因恨吕布不肯随往小沛。
- 字翼德，刘备义弟，性烈好战。在辕门宴上欲与纪灵厮杀，后劫夺吕布从山东买回的马匹，引发吕布攻打小沛。突围时杀退宋宪、魏续。
- 刘备结义兄弟，名飞，守小沛东门，欲战张辽。
- 张飞，字翼德。本篇中与吕布交战，后在山中住扎，与关羽重逢，生擒郝萌，参与围攻下邳。
- 字翼德。刘备三弟。曾与纪灵交战，刺纪灵于马下。后杀尽车胄全家。与关羽一同保护刘备。
- 字翼德，刘备的结义兄弟，生擒刘岱，用智劫寨。粗莽但能用计。
- 刘备结义兄弟，勇猛善战。献计劫曹操寨，自以为得计，却中埋伏，杀出血路往芒砀山而去。
- 字翼德。刘备、关羽结义三弟。关羽曾向曹操夸赞其于百万军中取上将首级如探囊取物。
- 字翼德，刘备三弟。占住古城，招军买马。初误会关公降曹，欲杀之，后见关公斩蔡阳并问明实情，兄弟释疑。
- 刘备结义兄弟，屯兵西南角，救龚都不成，杀退夏侯渊，后与关羽同回。
- 刘备三弟。刺死陈孙，劝刘备勿赴襄阳。
- 字翼德。刘备结义兄弟，勇猛善战，文中从右路截杀吕翔，一矛刺死吕翔。
- 字翼德，刘备的结义兄弟。性格直率，曾想用麻绳捆来诸葛亮，后随刘备三顾茅庐。
- 字翼德，刘备三弟，随刘备往荆州，受孔明将令于安林山谷埋伏，火烧博望城粮草，后于博陵渡口拦击曹军。
- 字翼德，燕人，勇猛善战，曾于长坂桥横矛立马，三声大喝吓退曹军，并拆断桥梁。后保刘备且战且走。
- 刘备大将，与关羽、赵云并列。
- 字翼德。刘备三弟，曾与赵云守寨，后接应刘备。
- 字翼德，刘备部将，受孔明令领兵渡江截断彝陵路，在葫芦谷口埋伏。
- 字翼德，又称燕人张翼德，刘备部将。在葫芦口埋伏，横矛立马大叫“操贼走那里去”，吓破曹军胆。
- 字翼德，又称张翼德。刘备帐下猛将，骁勇非常，曾战邢道荣，活捉刘贤，攻取武陵郡，大喝一声吓退金旋，立军令状领三千军出战。
- 蜀汉将领，从姊归杀来捉周瑜。
- 刘备麾下大将。奉命巡视荆南，至耒阳县见庞统废事欲擒之，后观其断案大才，下席谢罪并极力举荐。
- 字翼德，刘备结义兄弟，奉命领四郡巡江。又称张翼德。
- 刘备部将，字翼德，巡哨至油江夹口，截住吴船，斩杀周善，与赵云一同夺回阿斗。
- 字翼德，又称张翼德。受孔明之命引兵入川，至巴郡与严颜交战，用计生擒严颜，义释之。
- 蜀汉大将，字翼德。与严颜同行取雒城，义释严颜，后与张任交战，被围时得赵云救援，又参与擒获张任。
- 刘备麾下猛将，字翼德，又称燕人张翼德。与马超在葭萌关大战百余合，不分胜负，性勇好战。
- 刘备部将，与关羽并称，勇冠三军。
- 蜀汉将领，守把巴西，与雷铜同守。
- 又称翼德，蜀汉猛将，性格刚强，用计诱张郃下山，饮酒装醉，实则败敌；后与魏延等攻瓦口关，从梓潼山小路夺关，大败张郃。
- 蜀汉名将，字翼德。被严颜替守阆中，后分兵杀来夺得南郑，又于褒州路上刺伤许褚，夺粮草。
- 字翼德，刘备之弟，五虎大将之一，性格勇猛直率，曾大叫主张刘备称皇帝。
- 即张飞，字翼德，刘备结义三弟，刘备差人赴阆中报知。
- 蜀汉车骑将军，领司隶校尉，封西乡侯，兼阆中牧。字翼德。因关羽被害，旦夕号泣，酒后暴怒鞭打士卒，被部将范疆、张达刺杀，年五十五岁。使丈八点钢矛。
- 蜀汉五虎大将之一，被范疆、张达所害。文中其首级被东吴送还，其子张苞将范疆、张达万剐凌迟祭父。
- 蜀汉名将，字翼德，刘备结义兄弟。已故，死后被上帝敕命为神，鬼魂与关羽同现。其女被立为刘禅皇后。
- 即张飞，蜀国猛将。孔明听闻张郃勇猛，回忆张翼德大战张郃之事。
- 古风中提及，义结关张。",三国演义
三国演义_人物_张飞之女_0,人物,"实体名：张飞之女
实体描述：
- 张飞女儿，年十七岁，被诸葛亮与群臣上言纳为刘禅正宫皇后。",三国演义
三国演义_人物_张鲁_0,人物,"实体名：张鲁
实体描述：
- 汉中太守，被曹操视为狐兔之一。
- 割据军阀。同上。
- 汉宁太守，沛国丰人，割据汉中，自号“师君”，创立米贼教派。
- 占据汉中，与刘璋有杀母之仇，时思侵犯。
- 汉中军阀，整顿兵马欲犯葭萌关，促使刘璋请刘备抵御。
- 东川割据势力，张昭献计让其进兵荆州。
- 汉中割据势力。欲以女招马超为婿，被杨柏谏止，后听信杨松之言，答应出兵救刘璋。
- 东川割据势力，欲自立为汉宁王。派马超攻葭萌关，后听信杨松谗言，欲害马超。
- 汉宁太守，割据汉中，后投降曹操，被封为镇南将军。
- 原汉中割据势力，被曹操降服，文本中提及曹操降张鲁之事。
- 古风中提及，霸南郑。",三国演义
三国演义_人物_彭伯_0,人物,"实体名：彭伯
实体描述：
- 议郎，与蔡邕同谏董卓勿杀卢植。",三国演义
三国演义_人物_彭和_0,人物,"实体名：彭和
实体描述：
- 蜀将，奉命杀出绵竹往东吴求救。",三国演义
三国演义_人物_彭安_0,人物,"实体名：彭安
实体描述：
- 袁谭部将，与徐晃交战被斩于马下。",三国演义
三国演义_人物_彭羕_0,人物,"实体名：彭羕
别名：彭永言
实体描述：
- 形貌伟异，来见庞统，被法正认出，疑为彭羕。
- 字永言，广汉人，蜀中豪杰。因直言触忤刘璋被髡钳为徒隶。告刘备防涪江决水，被拜为幕宾。
- 刘璋降将，后为刘备擢用。
- 与孟达交厚，因酒醉对马超言谋反，被擒下狱，赐死于狱。",三国演义
三国演义_人物_彻里吉_0,人物,"实体名：彻里吉
实体描述：
- 西羌国王，自曹操时年年入贡。接受魏使求救，命雅丹和越吉起兵十五万攻蜀。",三国演义
三国演义_人物_徐勋_0,人物,"实体名：徐勋
实体描述：
- 袁绍的从事中郎，被遣发遣曹操缮修郊庙，翊卫幼主。",三国演义
三国演义_人物_徐商_0,人物,"实体名：徐商
实体描述：
- 魏国副将，随徐晃出战，与关平交战败走。",三国演义
三国演义_人物_徐庶_0,人物,"实体名：徐庶
实体描述：
- 字元直，本名单福，颍川人。化名单福投刘备，为军师，破曹仁八门金锁阵，劫寨取樊城。后因母亲被曹操所囚，辞别刘备，临行推荐诸葛亮。
- 字元直，原在刘备处，因曹操囚其母而前往许昌。临行前向刘备推荐诸葛亮。
- 字元直，曹操谋士，称诸葛亮为当世奇才，不可小觑。
- 字元直，原为刘备谋士，后归曹操。受曹操命招降刘备，但实告刘备速走，并称不为曹操设一谋。
- 字元直，原为刘备谋士，因母被曹操所害而发誓不设一谋，后听从庞统计策离开曹营。",三国演义
三国演义_人物_徐晃_0,人物,"实体名：徐晃
实体描述：
- 字公明，河东杨郡人，手执大斧，斩崔勇于马下，后保护献帝。
- 字公明，杨奉部将，与许褚战五十余合，后经满宠说降归曹操，为校尉。
- 曹操部将。本篇中参与围攻下邳，追击吕布，并擒获陈宫。
- 曹操部将，被祢衡讥讽为可使屠猪杀狗，后与张飞大战。
- 曹操部将，与许褚截住关羽去路，后与颜良交战二十合败归。
- 曹操部将，与云长交厚。
- 曹操部下大将，字公明，派部将史涣获袁军细作，得知韩猛运粮，遂与史涣截击烧粮。后参与劫乌巢、追赶袁绍等战斗。
- 曹操部将，在右队为第三队，后截杀袁绍，其部将史涣出战袁尚。
- 曹操大将，斩汪昭，生擒审配。
- 曹操部将。出马斩彭安，后随张辽攻蹋顿。
- 曹军将领，与张辽一同被差遣带弓弩军助射。
- 曹操部将，任马步前军红旗。
- 曹操部将。与张郃双敌赵云，后随曹操突围，参与华容道之战。
- 绿袍队武将，在铜雀台射断柳条夺得锦袍，后与许褚厮打。
- 曹操部将。奉令从后面领兵杀至，截断西凉军马。
- 字公明。曹操部将，与曹洪守潼关，劝谏无效，后献计暗渡蒲阪津。
- 曹操部将，奉命渡河西结营。
- 曹操部将，字公明，曾保曹操突围，与庞德交战。
- 曹魏将领，随曹操分兵五路。
- 字公明，魏国大将，率兵与关公大战八十余合，解樊城之围。
- 魏右将军，与夏侯尚夹攻刘封，旗号右将军徐晃。
- 魏国大将，救张辽并保魏主而走。
- 魏国右将军，愿为司马懿先锋，前往新城。被孟达一箭射中头额，当晚身死。",三国演义
三国演义_人物_徐母_0,人物,"实体名：徐母
实体描述：
- 徐庶之母。被曹操赚至许昌，怒骂曹操为汉贼，以石砚打曹操，后程昱待之如亲母。
- 徐庶的母亲，高义贤德，因徐庶弃明投暗而自缢，后人有《徐母赞》赞扬。",三国演义
三国演义_人物_徐氏_0,人物,"实体名：徐氏
实体描述：
- 孙翊之妻，美而慧，善卜《易》，设计杀死妫览、戴员，为夫报仇，江东人称其德。",三国演义
三国演义_人物_徐璆_0,人物,"实体名：徐璆
实体描述：
- 杀袁胤，夺得玉玺献曹操，被封高陵太守。",三国演义
三国演义_人物_徐盛_0,人物,"实体名：徐盛
实体描述：
- 字文向，琅琊人，孙权部下良将。
- 东吴护军校尉，从江内去捉诸葛亮，被赵云射断篷索。
- 东吴将领。随周瑜攻南郡，救周瑜脱险。
- 东吴将领，奉周瑜将令在柴桑界首拦截刘备，被孙夫人喝退后飞报周瑜。
- 东吴将领，随周瑜为第二队。
- 孙权部将，随中军，驾舟相迎孙权。
- 东吴将领，杀入李典军中，被周泰救出。
- 东吴将领，参与袭取荆州并围困关公。
- 东吴将领，因孙权受封而放声痛哭，以为耻辱。
- 东吴将领，被陆逊命为护卫。
- 东吴将领，曾欲出击蜀兵，后受陆逊令屯于寨外接应淳于丹，又追杀刘备。
- 东吴将领，被封为安东将军，总镇都督建业、南徐军马。用芦苇为人设疑城，火攻破魏，全获大功。
- 东吴先锋，与张普交战，勇不可当，后引大军从正路杀魏兵。",三国演义
三国演义_人物_徐荣_0,人物,"实体名：徐荣
实体描述：
- 荥阳太守。奉李儒计伏击曹操，射中曹操肩膊。后与夏侯惇交战，被夏侯惇刺于马下。",三国演义
三国演义_人物_徐质_0,人物,"实体名：徐质
实体描述：
- 魏辅国将军，英勇过人，为先锋战败廖化、张翼，后中姜维埋伏，被乱刀砍死。",三国演义
三国演义_人物_忙牙长_0,人物,"实体名：忙牙长
实体描述：
- 孟获部将，使截头大刀，与王平交锋。
- 孟获部将，被遣引兵攻夹山峪，与马岱交锋，只一合被斩于马下。",三国演义
三国演义_人物_慕容烈_0,人物,"实体名：慕容烈
实体描述：
- 文聘部将，拦路被赵云一枪刺死。",三国演义
三国演义_人物_戈定_0,人物,"实体名：戈定
实体描述：
- 太史慈乡人，混入合淝城，与养马后槽合谋举火为号刺杀张辽，被张辽擒获斩杀。",三国演义
三国演义_人物_成何_0,人物,"实体名：成何
实体描述：
- 魏军督将，劝于禁移兵避水未果，后与庞德一同抵抗，被关羽一箭射落水中。",三国演义
三国演义_人物_成倅_0,人物,"实体名：成倅
实体描述：
- 魏偏将，引兵诱敌。
- 贾充部下，左有成倅，后因成济之罪被斩于市，灭三族。",三国演义
三国演义_人物_成宜_0,人物,"实体名：成宜
实体描述：
- 韩遂部下八部将之一，夜袭时被夏侯渊所杀。",三国演义
三国演义_人物_成廉_0,人物,"实体名：成廉
实体描述：
- 吕布帐下健将，与郝萌等同。
- 吕布从将，被乐进一箭射死。",三国演义
三国演义_人物_成济_0,人物,"实体名：成济
实体描述：
- 贾充部下，用戟刺死曹髦和焦伯，后被司马昭下令剐之、灭三族，临死叫屈说是贾充传命。",三国演义
三国演义_人物_戴员_0,人物,"实体名：戴员
实体描述：
- 丹阳郡丞，与妫览共谋杀孙翊，后被孙高、傅婴杀死。",三国演义
三国演义_人物_戴陵_0,人物,"实体名：戴陵
实体描述：
- 魏国副将。随张郃引兵劫蜀营，被困垓心，被张郃救出，后与张郃一同追击蜀兵。
- 魏国将领，受司马懿令从生门打入八卦阵，被缚。",三国演义
三国演义_人物_文丑_0,人物,"实体名：文丑
实体描述：
- 袁绍部将，与颜良齐名。
- 袁绍部将，砍死关纯，在磐河之战中击败公孙瓒，与赵云大战五六十合未分胜负。
- 袁绍的将军，勇冠三军，与颜良同为将军。
- 袁绍麾下大将，河北名将。为报颜良之仇领兵渡河，先击败张辽、徐晃，后被关羽战不三合，心怯而走，被关羽追上斩于马下。
- 袁绍部将，被关公所斩（提及）。
- 袁绍部将，被关羽所斩，与颜良并称二鹿。
- 袁绍部将，被关羽所斩，周瑜提及。",三国演义
三国演义_人物_文叔_0,人物,"实体名：文叔
实体描述：
- 曹爽从弟，夏侯令女之夫，早亡。",三国演义
三国演义_人物_文王_0,人物,"实体名：文王
实体描述：
- 周文王姬昌，孔子称赞其至德，曹操自比。",三国演义
三国演义_人物_文种_0,人物,"实体名：文种
实体描述：
- 春秋时越国大夫，姜维引其典故，称大夫种，卒伏剑而死。",三国演义
三国演义_人物_文聘_0,人物,"实体名：文聘
实体描述：
- 刘表部将。奉命请赵云赴席，以调开赵云。
- 荆州大将，曾阻魏延，后归曹操，被除为江夏太守，引军开道。
- 曹操部将，领巡船接应焦触、张南，被韩当、周泰击败，后中箭受伤。
- 曹操部将。被毛玠救起，后随曹操突围。
- 字仲业，绿袍队武将，在铜雀台射中红心，欲夺锦袍。
- 魏国大将，撑小舟救曹丕，负之下得龙舟。",三国演义
三国演义_人物_文虎_0,人物,"实体名：文虎
实体描述：
- 文钦之子，与兄文鸯同降魏。",三国演义
三国演义_人物_文钦_0,人物,"实体名：文钦
实体描述：
- 魏扬州刺史，曹爽门下客，与毋丘俭起兵讨司马师，后兵败投东吴。
- 魏将，后随诸葛诞起兵，因劝诞放北军省粮被斩。",三国演义
三国演义_人物_文鸯_0,人物,"实体名：文鸯
实体描述：
- 文钦之子，字阿鸯，有万夫不当之勇，单骑退魏兵，与邓艾战五十合不分胜负。
- 文钦之子，与弟文虎因父被杀，投魏降司马昭。",三国演义
三国演义_人物_方悦_0,人物,"实体名：方悦
实体描述：
- 河内名将，王匡部将。出战吕布，无五合被吕布一戟刺于马下。",三国演义
三国演义_人物_施朔_0,人物,"实体名：施朔
实体描述：
- 武卫士，与魏邈同奏孙綝将变，参与擒孙綝。",三国演义
三国演义_人物_昌奇_0,人物,"实体名：昌奇
实体描述：
- 杨任部将，出马与夏侯渊交锋，战不三合被斩。",三国演义
三国演义_人物_昌稀_0,人物,"实体名：昌稀
实体描述：
- 泰山寇首领。",三国演义
三国演义_人物_昌豨_0,人物,"实体名：昌豨
实体描述：
- 泰山贼寇之一。本篇中与孙观等同领兵拦路。",三国演义
三国演义_人物_晏明_0,人物,"实体名：晏明
实体描述：
- 曹洪部将，持三尖两刃刀，被赵云不三合刺死。",三国演义
三国演义_人物_普净_0,人物,"实体名：普净
实体描述：
- 镇国寺僧人，关公同乡，以戒刀暗示关公，助其识破卞喜阴谋。
- 玉泉山老僧，法名普净，原为汜水关镇国寺长老。点化关羽英魂，使其顿悟皈依。",三国演义
三国演义_人物_曹丕_0,人物,"实体名：曹丕
实体描述：
- 曹操长子，字子桓，时年十八岁。有逸才，善骑射好击剑，随军破冀州后径入袁绍家。
- 曹操之子，又称曹不，世子。拔剑欲斩甄氏，后纳甄氏为妻。曾与曹植在邺郡造铜雀台。
- 曹操长子，字子桓，后立为王世子。
- 曹操次子，与吴质密议，后暗买植左右告发杨修。
- 曹操长子，字子桓。被曹操立为继承人，后即魏王位，受汉帝诏命为魏王、丞相、冀州牧。
- 魏王，后称帝，改元延康为黄初，谥父曹操为武王，逼汉献帝禅位，封其为山阳公。与曹彰、曹植为兄弟，曾令曹植七步成诗。继位后威逼汉帝，后自立为大魏皇帝。
- 魏帝，篡汉自立。刘备起兵时，曹丕已称帝，孙权曾向其称臣。
- 魏主，曹操之子。预判刘备必败于陆逊，调三路军马准备暗袭东吴。
- 魏国皇帝，又称魏主。欲一统天下，先伐蜀吴，不听贾诩、刘晔之言，遣三路大兵伐吴，皆败。后闻刘备已亡，欲起兵伐蜀，从司马懿五路进兵之计，后得知蜀汉退兵之计而叹。
- 魏国君主，又称魏主。闻吴蜀连和大怒，起兵伐吴，亲乘龙舟至广陵，最终大败而回。
- 魏国皇帝，新败于蜀，锐气已丧。
- 魏国皇帝，文皇帝。在位七年，纳甄氏、郭贵妃，因甄夫人失宠将其赐死，立郭贵妃为后。后患病，托孤于曹真、陈群、司马懿，去世时年四十岁。
- 魏文帝，封公孙恭为车骑将军、襄平侯。
- 魏文帝，曾见钟会兄弟，问其汗。
- 曹操之子，篡汉称帝，文中提及绍汉统故事。
- 古风中提及。",三国演义
三国演义_人物_曹仁_0,人物,"实体名：曹仁
实体描述：
- 字子孝，曹氏兄弟，引兵千余助曹操。弓马熟娴，武艺精通。
- 曹操部将，屡战吕布不能胜，告急曹操；后受命领一军围兖州。
- 曹操部将，与夏侯惇守鄄城，后接见曹操班师。
- 曹操部将，领兵右出，后为将军。
- 曹操麾下将领，留守许都。
- 曹操部将。本篇中奉命引兵打沛城，并袭取小沛。
- 曹操的将领，总督大军屯于官渡。
- 曹操部下将领，与李典领一军伏于右，后从左边冲出攻击袁军。
- 曹操部将，与荀彧守许都。
- 曹操部将，统兵屯樊城，为报二吕之仇，起大军攻新野，摆八门金锁阵被破，又劫寨失败，丢失樊城。
- 曹操部将，为第一队前锋，引军十万攻新野，中火攻水淹之计大败。
- 曹操部将，与张飞混战，收拾残军屯新野。
- 曹操部将，在白河被诸葛亮用水攻，心惊胆裂。
- 字子孝，曹操部将。守南郡，与东吴交战，遵曹操遗计诱周瑜入城射伤之，后败走襄阳。
- 曹操部将。劝谏曹洪性躁，后押送粮草，坚守寨栅。
- 曹操部下大将，引军夹河立寨。
- 曹操部将，曹氏宗族，外藩镇守之官，夜见曹操被许褚挡住不敢入。
- 曹操部将，后部押运粮草。
- 曹魏将领，与张辽屯合淝。
- 曹操的部将，镇守樊城、襄阳，被关羽击败，退守樊城，后得满宠劝谏坚守。
- 魏国将领，镇守樊城，见关公落马欲冲出城，后被徐晃等救应。
- 魏将，受曹丕令督一军出濡须，暗袭东吴。
- 魏国大将，字子孝。引大军取羡溪，遣常雕等攻濡须城，被朱桓杀败，又被吴兵从羡溪杀出，大败而退。
- 魏国大司马，已亡。",三国演义
三国演义_人物_曹休_0,人物,"实体名：曹休
实体描述：
- 字文烈，曹氏宗族少年将军，在铜雀台射箭正中红心，被曹操称为“吾家千里驹”。
- 曹魏将领，暗放冷箭射凌统坐马，后总督御林军马。
- 曹魏将领，押后队。
- 与曹洪一同带剑逼献帝。
- 魏将，受曹丕令督一军出洞口，暗袭东吴。
- 魏国合后将领。
- 魏国征东大将军，后为大司马。受曹丕托孤，参与拥立曹睿，后奉命迎击司马懿，并总督雍、凉军马。
- 魏国扬州都督，被周鲂断发所骗，深入重地，在石亭被陆逊大破，气忧成病，疽发背而死。",三国演义
三国演义_人物_曹免_0,人物,"实体名：曹免
别名：曹璜
实体描述：
- 常道乡公，被司马昭立为帝，改名曹免，字景明，为曹操之孙、燕王曹宇之子。封司马昭为相国、晋公。",三国演义
三国演义_人物_曹参_0,人物,"实体名：曹参
实体描述：
- 西汉相国，曹操自称其后代，被诸葛亮指为汉臣。
- 汉初功臣，与萧何同随高祖举大事。",三国演义
三国演义_人物_曹奂_0,人物,"实体名：曹奂
实体描述：
- 魏主，随司马昭御驾亲征。
- 魏国末代皇帝，被迫禅位给司马炎，封陈留王。又称魏主。
- 魏主，亡于太安元年。",三国演义
三国演义_人物_曹娥_0,人物,"实体名：曹娥
实体描述：
- 孝女，其父曹旰堕江，曹娥绕江啼哭七昼夜后跳江，负父尸浮出。",三国演义
三国演义_人物_曹子丹_0,人物,"实体名：曹子丹
实体描述：
- 即曹真，曹爽之父，桓范称其以智谋自矜。",三国演义
三国演义_人物_曹子孝_0,人物,"实体名：曹子孝
实体描述：
- 即曹仁，曹操族弟，世间福将，被祢衡呼为“要钱太守”，后统领御林军。",三国演义
三国演义_人物_曹宇_0,人物,"实体名：曹宇
实体描述：
- 燕王，文帝曹丕之子，被任命为大将军但辞不受，后被迫归国。",三国演义
三国演义_人物_曹安民_0,人物,"实体名：曹安民
实体描述：
- 曹操之兄子，窥见邹氏并告知曹操，领兵取邹氏至军中。曹操逃奔时步随，后被贼兵砍为肉泥。",三国演义
三国演义_人物_曹嵩_0,人物,"实体名：曹嵩
实体描述：
- 曹操之父，本姓夏侯，为曹腾养子。
- 曹操之父，自陈留避难隐居瑯琊，应曹操之请前往兖州，途经徐州时被张闿杀害。
- 曹操之父，被张闿杀害。
- 曹操的父亲，乞匄携养，因赃假位，舆金辇璧，输货权门，窃盗鼎司。",三国演义
三国演义_人物_曹彦_0,人物,"实体名：曹彦
实体描述：
- 曹爽之弟，为散骑常侍。
- 曹爽之弟，与曹爽一同被诛杀。",三国演义
三国演义_人物_曹彰_0,人物,"实体名：曹彰
实体描述：
- 曹操次子，卞氏所生。
- 曹操次子，字子文，黄须儿。善骑射，能手格猛兽，来助战，三合败刘封，一戟刺吴兰于马下。
- 曹操次子，字黄须，性刚勇武，自长安领十万大军来争王位。
- 曹丕之弟，封鄢陵侯，带兵入城奔丧，后交出兵权，回鄢陵自守。",三国演义
三国演义_人物_曹德_0,人物,"实体名：曹德
实体描述：
- 曹操之弟，与曹嵩一同被害。",三国演义
三国演义_人物_曹性_0,人物,"实体名：曹性
实体描述：
- 吕布帐下健将，与郝萌等同。
- 吕布部将，与郝萌一起杀出。
- 吕布麾下将领，射中夏侯惇左目，被夏侯惇杀死。",三国演义
三国演义_人物_曹操_0,人物,"实体名：曹操
实体描述：
- 字孟德，小字阿瞒，一名吉利，沛国谯郡人。父曹嵩本姓夏侯，为曹腾养子。操有权谋机变，曾任洛阳北部尉、顿丘令，时人称治世之能臣乱世之奸雄。黄巾起拜骑都尉，引兵助战。
- 字孟德，典军校尉，随皇甫嵩讨张梁，后建议何进正君位，反对召外兵诛宦官。
- 字孟德，又称操。东汉骁骑校尉，后屈身事董卓，借献七宝刀行刺未成，逃往故乡。途中与陈宫相遇，说出“宁教我负天下人，休教天下人负我”。
- 字孟德，又称曹公。东汉末年权臣，本次讨董联军发起者之一。散家资招募义兵，发矫诏召集诸侯。后独自追击董卓失败，投扬州。
- 字孟德，东郡太守，后为镇东将军。讨伐青州黄巾，收编青州兵，威名日重。后起兵为父报仇攻打徐州。
- 字孟德，又称曹孟德，围攻徐州，被刘备写信劝和，后因吕布袭破兖州而退兵，与吕布交战濮阳，曾险被围杀，赖典韦救出。
- 本回主角之一，又称操、明公、主公、曹将军。与吕布大战，中陈宫之计被火伤，后设计击败吕布，又领兵攻打徐州，最终得兖州。
- 东汉末年的军阀，在定陶大破吕布，后表奏朝廷加封为建德将军费亭侯，拥兵二十余万，谋臣武将数十员。
- 字孟德，又称曹孟德、曹将军、操。在山东起兵，应诏入洛阳，击败李傕、郭汜，后迁都许都，自封大将军武平侯，掌握朝政。用二虎竞食之计和驱虎吞狼之计对付刘备、吕布。
- 孙策遣人结交。
- 字孟德，号曹公、丞相。收留刘备，表其为豫州牧。亲讨张绣，因纳邹氏导致宛城之败，折长子曹昂、爱侄曹安民、猛将典韦。后设计加封吕布，使其与刘备解和。
- 东汉丞相，字孟德，号曹孟德，会合三将征袁术、吕布，用兵如神。又称操、曹孟德、丞相。
- 曹操，字孟德，又称曹公、明公、丞相。本篇中率军征讨吕布，采纳荀彧、郭嘉之计水淹下邳，最终擒杀吕布，收降张辽，善待陈宫家眷。
- 字孟德，小字阿瞒，又称曹丞相。在许田打围中擅权，接受群臣呼万岁，行为僭越。煮酒论英雄时称刘备与自己为天下英雄。疑心重，曾收杀赵彦，诬告杨彪，并派许褚追刘备。后封赏出征人员，掌控朝政。
- 字孟德，司空，汉贼。患头风，读陈琳檄文后惊愈。遣刘岱、王忠虚张声势攻刘备，自引大军拒袁绍。部下有荀彧、程昱、曹洪等。
- 又名曹公、曹孟德、丞相，汉朝丞相，权倾朝野，挟天子以令诸侯。他善用兵，多谋略，但为人多疑，残忍。文中他招降张绣，羞辱祢衡，设计杀吉平，并诛杀董承全家及董贵妃。
- 字孟德，又称曹公、丞相。汉丞相，挟天子以令诸侯。爱惜关羽之才，厚待之，欲收为己用，赠赤兔马、金银、美女等，但关羽终不忘刘备。
- 又称丞相、曹公。部下诸将，待关公甚厚，赠金袍，不追关公，称赞关公为义士。
- 又称丞相，敬爱关公忠义，多次传令放行，后差蔡阳往汝南攻刘辟。
- 东汉丞相，势力强大。称孙策为“狮儿”，后闻孙策死，欲起兵下江南，被张纮劝止。
- 曹操，字孟德，汉丞相，统率七万军马迎战袁绍于官渡。他善于用计，采纳许攸、荀攸等谋士之策，亲率五千人马夜袭乌巢，烧毁袁军粮草，最终大败袁绍。他待人宽厚，焚毁部下通敌书信，厚葬沮授。
- 字孟德，又称操、丞相，率领曹军追击袁绍，在仓亭大胜，后迎战刘备，最终提兵回许都，商议兴兵攻袁绍。
- 曹军统帅，率军与袁氏作战，最终攻破冀州。又称操、曹丞相、明公等。
- 曹丞相，字阿瞒。统领众将入冀州城，定冀州，祭袁绍墓，领冀州牧，纳甄氏为曹丕妇，杀许攸，征袁谭，定辽东，筑铜雀台等。
- 字孟德，汉丞相。挟天子以令诸侯，欲取荆州，遣曹仁等屯樊城，后设计赚徐庶母至许昌。
- 字孟德，挟天子以令诸侯，势力强大。曾设计召徐庶，建玄武池练水军，欲南征。
- 丞相，罢三公之职自兼，聚武将商议南征，起大军五十万，杀孔融，后得宋忠降书。
- 字孟德，丞相，率大军南征，攻占新野、樊城、襄阳，后追刘备至当阳，欲生擒赵云，被张飞喝退，又中诸葛亮之计。
- 字孟德，汉丞相，挟天子以令诸侯。拥兵百万，上将千员，欲吞江东，被诸葛亮称为汉贼。
- 汉相实为汉贼，拥兵百万，欲得二乔，被周瑜骂为老贼。
- 字孟德，又称操、操贼、丞相、汉大丞相。北方霸主，统领八十三万大军，欲灭东吴，中周瑜反间计杀蔡瑁张允。
- 曹军统帅，字孟德，又称“丞相”。在重雾中不敢出兵，令弓弩手乱箭射之，被孔明借得十万余箭。后接受荀攸建议，派蔡中、蔡和前往东吴诈降。
- 又名丞相，东汉末年的权臣，率领大军南征，在长江上宴饮赋诗，横槊言志，后遭火攻败退。
- 字孟德，东汉丞相，又称曹贼、丞相。赤壁之战败后率残部经乌林、华容道逃往南郡，途中多次大笑周瑜、诸葛亮无谋，最终被关羽放走。
- 又称曹丞相。曾引百万之众下江南，被东吴杀退。部下有张辽、李典、乐进等。被陈应称为“曹丞相”。
- 字孟德，被称为曹贼，赤壁之战后欲报恨起兵攻荆州，是刘备与东吴的共同敌人。
- 丞相，在邺郡铜雀台大会文武，观武官比试弓箭，后听闻刘备得荆州而惊骇，采纳程昱计策表奏周瑜、程普为太守。
- 东汉丞相。闻刘备得诸葛亮、庞统，聚众谋士议南征，用荀攸计召马腾入京杀之，后决意南征。
- 又称曹阿瞒、孟德、操贼、丞相。本回中起兵三十万下江南，被马超追杀，割须弃袍，最终脱险。
- 东汉丞相，字孟德，号曹公，用兵如神，多智谋。
- 字孟德，丞相，扫荡中原，傲睨得志。撰《孟德新书》，被张松讥讽后怒而烧书。又称曹丞相。
- 字孟德，丞相，威福日甚，受封魏公加九锡，后起军四十万报赤壁之仇，与孙权相拒于濡须，最终退兵回许昌。
- 兴兵犯濡须，令乐进引兵至青泥镇。
- 孔明假设曹操引兵来犯，问云长对策。
- 东汉丞相。夏侯渊向其请示后得军令破马超，后封杨阜为关内侯。
- 称魏公，挟天子以令诸侯，欲南征被傅干谏止，后带剑入宫威逼献帝，杀伏后全家，威势日甚。
- 魏公、曹丞相，兴兵西征汉中，后得东川，又救合淝。曾欲收庞德，用计擒之。封张鲁为镇南将军。
- 又名曹孟德、曹阿瞒，魏王，领兵四十万救合淝，与孙权相拒，被左慈戏弄，后封魏王，立曹丕为世子。
- 魏王，曾降张鲁、定汉中，留夏侯渊、张郃守备，自引军北还；其屯粮积草于天荡山。
- 魏王，字孟德。亲统大军救汉中，闻夏侯渊死放声大哭，后与刘备相拒，被魏延射伤，因杨修鸡肋之事杀修，最终退兵斜谷。
- 字孟德，又称魏王、操，挟天子以令诸侯，与刘备敌对，怒刘备自立汉中王，欲起兵征讨。
- 字孟德，魏王，闻关公威震华夏欲迁都，纳司马懿、蒋济之策联结东吴。
- 魏王，字孟德。在洛阳自葬关羽后每夜见关公，欲建始殿伐跃龙祠梨树，触怒树神，头痛病重，后杀华佗，病势愈重，梦见伏皇后等索命，遗命立曹丕为嗣，气绝而死。又称曹瞒。
- 先王，谥号武王，葬于邺郡高陵。曾欲立曹植为世子，被谗臣所阻。
- 国贼，已故。赵云等认为曹魏才是主要敌人，而非孙权。
- 魏国奠基者，太祖武皇帝。曾怜夏侯渊，以女清河公主招夏侯楙为驸马。曾言司马懿鹰视狼顾，不可付以兵权。
- 魏国奠基人，曾追击袁尚至辽东。
- 魏武帝，司马昭称其不肯受禅于汉，曹免为其孙。
- 魏国奠基人，文中提及“若天命在吾，吾其为周文王乎”。
- 古风中提及，专权居相府。",三国演义
三国演义_人物_曹旰_0,人物,"实体名：曹旰
实体描述：
- 上虞巫者，醉舞舟中堕江而死，曹娥之父。",三国演义
三国演义_人物_曹昂_0,人物,"实体名：曹昂
实体描述：
- 曹操长子，淯水之战中将己马奉曹操，自己被乱箭射死。
- 曹操长子，征张绣时死于宛城。",三国演义
三国演义_人物_曹植_0,人物,"实体名：曹植
别名：陈思王子建
实体描述：
- 曹操少子，性敏慧，善文章。建议建铜雀、玉龙、金凤三台及飞桥。
- 曹操幼子，字子建，作《铜雀台赋》，赋中有“揽二乔于东南”之句。
- 曹操第三子，字子建，极聪明，举笔成章，曹操欲立为后嗣。
- 曹操第三子，爱杨修之才，被曹操欲立为世子。
- 曹操第三子，字子建，为人虚华少诚实，嗜酒放纵，不被立为继承人。
- 临淄侯，字子建，因不来奔丧被擒，后奉曹丕命七步成诗，被贬为安乡侯。与丁仪、丁廙交好。
- 即曹植，字子建，封陈思王，太祖武皇帝曾欲立其为社稷主。",三国演义
三国演义_人物_曹永_0,人物,"实体名：曹永
实体描述：
- 曹仁部将，被庞德一刀砍于马下。",三国演义
三国演义_人物_曹洪_0,人物,"实体名：曹洪
实体描述：
- 字子廉，曹氏兄弟，引兵千余助曹操。弓马熟娴，武艺精通。在荥阳之战中救起落马的曹操，背负曹操渡水。
- 曹操部将，随操袭西寨，后战张辽、臧霸不利。
- 曹操部将，引军在右，后与何曼交战，用拖刀背砍计杀之。
- 曹操部将，倍道而来协助夏侯惇，后为将军。
- 曹操麾下将领，拒敌张绣连输数阵。
- 曹操的部将，曹操读檄文后顾谓曹洪询问作者。
- 曹操部将，被派统领三千御林军，以防外戚宗族入宫。
- 曹操部下将领，与夏侯惇各引三千军冲阵，后与荀攸、贾诩同许攸守大寨，并参与攻打袁绍营寨。
- 曹操部将，在右队为第一队，后留屯河上虚张声势，在仓亭之战中挡住袁绍去路。
- 曹操将领，守官渡，后引兵攻邺。
- 曹操部将。奋威突阵，杀袁谭于阵中。
- 曹操部将，与曹仁同为第一队，夺新野空城后被火烧。
- 曹操部将，曾下山问赵云姓名。
- 曹操部将，任水陆路都接应使。
- 曹操部将。守彝陵为掎角，与甘宁交战败走，后参与南郡之战。
- 曹氏宗族将领，在铜雀台射中红心，欲取锦袍。
- 曹操部将。奉曹操密令，在许昌城外领红旗军马，炮响弓弩齐发，截杀马腾。
- 曹操部将。与徐晃守潼关，因急躁出战致失关，后救曹操与马超大战四五十合。
- 曹操部下将领，曾与夏侯渊夹攻马超。
- 曹操部将，领三万铁甲马军哨至江边，探查东吴军情。
- 曹魏将领，领兵五万助夏侯渊等守东川，斩任夔。
- 魏国将领，张郃的上司，因张郃失隘口大怒欲斩之，后听郭淮谏再给五千兵取葭萌关。
- 曹魏将领，守南郑，禀报张郃之事。
- 曹操部将，受托后事，辅佐曹丕。
- 带剑逼献帝出殿，索要玉玺，令武士斩符宝郎祖弼。",三国演义
三国演义_人物_曹熊_0,人物,"实体名：曹熊
实体描述：
- 曹操第四子，卞氏所生。
- 曹操第四子，多病难保。
- 萧怀侯，惧罪自缢身死，后追赠萧怀王。",三国演义
三国演义_人物_曹爽_0,人物,"实体名：曹爽
实体描述：
- 字昭伯，曹真之子，与司马懿同受托孤，后专权，被司马懿所图。
- 魏国大将军，随魏主出城谒陵畋猎，被司马懿发动政变夺权，后投降被诛灭三族。又称曹将军。",三国演义
三国演义_人物_曹真_0,人物,"实体名：曹真
实体描述：
- 魏将，受曹丕令督一军出南郡，暗袭东吴。
- 魏国大将军，字子丹。被曹丕封为大都督，领兵十万取阳平关，为五路大军之一。后被陆逊、诸葛瑾夹攻大败。诸葛亮调赵云守关，料其不久自退。
- 魏国将领，兵出阳平关，屯兵斜谷道不能取胜；后为前部先锋伐吴。
- 魏国中军大将军，后为大将军。受曹丕托孤之臣，劝曹睿不可轻易加兵司马懿，提出仿汉高伪游云梦之计，后奉命监国。
- 曹真，魏国大都督，受曹睿之命领兵御蜀，与王朗、郭淮共议退兵之策。
- 魏国大都督，与郭淮商议求救于西羌。后连败于蜀军，折损先锋曹遵、朱赞，哀伤不已，上表求救。
- 魏国大都督，字子丹。司马懿令其拒守郿城，后与郭淮商议恐司马懿得全功，分兵取街亭、列柳城。
- 魏国大都督，闻陈仓告急令王双救之，后得姜维密书欲里应外合，结果折了费耀。
- 魏国都督，字子丹，受诏坚守不战，与郭淮、孙礼计议抵御蜀军，后因王双被斩而忧病，回济阳。
- 魏国大司马，字子丹。上表伐蜀，与司马懿同领大军，后因天雨奉诏还朝。
- 魏国大司马，字子丹。与司马懿分守谷口赌赛，被诸葛亮书信气死。
- 字子丹，曹爽之父，曾与司马懿共破蜀兵。",三国演义
三国演义_人物_曹睿_0,人物,"实体名：曹睿
别名：曹叡，魏主
实体描述：
- 魏国皇帝，字元仲，曹丕之子，养母为郭贵妃。十五岁随父出猎时不忍射杀小鹿，被封为平原王。曹丕死后被拥立为大魏皇帝，谥父为文皇帝，母为文昭皇后。后因流言怀疑司马懿谋反，将其削职回乡。
- 曹睿，魏国君主，太和元年升殿，拜曹真为大都督御蜀。
- 魏国皇帝，曹丕之子。闻曹真败绩，御驾亲征，复司马懿官职，加为平西都督。
- 魏国皇帝，令张郃为先锋，与司马懿一同征进，后封赏功臣。
- 魏国皇帝，字元仲。纳孙资、司马懿之策，后召司马懿议收川，加郝昭为镇西将军。
- 魏主，字元仲，听从司马懿计策，下诏令曹真坚守，后封司马懿为大都督。
- 魏国皇帝曹睿，亦称睿。同意曹真伐蜀，后因大雨下诏退兵。
- 魏国皇帝，闻曹真死，下诏催司马懿出战。
- 魏主，知孔明伐魏急召司马懿，闻张郃死挥泪叹息。
- 魏国君主，魏主。改元青龙，闻蜀兵出祁山大惊，命司马懿御敌。
- 魏国皇帝，魏主。亲征东吴，令司马懿坚守。后准辛毗持节传谕勿战。
- 魏国皇帝，魏主。在许昌、洛阳大兴土木，建宫殿、高台，听信马钧之言，派人拆取长安柏梁台铜人及承露盘，又立郭夫人为后，赐死毛皇后。
- 魏明帝，在位十三年，封公孙渊为扬烈将军、辽东太守，后召司马懿征讨公孙渊，病逝前托孤于司马懿和曹爽。
- 魏明帝，曹芳出城谒其墓。
- 古风中提及。",三国演义
三国演义_人物_曹纯_0,人物,"实体名：曹纯
实体描述：
- 曹仁之弟。引兵救曹洪，围彝陵，后参与混战。",三国演义
三国演义_人物_曹羲_0,人物,"实体名：曹羲
实体描述：
- 曹爽之弟，为中领军，引三千御林军。
- 曹爽之弟，与曹爽一同被司马懿夺权诛杀。",三国演义
三国演义_人物_曹腾_0,人物,"实体名：曹腾
实体描述：
- 中常侍，曹嵩之养父。
- 曹操的祖父，中常侍，与左棺、徐璜并作妖孽，饕餮放横，伤化虐民。",三国演义
三国演义_人物_曹节_0,人物,"实体名：曹节
实体描述：
- 十常侍之一，弄权害蔡邕。
- 十常侍之一，劫持太后等。",三国演义
三国演义_人物_曹芳_0,人物,"实体名：曹芳
实体描述：
- 魏明帝曹睿乞养之子，字兰卿，继位为魏主，改元正始元年，由司马懿和曹爽辅政。
- 魏国皇帝，随曹爽出城谒陵，后听司马懿表奏，封司马懿为丞相加九锡。又称魏主、天子。
- 魏主，因司马师专权恐惧，与李丰、张缉、夏侯玄密谋诛司马师，事泄被废为齐王。
- 魏国前君主，司马昭称曹髦欲效曹芳。
- 古风中提及。",三国演义
三国演义_人物_曹训_0,人物,"实体名：曹训
实体描述：
- 曹爽之弟，为武卫将军。
- 曹爽之弟，与曹爽一同被诛杀。",三国演义
三国演义_人物_曹豹_0,人物,"实体名：曹豹
实体描述：
- 陶谦部将，愿助陶谦破曹操，挺枪与夏侯惇交战。
- 吕布岳父，在徐州被张飞鞭打后，密书吕布袭城，后被张飞刺死于河中。
- 其女为吕布次妻，已亡。",三国演义
三国演义_人物_曹豹之女_0,人物,"实体名：曹豹之女
实体描述：
- 吕布次妻，曹豹之女，先亡无出。",三国演义
三国演义_人物_曹贵人_0,人物,"实体名：曹贵人
实体描述：
- 曹操之女，被立为正宫皇后，大贤大孝。",三国演义
三国演义_人物_曹遵_0,人物,"实体名：曹遵
实体描述：
- 曹遵，曹真宗弟，魏国先锋，奉命劫蜀寨，中计自相掩杀。
- 魏国先锋，属曹真部下。追赶蜀兵时被魏延一刀斩于马下。",三国演义
三国演义_人物_曹髦_0,人物,"实体名：曹髦
实体描述：
- 高贵乡公，文皇帝之孙，被立为新君，改元正元，谦逊有礼。
- 魏国君主，封邓艾为安西将军，改正元三年为甘露元年，被迫随司马昭出征淮南。
- 魏主，又称天子、髦，作《潜龙诗》暗讽司马昭，不甘受辱，率宿卫讨伐司马昭，被成济一戟刺死。
- 古风中提及。",三国演义
三国演义_人物_曾宣_0,人物,"实体名：曾宣
实体描述：
- 寿春守将，献北门放魏兵入城。",三国演义
三国演义_人物_木鹿大王_0,人物,"实体名：木鹿大王
实体描述：
- 八纳洞洞主，深通法术，能呼风唤雨，骑白象，驱虎豹豺狼，手下有三万神兵。与蜀军交战时被假兽击败，死于乱军之中。",三国演义
三国演义_人物_朱儁_0,人物,"实体名：朱儁
实体描述：
- 中郎将，与皇甫嵩同拒张梁、张宝于颍川。
- 朝廷将领，待刘备甚厚，合兵讨张宝，后平定黄巾余党，表奏孙坚、刘备等功。
- 太仆，保举曹操讨伐青州黄巾，后入朝同领朝政。
- 大司农，与杨彪一同劝和，后归家成病而死。",三国演义
三国演义_人物_朱光_0,人物,"实体名：朱光
实体描述：
- 庐江太守，受曹操命镇守皖城。
- 庐江太守，曹操部将，屯兵皖城，被甘宁用铁链打倒，后被乱刀砍死。",三国演义
三国演义_人物_朱太后_0,人物,"实体名：朱太后
实体描述：
- 孙休之妻，被濮阳兴奏请立君，表示由臣下斟酌。",三国演义
三国演义_人物_朱异_0,人物,"实体名：朱异
实体描述：
- 东吴先锋，引兵迎战魏军，败退后被孙綝斩首。",三国演义
三国演义_人物_朱恩_0,人物,"实体名：朱恩
实体描述：
- 诸葛恪心腹将，掌御林军。",三国演义
三国演义_人物_朱桓_0,人物,"实体名：朱桓
实体描述：
- 字休穆，吴郡人，至江东被孙权敬礼。
- 东吴将领，字休穆，年二十七岁，极有胆略。督军于濡须，以少胜多，斩魏将常雕，大败曹仁。
- 东吴左都督，字休穆。献策伏于夹石、挂车，后奉陆逊令抄魏寨后，斩张普。",三国演义
三国演义_人物_朱治_0,人物,"实体名：朱治
实体描述：
- 字君理，丹阳故鄣人，孙坚旧从事官，劝孙策借兵往江东，后为吴郡太守。
- 东吴武将，被周瑜任为四方巡警使。",三国演义
三国演义_人物_朱灵_0,人物,"实体名：朱灵
实体描述：
- 曹操部将，与路昭同被派助刘备征袁术。后回许都复命。
- 曹操部将，与徐晃同渡河西。",三国演义
三国演义_人物_朱然_0,人物,"实体名：朱然
实体描述：
- 东吴将领，随吕蒙出征。
- 东吴将领，奉命伏于麦城之北二十里，后与潘璋一同追击关羽，围攻关平。
- 虎威将军，被封为右都督，与孙桓同领水陆军。水军结营江上，后败退。
- 东吴将领，受陆逊令于水路进兵，后截住刘备去路，被赵云一枪刺于马下。",三国演义
三国演义_人物_朱芳_0,人物,"实体名：朱芳
实体描述：
- 魏将，奉王经命战姜维。",三国演义
三国演义_人物_朱褒_0,人物,"实体名：朱褒
实体描述：
- 牂牁郡太守，反叛，被高定所杀。",三国演义
三国演义_人物_朱赞_0,人物,"实体名：朱赞
实体描述：
- 朱赞，魏国荡寇将军，副先锋，与曹遵同劫蜀寨，中计败走。
- 魏国副先锋，属曹真部下。追赶时被赵云一枪刺死。",三国演义
三国演义_人物_朵思大王_0,人物,"实体名：朵思大王
别名：朵思大王
实体描述：
- 秃龙洞洞主，与孟优交厚，建议孟获据守秃龙洞，利用四毒泉对付蜀军，后与孟获一同被杨锋擒获。
- 孟获部下，守把三江城，使用毒药箭。城破后死于乱军之中。",三国演义
三国演义_人物_李严_0,人物,"实体名：李严
实体描述：
- 南阳人，字正方。被费观举保，一同领三万军守绵竹。
- 刘璋部下，与黄忠交战，被诸葛亮设计劝降，后为刘备所用。
- 蜀汉尚书令，字正方。受刘备遗命至永安宫。与孟达有生死之交，诸葛亮留其守永安宫，并作李严亲笔信缓孟达。
- 蜀汉将领，镇守白帝城，被认为可抵挡陆逊。
- 蜀汉将领，孔明檄其守川口以拒东吴。
- 蜀汉镇守永安宫将领，派其子李丰向孔明报喜，言孟达欲反魏归蜀。
- 蜀汉大臣，遣苟安解送粮米，被提及。
- 蜀汉都护，因军粮不济发书告急骗孔明回师，又妄奏后主，被贬为庶人。
- 蜀汉官员，曾望孔明复收，闻孔明死大哭病死。",三国演义
三国演义_人物_李丰_0,人物,"实体名：李丰
实体描述：
- 袁术麾下催进使，后守寿春被生擒斩首。",三国演义
三国演义_人物_李丰_1,人物,"实体名：李丰
实体描述：
- 李严之子，奉父命至祁山寨见孔明，呈上孟达书信，报孟达欲起兵取洛阳。
- 李严之子，被孔明用为长史。",三国演义
三国演义_人物_李丰_2,人物,"实体名：李丰
实体描述：
- 魏中书令，与曹芳密谋诛司马师，事泄被腰斩灭族。",三国演义
三国演义_人物_李乐_0,人物,"实体名：李乐
实体描述：
- 原为啸聚山林之贼，被召来救驾，封征北将军，后欲结连李傕、郭汜劫驾。
- 白波帅，诈称李傕、郭汜，被徐晃一斧砍于马下。",三国演义
三国演义_人物_李傕_0,人物,"实体名：李傕
实体描述：
- 董卓部将。曾奉董卓之命与孙坚结亲被拒。后与郭汜驱民迁都。
- 董卓部将，董卓死后逃往陕西，后听贾诩计攻入长安，杀王允，掌握朝政。封车骑将军池阳侯。
- 董卓余党，与郭汜知庞舒送还吕布妻小，遂斩庞舒，写书与张杨教杀吕布。
- 西凉军阀，自为大司马，与郭汜交兵，劫持天子，后因军心涣散势力渐衰。
- 董卓旧部，犯洛阳，被曹操击败后往山中落草。
- 贾诩昔从之人，贾诩称曾得罪天下。
- 东汉权臣，被段煨所杀。
- 古风中提及，与郭汜兴刀枪。",三国演义
三国演义_人物_李儒_0,人物,"实体名：李儒
实体描述：
- 董卓女婿，谋士。为董卓出谋划策，主导废立及鸩杀少帝等事。
- 董卓谋士。献计迁都长安，并劝董卓杀袁隗。
- 董卓谋士，建议董卓假天子诏和解袁绍与公孙瓒，后劝董卓勿因小过责吕布。
- 董卓的谋士，曾劝董卓将貂蝉赐给吕布，后因董卓不听而感叹。最终被王允下令处斩。",三国演义
三国演义_人物_李典_0,人物,"实体名：李典
实体描述：
- 字曼成，山阳巨鹿人。投奔曹操，被留为帐前吏。
- 曹操部将，随操袭西寨。
- 曹操部将，随军入城，后生擒黄劭，参与攻打吕布。
- 曹操部将，随曹洪见驾，后为校尉。
- 曹操部将，随曹操收残兵。
- 曹操麾下将领，领兵五万先行。
- 曹操的将领，与于禁屯兵河上。
- 曹操部将，参与八面埋伏，拦住刘备去路，掳走从骑。
- 曹操部将，随曹操送行关公。
- 曹操部下将领，拥卫曹操出战，后与曹仁领一军伏于右，以备不虞。
- 曹操部将，在左队为第三队，后截杀袁绍，并追击刘备。
- 曹操将领，与乐进同杀袁尚救军。
- 曹操部将。攻并州，夺壶关。
- 曹操部将，与曹仁同守樊城，劝曹仁不可轻敌，后随曹仁出战，败退时保护曹仁渡河。
- 曹操部将，为副将，见道路狭窄恐火攻，拦后军。
- 曹操部将，至长坂桥，疑有伏兵。
- 曹操部将，任后军皂旗。
- 曹操部将。保护众谋士与曹操会合，后守合淝。
- 曹军大将，与乐进助张辽，射死宋谦，擒戈定。
- 曹操部将，字曼成，与张辽不睦，后听其指挥，在逍遥津北埋伏。
- 曹魏将领，随张辽出战，徐盛杀入其军中。",三国演义
三国演义_人物_李别_0,人物,"实体名：李别
实体描述：
- 李傕之侄，见樊稠放走韩遂，回报李傕。
- 李傕之侄，见李暹死惊倒撞马下，被许褚斩之。",三国演义
三国演义_人物_李堪_0,人物,"实体名：李堪
实体描述：
- 韩遂部下八部将之一，随韩遂起兵。
- 韩遂部将，劝割地请和，后在于禁射箭时被误杀。",三国演义
三国演义_人物_李孚_0,人物,"实体名：李孚
实体描述：
- 袁尚主簿，扮作曹军都督入冀州与审配联络。",三国演义
三国演义_人物_李封_0,人物,"实体名：李封
实体描述：
- 吕布副将，与薛兰同守兖州。
- 兖州守将，使画戟，与许褚交战两合被斩。",三国演义
三国演义_人物_李崇_0,人物,"实体名：李崇
实体描述：
- 中书郎，受孙綝之命夺孙亮玺绶。",三国演义
三国演义_人物_李异_0,人物,"实体名：李异
实体描述：
- 孙桓部将，有万夫不当之勇。与张苞交战，被关兴斩杀。",三国演义
三国演义_人物_李恢_0,人物,"实体名：李恢
实体描述：
- 建宁俞元人，伏阶谏阻刘璋迎刘备，被叱退。
- 建宁俞元人，字德昂。原为刘璋部下，后归刘备，自荐前往马超寨说降马超，成功。
- 蜀汉后军领兵使，安汉将军、领建宁太守。
- 蜀汉将领，与王平守街亭小路。
- 蜀汉将领，负责先运粮草于斜谷道口伺候。",三国演义
三国演义_人物_李意_0,人物,"实体名：李意
实体描述：
- 青城山隐者，传说三百余岁，能知吉凶，被称为神仙。被陈震请至御营，画图暗示刘备伐吴不利。",三国演义
三国演义_人物_李斯_0,人物,"实体名：李斯
实体描述：
- 秦朝丞相，在传国玺上篆刻“受命于天，既寿永昌”八字。",三国演义
三国演义_人物_李春香_0,人物,"实体名：李春香
实体描述：
- 黄奎之妾。与苗泽私通，用言语挑出黄奎欲杀曹操之谋，告知苗泽，后被曹操斩首。",三国演义
三国演义_人物_李暹_0,人物,"实体名：李暹
实体描述：
- 李傕的侄子，引兵围住宫院，监押天子于郿坞。
- 李傕之侄，出马阵前被许褚一刀斩首。",三国演义
三国演义_人物_李歆_0,人物,"实体名：李歆
实体描述：
- 蜀将，与句安分守麴山二城，重伤突围求救。",三国演义
三国演义_人物_李氏_0,人物,"实体名：李氏
实体描述：
- 庞德的妻子，庞德出征前将儿子庞会托付给她。",三国演义
三国演义_人物_李氏_1,人物,"实体名：李氏
实体描述：
- 马邈之妻，责骂丈夫不忠，闻城破自缢而死，邓艾感其贤厚礼葬之。",三国演义
三国演义_人物_李珪_0,人物,"实体名：李珪
实体描述：
- 刘表幕官，劝立长子刘琦，被蔡瑁斩首，至死大骂。",三国演义
三国演义_人物_李球_0,人物,"实体名：李球
实体描述：
- 蜀将，于绵竹战死。",三国演义
三国演义_人物_李福_0,人物,"实体名：李福
实体描述：
- 蜀汉尚书，奉后主命至五丈原问安并询后事，两次前往。
- 蜀汉官员，奉命到成都报丞相诸葛亮已亡，并细述丞相临终言语。",三国演义
三国演义_人物_李肃_0,人物,"实体名：李肃
实体描述：
- 虎贲中郎将，与吕布同乡。受董卓之托，以赤兔马、金珠等说吕布降卓。
- 董卓部将，与华雄同守关。曾为华雄出谋夜袭孙坚寨。
- 吕布同郡骑都尉，曾劝吕布杀丁原投董卓，后奉王允命去郿坞骗董卓入朝，并参与诛杀董卓。后因战败被吕布斩首。",三国演义
三国演义_人物_李胜_0,人物,"实体名：李胜
实体描述：
- 字公昭，曹爽门客，被任命为荆州刺史，往探司马懿病情。
- 曹爽心腹，与何晏等同谋篡逆，被斩。",三国演义
三国演义_人物_李膺_0,人物,"实体名：李膺
实体描述：
- 河南尹，孔融十岁时往谒，孔融自称李相通家。",三国演义
三国演义_人物_李蒙_0,人物,"实体名：李蒙
实体描述：
- 董卓余党，与王方出战马腾、韩遂，被马超生擒后斩首。",三国演义
三国演义_人物_李虎_0,人物,"实体名：李虎
实体描述：
- 尚书郎，送文簿与邓艾。",三国演义
三国演义_人物_李譔_0,人物,"实体名：李譔
实体描述：
- 蜀汉博士。",三国演义
三国演义_人物_李辅_0,人物,"实体名：李辅
实体描述：
- 孟达心腹人，与邓贤出首孟达反情，后献新城迎接司马懿。
- 魏国将领，作为内应助司马懿破孟达。
- 魏前军，受命围乐城。",三国演义
三国演义_人物_李通_0,人物,"实体名：李通
实体描述：
- 镇威中郎将，字文达，江夏平春人，接应曹操，被封建功侯。
- 曹操部将，出战马超，被一枪刺于马下。",三国演义
三国演义_人物_李鹏_0,人物,"实体名：李鹏
实体描述：
- 魏将，随司马望出战，被傅佥用四楞铁简打死。",三国演义
三国演义_人物_杜义_0,人物,"实体名：杜义
实体描述：
- 蜀汉行参军，裨将军。",三国演义
三国演义_人物_杜微_0,人物,"实体名：杜微
实体描述：
- 蜀汉尚书。",三国演义
三国演义_人物_杜琼_0,人物,"实体名：杜琼
实体描述：
- 蜀汉谏议大夫。与董允同往丞相府，后入奏后主请圣驾亲往。
- 蜀汉谏议大夫。",三国演义
三国演义_人物_杜睿_0,人物,"实体名：杜睿
实体描述：
- 蜀汉裨将，与胡忠受孔明密计，在葫芦谷中监督匠作制造木牛流马。",三国演义
三国演义_人物_杜祺_0,人物,"实体名：杜祺
实体描述：
- 蜀汉武略中郎将。",三国演义
三国演义_人物_杜袭_0,人物,"实体名：杜袭
别名：杜袭
实体描述：
- 侍中，议欲尊曹操为魏王。
- 夏侯渊部将，守对山，被黄忠夺山而逃，后与张郃同守汉水。",三国演义
三国演义_人物_杜路_0,人物,"实体名：杜路
实体描述：
- 洞溪汉将，率兵助蜀。
- 蜀将，兵败后投降东吴。",三国演义
三国演义_人物_杜远_0,人物,"实体名：杜远
实体描述：
- 廖化同伴，劫持二夫人，欲分一人为妻，被廖化所杀。",三国演义
三国演义_人物_杜预_0,人物,"实体名：杜预
实体描述：
- 晋右将军，被羊祜临终举荐，后拜镇南大将军都督荆州事，老成练达，好读《左传》，率兵伐吴，攻克江陵，劝晋主急进。",三国演义
三国演义_人物_来敏_0,人物,"实体名：来敏
实体描述：
- 蜀汉祭酒。",三国演义
三国演义_人物_来骘_0,人物,"实体名：来骘
实体描述：
- 东吴大臣，认为陆逊只堪治郡，不可托以大事。",三国演义
三国演义_人物_杨丑_0,人物,"实体名：杨丑
实体描述：
- 张杨部将。本篇中杀张杨欲献首曹操，后被眭固所杀。",三国演义
三国演义_人物_杨仪_0,人物,"实体名：杨仪
实体描述：
- 蜀汉领长史，绥军将军。
- 蜀汉长史，孔明将安营之法分付与他，欲替回马谡。
- 蜀汉丞相长史，赍出师表至成都。
- 蜀汉将领，质疑孔明收军，孔明解释粮尽需退兵。
- 蜀汉长史，为苟安求情，建议孔明饶恕。
- 蜀汉长史，建议分兵两班循环相转以解决粮草问题，后受孔明密计埋伏。
- 蜀汉长史，向孔明报告粮米搬运不便。
- 蜀汉长史，受孔明遗命统领撤军，与魏延不和。依计行事，后开锦囊斩魏延。
- 蜀汉长史、绥军将军，丞相诸葛亮临终委以大事，总兵权，率众扶柩回汉中，后与魏延相争，依锦囊计策杀魏延，因口出怨言被贬为庶人，后自刎而死。",三国演义
三国演义_人物_杨任_0,人物,"实体名：杨任
实体描述：
- 张鲁部将，曾谏杨昂勿追，后与夏侯渊交战，被拖刀计斩于马下。",三国演义
三国演义_人物_杨修_0,人物,"实体名：杨修
实体描述：
- 字德祖，太尉杨彪之子，丞相门下掌库主簿。博学能言，智识过人，自恃其才。曾以《孟德新书》示张松。
- 曹魏主簿，字德祖。解“绝妙好辞”隐语，后因鸡肋之事被曹操以惑乱军心罪斩杀。",三国演义
三国演义_人物_杨大将_0,人物,"实体名：杨大将
实体描述：
- 袁术长史，参与商议对付孙策，献计先伐刘备。
- 袁术部将，献计先送粮食结好吕布，使其不救刘备，再擒刘备后图徐州。",三国演义
三国演义_人物_杨奉_0,人物,"实体名：杨奉
实体描述：
- 原为李傕部将，后反叛，保护献帝，与董承一同救驾。
- 李傕旧将，后为白波帅，与韩暹引军屯大梁，拦路劫驾，败后投袁术。
- 原汉臣，后降袁术，第七路降将，取浚山，后反戈助吕布，被刘备所杀。",三国演义
三国演义_人物_杨彪_0,人物,"实体名：杨彪
实体描述：
- 太尉，迎接少帝还京。
- 司徒。谏阻董卓迁都，被罢为庶民。
- 太尉，献计用反间计使李傕、郭汜自相残害，后赴两营劝和。
- 太尉，奏帝宣召曹操入朝。
- 太尉。被曹操诬告交通袁术而下狱，后经孔融谏言免官归田。
- 故太尉，被曹操因缘眦睚加以非罪，榜楚参并，五毒备至。
- 太尉，杨修之父。",三国演义
三国演义_人物_杨怀_0,人物,"实体名：杨怀
实体描述：
- 刘璋的白水都督，与高沛共同守把涪水关，以防刘备兵变。
- 刘璋部将，守关隘。与高沛欲刺刘备，被刘备擒杀。",三国演义
三国演义_人物_杨昂_0,人物,"实体名：杨昂
实体描述：
- 张鲁部将，与杨任劫曹营，后追击曹兵时被张郃杀死。",三国演义
三国演义_人物_杨暨_0,人物,"实体名：杨暨
实体描述：
- 魏国官员。入奏刘晔前后言辞不一，请魏主召问。",三国演义
三国演义_人物_杨松_0,人物,"实体名：杨松
实体描述：
- 杨柏之兄。与杨柏共谋图马超，黄权先来见杨松，说服其引见张鲁救刘璋。
- 张鲁谋士，极贪贿赂，收受金珠后进言张鲁召回马超，又进谗言陷害马超。
- 张鲁谋士，极贪贿赂，接受曹操密书，进谗言陷害庞德，后卖主求荣被曹操斩首。",三国演义
三国演义_人物_杨柏_0,人物,"实体名：杨柏
实体描述：
- 张鲁大将。谏阻张鲁以女招马超为婿，被马超怨恨，后与兄杨松商议图谋马超。
- 张鲁部下，任监军。随马超出征，被魏延击败，后马超降刘时将其斩杀。",三国演义
三国演义_人物_杨欣_0,人物,"实体名：杨欣
实体描述：
- 魏金城太守，烧甘松诸寨，拦截姜维。",三国演义
三国演义_人物_杨氏_0,人物,"实体名：杨氏
实体描述：
- 马超之妻。被梁宽、赵衢在翼城城上一刀砍死。",三国演义
三国演义_人物_杨洪_0,人物,"实体名：杨洪
实体描述：
- 刘璋降将，后为刘备擢用。
- 蜀汉尚书。",三国演义
三国演义_人物_杨济_0,人物,"实体名：杨济
实体描述：
- 晋冠军将军，出屯襄阳，节制诸路人马。",三国演义
三国演义_人物_杨琦_0,人物,"实体名：杨琦
实体描述：
- 侍中，劝献帝忍耐李傕，并密奏贾诩可谋。",三国演义
三国演义_人物_杨祚_0,人物,"实体名：杨祚
实体描述：
- 公孙渊麾下先锋，与卑衍同守辽隧，后兵败。",三国演义
三国演义_人物_杨秋_0,人物,"实体名：杨秋
实体描述：
- 韩遂部下八部将之一，随韩遂起兵。
- 韩遂部将，劝求和并奉命下书，后投降曹操被封为西凉太守。",三国演义
三国演义_人物_杨锋_0,人物,"实体名：杨锋
实体描述：
- 银冶洞二十一洞主，引三万兵来助孟获，实为报诸葛亮恩德，在酒席间擒获孟获、孟优、朵思大王，献于诸葛亮。
- 南蛮洞主，曾助诸葛亮擒获孟获等人，被封官爵后拜谢而去。",三国演义
三国演义_人物_杨阜_0,人物,"实体名：杨阜
实体描述：
- 凉州参军，字义山，劝曹操乘势剿灭马超。
- 原韦康参军，字义山。劝韦康不降未果，被马超复用，后借假葬妻之机联络姜叙等人起兵讨伐马超，身中五枪犹死战，被曹操封关内侯。
- 魏国官员。上疏谏魏主退兵。
- 魏国少傅，上表引经据典劝谏魏主不可极宫室之高丽，魏主不省。",三国演义
三国演义_人物_杨陵_0,人物,"实体名：杨陵
实体描述：
- 南安太守，杨阜族弟，与崔谅交厚，欲将计就计杀蜀军，被关兴斩于马下。",三国演义
三国演义_人物_杨雄_0,人物,"实体名：杨雄
实体描述：
- 西汉辞赋家，以文章名世，但屈身事王莽，被诸葛亮称为小人之儒。",三国演义
三国演义_人物_杨顒_0,人物,"实体名：杨顒
实体描述：
- 蜀汉主簿，劝谏诸葛亮不必亲理细事，引用司马懿之言。",三国演义
三国演义_人物_杨龄_0,人物,"实体名：杨龄
实体描述：
- 长沙管军校尉。请战关羽，被关羽不三合砍于马下。",三国演义
三国演义_人物_柳甫_0,人物,"实体名：柳甫
实体描述：
- 公孙渊御史大夫，同往请降被杀。",三国演义
三国演义_人物_桓帝_0,人物,"实体名：桓帝
实体描述：
- 汉朝皇帝，禁锢善类，崇信宦官。
- 东汉皇帝，桓帝朝郑玄官至尚书。后因十常侍之乱，郑玄弃官。
- 东汉皇帝，胡华曾在其时为议郎。",三国演义
三国演义_人物_桓彝_0,人物,"实体名：桓彝
实体描述：
- 尚书，挺身为孙亮辩护，大骂孙綝，被孙綝斩杀。",三国演义
三国演义_人物_桓范_0,人物,"实体名：桓范
实体描述：
- 字元则，大司农，有智谋，被称为智囊，谏曹爽勿兄弟皆出。
- 魏国司农，矫诏出城劝曹爽赴许都调兵，曹爽不从。后被下狱斩首。又称桓大夫。",三国演义
三国演义_人物_桓阶_0,人物,"实体名：桓阶
实体描述：
- 军吏，自愿入城与刘表讲和，以黄祖换孙坚尸首。",三国演义
三国演义_人物_桥玄_0,人物,"实体名：桥玄
实体描述：
- 时人，谓曹操能安天下。",三国演义
三国演义_人物_桥蕤_0,人物,"实体名：桥蕤
实体描述：
- 袁术部将，参与商议。
- 袁术麾下上将，取小沛，后与夏侯惇战败被杀。",三国演义
三国演义_人物_梁兴_0,人物,"实体名：梁兴
实体描述：
- 韩遂部下八部将之一，随韩遂起兵。
- 韩遂部将，在混战中被马超剁倒。",三国演义
三国演义_人物_梁刚_0,人物,"实体名：梁刚
实体描述：
- 袁术麾下催进使，后守寿春被生擒斩首。",三国演义
三国演义_人物_梁孝王_0,人物,"实体名：梁孝王
实体描述：
- 先帝母昆，坟陵尊显，曹操帅将吏士亲临发掘，破棺裸尸，掠取金宝。",三国演义
三国演义_人物_梁宽_0,人物,"实体名：梁宽
实体描述：
- 被杨阜推荐，马超用为军官。后与赵衢在城上大骂马超，斩杀马超妻杨氏及幼子等亲属。",三国演义
三国演义_人物_梁畿_0,人物,"实体名：梁畿
实体描述：
- 魏参军，奉司马懿之命赍檄去新城，令孟达准备征进，使其不疑。",三国演义
三国演义_人物_梁绪_0,人物,"实体名：梁绪
实体描述：
- 天水功曹，建议马遵起兵救夏侯楙。
- 梁绪，天水城守将，与姜维交厚。后因被疑与姜维结连，遂与尹赏开城降蜀，被诸葛亮封为天水太守。",三国演义
三国演义_人物_梁虔_0,人物,"实体名：梁虔
实体描述：
- 天水主记，建议马遵起兵救夏侯楙。
- 梁虔，梁绪之弟，守上邽城。后受梁绪招降归顺诸葛亮，被封为上邽令。又名梁虚。",三国演义
三国演义_人物_梨树之神_0,人物,"实体名：梨树之神
实体描述：
- 跃龙祠旁大梨树之神，披发仗剑，身穿皂衣，指责曹操伐其神木，称曹操数尽，欲杀之。",三国演义
三国演义_人物_楚怀王_0,人物,"实体名：楚怀王
实体描述：
- 王累谏章中提及，不听屈原之言会盟武关为秦所困。",三国演义
三国演义_人物_楚文王_0,人物,"实体名：楚文王
实体描述：
- 春秋楚国君主，卞和献玉后解之得玉。",三国演义
三国演义_人物_楼玄_0,人物,"实体名：楼玄
实体描述：
- 吴大司农，因谏孙皓被杀害。",三国演义
三国演义_人物_樊岐_0,人物,"实体名：樊岐
实体描述：
- 蜀汉从事，武略中郎将。",三国演义
三国演义_人物_樊建_0,人物,"实体名：樊建
实体描述：
- 蜀汉掾史，随孔明征南。
- 蜀汉典军书记。
- 蜀国将领。与董厥同受孔明分付。
- 蜀汉官员，问孔明何以知郑文诈降。
- 蜀令史，谏姜维不宜再伐魏，认为前功尽弃。
- 蜀汉尚书令，随刘禅赴洛阳，被封侯爵。",三国演义
三国演义_人物_樊氏_0,人物,"实体名：樊氏
实体描述：
- 赵范之嫂，寡居，有倾国倾城之色。赵范欲将其许配赵云，赵云以乱人伦为由拒绝。",三国演义
三国演义_人物_樊稠_0,人物,"实体名：樊稠
实体描述：
- 董卓部将，随守虎牢关。
- 董卓部将，随李傕攻入长安，封右将军万年侯。后因放走韩遂被李傕设宴斩杀。",三国演义
三国演义_人物_樊能_0,人物,"实体名：樊能
实体描述：
- 刘繇部将，见捉了于糜挺枪赶孙策，被孙策大喝一声惊骇撞马破头而死。",三国演义
三国演义_人物_檀敷_0,人物,"实体名：檀敷
实体描述：
- 字文友，山阳人，江夏八俊之一。",三国演义
三国演义_人物_步阐_0,人物,"实体名：步阐
实体描述：
- 吴将，被陆抗攻拔西陵时斩首。",三国演义
三国演义_人物_步骘_0,人物,"实体名：步骘
实体描述：
- 字子山，东吴谋士，讥讽诸葛亮效苏秦张仪之舌，被诸葛亮驳斥后默然无语。
- 东吴文官，主张降曹。
- 东吴官员，奉孙权命往曹营求和。
- 东吴谋士，指出曹操嫁祸于吴，建议让曹仁先起兵取荆州，吴军暗取荆州。
- 东吴大臣，奏请送还张飞首级及范疆、张达求和。",三国演义
三国演义_人物_武侯_0,人物,"实体名：武侯
实体描述：
- 指诸葛亮，姜维深得武侯之法。",三国演义
三国演义_人物_武安国_0,人物,"实体名：武安国
实体描述：
- 北海太守孔融部将，使铁锤。与吕布战到十余合，被吕布一戟砍断手腕。",三国演义
三国演义_人物_段煨_0,人物,"实体名：段煨
实体描述：
- 将军，向献帝进献衣服饮膳。
- 将领，杀了李傕，被封荡寇将军。",三国演义
三国演义_人物_段珪_0,人物,"实体名：段珪
实体描述：
- 十常侍之一。
- 十常侍之一，与张让结构何苗，令早晚入何太后处善言遮蔽。
- 十常侍之一，与张让劫持少帝等，后被闵贡所杀。",三国演义
三国演义_人物_殷馗_0,人物,"实体名：殷馗
实体描述：
- 辽东人，善晓天文，曾预言五十年后有真人起于梁沛之间。
- 善观天文，曾谓群星聚于颍分，其地必多贤士。",三国演义
三国演义_人物_毋丘俭_0,人物,"实体名：毋丘俭
实体描述：
- 魏国幽州刺史，上表报称公孙渊造反。
- 魏国镇南都督，领兵攻武昌。
- 魏镇东将军，闻司马师废主，起兵讨伐，屯于项城，后兵败被慎县县令宋白所杀。",三国演义
三国演义_人物_毋丘甸_0,人物,"实体名：毋丘甸
实体描述：
- 毋丘俭长子，劝父起兵讨司马师。",三国演义
三国演义_人物_毕轨_0,人物,"实体名：毕轨
实体描述：
- 字昭先，曹爽门客，为司隶校尉。
- 曹爽心腹，与何晏等同谋篡逆，被斩。",三国演义
三国演义_人物_毛玠_0,人物,"实体名：毛玠
实体描述：
- 字孝先，陈留平邱人，被满宠、吕虔推荐给曹操，任从事。
- 曹操部将，随操袭西寨。
- 曹操部下，任典农中郎将，催督钱粮。
- 曹操部将，进言东南风起吹折青红牙旗，主今夜有人劫寨。
- 曹操部下，任东曹掾。
- 曹操部将，在蔡瑁张允被杀后被任命为水军都督。
- 曹操任命的 water 军都督之一，在曹军水寨中与于禁一起飞报曹操敌军擂鼓呐喊。
- 曹操部将，水军都督，与于禁请令调遣。
- 曹操部将。救得文聘后与曹操会合。",三国演义
三国演义_人物_毛皇后_0,人物,"实体名：毛皇后
实体描述：
- 魏主曹睿之后，河内人，初恩爱，后因郭夫人失宠，一次游玩时提及曹睿与郭夫人游园之事，触怒曹睿，被赐死。
- 魏明帝曹睿之后，死后显灵索命，致曹睿得病。",三国演义
三国演义_人物_汉光武_0,人物,"实体名：汉光武
实体描述：
- 即汉光武帝刘秀，孙策梦其召见，往岭上庙焚香祈祝。",三国演义
三国演义_人物_汉明帝_0,人物,"实体名：汉明帝
实体描述：
- 东汉皇帝，镇国寺为其御前香火院。",三国演义
三国演义_人物_汉景帝_0,人物,"实体名：汉景帝
别名：孝景皇帝
实体描述：
- 汉朝皇帝，刘备为阁下玄孙。
- 汉景帝刘启，刘备的祖先之一，诸葛亮提及以说明刘备的皇族血统。",三国演义
三国演义_人物_汉献帝_0,人物,"实体名：汉献帝
别名：献帝，陈留王
实体描述：
- 汉朝皇帝，传至其时而分为三国。
- 即献帝刘协，灵帝中子。被董卓立为帝，后称献帝。曾在北邙山呵斥董卓。
- 汉朝天子，又称帝、天子。董卓死后被李傕、郭汜控制，封赏李傕等人，后在宣平门止乱。
- 汉朝皇帝，被李傕、郭汜欺凌，后被杨奉、董承等救驾，辗转至洛阳。
- 即汉献帝，又称天子、帝。从长安逃回洛阳，后被迫迁都许都，受曹操控制。
- 即刘协，东汉天子。被曹操控制，认刘备为皇叔，密制衣带诏赐董承，命其图操。在许田打围中受曹操欺压，背后若芒刺。
- 汉朝皇帝，被曹操挟持。他赐董承衣带诏，后董妃被杀，帝流泪相救不得。
- 汉献帝。曹操引关羽朝见，封关羽为偏将军。帝见关羽长髯，称其为美髯公。
- 东汉皇帝，排銮驾迎接曹操班师，赐曹操赞拜不名等特权。
- 汉朝皇帝，被曹操威逼，与伏后密谋诛操未成，见伏后被拖走痛哭捶胸，后被迫立曹贵人为皇后。
- 汉献帝，令钟繇草诏册立曹操为魏王。",三国演义
三国演义_人物_汪昭_0,人物,"实体名：汪昭
实体描述：
- 袁谭大将，出战曹操，被徐晃一刀斩于马下。",三国演义
三国演义_人物_沈莹_0,人物,"实体名：沈莹
实体描述：
- 吴左将军，随张悌迎敌，被周旨所杀。",三国演义
三国演义_人物_沙摩柯_0,人物,"实体名：沙摩柯
实体描述：
- 蛮王，率番兵数万助蜀伐吴。
- 番王，面如噀血，碧眼突出，使铁蒺藜骨朵，一箭射死甘宁。
- 蛮王，又称番将。引蛮兵拦截淳于丹，后匹马奔走被周泰所杀。
- 蜀汉将领（蛮族），随刘备伐吴，在猇亭之战中殁于王事。",三国演义
三国演义_人物_沮授_0,人物,"实体名：沮授
实体描述：
- 袁绍谋士，分掌冀州事。
- 袁绍的谋士，认为制胜不在强盛，反对兴无名之兵，恨绍不用其谋。
- 袁绍谋士，谏阻颜良独任、分兵官渡等，不被采纳，后托疾不出。
- 袁绍谋士，被黜退不用。
- 袁绍的谋士，建议缓守以旷日月，被袁绍锁禁军中。夜间观天象预言乌巢有劫，再次进谏被斥责。袁绍败后为曹军所获，不降，盗马欲归袁氏，被曹操所杀，曹操赞其为忠义之士，厚葬并题墓“忠烈沮君之墓”。
- 袁绍谋士，已死于军中，后人诗提及“昨朝沮授军中失”。
- 沮鹄之父，袁绍谋士，已故。文中提及为沮鹄之父。",三国演义
三国演义_人物_沮鹄_0,人物,"实体名：沮鹄
实体描述：
- 沮授之子，守邯郸，被张辽射杀。",三国演义
三国演义_人物_法正_0,人物,"实体名：法正
别名：法孝直
实体描述：
- 字孝直，右扶风郿人，贤士法真之子。张松心腹契友，后奉命出使刘备，劝取西川。又称法孝直。
- 刘备的谋士，与庞统商议在宴席上杀刘璋，并参与策划舞剑刺杀。
- 字孝直，刘备谋士，被庞统请来辨识彭永言。
- 刘备谋士，与彭羕相识。为刘备指出取雒城的大路和小路。
- 刘备谋士，字孝直。建议刘备以仁义服众，并写信给刘璋陈说利害，劝其归降。
- 刘备谋士，字孝直。劝刘备勿忧郑度之计，后为蜀郡太守，有恩仇必报之性。
- 蜀汉谋士，建议从阆中调张飞退张郃，后劝玄德乘势取汉中，被玄德、孔明认可。
- 蜀汉谋士，助黄忠取定军山，提出反客为主、以逸待劳之计，指挥红旗白旗信号。
- 字孝直，刘备的谋士，被封为尚书令，请刘备登坛进位汉中王。
- 刘备谋士，劝刘备纳吴懿之妹为王妃，以襄内政。
- 即法正，与孟达同有功于汉中王，已死。
- 即法正，已故。诸葛亮感叹若法正在，必能制止刘备东行。",三国演义
三国演义_人物_泠苞_0,人物,"实体名：泠苞
实体描述：
- 刘璋部下将佐，疑刘备有异心。
- 刘璋部将，与刘璝、邓贤一同掣剑群舞。
- 刘璋部将，与邓贤结寨，被黄忠、魏延击败，被魏延活捉后诈降，欲决涪江淹刘备军。
- 蜀将。引军欲决涪江，被魏延活捉。刘备责其背义，斩之。",三国演义
三国演义_人物_淳于丹_0,人物,"实体名：淳于丹
实体描述：
- 东吴末将，受陆逊令取江南第四营，被傅彤击败，带箭回营。",三国演义
三国演义_人物_淳于琼_0,人物,"实体名：淳于琼
实体描述：
- 左军校尉，迎接车驾。
- 袁绍部下的名将，被孔融提及。
- 袁绍部下督将，性刚好酒，守乌巢时终日聚饮，醉卧帐中。曹操劫乌巢时被挠钩拖翻擒获，曹操命割去其耳鼻手指放回，袁绍怒而斩之。",三国演义
三国演义_人物_清河公主_0,人物,"实体名：清河公主
实体描述：
- 曹操之女，嫁与夏侯楙为驸马。",三国演义
三国演义_人物_滕胤_0,人物,"实体名：滕胤
实体描述：
- 吴国太常卿，与诸葛恪有隙，劝孙峻诛恪。
- 东吴大司马，被孙綝所杀。
- 被害的东吴重臣，孙休为其重建坟墓。",三国演义
三国演义_人物_满宠_0,人物,"实体名：满宠
实体描述：
- 字伯宁，山阳昌邑人，被刘晔推荐给曹操，任军中从事。
- 字伯宁，曹操行军从事，夜入徐晃营说降之，后为许都令。
- 曹操部将，曾按治杨彪案，后探听袁绍消息回报。
- 曹操部将，被祢衡讥讽为可使饮酒食糟。
- 曹操部将，与夏侯惇镇守汝南，以拒刘表。
- 曹操谋士，与吕虔同论。
- 字伯宁，曹操的参谋，劝曹仁坚守樊城，后又劝曹仁不可弃城，保全了樊城。
- 魏国前将军，随贾逵取阳城。
- 魏国将领，上表奏报东吴兴兵消息。
- 魏国将领，随曹睿救合淝，设计烧毁东吴战船粮草。",三国演义
三国演义_人物_潘举_0,人物,"实体名：潘举
实体描述：
- 曹爽府守门将，引弓弩手射司马懿，被孙谦劝阻。",三国演义
三国演义_人物_潘凤_0,人物,"实体名：潘凤
实体描述：
- 韩馥部下上将，手提大斧出战华雄，被斩。",三国演义
三国演义_人物_潘浚_0,人物,"实体名：潘浚
实体描述：
- 关羽任命的治中，守荆州，但王甫认为其多忌好利，不可任用。",三国演义
三国演义_人物_潘璋_0,人物,"实体名：潘璋
实体描述：
- 字文珪，东郡人，孙权部下良将，生擒苏飞。
- 东吴武将，被周瑜任为第三队将领。
- 东吴将领，领三千兵尽打白旗，往汉阳接应董袭。
- 东吴将领。分头放火呐喊，后与周泰等杀曹仁。
- 东吴将领，与陈武一同追捕刘备夫妇，被孙夫人斥退。
- 东吴将领，与陈武率弓弩手攻击曹操。
- 孙权部将，为合后。
- 东吴将领，随吕蒙出征。
- 东吴将领，伏于临沮山僻小路，与关羽交战三合败走，其部将马忠最终擒获关羽。
- 东吴将领，被刘备视为切齿之仇人。后孙权命其为先锋拒蜀。
- 东吴将领，曾夺关羽青龙刀。在彝陵之战中与黄忠交战，后逃至山谷被关兴斩杀。",三国演义
三国演义_人物_潘遂_0,人物,"实体名：潘遂
实体描述：
- 魏将，出战赵云，战不三合拨马便走。",三国演义
三国演义_人物_潘隐_0,人物,"实体名：潘隐
实体描述：
- 司马，告何进不可入宫，蹇硕欲谋杀公。",三国演义
三国演义_人物_濮阳兴_0,人物,"实体名：濮阳兴
实体描述：
- 吴丞相，受孙休托孤，与群臣商议立君，迎孙皓为帝，后因谏孙皓被斩，灭三族。",三国演义
三国演义_人物_灵帝_0,人物,"实体名：灵帝
实体描述：
- 汉朝皇帝，即位后朝政日非。
- 帝，汉灵帝，病笃召何进，立皇子协为太子犹豫，崩后太子辩即位。
- 东汉皇帝，时期陈琳曾为主簿，后因何进不听谏而遭董卓之乱。
- 东汉皇帝，提及黄皓如灵帝时十常侍。",三国演义
三国演义_人物_焦伯_0,人物,"实体名：焦伯
实体描述：
- 魏护卫，奉曹髦令聚集宿卫苍头官僮，后挺枪迎战成济，被刺死。",三国演义
三国演义_人物_焦彝_0,人物,"实体名：焦彝
实体描述：
- 诸葛诞谋士，与蒋班同降魏。",三国演义
三国演义_人物_焦炳_0,人物,"实体名：焦炳
实体描述：
- 魏将，拦路问蜀兵何在，被赵云刺死。",三国演义
三国演义_人物_焦触_0,人物,"实体名：焦触
实体描述：
- 袁熙部将，后投降曹操，被封列侯，奉命攻幽州。
- 袁绍手下降将，截住赵云去路，被赵云杀退。
- 原袁绍部将，后属曹操，请命乘小船夺旗，被韩当刺死。",三国演义
三国演义_人物_爨习_0,人物,"实体名：爨习
实体描述：
- 蜀汉行参军，偏将军。",三国演义
三国演义_人物_爰邵_0,人物,"实体名：爰邵
实体描述：
- 邓艾护卫，素明《周易》，为邓艾解梦。",三国演义
三国演义_人物_爰青_0,人物,"实体名：爰青
实体描述：
- 魏大将，在钟会帐下。",三国演义
三国演义_人物_牛辅_0,人物,"实体名：牛辅
实体描述：
- 董卓女婿，中郎将，率军为董卓报仇，劫寨击败李肃，后被吕布击败，因弃军逃跑被亲随胡赤儿杀死。",三国演义
三国演义_人物_牛金_0,人物,"实体名：牛金
实体描述：
- 曹仁部将。勇猛出战，被围后由曹仁救出，后参与劫寨中伏。",三国演义
三国演义_人物_牧童_0,人物,"实体名：牧童
实体描述：
- 司马徽的弟子，常侍师父。在田野间认出刘备，并引其至水镜庄拜见司马徽。",三国演义
三国演义_人物_牵弘_0,人物,"实体名：牵弘
实体描述：
- 魏陇西太守，攻沓中。
- 陇西太守，奉邓艾命伏兵于后。",三国演义
三国演义_人物_王业_0,人物,"实体名：王业
实体描述：
- 魏散骑常侍，被曹髦召入内计议，后与王沈往司马昭府出首。",三国演义
三国演义_人物_王买_0,人物,"实体名：王买
实体描述：
- 魏大将，在钟会帐下。",三国演义
三国演义_人物_王伉_0,人物,"实体名：王伉
实体描述：
- 永昌太守，坚守永昌郡，迎接孔明。
- 蜀汉将领，孔明留其与吕凯守永昌四郡。",三国演义
三国演义_人物_王修_0,人物,"实体名：王修
实体描述：
- 袁谭别驾，劝谏袁谭勿与袁尚相争，被袁谭叱退。
- 青州别驾，因谏袁谭被逐，谭死后哭其头，被曹操礼为上宾，任司金中郎将。",三国演义
三国演义_人物_王允_0,人物,"实体名：王允
别名：王司徒
实体描述：
- 司徒，设宴哭诉董卓之祸，将七宝刀借与曹操行刺。
- 司徒，欲除董卓，设连环计，先将貂蝉许吕布，后献董卓，使父子反目。
- 司徒，设计利用貂蝉离间董卓与吕布，最终使吕布杀死董卓。后因李傕、郭汜攻入长安，拒绝逃跑而被杀。
- 即王允，与吕布计杀董卓，后遭李傕、郭汜之变。
- 古风中提及，定计诛逆党。",三国演义
三国演义_人物_王则_0,人物,"实体名：王则
实体描述：
- 奉军都尉，奉曹操之命赍官诰和解书往徐州，加封吕布为平东将军，并传递曹操私书。",三国演义
三国演义_人物_王匡_0,人物,"实体名：王匡
实体描述：
- 河内郡太守。提议立盟主。在虎牢关被吕布击败，部将方悦被刺。",三国演义
三国演义_人物_王双_0,人物,"实体名：王双
实体描述：
- 魏国将领，随曹仁攻濡须，被朱桓击败。",三国演义
三国演义_人物_王双_1,人物,"实体名：王双
实体描述：
- 魏国先锋大将，字子全，陇西狄道人。使六十斤大刀，骑千里征马宛马，开两石铁胎弓，暗藏三个流星锤。斩谢雄、龚起，打伤张嶷。
- 魏国将领，奉命巡哨小路，追击魏延时被魏延斩于马下。
- 魏国将领，被蜀军馘斩，在诏书中提及。",三国演义
三国演义_人物_王含_0,人物,"实体名：王含
实体描述：
- 蜀汉左军，与蒋斌下寨于地道之上，被邓艾内外夹攻弃寨而走。
- 蜀将，守乐城，见魏兵势大不敢出战，后降魏。",三国演义
三国演义_人物_王垕_0,人物,"实体名：王垕
实体描述：
- 管粮官任峻部下仓官，被曹操借头以压众心。",三国演义
三国演义_人物_王基_0,人物,"实体名：王基
实体描述：
- 安平太守，延管辂至家，卜治头风心痛之疾。
- 魏荆州刺史、监军，领前部兵取南顿，劝司马师进兵。
- 魏镇南将军，为正先锋，攻诸葛诞，杀于诠。",三国演义
三国演义_人物_王威_0,人物,"实体名：王威
实体描述：
- 刘表部将，与文聘同请赵云。
- 刘琮故将，曾密告刘琮设险击曹，后护送刘琮母子，被于禁军士所杀。",三国演义
三国演义_人物_王子服_0,人物,"实体名：王子服
实体描述：
- 工部侍郎。发现董承密诏，加入义状，又引吴子兰入伙。
- 董承同谋，参与衣带诏密谋，后被曹操擒拿监禁处斩。",三国演义
三国演义_人物_王寻_0,人物,"实体名：王寻
实体描述：
- 王莽时期将领，被孝元皇太后用玉玺击打。",三国演义
三国演义_人物_王平_0,人物,"实体名：王平
实体描述：
- 曹魏牙门将军，字子均，巴西宕渠人。劝徐晃勿渡汉水，后放火烧营投奔刘备，被命为偏将军、向导使。
- 刘备的将领，攻取上庸诸郡。
- 蜀汉副将，领兵迎敌，与关索诈败诱敌。
- 蜀将，守一寨，后受诸葛亮密计，在孟获劫营时率军杀到，擒诸洞酋长。
- 蜀将，受孔明密计，后领数百军为前部，寻西北小径，误饮哑泉之水。
- 蜀将，随诸葛亮征南蛮，曾引军赶到蛮寨擒获祝融夫人等。
- 蜀汉牙门将，裨将军。
- 蜀将，在南安城外一合生擒夏侯楙。
- 王平，蜀汉将领，与张翼夹攻姜维，后伏击魏兵。
- 蜀汉将领，受命助马谡守街亭，劝谏无效，自领五千兵离山十里下寨，后与张郃交战，救魏延、高翔。
- 蜀汉将领，曾劝马谡当道筑城，自引五千军离山下寨。后救出魏延、高翔，回守阳平关。
- 蜀汉将领，与姜维同取阴平。
- 蜀国将领。打破阴平，从后杀败郭淮、孙礼，后受孔明之命与张翼伏兵山谷，截杀魏兵。
- 蜀汉将领，与马岱同出斜谷劫寨。
- 蜀汉前部先锋，守祁山营，后分兵退入西川。
- 蜀汉将领，为前队攻渭水旱营，后受计扮魏人夺木牛流马。
- 蜀汉忠义之士，久经战阵，孔明临终委用。
- 蜀汉将领，被蒋琬保举引兵屯于永安以防东吴。",三国演义
三国演义_人物_王建_0,人物,"实体名：王建
实体描述：
- 公孙渊相国，与柳甫往魏寨请降，被司马懿斩首。",三国演义
三国演义_人物_王必_0,人物,"实体名：王必
实体描述：
- 长史，总督御林军马，被耿纪射伤，后箭疮发而死。",三国演义
三国演义_人物_王忠_0,人物,"实体名：王忠
实体描述：
- 曹操的将领，与刘岱同领兵攻刘备，被关羽生擒。
- 曹操部将，与刘岱一同征讨刘备失败，被曹操免死夺爵。",三国演义
三国演义_人物_王惇_0,人物,"实体名：王惇
实体描述：
- 东吴将领，被孙綝所杀。
- 被害的东吴重臣，孙休为其重建坟墓。",三国演义
三国演义_人物_王戎_0,人物,"实体名：王戎
实体描述：
- 晋建威将军，出武昌。",三国演义
三国演义_人物_王方_0,人物,"实体名：王方
实体描述：
- 董卓余党，与李蒙出战，被马超一枪刺死。",三国演义
三国演义_人物_王昌_0,人物,"实体名：王昌
实体描述：
- 虎贲，奉命追皇甫郦，因知郦忠义而不往追。",三国演义
三国演义_人物_王昶_0,人物,"实体名：王昶
实体描述：
- 魏国征南大将军，领兵攻南郡。",三国演义
三国演义_人物_王朗_0,人物,"实体名：王朗
实体描述：
- 会稽太守，引兵救严白虎，与孙策交战，固守会稽，后败走海隅。
- 文官，在铜雀台进献诗章称颂曹操功德。
- 曹丕封为御史大夫，后为司空。奏汉室气数已尽，劝献帝退避。
- 魏国司徒，认为司马懿深明韬略，若不早除久必为祸。后谏阻夏侯楙出征，被其叱责。
- 王朗，魏国司徒，军师，年七十六岁。自请以言辞劝降诸葛亮，被孔明骂死于阵前。标题中作“王朝”。",三国演义
三国演义_人物_王植_0,人物,"实体名：王植
实体描述：
- 荥阳太守，与韩福亲家，欲火攻关公，被关公拦腰一刀砍为两段。",三国演义
三国演义_人物_王楷_0,人物,"实体名：王楷
实体描述：
- 吕布谋士。本篇中与许汜同往袁术处求援。",三国演义
三国演义_人物_王氏_0,人物,"实体名：王氏
实体描述：
- 赵昂之妻。激励赵昂雪君父之耻，不顾儿子性命，并尽将首饰资帛赏劳军士，因在军中得免于难。",三国演义
三国演义_人物_王沈_0,人物,"实体名：王沈
实体描述：
- 魏侍中，被曹髦召入内计议，后与王业往司马昭府出首。",三国演义
三国演义_人物_王浑_0,人物,"实体名：王浑
实体描述：
- 晋侍中，建议迟一年伐吴，后任安东大将军出横江。",三国演义
三国演义_人物_王濬_0,人物,"实体名：王濬
实体描述：
- 晋益州刺史，上疏请伐吴，后任龙骧将军，率水兵顺流而下，破铁索铁锥，攻入石头城，受孙皓归降。",三国演义
三国演义_人物_王琰_0,人物,"实体名：王琰
实体描述：
- 都尉，杀高干并将其头解送曹操，被封列侯。",三国演义
三国演义_人物_王瓘_0,人物,"实体名：王瓘
实体描述：
- 魏参军，自称王经之侄，诈降姜维，欲烧粮车，事败后投黑龙江而死。",三国演义
三国演义_人物_王甫_0,人物,"实体名：王甫
实体描述：
- 关羽的随军司马，建议设烽火台防吴，又建议用赵累代潘浚守荆州。
- 关公帐下司马，关公悔未听其言。
- 关羽部下，守麦城，劝关羽勿走小路。闻关羽父子首级被吴兵招安，大叫堕城而死。",三国演义
三国演义_人物_王真_0,人物,"实体名：王真
实体描述：
- 魏将，随司马望迎战蜀兵，被傅佥活捉后为乱军刺死。",三国演义
三国演义_人物_王祥_0,人物,"实体名：王祥
实体描述：
- 魏太尉，问刘寔钟邓能否平蜀。
- 魏国太尉，谏立长子司马炎。",三国演义
三国演义_人物_王立_0,人物,"实体名：王立
实体描述：
- 侍中太史令，仰观天文言汉室气数将终，代汉者当在魏。",三国演义
三国演义_人物_王粲_0,人物,"实体名：王粲
实体描述：
- 字仲宣，山阳高平人，有异才，避乱至荆襄，劝刘琮降曹。
- 荆州官员，归曹后被封为关内侯。
- 文官，在铜雀台进献诗章。
- 侍中，议欲尊曹操为魏王。",三国演义
三国演义_人物_王累_0,人物,"实体名：王累
实体描述：
- 益州从事，倒吊城门谏阻刘璋迎刘备，自割绳索撞死。",三国演义
三国演义_人物_王经_0,人物,"实体名：王经
别名：王经
实体描述：
- 魏雍州刺史，起兵迎战姜维，被姜维背水列阵击败，退守狄道城。
- 魏将，迎接陈泰、邓艾入狄道城，拜谢解围。
- 魏尚书，劝曹髦隐忍，后大骂贾充弑君，被下狱，与母含笑受刑于东市。",三国演义
三国演义_人物_王经母_0,人物,"实体名：王经母
实体描述：
- 王经之母，被缚下狱，大笑说人谁不死，以此弃命何恨，后与王经含笑受刑。",三国演义
三国演义_人物_王美人_0,人物,"实体名：王美人
实体描述：
- 灵帝宠幸，生皇子协，被何后嫉妒鸩杀。",三国演义
三国演义_人物_王肃_0,人物,"实体名：王肃
实体描述：
- 魏国黄门侍郎。上疏谏魏主因大雨退兵，引用前代故事。
- 魏太尉，劝司马师抚恤淮南将士家属，后劝曹髦封司马昭。",三国演义
三国演义_人物_王莽_0,人物,"实体名：王莽
实体描述：
- 西汉末年篡位者。孝元皇太后以玉玺打王寻、苏献，崩其一角。
- 西汉末年权臣，诗中有“王莽谦恭下士时”。",三国演义
三国演义_人物_王观_0,人物,"实体名：王观
实体描述：
- 魏国太仆，司马懿令其行中领军事，据曹羲营。",三国演义
三国演义_人物_王连_0,人物,"实体名：王连
实体描述：
- 蜀汉谏议大夫，劝谏孔明不要亲征南蛮。",三国演义
三国演义_人物_王邑_0,人物,"实体名：王邑
实体描述：
- 河东太守，向献帝进献绢帛。",三国演义
三国演义_人物_王韬_0,人物,"实体名：王韬
实体描述：
- 司马昭主簿，劝司马昭效耿恭拜井得泉。",三国演义
三国演义_人物_王颀_0,人物,"实体名：王颀
实体描述：
- 越骑校尉，死于国难。",三国演义
三国演义_人物_王颀_1,人物,"实体名：王颀
实体描述：
- 魏天水太守，攻沓中，被姜维击败。
- 天水太守，奉邓艾命伏兵于后。",三国演义
三国演义_人物_甄氏_0,人物,"实体名：甄氏
实体描述：
- 袁熙之妻，有倾国之色。被曹丕纳为妻。
- 曹丕之妻，文昭皇后，原为袁熙之妇。因郭贵妃谋后，被张韬诈称桐木偶人事件，遭曹丕赐死。",三国演义
三国演义_人物_甘夫人_0,人物,"实体名：甘夫人
实体描述：
- 刘备之妻，与麋夫人一起被吕布送还，具说吕布令兵把定宅门。
- 刘备的妻子，小沛人，与糜夫人同在下邳安置。
- 刘备正妻，关羽之嫂。下邳城破后与糜夫人被曹操保护，后由关羽护送。曾梦刘备身陷土坑而痛哭。
- 刘备夫人，与糜夫人一同被关公护送。劝关公不必容周仓众人，后向张飞说明关公实情。
- 刘备之妻，生刘禅。夜梦仰吞北斗而怀孕。
- 刘备之妻，阿斗生母。在长坂坡被赵云救出，后随刘备至汉津。
- 刘备的妻子，在荆州去世，刘备因此丧偶，后娶孙夫人。
- 刘备妻子，刘禅生母。刘备驾崩后追谥为昭烈皇后。",三国演义
三国演义_人物_甘宁_0,人物,"实体名：甘宁
实体描述：
- 字兴霸，巴郡临江人，原为锦帆贼，后投黄祖，再投孙权，助孙权破黄祖。
- 字兴霸，原在江夏，后投东吴，射杀黄祖，升为都尉，为救苏飞愿纳还官爵，后领兵镇守夏口。
- 东吴武将，参与议论战降。
- 东吴先锋，在三国口之战中射杀蔡壎，率战船冲杀。
- 字兴霸，东吴将领。被周瑜命与蔡中、蔡和引军为前部，并受密令提防二人。曾为黄盖求情被周瑜叱出。
- 东吴将领，受命带蔡中和降卒直取乌林，焚烧曹操屯粮之所。
- 字兴霸，又称甘兴霸，东吴大将。先杀蔡中放火，后斩马延、张顗，又攻彝陵被围，被周泰救出，后参与伏击曹仁。
- 东吴将领，守巴陵郡。
- 东吴先锋，随周瑜取荆州。
- 东吴将领，与吕蒙伏兵岸侧，因关羽握鲁肃不敢出击。
- 孙权部将，手执铁链攻打皖城，打倒朱光，后与乐进交战。
- 字兴霸，东吴将领，率百骑劫曹营，不折一人一骑，救凌统，被孙权赞为""甘兴霸""。
- 东吴救应，此时患痢疾，带病从征。
- 东吴将领，字兴霸，在船中养病时被沙摩柯射中头颅，死于富池口。",三国演义
三国演义_人物_田丰_0,人物,"实体名：田丰
实体描述：
- 袁绍谋士，分掌冀州事，在磐河之战中劝袁绍躲避赵云。
- 袁绍的谋士，建议缓进屯黎阳，被荀彧评价为“刚而犯上”。
- 袁绍谋士，劝袁绍乘曹操东征刘备时袭击许昌，但袁绍因幼子生病拒绝，田丰以杖击地长叹。
- 袁绍谋士，劝袁绍固守勿轻敌，被袁绍怒囚于狱中。
- 袁绍谋士，被囚于狱中。
- 袁绍的谋士，因劝谏袁绍宜静守待天时，不可妄兴大兵，被逢纪谮言下狱。袁绍扬言破曹后斩之，最终袁绍败绩，田丰未及释放。
- 袁绍谋士，被囚于冀州狱中，因袁绍兵败，被使者持剑赐死，自刎狱中。",三国演义
三国演义_人物_田楷_0,人物,"实体名：田楷
实体描述：
- 青州（刺史或守将），陶谦遣陈登求救，田楷领兵来救。",三国演义
三国演义_人物_田横_0,人物,"实体名：田横
实体描述：
- 齐之壮士，守义不辱，诸葛亮用以比喻刘备不降曹操。",三国演义
三国演义_人物_田氏_0,人物,"实体名：田氏
实体描述：
- 濮阳城富户，受陈宫之命诈降曹操，后见吕布败回，投降曹操。",三国演义
三国演义_人物_田畴_0,人物,"实体名：田畴
实体描述：
- 袁绍旧将，深知地理，被曹操封为靖北将军、向导官，引路至白狼山，后封柳亭侯不受，拜议郎。",三国演义
三国演义_人物_田章_0,人物,"实体名：田章
实体描述：
- 魏大将，在钟会帐下。",三国演义
三国演义_人物_田续_0,人物,"实体名：田续
实体描述：
- 魏大将，在钟会帐下。
- 邓艾部将，劝休养数日被怒斥。
- 魏国护军，受卫瓘遣杀邓艾以报私恨。",三国演义
三国演义_人物_田豫_0,人物,"实体名：田豫
实体描述：
- 魏国将领，奉命救襄阳。",三国演义
三国演义_人物_申仪_0,人物,"实体名：申仪
实体描述：
- 申耽之弟，同上庸都尉，投魏后举旗引徐晃军。
- 金城太守，与孟达约同举事，实为内应，暗告司马懿孟达欲反。后献城迎司马懿。
- 魏国将领，与申耽同为内应，后围山、守列柳城。",三国演义
三国演义_人物_申耽_0,人物,"实体名：申耽
实体描述：
- 上庸守将，闻曹操弃汉中而走，遂投降刘备。
- 上庸太守，率众归降刘封、孟达。
- 上庸、房陵都尉，与申仪投魏，在城上叫言已降魏。
- 上庸太守，与申仪佯许孟达，后为魏内应，一枪刺死孟达。
- 魏国将领，作为内应助司马懿破孟达，后受命围山断汲水道路，又守列柳城。",三国演义
三国演义_人物_留平_0,人物,"实体名：留平
实体描述：
- 吴将军，因谏孙皓被杀害。",三国演义
三国演义_人物_留略_0,人物,"实体名：留略
实体描述：
- 吴国右城守将，守东兴右城。",三国演义
三国演义_人物_留赞_0,人物,"实体名：留赞
实体描述：
- 吴国将领，奉命接应丁奉。",三国演义
三国演义_人物_皇子协_0,人物,"实体名：皇子协
实体描述：
- 陈留王，王美人所生，董太后养于宫中，封陈留王。",三国演义
三国演义_人物_皇子辩_0,人物,"实体名：皇子辩
实体描述：
- 太子辩，何后所生，灵帝崩后即位为皇帝。",三国演义
三国演义_人物_皇甫嵩_0,人物,"实体名：皇甫嵩
实体描述：
- 中郎将，与朱儁同拒张梁、张宝于颍川，用火攻破敌。
- 朝廷将领，讨张角、张梁，斩张梁于曲阳，加封车骑将军，领冀州牧。
- 将领，与吕布、李肃领兵五万至郿坞抄籍董卓家产，释放良家子女。",三国演义
三国演义_人物_皇甫郦_0,人物,"实体名：皇甫郦
实体描述：
- 能言，与李傕同乡，奉诏劝和，扬言于西凉人导致军心涣散，后逃脱。",三国演义
三国演义_人物_皇甫闿_0,人物,"实体名：皇甫闿
实体描述：
- 魏大将，在钟会帐下。",三国演义
三国演义_人物_盛勃_0,人物,"实体名：盛勃
实体描述：
- 蜀汉绥戎都尉。",三国演义
三国演义_人物_眭元进_0,人物,"实体名：眭元进
实体描述：
- 袁绍部下督将，与赵睿运粮方回，见乌巢火起急来救应，被曹军所杀。",三国演义
三国演义_人物_眭固_0,人物,"实体名：眭固
实体描述：
- 张杨心腹将。本篇中杀杨丑，反投犬城，后被史涣追斩。",三国演义
三国演义_人物_督邮_0,人物,"实体名：督邮
实体描述：
- 巡察督邮，至安喜县索贿，欲害刘备，被张飞鞭打，后告定州太守。",三国演义
三国演义_人物_石广元_0,人物,"实体名：石广元
实体描述：
- 颍川人，诸葛亮的朋友，在酒店与孟公威对饮，自称山野慵懒之徒。
- 司马望幼年游学时的朋友，曾讲论阵法。",三国演义
三国演义_人物_石苞_0,人物,"实体名：石苞
实体描述：
- 魏监军，为左军，在石头城埋伏，攻诸葛诞。",三国演义
三国演义_人物_祖弼_0,人物,"实体名：祖弼
实体描述：
- 符宝郎，叱责曹洪索玉玺，被斩，忠臣。",三国演义
三国演义_人物_祖茂_0,人物,"实体名：祖茂
实体描述：
- 字大荣，吴郡富春人。孙坚部将，使双刀。为掩护孙坚，戴孙坚赤帻引开华雄，后被华雄斩杀。",三国演义
三国演义_人物_祖郎_0,人物,"实体名：祖郎
实体描述：
- 泾县大帅，被孙策引兵攻打得胜。",三国演义
三国演义_人物_祝融夫人_0,人物,"实体名：祝融夫人
实体描述：
- 孟获之妻，祝融氏之后，善使飞刀，百发百中。曾擒获张嶷、马忠，后被马岱用绊马索擒获。最终随孟获归降。",三国演义
三国演义_人物_祢衡_0,人物,"实体名：祢衡
实体描述：
- 字正平，平原人，年二十四，才华横溢但性格刚傲。被孔融荐给曹操，曹操辱其为鼓吏，他裸衣骂曹，后被遣往荆州，最终被黄祖斩杀。
- 与孔融相善，曾辱曹操，被孔融指使。
- 文章播于当今，曹操曾容之。",三国演义
三国演义_人物_种拂_0,人物,"实体名：种拂
实体描述：
- 太常卿，死于李傕、郭汜之乱。",三国演义
三国演义_人物_种辑_0,人物,"实体名：种辑
实体描述：
- 长水校尉。董承心腹，加入衣带诏，读诏挥泪。
- 董承同谋，参与衣带诏密谋，后被曹操处斩。",三国演义
三国演义_人物_种邵_0,人物,"实体名：种邵
实体描述：
- 谏议大夫，为马腾、韩遂内应，事泄被杀。",三国演义
三国演义_人物_秦始皇_0,人物,"实体名：秦始皇
实体描述：
- 即嬴政，秦朝开国皇帝。令良工琢玉为玺，巡狩至洞庭湖投玉玺平息风浪，后至华阴复得玺。",三国演义
三国演义_人物_秦宓_0,人物,"实体名：秦宓
实体描述：
- 广汉绵竹人，字子敕。见简雍傲睨，掣剑大喝，后与简雍同见刘璋。
- 蜀汉学士。劝刘备不要舍万乘之躯而徇小义，被刘备怒叱并囚下，后得诸葛亮上表相救。
- 蜀汉益州学士，字子勑。在宴会上与张温论天，对答如流，使张温折服。",三国演义
三国演义_人物_秦庆童_0,人物,"实体名：秦庆童
实体描述：
- 董承家奴，因与侍妾云英私通被责，怀恨逃出告发董承谋反，被曹操藏匿作为证人。",三国演义
三国演义_人物_秦明_0,人物,"实体名：秦明
实体描述：
- 秦朗之弟，被郑文斩杀冒充秦朗。",三国演义
三国演义_人物_秦朗_0,人物,"实体名：秦朗
实体描述：
- 魏国将领，被司马懿加为前将军，引兵劫蜀寨，死于乱军之中。",三国演义
三国演义_人物_秦琪_0,人物,"实体名：秦琪
实体描述：
- 夏侯惇部将，守黄河渡口，被关公一刀斩落。
- 蔡阳之甥，被关公所杀，蔡阳因此忿怒报仇。",三国演义
三国演义_人物_秦良_0,人物,"实体名：秦良
实体描述：
- 魏国副将，受曹真令哨探，被廖化斩杀。",三国演义
三国演义_人物_程咨_0,人物,"实体名：程咨
实体描述：
- 程普长子，代父听令，后回报程普周瑜调兵有法。",三国演义
三国演义_人物_程旷_0,人物,"实体名：程旷
实体描述：
- 十常侍之一。
- 十常侍之一，与赵忠等同死于翠花楼。",三国演义
三国演义_人物_程昱_0,人物,"实体名：程昱
实体描述：
- 字仲德，东郡东阿人，被荀彧推荐给曹操，后推荐郭嘉。
- 曹操谋士，与荀彧设计死守三县。
- 曹操谋士，请进兵取濮阳。
- 曹操部下，任东平相。
- 曹操谋士，谏曹操刘备终不为人下，宜早图之，曹操未听。
- 曹操谋士。本篇中建议曹操防备吕布投袁术及山东贼寇。
- 曹操谋士。劝说曹操行王霸之事，并指出放刘备离去是纵虎归山。
- 曹操的谋士，担心刘岱、王忠不称其使。
- 曹操谋士，劝曹操勿废献帝，以防诸侯起兵。后与众人一同送祢衡。
- 曹操谋士，献计利用刘备降兵为内应攻下邳，后举荐关羽出战颜良。
- 曹操谋士，建议追杀关公以绝后患。
- 曹操谋士，献十面埋伏之计，劝曹操退军河上诱敌。
- 曹操谋士，认为袁谭诈降不可信。
- 曹操谋士。请早建下江南之策。
- 曹操谋士。识破单福即徐庶，献计赚徐庶母至许昌，并仿笔迹诈修家书骗徐庶来归。
- 曹操的谋士，与荀彧等一同迎接徐庶。
- 字仲德，曹操谋士，提醒防火攻并识破黄盖诈降。
- 曹操谋士。献计让曹操亲自告关羽求情，得以脱险。
- 字仲德，曹操谋士，献计表奏周瑜、程普为太守以使孙刘自相吞并。
- 曹操谋士，劝曹操退兵还许都，认为兵贵神速，迁延日久难以攻击濡须坞。",三国演义
三国演义_人物_程普_0,人物,"实体名：程普
实体描述：
- 字德谋，右北平土垠人。孙坚部将，使铁脊蛇矛。刺死胡轸。
- 孙坚部将，使用铁脊矛，在孙坚攻刘表时出力，后保孙策杀吕公。
- 孙坚旧将，随孙策出征，与太史慈战三十合，后与周瑜夹攻王朗。
- 孙策部将，在孙策被许贡家客刺杀时率众来救，斩杀刺客。
- 东吴将领，与甘宁合兵一处，回见孙权。
- 东吴武将，随孙策开基创业，坚决主战，后任副都督。
- 东吴将领，与周瑜、鲁肃一同领兵。
- 东吴将领，与周瑜同在大艨艟上督战，敬服周瑜调军有法。
- 字德谋，东吴将领。与周瑜同掌兵权，劝周瑜暂退兵，后协助周瑜设伏。
- 字德谋，东吴将领。周瑜令其助战，后部领战船士卒赴合淝听孙权调用，截杀追赶孙权的张辽。
- 东吴将领，曾被欲拜为都督，后表奏为江夏太守，并引军接应周瑜。
- 孙权部将，在各处镇守，未随征。
- 东吴旧臣，曾与周瑜为左右都督，略有不合。",三国演义
三国演义_人物_程武_0,人物,"实体名：程武
实体描述：
- 魏参军，程昱之子，献计设伏围困赵云。",三国演义
三国演义_人物_程畿_0,人物,"实体名：程畿
实体描述：
- 蜀汉参谋。
- 蜀祭酒，随刘备出征，至江边招呼水军，吴兵至后拔剑自刎。
- 蜀汉将领，随刘备伐吴，在猇亭之战中殁于王事。",三国演义
三国演义_人物_程秉_0,人物,"实体名：程秉
别名：程德枢
实体描述：
- 字德枢，汝阳人，至江东被孙权敬礼。
- 字德枢，汝南人，东吴谋士。说诸葛亮好为大言，被以君子之儒与小人之儒辩驳，不能对。
- 东吴使者，奉国书至猇亭求和，被刘备怒斥，抱头鼠窜回报。",三国演义
三国演义_人物_程远志_0,人物,"实体名：程远志
实体描述：
- 黄巾贼将，统兵五万犯涿郡，被关羽斩杀。",三国演义
三国演义_人物_程银_0,人物,"实体名：程银
实体描述：
- 韩遂部下八部将之一，在陷坑中战死。",三国演义
三国演义_人物_穆顺_0,人物,"实体名：穆顺
实体描述：
- 上党太守张杨部将。出马挺枪迎战吕布，被吕布手起一戟刺于马下。",三国演义
三国演义_人物_穆顺_1,人物,"实体名：穆顺
实体描述：
- 宫中宦官，受伏后托付藏密书于发中送给伏完，回宫时被曹操搜出书信，不肯招供，后被斩。",三国演义
三国演义_人物_窦武_0,人物,"实体名：窦武
实体描述：
- 大将军，与陈蕃谋诛宦官，事泄被害。",三国演义
三国演义_人物_笮融_0,人物,"实体名：笮融
实体描述：
- 刘繇谋士，与薛礼劝免斩张英，后与刘繇会合取牛渚，败后投刘表。",三国演义
三国演义_人物_简雍_0,人物,"实体名：简雍
实体描述：
- 刘备同乡，幕宾，字宪和，赴许都求援。
- 刘备部下。本篇中与糜竺一同留守徐州。
- 刘备的部下，守徐州。
- 刘备部将，与糜竺同守徐州，弃城而走。
- 刘备部下，在冀州与刘备相会，共议脱身之计，随刘备同往荆州说刘表。
- 刘备幕僚，随刘备家小逃难。
- 刘备幕僚，文官。与孙乾、糜竺同为刘备属下。
- 刘备部下，安排功劳簿。
- 字宪和，刘备谋士，颇明阴阳，曾袖占一课言大凶之兆，在乱军中卧于草中，被赵云所救。
- 刘备部下，奉命固守鄂县。
- 刘备部将，与孙乾守城。
- 随孔明统兵入川。
- 刘备幕宾，字宪和？文中称幕宾。入城劝降刘璋，傲睨自若，后与刘璋同车出降。",三国演义
三国演义_人物_管亥_0,人物,"实体名：管亥
实体描述：
- 黄巾贼党首领，率数万群寇围北海，索要粮米，战败孔融部将宗宝，后与关羽交战被劈于马下。",三国演义
三国演义_人物_管仲_0,人物,"实体名：管仲
实体描述：
- 春秋时期名相，诸葛亮常自比管仲。
- 春秋齐国相，辅佐齐桓公称霸诸侯，被张昭拿来与诸葛亮对比。",三国演义
三国演义_人物_管宁_0,人物,"实体名：管宁
实体描述：
- 与华歆、邴原为一龙之龙尾，曾与华歆割席分坐，后避居辽东，戴白帽终身不仕魏。",三国演义
三国演义_人物_管家婆_0,人物,"实体名：管家婆
实体描述：
- 孙夫人房中的管家婆，向刘备解释房中兵器缘由，并禀告孙夫人撤去兵器。",三国演义
三国演义_人物_管辂_0,人物,"实体名：管辂
实体描述：
- 字公明，平原神卜，深明周易，善相术，为曹操卜卦，预言火灾等。
- 术士，曾言“三八纵横”等语，后不知何处去。
- 平原人，明数术，善《易》，为何晏、邓飏卜卦，断言其有鬼躁、鬼幽之相。
- 平原神卜，曾预言何晏、邓飏之死，后人有诗赞之。",三国演义
三国演义_人物_糜夫人_0,人物,"实体名：糜夫人
别名：麋夫人
实体描述：
- 刘备之妻，与甘夫人一起被吕布送还。
- 刘备的妻子，糜竺之妹，与甘夫人同在下邳安置。
- 刘备之妻，与甘夫人并称二嫂。随甘夫人一同被关羽护送，关心刘备下落。
- 刘备夫人，与甘夫人一同被关公护送，向张飞说明关公在许都出于无奈。
- 刘备之妻，怀抱阿斗逃难，左腿中枪，为不拖累赵云，投枯井而死。
- 刘备妻子。刘备驾崩后追谥为皇后。",三国演义
三国演义_人物_糜竺_0,人物,"实体名：糜竺
实体描述：
- 字子仲，东海朐县人，家世富豪，曾遇火德星君，后为陶谦别驾从事，献计求救于孔融，并奉命赍书赴北海。
- 陶谦部下，与陈登议事，劝陶谦让徐州给刘备，后辅佐刘备。
- 徐州官吏，认为吕布乃虎狼之徒，不可收留。
- 刘备谋士，识破曹操之计。
- 刘备幕僚，随刘备投奔曹操，后与孙乾一同商议突围之计。
- 刘备部下，守中军，其妹为刘备次妻。
- 糜竺，刘备部下。本篇中在吕布入沛城时出迎，保全刘备妻小，后守徐州城，拒绝吕布入城，最终迎接曹操。
- 刘备的部下，与孙乾、简雍、糜芳守徐州。
- 刘备部将，与简雍守徐州，城破后弃城而走。
- 徐州失散后逃难回乡，寻访至古城，与张飞、关公相见，后随刘备。
- 刘备幕僚，文官。刘备自称文有孙乾、糜竺、简雍之辈。
- 刘备部下，奉命护送官家眷到樊城，与孔明守新野县。
- 字子仲，刘备部属，曾被淳于导所擒，为赵云救出，后保甘夫人先行。
- 刘备部下，奉命以犒军为名往东吴探听虚实，并献上羊酒礼物。
- 刘备部将，受令驾船绕江剿擒败军。
- 刘备部下，与刘封守江陵。
- 刘备部下，奉命迎接周瑜劳军，回报准备安排。
- 文官，同守荆州。
- 刘备部下，属荆襄旧日文武。",三国演义
三国演义_人物_糜芳_0,人物,"实体名：糜芳
实体描述：
- 糜竺之弟，守中军。
- 刘备的部下，守徐州。
- 糜竺之弟，与糜竺一同逃难，后到古城与众人相会。
- 刘备幕僚，随刘备家小逃难。
- 刘备部下，受孔明将令于鹊尾坡埋伏，与孔明守新野县。
- 糜竺之弟，刘备部属，曾带箭报称赵云反投曹操。
- 刘备部将，与糜竺同往。
- 武将，同守荆州。
- 刘备部下，属荆襄旧日文武。
- 关羽的先锋，与傅士仁一同失火，被杖责后罚守南郡。
- 南郡守将，经傅士仁劝说后降东吴。
- 东吴将领，刘备切齿之仇人之一，曾参与陷害关羽。
- 原蜀将，后降吴。因军心恐惧，与傅士仁刺杀马忠，携首级投蜀，被刘备令关兴剐杀祭关公。",三国演义
三国演义_人物_紫虚上人_0,人物,"实体名：紫虚上人
实体描述：
- 锦屏山异人，道号紫虚上人，能知人生死贵贱，为刘璝等写下八句预言。",三国演义
三国演义_人物_纪灵_0,人物,"实体名：纪灵
实体描述：
- 袁术上将，使一口三尖刀重五十斤，与关羽战三十合不分胜负，后败退。
- 袁术部将，与高顺交涉许诺之物，后参与袁术商议对付孙策。
- 袁术手下大将，统兵数万进攻小沛。奉袁术之命与刘备交兵，后应邀参加吕布辕门宴，目睹吕布射戟解和，无奈罢兵回淮南。
- 袁术麾下七路都救应使。
- 袁术先锋。与张飞交战，被张飞刺于马下。",三国演义
三国演义_人物_羊祜_0,人物,"实体名：羊祜
实体描述：
- 晋都督，镇守襄阳，甚得军民之心，与陆抗和平相待，病危时荐杜预伐吴，死后赠太傅、巨平侯，襄阳人立碑称堕泪碑。",三国演义
三国演义_人物_翟元_0,人物,"实体名：翟元
实体描述：
- 曹仁的副将，出战廖化中诈败计，后被关平追上斩杀。",三国演义
三国演义_人物_老子_0,人物,"实体名：老子
实体描述：
- 孔子曾问礼于老子。",三国演义
三国演义_人物_耿弇_0,人物,"实体名：耿弇
实体描述：
- 东汉开国名将，有匡扶宇宙之才。",三国演义
三国演义_人物_耿武_0,人物,"实体名：耿武
实体描述：
- 韩馥长史，谏阻韩馥让州于袁绍，后与关纯伏击袁绍，被颜良斩杀。",三国演义
三国演义_人物_耿纪_0,人物,"实体名：耿纪
实体描述：
- 字季行，侍中少府，与韦晃密谋讨曹操，被夏侯惇活捉，大骂而死。",三国演义
三国演义_人物_胡冲_0,人物,"实体名：胡冲
实体描述：
- 吴中书令，劝孙皓效仿刘禅投降。",三国演义
三国演义_人物_胡华_0,人物,"实体名：胡华
实体描述：
- 桓帝时曾为议郎，致仕归乡，寄书与子胡班。",三国演义
三国演义_人物_胡奋_0,人物,"实体名：胡奋
实体描述：
- 魏将，斩诸葛诞于吊桥边。
- 晋平南将军，出夏口。",三国演义
三国演义_人物_胡忠_0,人物,"实体名：胡忠
实体描述：
- 蜀汉裨将，与杜睿同监造木牛流马。",三国演义
三国演义_人物_胡才_0,人物,"实体名：胡才
实体描述：
- 原为白波帅，被乱军所杀。",三国演义
三国演义_人物_胡氏_0,人物,"实体名：胡氏
实体描述：
- 刘琰之妻，有颜色，入宫朝见皇后留居一月，被刘琰怀疑。",三国演义
三国演义_人物_胡济_0,人物,"实体名：胡济
实体描述：
- 蜀汉行参军，昭武中郎将。
- 蜀汉合后，随姜维伐魏。
- 蜀将，守汉寿城，后抵不住魏兵逃回成都。",三国演义
三国演义_人物_胡渊_0,人物,"实体名：胡渊
实体描述：
- 胡烈之子，领兵在外，得父密书后率众攻钟会。",三国演义
三国演义_人物_胡烈_0,人物,"实体名：胡烈
实体描述：
- 魏护军，在钟会帐下。
- 魏国护军，被钟会监禁，密书其子胡渊起兵。",三国演义
三国演义_人物_胡班_0,人物,"实体名：胡班
实体描述：
- 胡华之子，荥阳太守王植部下从事，助关公开城门逃脱火攻。
- 胡华之子，到荆州投降关羽，关羽念其旧情，令随费诗入川见汉中王。",三国演义
三国演义_人物_胡质_0,人物,"实体名：胡质
实体描述：
- 魏国东莞太守，随贾逵取阳城。",三国演义
三国演义_人物_胡赤儿_0,人物,"实体名：胡赤儿
实体描述：
- 牛辅心腹，应允与牛辅弃军逃走，但途中杀死牛辅夺取金珠，献头给吕布，后因谋杀被吕布诛杀。",三国演义
三国演义_人物_胡车儿_0,人物,"实体名：胡车儿
实体描述：
- 张绣偏将，力能负五百斤，日行七百里。献计盗典韦双戟，混入典韦军士内偷走铁戟，使典韦无力。",三国演义
三国演义_人物_胡轸_0,人物,"实体名：胡轸
实体描述：
- 华雄副将，引兵出关迎战孙坚，被程普刺中咽喉而死。",三国演义
三国演义_人物_胡遵_0,人物,"实体名：胡遵
实体描述：
- 司马懿先锋，先到辽东下寨，后引兵入襄平。
- 魏国征东将军，领兵攻东兴，被丁奉击败。
- 魏征东将军，领青州诸军绝毋丘俭归路。",三国演义
三国演义_人物_胡邈_0,人物,"实体名：胡邈
实体描述：
- 侍中，字敬才，劝皇甫郦勿出言得罪李傕。",三国演义
三国演义_人物_脂习_0,人物,"实体名：脂习
实体描述：
- 京兆人，伏孔融尸而哭，被曹操赦免。",三国演义
三国演义_人物_膝循_0,人物,"实体名：膝循
实体描述：
- 吴司空，参与退兵之策。",三国演义
三国演义_人物_臧旻_0,人物,"实体名：臧旻
实体描述：
- 刺史，上表奏孙坚之功。",三国演义
三国演义_人物_臧霸_0,人物,"实体名：臧霸
实体描述：
- 字宣高，泰山华阴人，吕布帐下健将，出马搦战乐进。
- 吕布部将，从西巷转出夹攻曹操，后巡海打粮未回。
- 吕布麾下将领，出琅琊敌雷薄。
- 泰山贼寇首领之一。本篇中与陈宫等结连共攻兖州诸郡。
- 吕布手下降将，曹操令其守把青、徐。
- 曹操部将，被命为先锋与徐庶同往散关。",三国演义
三国演义_人物_舜_0,人物,"实体名：舜
实体描述：
- 上古圣君，管辂引元、恺辅舜为例。",三国演义
三国演义_人物_舞阳君_0,人物,"实体名：舞阳君
实体描述：
- 何进之母，受十常侍金珠玩好，令入何太后处善言遮蔽。",三国演义
三国演义_人物_花永_0,人物,"实体名：花永
实体描述：
- 魏将，奉王经命战姜维。",三国演义
三国演义_人物_苏双_0,人物,"实体名：苏双
实体描述：
- 中山大商，与张世平同赠刘备物资。",三国演义
三国演义_人物_苏献_0,人物,"实体名：苏献
实体描述：
- 王莽时期将领，被孝元皇太后用玉玺击打。",三国演义
三国演义_人物_苏秦_0,人物,"实体名：苏秦
实体描述：
- 战国纵横家，佩六国相印，有匡扶人国之谋，被步骘提及，诸葛亮称其为豪杰。
- 战国说客，周瑜引以自喻，表示不为说客所动。",三国演义
三国演义_人物_苏越_0,人物,"实体名：苏越
实体描述：
- 洛阳良工，为曹操画建始殿图像，指出跃龙祠旁大梨树可为栋梁。",三国演义
三国演义_人物_苏顒_0,人物,"实体名：苏顒
实体描述：
- 魏国先锋，郭淮部将，率兵奔入箕谷，被赵云一枪刺死。",三国演义
三国演义_人物_苏飞_0,人物,"实体名：苏飞
实体描述：
- 黄祖部下大将，曾多次推荐甘宁，后被潘璋生擒。
- 原与黄祖同僚，被囚槛车，得甘宁求救，被孙权赦免。",三国演义
三国演义_人物_苗泽_0,人物,"实体名：苗泽
实体描述：
- 黄奎妻弟。与李春香私通，为得春香而向曹操告发黄奎与马腾之谋，后被曹操以不义之罪斩首。",三国演义
三国演义_人物_苟安_0,人物,"实体名：苟安
实体描述：
- 蜀汉都尉，押送粮米违限被杖责，怀恨投魏，受司马懿指使回成都散布流言。
- 宦官，因散布流言被孔明追捕，投奔魏国。",三国演义
三国演义_人物_范康_0,人物,"实体名：范康
实体描述：
- 字仲真，渤海人，江夏八俊之一。",三国演义
三国演义_人物_范成_0,人物,"实体名：范成
实体描述：
- 曹操部下，任洛阳令。",三国演义
三国演义_人物_范滂_0,人物,"实体名：范滂
实体描述：
- 字孟博，同郡（汝南）人，江夏八俊之一。",三国演义
三国演义_人物_范疆_0,人物,"实体名：范疆
实体描述：
- 张飞帐下末将，因被张飞鞭打并限期备办白旗白甲，与张达合谋刺杀张飞，割其首级投奔东吴。
- 杀害张飞的凶手之一，被东吴绑送蜀营，被张苞万剐凌迟。",三国演义
三国演义_人物_范蠡_0,人物,"实体名：范蠡
实体描述：
- 春秋时越国谋士，姜维引其典故，泛舟五湖。",三国演义
三国演义_人物_荀彧_0,人物,"实体名：荀彧
实体描述：
- 字文若，颍川颍阴人，原事袁绍后投曹操，被曹操称为“吾之子房”，任行军司马。
- 曹操谋士，与程昱设计死守鄄城、东阿、范县三处，使曹操有归处。
- 曹操谋士，进谏劝阻曹操攻打徐州，建议东略陈地，就食汝南、颍川，破黄巾。
- 字文若，曹操谋士。建议曹操奉天子以从众望，献二虎竞食之计和驱虎吞狼之计，后任侍中尚书令。
- 曹操谋士，劝曹操早图刘备，曹操不答。后献计加官赐赏吕布，令其与刘备解和，以免吕布侵许都。
- 曹操谋士，留守许都，劝曹操暂缓攻袁术。
- 曹操谋士。本篇中点破水淹之计，称为“决沂、泗之水”。
- 曹操谋士。提醒曹操刘备被认皇叔无益，后劝曹操不可令刘备督军。
- 字文若，曹操的谋士，认为袁绍无用，分析其部下弱点。曹操赞其料事如神。
- 曹操谋士，字文若，有王佐之才。他劝曹操先灭袁绍、刘备，再图江汉，并识破刘备劫寨之谋。
- 曹操谋士，字文若？文中称荀公达？实际荀彧字文若，荀攸字公达。文中“荀公达”应为荀攸。此处根据文本：操谓吕虔曰“惟荀公达知吾心耳”，荀公达即荀攸。但另有荀彧劝曹操勿频令关羽出征。故两者不同。需分别提取。
- 曹操的谋士，留守许昌。曹操写信问计，荀彧回信分析形势，鼓励曹操坚守官渡，断言袁绍必将生变，坚定了曹操的决心。
- 曹操谋士，写信报知刘备攻许昌，使曹操回军。
- 曹操谋士。建议养精蓄锐后再南征刘表、孙权。
- 曹操的谋士，建议天寒未可用兵，待春暖再南征。
- 曹操谋士，谏不可轻敌刘备诸葛亮，后为脂习求情。
- 曹操谋士，谏阻杀张松。
- 侍中，字文若，反对曹操加九锡，认为应秉忠贞守谦退，后曹操送空食盒暗示，荀彧服毒自尽，年五十，谥敬侯。
- 字荀文若，被众官提及，言崔琰不见其下场。",三国演义
三国演义_人物_荀恺_0,人物,"实体名：荀恺
实体描述：
- 魏将，射杀卢逊，救钟会，被赐全副鞍马铠甲。",三国演义
三国演义_人物_荀恽_0,人物,"实体名：荀恽
实体描述：
- 荀彧之子，发哀书报曹操荀彧死讯。",三国演义
三国演义_人物_荀攸_0,人物,"实体名：荀攸
实体描述：
- 大臣，随何进扶立新君。
- 字公达，荀彧之侄，海内名士，投曹操任行军教授。
- 曹操谋士，任军师。
- 曹操谋士。本篇中劝曹操速攻吕布，不可撤军。
- 曹操谋士，建议派孔融为使往说刘表，后与众人送祢衡。
- 字公达。曹操谋士，识破曹操以粮草为饵之计。
- 曹操的谋士，提出利在急战、断袁军粮草等计策，并献计扬言分兵取酸枣、黎阳，使袁绍分兵而破之。
- 曹操谋士，建议乘袁氏兄弟相攻而取天下。
- 曹操谋士。建议用诈降计破高干，随曹操观天文见金光。
- 曹操谋士，谏言江陵乃重地，后献策遣使檄江东。
- 曹操谋士，进计派蔡中、蔡和去东吴诈降为内应。
- 曹操谋士，赞同程昱之言，提醒丞相勿泄军机。
- 曹操谋士。进言先取孙权，后献计降诏召马腾入京杀之，以除南征后患。
- 曹操谋士，建议取渭河沙土筑城。
- 中书令，谏曹操不可进魏王位，曹操怒其效仿荀彧，忧愤成疾而卒。",三国演义
三国演义_人物_荀正_0,人物,"实体名：荀正
实体描述：
- 纪灵副将，被关羽一合斩于马下。",三国演义
三国演义_人物_荀爽_0,人物,"实体名：荀爽
实体描述：
- 司徒。谏阻董卓迁都，被罢为庶民。",三国演义
三国演义_人物_荀谌_0,人物,"实体名：荀谌
实体描述：
- 韩馥谋士，建议韩馥请袁绍同治州事。
- 袁绍的谋士，与许攸同入，主张起兵伐曹操。",三国演义
三国演义_人物_荀顗_0,人物,"实体名：荀顗
实体描述：
- 魏尚书，陈泰之舅，奉司马昭之命召陈泰。
- 魏从事中郎，建议伐蜀而非用刺客，推荐邓艾、钟会。
- 魏国司空，谏立长子司马炎。
- 晋臣，力言不可伐吴。",三国演义
三国演义_人物_萧何_0,人物,"实体名：萧何
实体描述：
- 酂侯。汉朝开国功臣，画像在功臣阁。
- 汉初丞相，曹操被比作萧何故事。
- 汉初功臣，与曹参同随高祖举大事，位不及韩信而不怨。",三国演义
三国演义_人物_葛雍_0,人物,"实体名：葛雍
实体描述：
- 毋丘俭先锋，建议先取南顿，后与邓艾交锋被斩。",三国演义
三国演义_人物_董允_0,人物,"实体名：董允
实体描述：
- 蜀汉黄门侍郎。与杜琼至丞相府求见孔明未果，奏请后主亲往相府问计。
- 蜀汉侍郎，后为侍中，孔明留其总摄宫中之事。
- 蜀汉官员，认为魏延自恃功高，乘机为乱，杨仪必不背反，后奉诏假节释劝魏延，未及到南郑而魏延已死。
- 蜀臣，曾切齿恨黄皓，被提及。",三国演义
三国演义_人物_董卓_0,人物,"实体名：董卓
实体描述：
- 中郎将，代卢植领兵，被张角杀败，为刘备等所救，却轻视刘备白身。
- 字仲颖，陇西临洮人，官拜河东太守，自来骄傲。当日怠慢了刘备、张飞等人。
- 西凉刺史，后为相国，专权跋扈。废少帝立陈留王，残暴不仁，有“董贼”之称。最终被吕布所杀（本段未及）。
- 字仲颖，汉丞相。专权跋扈，迁都长安，焚烧洛阳，发掘陵寝。后被诸侯讨伐。
- 太师，自号尚父，专权跋扈，在长安筑郿坞，斩杀张温，后因连环计被吕布所杀（本回未及杀，但为后续铺垫）。
- 太师，专权跋扈，残暴不仁。因吕布与貂蝉之事与吕布结仇，后被吕布所杀。又称董太师。
- 东汉末年的权臣，被王允、吕布计杀。
- 孙坚讨伐董卓时移家舒城。
- 东汉权臣，侵官暴国，导致天下大乱。
- 东汉权臣，周瑜称曹操弄权甚于董卓。
- 东汉末年权臣，被曹操讨伐。
- 东汉权臣，伪为乱阶，引发天下大乱。
- 古风中提及，凉州董卓居朝堂。",三国演义
三国演义_人物_董厥_0,人物,"实体名：董厥
实体描述：
- 蜀汉掾史，随孔明征南。
- 蜀汉官员，担任丞相令史，受孔明之命在泸水岸边宣读祭文。
- 蜀国将领。孔明唤入帐分付回汉中养病事宜。
- 蜀将，受檄提兵接应姜维。
- 辅国大将军，引二万兵守住剑阁，后接应姜维、廖化、张翼入关，与姜维商议退敌之计。
- 蜀汉将领，托病不起，后忧死。",三国演义
三国演义_人物_董和_0,人物,"实体名：董和
实体描述：
- 益州太守，字幼宰，南郡枝江人。上书刘璋请往汉中借兵，以唇亡齿寒之理劝说张鲁。
- 刘璋部下，主张城中尚有兵粮可守，但刘璋决意投降。",三国演义
三国演义_人物_董太后_0,人物,"实体名：董太后
实体描述：
- 董后，灵帝之母，尝劝立皇子协，后为何进所逼迁河间，被鸩杀。",三国演义
三国演义_人物_董寻_0,人物,"实体名：董寻
实体描述：
- 魏国司徒，上表切谏魏主大兴土木，冒死进言，被废为庶人。",三国演义
三国演义_人物_董承_0,人物,"实体名：董承
实体描述：
- 国戚，救驾有功，与杨奉共同誓斩李傕、郭汜。
- 车骑将军，建议奉驾往山东避李傕、郭汜，后封列侯。
- 车骑将军，国舅。接受献帝衣带诏，联络王子服、种辑、吴硕、吴子兰、马腾、刘备等共立义状，誓杀曹操。
- 国舅，汉献帝岳父，因曹操骄横，奉衣带诏密谋除曹。他联合王子服等人，并得到吉平相助，事泄后被曹操监禁处斩，全家被杀。
- 因衣带诏事被曹操杀，吉平为其同谋。
- 车骑将军，曾与刘备图谋讨曹操，机事不密被陷害。
- 车骑将军，因衣带诏事被曹操所杀，死后魂魄索命。",三国演义
三国演义_人物_董旻_0,人物,"实体名：董旻
别名：董晃
实体描述：
- 董卓之弟，封左将军、鄠侯。
- 董卓之弟，被封为左将军、鄠侯。
- 董卓之弟，被诛杀斩首。",三国演义
三国演义_人物_董昭_0,人物,"实体名：董昭
实体描述：
- 字公仁，济阴定陶人，原为袁绍、张杨从事，后为正议郎。建议曹操迁都许都，后为洛阳令。
- 长史，进言请尊曹操为魏公加九锡，以彰功德。
- 魏国主簿，建议曹操将东吴书信射入樊城以宽军心。",三国演义
三国演义_人物_董朝_0,人物,"实体名：董朝
实体描述：
- 中书郎，与孙楷同迎孙休。",三国演义
三国演义_人物_董璜_0,人物,"实体名：董璜
实体描述：
- 董卓之侄，被封为侍中，总领禁军。
- 董卓之侄，被诛杀斩首。",三国演义
三国演义_人物_董祀_0,人物,"实体名：董祀
实体描述：
- 蔡琰之夫，出仕于外。",三国演义
三国演义_人物_董禧_0,人物,"实体名：董禧
实体描述：
- 魏将，奉夏侯楙之命引三万军伏于左，后被关兴斩杀。",三国演义
三国演义_人物_董荼那_0,人物,"实体名：董荼那
实体描述：
- 南蛮三洞元帅之一，第二洞元帅，被张嶷擒获后释放。
- 南蛮洞主，曾被诸葛亮放回，后被孟获遣去敌马岱，因不战而退被责打，最终与众人擒孟获献于孔明，后被孟获设计杀害。",三国演义
三国演义_人物_董衡_0,人物,"实体名：董衡
实体描述：
- 曹操的领军将校，随于禁出征，劝于禁勿用庞德为先锋，后劝庞德投降被斩。",三国演义
三国演义_人物_董袭_0,人物,"实体名：董袭
实体描述：
- 字元代，会稽余姚人，献严白虎首级，荐华佗医治周泰，被孙策命为别部司马。
- 孙权部下副将，与甘宁一同进攻黄祖。
- 东吴武将，被周瑜任为第五队将领。
- 东吴将领，领三千兵直取汉阳，从汉川杀奔曹操寨中。
- 东吴将领。分头放火呐喊。
- 东吴将领，与陆逊救太史慈。
- 孙权部将，随中军，后驾舟接应凌统。
- 东吴将领，在楼船上遇风覆舟，死于江口水中。",三国演义
三国演义_人物_董贵人_0,人物,"实体名：董贵人
实体描述：
- 汉献帝贵人，被曹操所害，死后魂魄索命。",三国演义
三国演义_人物_董贵妃_0,人物,"实体名：董贵妃
实体描述：
- 董承之妹，汉献帝妃子，怀孕五月。曹操杀董承后，带剑入宫将其勒死于宫门外。",三国演义
三国演义_人物_董超_0,人物,"实体名：董超
实体描述：
- 曹操的领军将校，随于禁出征，劝庞德投降被斩。",三国演义
三国演义_人物_董重_0,人物,"实体名：董重
实体描述：
- 骠骑将军，董太后之侄，被禁军围府，自刎于后堂。",三国演义
三国演义_人物_蒋义渠_0,人物,"实体名：蒋义渠
实体描述：
- 袁绍部将，在黎阳北岸出寨迎接袁绍，并招谕离散之众。",三国演义
三国演义_人物_蒋奇_0,人物,"实体名：蒋奇
实体描述：
- 袁绍部将，奉命领兵一万救乌巢，在路上遇伪装成乌巢败军的曹军，被张辽斩于马下。",三国演义
三国演义_人物_蒋干_0,人物,"实体名：蒋干
实体描述：
- 字子翼，九江人，曹操帐下幕宾。与周瑜同窗，自荐说降周瑜，却中反间计盗回假信。
- 字子翼，曹操帐下谋士。曾往东吴未能成功，再次请命前往探听实信，被周瑜送往西山庵中，偶遇庞统并引其归曹。",三国演义
三国演义_人物_蒋斌_0,人物,"实体名：蒋斌
实体描述：
- 蜀汉左军，与王含同守左寨，被魏军攻破。
- 蜀将，守汉城，不敢出战，后降魏。",三国演义
三国演义_人物_蒋显_0,人物,"实体名：蒋显
实体描述：
- 太仆，奉敕令姜维早降。",三国演义
三国演义_人物_蒋济_0,人物,"实体名：蒋济
实体描述：
- 魏国主簿，赞同司马懿之策，劝曹操不必迁都。
- 魏国参谋官，与刘晔同谏曹丕。
- 魏国太尉，与司马孚一同写表，后劝司马懿勿忧，并作书与尹大目持见曹爽。",三国演义
三国演义_人物_蒋班_0,人物,"实体名：蒋班
实体描述：
- 诸葛诞谋士，劝诞决战，诞不从，遂降魏。",三国演义
三国演义_人物_蒋琬_0,人物,"实体名：蒋琬
实体描述：
- 字公琰，零陵湘乡人，荆襄名士，现为书记，随孔明入川。
- 刘备部下，属荆襄旧日文武。
- 蜀汉参军，随孔明征南。
- 蜀参军，曾质疑吕凯所造之寨犯地势之忌，后与马谡等共议平蛮之事。
- 蜀将，建议孔明因天气炎热班师回国，孔明未从。
- 蜀汉参军，掌丞相府事。
- 蜀汉参军，自成都至，劝阻斩马谡未果。后奉孔明表文回成都见后主。
- 蜀汉大臣，建议问丞相孔明关于孙权僭逆之事。
- 蜀汉大臣，出班奏问为何宣孔明回朝。
- 蜀汉参军，因不能觉察奸邪被孔明深责，后为李严求情。
- 蜀汉大臣，字公琰。孔明临终推荐可任大事，继任者。
- 蜀汉官员，以全家保杨仪不反，认为魏延必反，后主依诸葛亮遗言加其为丞相、大将军，录尚书事。",三国演义
三国演义_人物_蒋舒_0,人物,"实体名：蒋舒
实体描述：
- 蜀将，姜维选练之人，颇有胆勇。
- 蜀汉右军，随姜维伐魏。
- 蜀将，奉命出斜谷进兵取祁山。
- 蜀副将，守阳安关，后降魏，导致傅佥战死。",三国演义
三国演义_人物_蒋钦_0,人物,"实体名：蒋钦
实体描述：
- 字公奕，九江寿春人，原为劫掠者，后投孙策，射死陈横，杀过桥里。
- 东吴武将，被周瑜任为第二队将领。
- 东吴右翼将领，与甘宁、韩当一同冲入曹军。
- 东吴将领，领第四队战船接应黄盖。
- 东吴将领。从赤壁西边杀来，后随周瑜攻南郡，被曹仁击败。
- 东吴将领，奉孙权之命持剑追取刘备和孙夫人首级，率兵沿江追赶。
- 东吴将领，自南徐归报孙权。
- 孙权部将，为合后。
- 东吴将领，留守濡须口。
- 东吴将领，参与袭取荆州，率军拦阻关公。",三国演义
三国演义_人物_蒯良_0,人物,"实体名：蒯良
实体描述：
- 延平人，刘表辅佐。
- 刘表谋士，建议刘表深沟高垒，后观星象言孙坚将星欲坠，设计让吕公伏击孙坚。在第八回中反对换尸。
- 刘表谋士，劝刘表乘势击曹操。
- 刘表谋士，为韩嵩求情，称韩嵩去前已明言，刘表遂赦之。",三国演义
三国演义_人物_蒯越_0,人物,"实体名：蒯越
实体描述：
- 字异度，延平人，刘表辅佐。与蔡瑁引兵截孙坚。
- 刘表部将，在孙坚死后与黄祖、蔡瑁分头杀出。
- 字异度，荆州幕宾。识得的卢马妨主，参与蔡瑁害刘备之计。
- 字异度，刘表部下，劝刘琮降曹。
- 字异度，荆州谋士，劝止蔡瑁杀王威，后归曹操，被封为江陵太守樊城侯。",三国演义
三国演义_人物_蒯通_0,人物,"实体名：蒯通
实体描述：
- 历史人物，韩信谋士，姜维引其典故。",三国演义
三国演义_人物_蔡中_0,人物,"实体名：蔡中
实体描述：
- 蔡瑁之弟，守襄阳南门。
- 蔡瑁族弟，曹军副将。奉曹操之命带军士到东吴诈降，被周瑜识破并将计就计。
- 蔡和之弟，与甘宁一同行动，被留在帐下。
- 原曹营之人，引甘宁入曹寨深处，被甘宁一刀斩于马下。",三国演义
三国演义_人物_蔡勋_0,人物,"实体名：蔡勋
实体描述：
- 蔡瑁之弟，守襄阳北门。",三国演义
三国演义_人物_蔡和_0,人物,"实体名：蔡和
实体描述：
- 蔡瑁之弟，守襄阳东门岘山大路。
- 蔡瑁族弟，曹军副将。与蔡中一同前往东吴诈降，传递黄盖受刑等消息。
- 原为曹操部下，诈降东吴，被周瑜识破并斩首祭旗。",三国演义
三国演义_人物_蔡壎_0,人物,"实体名：蔡壎
实体描述：
- 蔡瑁之弟，在三江口之战中被甘宁射死。",三国演义
三国演义_人物_蔡夫人_0,人物,"实体名：蔡夫人
实体描述：
- 刘表后妻，蔡瑁之姊。屡次进谗言陷害刘备，与蔡瑁密谋杀刘备。
- 刘表后妻，蔡瑁之姊。常怀谋害刘琦之心，为蔡瑁求情免死。
- 刘表后妻，蔡瑁之姊，立亲生子刘琮为主，与刘琮前赴襄阳驻扎。
- 刘琮之母，随刘琮赴青州，被于禁所杀。",三国演义
三国演义_人物_蔡林_0,人物,"实体名：蔡林
实体描述：
- 吴国都督，率本部军投魏。",三国演义
三国演义_人物_蔡琰_0,人物,"实体名：蔡琰
实体描述：
- 蔡邕之女，字文姬。被匈奴左贤王掳去，作《胡笳十八拍》，后被曹操赎回，嫁与董祀。",三国演义
三国演义_人物_蔡瑁_0,人物,"实体名：蔡瑁
实体描述：
- 襄阳人，刘表辅佐。与黄盖交战，被黄盖鞭打护心镜而走。
- 刘表部将，刘表后妻之兄，出战孙坚被程普击败，逃入襄阳。
- 刘表部将，谗言不可纳刘备，欲斩孙乾，被刘表叱退。
- 刘表部下，蔡夫人之弟。设计欲害刘备，设宴于襄阳，后追赶刘备至檀溪。
- 刘表部下上将，设计欲害刘备，引军追赶，后险些被刘表斩杀，得蔡夫人求情免死。
- 刘表部将，蔡夫人之弟，与张允把守外门，假写遗嘱立刘琮为主，后献荆州降曹。
- 荆州水军将领，刘琮之舅，谄佞降曹，被加封为镇南侯、水军大都督。
- 荆州降将，曹操水军都督。与张允训练水军，被周瑜反间计所害，为曹操斩杀。
- 原为荆州水军都督，被曹操因蒋干盗书而误杀。其族弟蔡中、蔡和为其报仇而诈降东吴。",三国演义
三国演义_人物_蔡邕_0,人物,"实体名：蔡邕
实体描述：
- 议郎，上疏言灾异之由，被曹节陷害放归田里。
- 侍中，谏止董卓杀卢植，被董卓强征并重用。
- 侍中，因在董卓暴尸时伏尸大哭被王允下狱缢死。众人惜其才。
- 东汉中郎，顾雍之师。
- 中郎，曾倒履迎王粲，称王粲有异才。
- 东汉名士，蔡琰之父，曾手摸曹娥碑文并题八字。",三国演义
三国演义_人物_蔡阳_0,人物,"实体名：蔡阳
实体描述：
- 曹操部将，将军。欲率铁骑三千追赶关羽。
- 曹操部将，不服关公，欲追被曹操叱退。
- 曹操部将，秦琪之舅。为外甥报仇奉丞相命来拿关公，被关公一通鼓未尽时斩于马下。",三国演义
三国演义_人物_薛乔_0,人物,"实体名：薛乔
实体描述：
- 魏国将领，伏于石亭之北，被全琮大杀一阵而败走。",三国演义
三国演义_人物_薛兰_0,人物,"实体名：薛兰
实体描述：
- 吕布副将，受命引军一万坚守兖州，陈宫言其必守不住。
- 兖州守将，军士出掳掠，被曹操攻，出城迎战，后被吕虔射杀。",三国演义
三国演义_人物_薛则_0,人物,"实体名：薛则
实体描述：
- 魏将，奉夏侯楙之命引三万军伏于右，后被张苞斩杀。",三国演义
三国演义_人物_薛悌_0,人物,"实体名：薛悌
实体描述：
- 曹操使者，送木匣给张辽，后往汉中求援。",三国演义
三国演义_人物_薛珝_0,人物,"实体名：薛珝
实体描述：
- 吴使，自蜀中归后向孙休报告蜀中黄皓用事、公卿阿附。",三国演义
三国演义_人物_薛礼_0,人物,"实体名：薛礼
实体描述：
- 刘繇谋士，守秣陵，暗放冷箭射中孙策，后死于乱军。",三国演义
三国演义_人物_薛综_0,人物,"实体名：薛综
实体描述：
- 字敬文，沛县人，至江东被孙权敬礼。
- 字敬文，东吴谋士，称曹操有天下三分之二，刘豫州不识天时。被诸葛亮厉声斥为无父无君之人，满面羞惭。",三国演义
三国演义_人物_薛莹_0,人物,"实体名：薛莹
实体描述：
- 吴光禄勋，劝孙皓投降。",三国演义
三国演义_人物_虞松_0,人物,"实体名：虞松
实体描述：
- 魏国主簿，建议待吴兵粮尽自走再击之。",三国演义
三国演义_人物_虞翻_0,人物,"实体名：虞翻
实体描述：
- 字仲翔，会稽余姚人，郡吏，劝王朗擒白虎，后荐华佗给孙策，拜为功曹。
- 孙策部下，奉命驰檄豫章。
- 东吴谋士，质问诸葛亮曹操大军压境为何不惧，被诸葛亮反驳后不能对。
- 字仲翔，东吴谋士，说降公安守将傅士仁。",三国演义
三国演义_人物_袁尚_0,人物,"实体名：袁尚
实体描述：
- 袁绍幼子，袁绍败逃时随其后。
- 字显甫，袁绍三子，生得形貌俊伟，袁绍欲立为后嗣，在阵前射死史涣，后随袁绍入冀州养病，暂掌军事。
- 袁绍幼子，字显甫。继承大司马将军，领冀、青、幽、并四州牧。与兄长袁谭争夺冀州，后败逃。
- 袁绍之子。败走中山，投袁熙，后投乌桓、辽东，被公孙康所杀。
- 袁绍之子，被公孙康斩杀。",三国演义
三国演义_人物_袁术_0,人物,"实体名：袁术
实体描述：
- 袁绍之弟，全身披挂引兵布列青琐门外。
- 字公路，袁绍之弟。总督粮草，因听谗言不发粮给孙坚，导致孙坚败绩。后因关羽马弓手身份欲将其赶出。
- 袁绍之弟，在南阳，因袁绍不与马匹而怒，遣书孙坚使伐刘表。
- 四世三公，据寿春，吕布曾投之，术怪吕布反覆不定而不纳。
- 割据诸侯，闻刘备欲吞南郡，大怒派纪灵攻刘备。
- 字公路，占据寿春，曾许诺粮马金银等使吕布攻刘备，后得孙策质当传国玉玺，暗有称帝之心。
- 字公路，淮南霸主，欲攻刘备并图徐州。先送粮结好吕布，后遣纪灵攻小沛。又行疏不间亲之计，欲与吕布联姻以取刘备。有称帝之意，被曹操视为狐兔。
- 淮南军阀，字公路，四世三公，僭称帝号建号仲氏，统领大军征徐州，后败回淮南。又称袁公路。
- 淮南军阀，称帝后骄奢过度。欲投袁绍，被刘备截击，兵败呕血而死。
- 称帝者，已败亡，陆绩曾为其座间怀桔。
- 被曹操所灭的诸侯之一。
- 东汉诸侯，曹操曾灭之（提及）。
- 东汉末年诸侯，被曹操讨除。
- 古风中提及，兴河梁。",三国演义
三国演义_人物_袁熙_0,人物,"实体名：袁熙
实体描述：
- 字显奕，袁绍次子，出守幽州，后引兵六万至冀州助战，被箭伤后回幽州。
- 袁绍次子，领兵与曹操相持。
- 袁绍次子，甄氏之夫。出镇幽州，后投乌桓，再投辽东，被公孙康所杀。
- 袁绍次子，其妻甄氏后被曹丕所得。",三国演义
三国演义_人物_袁綝_0,人物,"实体名：袁綝
实体描述：
- 蜀汉前将军，都亭侯。",三国演义
三国演义_人物_袁绍_0,人物,"实体名：袁绍
实体描述：
- 字本初，司隶校尉，劝何进尽诛宦官，召四方英雄勒兵来京。
- 字本初（未出现），中军校尉。反对董卓废立，悬节东门奔冀州，后为渤海太守。
- 字本初，四世三公，汉朝名相之裔。渤海太守，被推为讨董联军盟主。后因诸侯各怀异心，领兵投关东。
- 字本初，屯兵河内，用逢纪计谋夺取冀州，后与公孙瓒在磐河交战，被赵云、刘备等击败，坚守不出。
- 曾纳吕布，共破张燕于常山，后欲杀吕布。
- 冀州军阀，谋士审配建议助曹操攻吕布，遂遣颜良将兵五万助曹操。
- 陈宫提及日后可图取。
- 冀州霸主，被曹操视为狐兔之一。
- 河北军阀，四世三公。破公孙瓒，声威大盛。袁术欲归帝号于他。
- 字本初，虎踞冀、青、幽、并诸郡，带甲百万。起初不愿助刘备攻曹操，因郑玄书信而决定起兵。部下谋士众多，但内部不和。
- 字本初，河北霸主，势力强盛。他遣使招安张绣，后因幼子生病拒绝出兵救刘备，导致刘备败投。
- 字本初。河北霸主，起兵攻曹。先后派遣颜良、文丑为先锋，二将皆被关羽所斩。曾欲杀刘备，后被刘备说服。
- 河北霸主，曹操对头，刘玄德曾在其处。
- 字本初，河北诸侯。曾欲杀关羽，被刘备劝说，后派刘备往荆州说刘表，因刘备不回而大怒欲伐之。
- 北方军阀，欲结东吴为外应共攻曹操。后闻孙策死、孙权继立且与曹操结好，大怒起兵攻许昌。
- 袁绍，字本初，起兵七十万进攻官渡，自恃兵多粮足，却刚愎自用，不听田丰、沮授等忠言，猜忌许攸，逼走张郃、高览，导致乌巢粮草被烧，全军溃败。他衣着金盔金甲，锦袍玉带，最终仅带八百余骑逃亡。
- 字本初，又称绍、主公，败于官渡后逃至黎阳，后悔不听田丰之言，回冀州后欲立袁尚为嗣，在仓亭再败于曹操，吐血养病。
- 原冀州牧，已故。旧病复发吐血而死。字本初。
- 字本初。曾与曹操共起兵，已丧。曹操祭其墓。
- 河北霸主，曾被曹操击败，其部众被曹操收编。
- 被曹操所灭的诸侯之一，其部众被曹操收编。
- 昔日北方霸主，兵多但被曹操所败。
- 东汉诸侯，曹操曾收其势力（提及）。
- 字本初，东汉末年军阀。其手下降将马延、张顗在曹操军中。
- 东汉末年诸侯，被曹操消灭。
- 字袁本初，贾诩以袁绍父子废立之事谏曹操。
- 东汉末诸侯，袁熙之父。
- 古风中提及，兴河梁。",三国演义
三国演义_人物_袁胤_0,人物,"实体名：袁胤
实体描述：
- 袁术之侄，护送灵柩及妻子奔庐江，被徐璆所杀。",三国演义
三国演义_人物_袁谭_0,人物,"实体名：袁谭
实体描述：
- 袁绍长子，青州刺史，素敬刘备，闻刘备匹马到来，开门相迎，并护送其见袁绍。
- 袁绍之子，袁绍分兵五万命其救邺郡。
- 字显思，袁绍长子，出守青州，后引兵五万至冀州助战，袁绍令其随辛评、郭图回青州整顿。
- 袁绍长子，字显思（未直接出现）。与袁尚争位，后降曹操又图谋反叛。文本中亦作袁潭。
- 袁绍长子。与袁尚相争，后降曹又反，被曹洪杀于阵中。",三国演义
三国演义_人物_袁逢_0,人物,"实体名：袁逢
实体描述：
- 司徒，袁绍之父。",三国演义
三国演义_人物_袁遗_0,人物,"实体名：袁遗
实体描述：
- 山阳太守。随八路诸侯战虎牢。",三国演义
三国演义_人物_袁隗_0,人物,"实体名：袁隗
实体描述：
- 司徒，袁绍之叔。
- 太傅，袁绍之叔，附和董卓废立。
- 袁绍叔父，为太傅。被董卓派李傕、郭汜领兵围住全家诛绝。",三国演义
三国演义_人物_裴元绍_0,人物,"实体名：裴元绍
实体描述：
- 原黄巾张角部将，张角死后啸聚山林。欲劫关公赤兔马，识得关公后拜服，愿跟随，后被周仓刺死。",三国演义
三国演义_人物_裴景_0,人物,"实体名：裴景
实体描述：
- 左都督，因建议移营被司马懿怒叱。",三国演义
三国演义_人物_裴秀_0,人物,"实体名：裴秀
实体描述：
- 魏散骑长史，与钟会商议破敌，后建议坑杀吴兵。
- 魏国大臣，与贾充共劝司马炎受禅。",三国演义
三国演义_人物_裴绪_0,人物,"实体名：裴绪
实体描述：
- 假扮的魏将，实为诸葛亮心腹，伪称夏侯楙帐下将，前往安定、天水求援，以诱敌出城。",三国演义
三国演义_人物_西川土神_0,人物,"实体名：西川土神
实体描述：
- 师婆所供奉之神，降言让后主欣乐太平。",三国演义
三国演义_人物_许仪_0,人物,"实体名：许仪
实体描述：
- 魏先锋，许褚之子。违军令被钟会斩首。",三国演义
三国演义_人物_许允_0,人物,"实体名：许允
实体描述：
- 蜀汉前护军，偏将军、汉城亭侯。",三国演义
三国演义_人物_许允_1,人物,"实体名：许允
实体描述：
- 魏国侍中，奉司马懿之命见曹爽，劝其削兵权归降。",三国演义
三国演义_人物_许劭_0,人物,"实体名：许劭
实体描述：
- 汝南人，有知人之名，评曹操为治世之能臣乱世之奸雄。",三国演义
三国演义_人物_许攸_0,人物,"实体名：许攸
实体描述：
- 袁绍谋士，分掌冀州事。
- 袁绍的谋士，赞成起兵，但“贪而不智”，不乐审配领兵。
- 字子远，袁绍谋士，少时与曹操为友。截获曹操催粮书信，劝袁绍袭许昌被拒，又因审配告发其子侄下狱，袁绍怒斥之，遂投奔曹操。献计劫乌巢烧粮草，曹操大喜重待，后劝曹操进兵。
- 曹操谋士，献计决漳河之水淹冀州。
- 字子远。曾助曹操入冀州门，后因夸口被许褚杀死。
- 袁绍谋士，曾献计断乌巢之粮，被周瑜引为例。",三国演义
三国演义_人物_许昌_0,人物,"实体名：许昌
实体描述：
- 会稽妖贼，自称“阳明皇帝”，聚众数万，被孙坚斩杀。
- 都城。曹操班师回许昌，拨府邸与关羽，关羽朝见献帝。
- 曹操势力所在都城。孙策有袭许昌之心，后袁绍起兵攻许昌。
- 东汉都城，曹操留荀彧守许昌（亦称许都）。曹操曾作书遣人赴许昌问计荀彧，并催办粮草。
- 汉朝都城，又称许都，刘备欲袭许昌，曹操回军御之，后提兵回许昌。
- 许攸自许昌来见曹操。
- 东汉都城，曹操北征时空虚，刘备曾建议袭之；曹操班师回此。
- 地名，曹操都城，徐庶母亲被囚于此。
- 曹操所在之处，徐庶前往许昌见曹操，徐母葬于许昌之南原。
- 曹操都城，夏侯惇败回许昌，曹操留荀彧等守许昌。
- 汉天子被囚之处。
- 曹操都城，又称许都。曹操暂回许昌收拾军马。
- 曹操都城，又称许都、京师。曹操召马腾入京，马腾领兵至许昌城外被伏杀。
- 又称许都。曹操挟天子之处，马腾在此被杀。
- 又称许都，汉献帝所在，曹操班师回此，后发生火灾。
- 曹魏都城，曹洪星夜前往禀报曹操。
- 汉献帝所在，华歆自许昌飞马而至。
- 曹丕疑宫室多妖，自许昌幸洛阳。
- 魏国都城，司马懿留守许昌，张辽回到许昌身亡。
- 魏国都城之一，曹丕时城门无故自崩，被视为不祥之兆。
- 魏国都城之一，魏主在此大兴土木建盖宫殿。
- 魏国都城之一，司马懿入见曹睿之处。
- 司马师班师之处，司马昭暂屯。",三国演义
三国演义_人物_许汜_0,人物,"实体名：许汜
实体描述：
- 吕布谋士。本篇中与王楷献计求救于袁术，并出城送信。",三国演义
三国演义_人物_许褚_0,人物,"实体名：许褚
实体描述：
- 字仲康，谯国谯县人，壮士，在葛陂截住何仪，活捉数百黄巾，与典韦交战不分胜负，后中陷坑被擒，降曹操，被拜为都尉。
- 曹操部将，勇猛，斩李暹、李别，与徐晃战五十余合，后为都尉。
- 曹操部将，随曹操收残兵。
- 曹操麾下猛将，斩张先。
- 曹操部将。本篇中迎战泰山四将并击败他们，后在追击吕布时出现。
- 曹操部将。奉令请刘备，后率兵追刘备但未交锋。
- 曹操部将，勇不可当，曾欲斩祢衡，后参与劫杀张飞。
- 曹操部将，与徐晃共同截击关羽。
- 曹操部将，随曹操送行关公。
- 曹操部下猛将，字仲康，挥刀纵马助战张辽，后与张辽、徐晃、于禁等引军追赶袁绍，参与劫乌巢、攻打绍营等战斗。
- 曹操部将，为中军先锋，伪作劫寨，力斩十数将，后与赵云交战。
- 字仲康，曹操部将，斩尹楷。
- 曹操部将。走马入东门，杀许攸，后随张辽攻蹋顿。
- 曹操部将，为折冲将军，引兵三千为先锋。
- 曹操猛将，与张飞交锋不敢恋战，后随曹操至长坂桥。
- 曹操部将，任护卫往来监战使。
- 字仲康，曹操部将。保护众谋士来到，骑无鞍马战张飞。
- 绿袍将军，在铜雀台飞马夺袍，与徐晃厮打。
- 曹操部将。奉令从左边杀出，参与围困马腾父子。
- 曹操帐前虎卫军统领，人称虎痴。救曹操下船，以马鞍遮箭，护操渡河。
- 曹操麾下猛将，字仲康，人称“虎侯”“虎痴”，身强力壮，曾裸衣斗马超。
- 曹操部将，字仲康，纵马舞刀敌住韩当、周泰，救曹操脱险，后引虎卫军敌住东吴四将。
- 曹操护卫，仗剑立于堂门之内，挡住曹仁，曹操叹为忠臣。
- 曹操部将，勇猛，曾力敌杨昂、杨任，与庞德战五十余合。
- 曹魏将领，纵马杀入孙权军中，后奉命追擒左慈。
- 曹魏猛将，字仲康。引兵护粮，酒醉后被张飞刺中肩膀。
- 领虎卫军三千擒曹植等，直入临淄城。
- 魏国中军护卫。
- 魏虎将，许仪之父，有功于朝廷，被提及。",三国演义
三国演义_人物_许贡_0,人物,"实体名：许贡
实体描述：
- 吴郡太守，因暗遣使向曹操上书建议防范孙策，被孙策发现后绞杀。",三国演义
三国演义_人物_许贡家客_0,人物,"实体名：许贡家客
实体描述：
- 许贡的三位门客，为报主人之仇，在丹徒西山刺杀孙策，使孙策身负数伤。又称许家三客。",三国演义
三国演义_人物_许靖_0,人物,"实体名：许靖
实体描述：
- 蜀郡太守，逾城出降刘备。
- 刘备的官员，被封为太傅，请刘备登坛进位汉中王。
- 蜀汉官员，向孔明密报关公遇害之事，后与孔明一同劝解刘备。
- 太傅，与孔明议尊汉中王为帝，后封司徒。",三国演义
三国演义_人物_许韶_0,人物,"实体名：许韶
实体描述：
- 许昌之子，与许昌一同被孙坚斩杀。",三国演义
三国演义_人物_诸葛亮_0,人物,"实体名：诸葛亮
别名：孔明，诸葛丞相，诸葛孔明，诸葛武侯
实体描述：
- 字孔明，号卧龙先生，琅琊阳都人。伏龙之称，经天纬地之才，徐庶荐与刘备，自比管仲乐毅，隐居南阳卧龙冈。
- 字孔明，号卧龙先生，琅琊阳都人，隐居南阳卧龙冈。自比管仲、乐毅，有经天纬地之才，刘备三顾茅庐后出山相助，提出隆中决策，定三分天下。
- 字孔明，道号卧龙先生，刘备军师，初用兵火烧博望坡，又定计火烧新野，有经天纬地之才。
- 字孔明，号卧龙，刘备军师。智谋过人，曾用火攻，教弃樊城，往江夏求救，后与鲁肃同赴东吴。
- 字孔明，号卧龙先生，刘备的军师。受刘备之命出使东吴，舌战群儒，智激孙权，最终促成孙刘联盟共抗曹操。
- 刘备军师，字孔明，为联吴抗曹出使东吴，以《铜雀台赋》激周瑜，并献计破曹。
- 字孔明，又称亮。刘备军师，随周瑜同往夏口，识破周瑜借刀杀人之计，后约定借东风返回。
- 即诸葛亮，字孔明，本文中又称“亮”。受周瑜委托监造十万枝箭，用草船借箭之计从曹操处取得箭枝，精通天文、地利、奇门、阴阳、阵图、兵势，被鲁肃称为“神人”。
- 字孔明，号卧龙，刘备军师，医周瑜心病，筑七星坛借东风，派赵云接应并部署华容道伏兵。
- 字孔明，又称军师，刘备军师。智算华容，派赵云、张飞、关羽埋伏，后设计用兵符袭取南郡、荆州、襄阳，一气周瑜。
- 又称孔明、诸葛孔明，被鲁肃称为“孔明”，被周瑜骂作“诸葛村夫”。刘备的军师，智谋超群，曾袭取南郡、荆襄，设计夺取零陵、桂阳等郡，使用四轮车、羽扇、鹤氅、纶巾，会袖占一课，识破邢道荣诈降，劝降刘度，评价魏延有反骨。
- 字孔明，刘备的军师，足智多谋，设计三条锦囊妙计，助刘备成功娶孙夫人并返回荆州，多次识破周瑜之计。
- 字孔明，刘备军师，预先埋伏关羽、黄忠、魏延击败周瑜，识破周瑜假途灭虢之计，并设下计策让刘备大哭以应对鲁肃索要荆州。
- 蜀汉军师中郎将，字孔明，号卧龙（伏龙）。夜观天象知周瑜死，主动前往柴桑吊丧，撰祭文痛哭。曾致书周瑜劝阻伐西川，后留书推荐庞统投刘备，并称庞统之才胜己十倍。
- 即诸葛亮。在荆州为刘备谋划，建议结连马超起兵西凉，使曹操无暇南征。
- 字孔明，号伏龙，刘备军师。与庞统并称伏龙凤雏，守荆州，同议起兵西行。又称孔明。
- 刘备军师，字孔明，引大队船只接应赵云、张飞，后申文书报知刘备阿斗已夺回。
- 即诸葛亮，刘备的军师，留守荆州，曾发文书给刘备。
- 字孔明，荆州军师。夜算太乙数，写信提醒刘备谨慎。后闻西方星坠，知庞统命休，大哭。委任云长守荆州，自统兵入川。
- 蜀汉军师，字孔明，又称卧龙。在雒城之战中设伏擒张任，乘四轮车，持纶巾羽扇，以计谋诱敌过金雁桥，最终活捉张任。
- 刘备军师，字孔明。用计激张飞战马超，设计招降马超，制定治国条例，主张威刑法度。
- 字孔明，称亮，刘备军师，其兄诸葛瑾在吴为官，设计助刘备暂不还荆州，又哭求刘备分三郡给东吴。
- 刘备军师，字孔明，献计令孙权起兵袭合淝以退曹操。
- 即诸葛亮，蜀汉军师，识破张飞饮酒为计，派魏延助战，激将黄忠出战，深谋远虑。
- 蜀汉军师，又称孔明。分派黄忠、法正、赵云等任务，设计疑兵计策，智取汉中。多次献计，如反客为主、以逸待劳，善于用兵。
- 字孔明，又称诸葛军师，刘备的军师，总理军国重事，料事如神，劝刘备进位汉中王。
- 即诸葛亮，蜀汉军师，刘备曾问其后嗣之事。
- 字孔明，蜀汉军师。夜观天象知关羽遇害，劝刘备按兵不动，与吴、魏周旋。
- 即诸葛亮，刘备军师，劝刘备缓图刘封、孟达，后设计尊刘备为帝，托病劝进，封丞相。
- 蜀汉丞相，字孔明。多次苦谏刘备不要伐吴，主张先灭魏。后奉命保太子守两川。闻秦宓被囚，上表求情。
- 蜀汉丞相，马良建议刘备将移营图本问其意见，时在东川点看隘口。
- 字孔明，又称诸葛孔明。蜀汉丞相，预判陆逊不敢追袭，在鱼腹浦布下八阵图，后由岳父黄承彦指引陆逊出阵。
- 蜀汉丞相，字孔明，又称孔明、丞相。受刘备托孤，辅佐后主刘禅。在曹丕五路大军攻蜀时，不出府邸，暗中布置退敌之策：遣马超守西平关拒羌兵，魏延设疑兵拒南蛮，作李严亲笔信缓孟达，调赵云守阳平关拒曹真，又密调关兴、张苞为救应，并欲派邓芝出使东吴。刘备赞其善能治国，托孤时称其才十倍曹丕。
- 蜀汉丞相，字孔明。派邓芝使吴，后奏后主善待吴使，又令邓芝入吴答礼，后亲自南征。
- 蜀汉丞相，又称诸葛丞相，足智多谋，亲征南蛮，使用反间计、伏兵等擒获孟获。
- 蜀汉丞相，又称孔明。智谋超群，七擒孟获以服其心，善于用计，曾言“吾擒此人，如囊中取物耳”。放孟获多次，观其营寨，设反间计、火攻计等，最终使孟获心服。
- 蜀汉丞相，又称孔明、亮、诸葛，头戴纶巾，身披鹤氅，手执羽扇，乘驷马车或小车，四番用计擒拿孟获，善于谋略，南征蛮王。
- 蜀汉丞相，名亮，字孔明，又称卧龙。主持征讨南蛮，七擒孟获，使用各种计策，如积土攻城、假兽破驱兽之法、火烧藤甲等。最终平定南方。
- 蜀汉丞相，又称孔明、武乡侯、领益州牧、知内外事。平定南中后班师，亲祭泸水冤魂，上《出师表》请求北伐魏国。深明天文，足智多谋，善于用计。
- 蜀汉丞相，字孔明，率兵北伐，智谋过人，设计攻取南安、安定等城，识破崔谅诈降，派魏延、关兴、张苞等执行计策。
- 诸葛亮，字孔明，号武乡侯，蜀汉丞相。头戴纶巾，身披鹤氅，手摇羽扇，坐四轮车。识破姜维之才，设计收降姜维，后骂死王朗，攻取天水、上邽、冀城三郡，威震祁山。
- 蜀汉丞相，又称孔明，率军北伐曹魏，多次获胜。善于用计，识破司马懿威胁，预言孟达必败。文中派兵破羌兵铁车阵，并写信提醒孟达提防司马懿。
- 蜀汉丞相，字孔明，又称武侯。本回中派马谡守街亭，后在西城设空城计，焚香操琴，吓退司马懿十五万大军。
- 蜀汉丞相，字孔明，又称卧龙。在本回中斩马谡，自贬右将军，后出师北伐。曾感叹赵云之德，用计攻陈仓，派姜维诈降曹真。
- 蜀汉丞相，字孔明，又称诸葛丞相，指挥蜀军与魏军作战，善用火攻和奇谋，设计斩杀王双、夺取陈仓和散关。
- 蜀汉丞相，字孔明，亦称武侯。在祁山分寨专候魏兵，端坐四轮车指挥作战，识破司马懿计谋，取武都、阴平二郡，伏兵大败张郃、戴陵，授计众将，善用锦囊，习学八阵之法，后因病回汉中养病。
- 蜀汉丞相，武乡侯，字孔明，被尊称丞相。善用兵、布阵，设计破曹真、辱司马懿，使用混元一气阵、八卦阵、添兵减灶等计策，手摇羽扇，坐四轮车。
- 蜀汉丞相，又称诸葛丞相、武侯，有神出鬼没之机，善用减兵添灶、八门遁甲等法，端坐四轮车，手摇羽扇，簪冠鹤氅，指挥蜀军伐魏。
- 蜀汉丞相，字孔明，又称亮。受先帝托孤之重，五出祁山，此次再出师，造木牛流马，用遁甲之法，与司马懿对峙。
- 蜀汉丞相，字孔明，又称诸葛丞相。精通祈禳之法、六丁六甲之法，设计上方谷火攻司马懿，因大雨失败。病逝于五丈原，临终授书、连弩之法及锦囊妙计。
- 蜀汉丞相，又称诸葛丞相、诸葛亮。临终预伏锦囊计策，授马岱密计，料魏延必反。死后灵柩被杨仪等扶归成都，葬于定军山，谥号忠武侯。
- 蜀汉丞相，受刘备托孤，曾与司马懿相拒渭南。
- 蜀汉丞相，又称武侯、孔明，遗下连弩之法，姜维继承其志。
- 即诸葛亮，又称孔明、武侯。蜀汉丞相，曾教演精兵，姜维称其才能与邓艾相当。
- 即诸葛亮，又称孔明、武侯，蜀汉丞相，传姜维八阵之法密书，六出祁山。
- 蜀汉丞相，又称孔明、武侯、诸葛武侯。六出祁山，遗十矢连弩，显圣定军山托梦钟会勿妄杀生灵。
- 字孔明，号武侯，蜀汉丞相。文中提及木刻遗像、八阵、出茅庐分三国等事迹，邓艾见石碣题字拜其为神人。
- 蜀汉丞相，文中司马昭言“虽使诸葛孔明在，亦不能辅之久全”。又称孔明。
- 古风中提及，卧龙，六出祁山。",三国演义
三国演义_人物_诸葛原_0,人物,"实体名：诸葛原
实体描述：
- 馆陶令，迁新兴太守，管辂往送行，以覆射试之。",三国演义
三国演义_人物_诸葛均_0,人物,"实体名：诸葛均
实体描述：
- 诸葛亮之弟，与诸葛亮躬耕于南阳。
- 诸葛亮的弟弟，曾在隆中草庐接待刘备，告知诸葛亮行踪。",三国演义
三国演义_人物_诸葛尚_0,人物,"实体名：诸葛尚
实体描述：
- 诸葛瞻长子，年十九岁，博览兵书、多习武艺，为先锋战退师纂、邓忠，后见父死策马杀出阵亡。",三国演义
三国演义_人物_诸葛恪_0,人物,"实体名：诸葛恪
实体描述：
- 吴国太子左辅，字元逊，诸葛瑾之子，聪明善对，年幼时在宴会上为父解围得驴。
- 吴国太傅，孙权托孤之臣，伐魏不利，托病不朝，被孙峻设计诛杀。
- 被害的东吴重臣，孙休为其重建坟墓以表忠。",三国演义
三国演义_人物_诸葛玄_0,人物,"实体名：诸葛玄
实体描述：
- 诸葛亮之叔，与刘表有旧，携诸葛亮往依荆州，后卒。",三国演义
三国演义_人物_诸葛珪_0,人物,"实体名：诸葛珪
实体描述：
- 字子贡，诸葛亮之父，曾任泰山郡丞，早卒。",三国演义
三国演义_人物_诸葛瑾_0,人物,"实体名：诸葛瑾
实体描述：
- 字子瑜，琅琊南阳人。博学多才，事母至孝，被孙权拜为上宾。劝孙权顺曹操。
- 诸葛亮的兄长，现在江东孙仲谋处为幕宾。
- 字子瑜，诸葛亮之兄，在江东为官。与孔明相见，称“先公后私”。
- 东吴文官，诸葛亮的兄长，受周瑜之托劝诸葛亮投东吴，反被诸葛亮劝说。
- 诸葛亮之兄，曾向周瑜进言，使周瑜转恨孔明。
- 东吴谋士，劝太史慈不可造次。
- 字子瑜，诸葛亮之兄，仕于东吴，被孙权派往西川索荆州，多次奔走往返，受关羽威胁险些被杀。
- 孙权谋士，字诸葛子瑜，曾取长沙等郡。
- 字子瑜，诸葛亮之兄，东吴谋士，奉命为孙权世子向关羽之女求婚，被关羽辱骂逐出。
- 诸葛亮之兄，奉孙权命劝降关公，被拒。
- 孙权使者，字子瑜。诸葛亮之兄。奉命说和刘备，提出送归孙夫人、交还荆州等条件，被刘备怒斥而回。
- 东吴将领，诸葛亮之兄。奉命在南郡拒住曹真，伏兵于外与陆逊夹攻大败魏军。
- 东吴将领，诸葛亮之兄。奉命拒守江陵以敌司马懿。
- 吴国大臣，字子瑜，诸葛恪之父，面长，被孙权戏弄。
- 东吴将领，与陆逊同屯兵。
- 东吴将领，诸葛亮的兄长。大败后欲撤兵，与陆逊商议退兵之计。",三国演义
三国演义_人物_诸葛瞻_0,人物,"实体名：诸葛瞻
实体描述：
- 诸葛亮之子，诸葛亮灵柩停于丞相府时守孝居丧。
- 诸葛亮之子，字思远。行军护卫将军，驸马都尉，后主召其御敌，与邓艾战于绵竹，中箭自刎而死。",三国演义
三国演义_人物_诸葛绪_0,人物,"实体名：诸葛绪
实体描述：
- 魏雍州刺史，断姜维归路，后撤兵救雍州。
- 魏将，守把阴平桥头，被姜维杀败，后因擅自进兵被钟会用槛车押赴洛阳。",三国演义
三国演义_人物_诸葛虔_0,人物,"实体名：诸葛虔
实体描述：
- 魏国将领，随曹仁攻濡须，被朱桓击败。",三国演义
三国演义_人物_诸葛诞_0,人物,"实体名：诸葛诞
实体描述：
- 魏镇东将军，总督豫州诸军，取寿春，后加为镇东大将军。
- 魏镇东大将军，字公休，诸葛武侯族弟，封高平侯，因不满司马昭，起兵讨伐，后兵败被杀，灭三族。",三国演义
三国演义_人物_诸葛靓_0,人物,"实体名：诸葛靓
实体描述：
- 诸葛诞之子，被送入东吴为质。
- 吴右将军，劝张悌遁去，垂泣而去。",三国演义
三国演义_人物_谢旌_0,人物,"实体名：谢旌
实体描述：
- 孙桓部将，有万夫不当之勇。被张苞一矛刺死。",三国演义
三国演义_人物_谢雄_0,人物,"实体名：谢雄
实体描述：
- 蜀汉裨将，奉孔明命迎战王双，战不三合被王双一刀劈死。",三国演义
三国演义_人物_谭雄_0,人物,"实体名：谭雄
实体描述：
- 吴军裨将，放冷箭射中张苞坐骑，后被关兴生擒斩首。",三国演义
三国演义_人物_谯周_0,人物,"实体名：谯周
实体描述：
- 巴西西充国人，字允南，素晓天文。劝刘璋投降，言群星聚于蜀郡乃帝王之象。
- 光禄大夫，言祥瑞劝进，登坛朗读祭文，后为司业。
- 蜀汉太史，夜观天象认为北方旺气正盛，不宜北伐，苦谏孔明不从。
- 蜀臣，出言阻止孔明兴兵。
- 官居太史，颇明天文，职掌司天台，向后主奏报灾异，劝孔明不宜妄动。
- 蜀汉文臣，仰观天文见星落，预言丞相有大凶之事，为后主圆梦。
- 蜀中散大夫，作《仇国论》谏姜维勿伐魏。
- 蜀臣，劝后主止姜维出师，后推病不出。
- 光禄大夫，力劝后主降魏，作降书，后随张绍等送玉玺。
- 蜀汉光禄大夫，随刘禅赴洛阳，被封侯爵。",三国演义
三国演义_人物_谷利_0,人物,"实体名：谷利
实体描述：
- 孙权牙将，指导孙权纵马跳过断桥，救了孙权。",三国演义
三国演义_人物_貂蝉_0,人物,"实体名：貂蝉
实体描述：
- 王允府中歌伎，年方二八，色伎俱佳，被王允以亲女待之，参与连环计，后与吕布在凤仪亭相会。
- 王允的养女，美貌绝伦，被王允用于离间董卓和吕布。后被董卓带回郿坞，吕布杀董卓后得到她。
- 吕布之妾，无所出。
- 吕布之妾。本篇中劝阻吕布轻身出城，吕布因而终日与她饮酒解闷。",三国演义
三国演义_人物_费祎_0,人物,"实体名：费祎
实体描述：
- 刘璋降将，后为刘备擢用。
- 蜀汉长史，随孔明征南。
- 蜀臣，与诸葛亮等共议平蛮之事。
- 蜀汉长史，进谏孔明在南方置官吏，孔明以三不易回答。
- 蜀汉侍郎，后为侍中，孔明留其总摄宫中之事。
- 蜀汉侍中，奏请后主贬孔明，后赍诏至汉中，与孔明论兵。
- 蜀汉侍中。奉天子诏至祁山，宣读恢复孔明丞相之职，劝孔明权受。
- 蜀汉尚书，受命入汉中问孔明班师之故，劝孔明宽恕李严。
- 蜀汉官员，奉孔明命出使东吴，见孙权，带回吴主起兵消息及对魏延的评价。
- 蜀汉尚书，字文伟。曾奉命至军中，后往魏延处探其心迹，协助杨仪。
- 蜀汉官员，曾与杨仪、姜维共事，后奏魏延反情，又密奏杨仪怨言，后主加其为尚书令，同理丞相事。
- 蜀汉尚书令，谏姜维不宜轻动，认为应待时。",三国演义
三国演义_人物_费耀_0,人物,"实体名：费耀
实体描述：
- 魏国中护军大将，权摄前部总督。信姜维诈书，引兵接应，中孔明埋伏，自刎而死。",三国演义
三国演义_人物_费观_0,人物,"实体名：费观
实体描述：
- 刘璋妻弟，被遣提兵守把绵竹，举荐李严同领兵。
- 刘璋亲戚，守绵竹，听李严劝说后开门投降刘备。",三国演义
三国演义_人物_费诗_0,人物,"实体名：费诗
实体描述：
- 刘璋降将，后为刘备擢用。
- 前部司马，奉命赍诰命封关羽为五虎大将之首，并令其起兵取樊城。
- 蜀汉秘书。",三国演义
三国演义_人物_贾充_0,人物,"实体名：贾充
实体描述：
- 司马昭心腹长史，字公闾，奉命到淮南探诸葛诞动向，挑动诸葛诞反叛。
- 魏中护军，劝司马昭勿轻出，早晚图谋曹髦，后戎服乘马引禁兵，呼成济弑君，被王经大骂，司马昭处斩成济时被指传命。
- 魏臣，建议派刺客杀姜维。
- 司马昭心腹，与司马昭计议制邓艾，引兵入斜谷。
- 魏国大臣，后助司马炎篡魏，出榜安民，劝进受禅。
- 晋臣，建议诏羊祜拒吴，后反对伐吴，最终勉强同意。",三国演义
三国演义_人物_贾华_0,人物,"实体名：贾华
实体描述：
- 孙权护卫，使方天画戟。
- 东吴将领，奉吕范之命在甘露寺两廊埋伏刀斧手，被吴国太责骂后退去。",三国演义
三国演义_人物_贾范_0,人物,"实体名：贾范
实体描述：
- 公孙渊副将，谏阻公孙渊反叛，被斩首。",三国演义
三国演义_人物_贾诩_0,人物,"实体名：贾诩
实体描述：
- 谋士，为李傕、郭汜献计攻取长安，后屡献良策，劝抚安百姓。
- 李傕的谋士，实未尝忘君，密劝羌兵离去，并建议以重爵饵李傕。
- 李傕谋士，劝李傕降曹操，被怒斥后单马回乡。
- 张绣谋士，劝张绣投降曹操，应对如流。后助张绣设计反叛，并献计盗典韦双戟。张绣败后引兵投刘表。
- 张绣谋士，料敌决胜，设计败曹操。
- 字文和，张绣的谋士，劝张绣投降曹操，分析有三便。后为曹操献计招安刘表，建议派有文名者前往。
- 曹操的谋士，与荀攸、曹洪同许攸守大寨，参与防守。
- 曹操谋士，被任命为太守守黎阳。
- 曹操谋士，字文和，献反间计离间韩遂与马超。
- 曹操谋士，建议召夏侯惇、曹仁商议收吴灭蜀之事。
- 曹操谋士，献计贿赂杨松以图庞德。
- 中大夫，教曹丕争嗣之计，谏曹操立长子为世子。
- 魏臣，字文和。劝曹操勿杀华佗，解梦三马同槽为吉兆。
- 魏太尉，向曹丕奏报东吴来使。
- 魏国谋臣，字文和。谏曹丕勿仓促伐蜀，认为刘备、孙权、陆逊皆难敌，宜持守待变。曹丕不听致败。
- 魏国太尉，已亡。",三国演义
三国演义_人物_贾逵_0,人物,"实体名：贾逵
实体描述：
- 谏议大夫，奉曹丕命出城折服曹彰，问其奔丧或争位。
- 魏国建威将军，劝曹休不可轻进，指出周鲂断发乃诈，未被采纳。后救曹休于夹石道。",三国演义
三国演义_人物_赢_0,人物,"实体名：赢
实体描述：
- 文中出现的人物，在郭嘉之后说话，称赞曹操的计策为“真良策也”。",三国演义
三国演义_人物_赤松子_0,人物,"实体名：赤松子
实体描述：
- 传说中仙人，姜维劝钟会效仿其退隐。",三国演义
三国演义_人物_赵云_0,人物,"实体名：赵云
实体描述：
- 字子龙，常山真定人，本袁绍辖下，后投公孙瓒，在磐河之战中枪挑麴义，冲杀袁绍军，被刘备敬爱，后与刘备分别。
- 字子龙，公孙瓒部将，刘备借之同行，领二千人随后往徐州。
- 字子龙。原公孙瓒部将，刘备挂念其下落，文中未直接出场。
- 字子龙，原公孙瓒部将。后飘零至卧牛山，杀裴元绍占山，遇刘备后相随，烧毁山寨同赴古城。
- 刘备部将，挺枪与许褚交战，杀退高览，独战张郃三十余合，保护刘备。
- 字子龙，刘备部将。枪挑张武，夺马，随刘备赴襄阳保护。
- 字子龙。刘备麾下猛将，文中保护刘备，枪刺吕旷于马下，与李典交战，后守樊城。
- 字子龙，刘备部将，为前部诱敌，后于东门外追击曹军。
- 字子龙，常山真定人，刘备麾下猛将。于长坂坡单骑救主，怀抱阿斗，枪刺剑砍，杀死曹营名将五十余员，夺青釭剑，先后救出甘夫人、糜竺等。
- 刘备大将，长坂坡救主，为刘备部将。
- 字子龙。刘备部将，奉命守寨，后孔明令其驾小舟到南岸边等候。
- 字子龙，常山赵子龙，奉诸葛亮之命驾船接应，射断徐盛船上篷索。
- 字子龙，又称赵子龙，刘备部将。奉诸葛亮将令在乌林埋伏，冲杀曹操后夺取旗帜；后袭取南郡城。
- 字子龙，常山真定人，又称赵子龙、常山赵子龙。刘备帐下大将，曾取桂阳郡，拒绝赵范献嫂之计，活捉邢道荣、陈应，斩杀陈应、鲍隆，在当阳长坂百万军中如入无人之境。
- 字子龙，常山真定人，刘备的部将，护卫刘备入吴，执行诸葛亮的三条锦囊妙计，勇猛过人。
- 蜀汉将领，受孔明之命在荆州敌楼上识破周瑜假途灭虢之计。
- 字子龙。随孔明引五百军赴巴丘吊丧，带剑相随使周瑜部将不敢下手。
- 字子龙，常山真定人，刘备麾下大将。奉令在郢州界口迎接张松，奉上酒食。又称赵子龙、常山赵子龙。
- 刘备部将，字子龙，曾于当阳长坂坡救阿斗。此次巡哨得知孙夫人带阿斗走，沿江追赶，跳上吴船夺回阿斗。
- 字子龙，孔明派其为先锋，溯江而上会于雒城。
- 蜀汉大将，字子龙。从江边杀出，一合生擒吴懿，救出张飞，后又奉命伏于金雁桥北断张任退路。
- 刘备麾下将领，字子龙。引兵在外，后守绵竹，斩刘晙、马汉，勇武过人。
- 蜀将，谏言军师勿以二老将当大敌，后与张飞同为先锋随玄德取汉中。
- 蜀汉名将，字子龙，常山赵子龙。救黄忠、张著，杀慕容烈、焦炳，汉水寨前单枪匹马吓退曹军，被刘备赞为“一身都是胆”，封虎威将军。
- 字子龙，五虎大将之一，久随刘备，被视为兄弟。
- 虎威将军，谏刘备不可起倾国之兵伐吴。
- 蜀汉虎威将军，字子龙。劝谏刘备以天下为重，先讨曹魏而非东吴，认为兄弟之仇为私，汉贼之仇为公。后奉命为后应，兼督粮草。
- 常山赵子龙，蜀汉将领。从江州引军救驾，一枪刺朱然于马下，救出刘备，护送至白帝城。
- 蜀汉将领，字子龙。刘备败退白帝城时引兵据守。刘备临终嘱托赵云看觑其子。后诸葛亮调赵云引一军守把阳平关，不出战以拒曹真。
- 蜀汉将领，字子龙。拒住阳平关各处险道，后引兵出阳平关取长安，因南征召回。
- 蜀汉大将，字子龙，为前部先锋，夜袭金环三结大寨，刺死金环三结。
- 蜀将，受诸葛亮密计，在孟获劫营时率军杀到，后袭了孟获营寨。
- 蜀将，受孔明密计，先率军出战，后从寨中杀出拦截孟获。
- 蜀将，字子龙。随诸葛亮征南蛮，参与攻打三江城、诱敌祝融夫人、盘蛇谷伏击等。
- 蜀汉老将，自称有廉颇之勇、马援之雄，愿为前部先锋，孔明苦劝不住，终与邓芝同去。
- 蜀汉大将，字子龙，年近七旬仍英勇善战，力斩韩德四子及韩德本人，在凤鸣山被围后得张苞、关兴接应，后参与围攻南安。
- 赵云，字子龙，常山赵子龙，蜀汉大将。奉诸葛亮之命攻天水，中姜维之计败退，后夸奖姜维枪法。
- 蜀将，奉命引一军埋伏。后魏兵追击时，赵云一枪刺死魏副先锋朱赞。
- 蜀汉名将，字子龙，又称赵子龙。与邓芝领疑兵出箕谷，刺死苏顒，射中万政盔缨，护送车仗回汉中。
- 蜀汉大将，字子龙，常山真定人。在街亭之战中独自断后，不折一人一骑，受诸葛亮赠金赠绢。后病逝，追赠大将军，谥顺平侯。",三国演义
三国演义_人物_赵咨_0,人物,"实体名：赵咨
实体描述：
- 东吴中大夫，字德度。奉命为使往见曹丕，陈说利害，请求魏袭汉中。应对曹丕时称孙权为聪明仁智雄略之主。",三国演义
三国演义_人物_赵岐_0,人物,"实体名：赵岐
实体描述：
- 太仆，与马日磾同往河北和解。",三国演义
三国演义_人物_赵岑_0,人物,"实体名：赵岑
实体描述：
- 董卓部将，董卓弃洛阳后献了汜水关。",三国演义
三国演义_人物_赵广_0,人物,"实体名：赵广
实体描述：
- 赵云次子，随兄报丧，后封牙门将，令守坟。",三国演义
三国演义_人物_赵弘_0,人物,"实体名：赵弘
实体描述：
- 黄巾余党，聚众数万称与张角报仇，据宛城，被孙坚刺死。",三国演义
三国演义_人物_赵彦_0,人物,"实体名：赵彦
实体描述：
- 议郎。上疏弹劾曹操擅收大臣之罪，被曹操杀死。
- 议郎，忠谏直言，被曹操擅自收捕杀害。",三国演义
三国演义_人物_赵忠_0,人物,"实体名：赵忠
实体描述：
- 十常侍之一，朋比为奸。
- 十常侍之一，与张让等俱封列侯，奏罢皇甫嵩、朱儁之官。
- 十常侍之一，被袁绍等剁为肉泥。",三国演义
三国演义_人物_赵昂_0,人物,"实体名：赵昂
实体描述：
- 与姜叙等商议讨伐马超，其子赵月随马超为裨将，在妻子王氏激励下决意起兵，屯祁山，后全家被马超所杀。",三国演义
三国演义_人物_赵月_0,人物,"实体名：赵月
实体描述：
- 赵昂之子，随马超为裨将。赵昂起兵后，赵月被马超斩杀。",三国演义
三国演义_人物_赵直_0,人物,"实体名：赵直
实体描述：
- 蜀汉行军司马，为魏延解梦，以麒麟苍龙喻之，实则指出刀下用凶兆。",三国演义
三国演义_人物_赵睿_0,人物,"实体名：赵睿
实体描述：
- 袁绍部下督将，与眭元进运粮回救乌巢，被曹军所杀。",三国演义
三国演义_人物_赵累_0,人物,"实体名：赵累
实体描述：
- 关羽的粮料官，为人忠诚廉直，王甫建议用他总督荆州，但关羽未采纳。
- 管粮都督，建议关公遣人往成都求救。
- 关羽部将，随关羽突围，死于乱军之中。",三国演义
三国演义_人物_赵统_0,人物,"实体名：赵统
实体描述：
- 赵云长子，报父丧，后封虎贲中郎将，令守坟。",三国演义
三国演义_人物_赵范_0,人物,"实体名：赵范
实体描述：
- 桂阳太守。欲投降刘备，被陈应、鲍隆劝阻，后陈应被擒，赵范献印绶投降，与赵云结为兄弟，欲将寡嫂樊氏许配赵云被拒，后欲害赵云，被赵云擒获，刘备仍令其为桂阳太守。",三国演义
三国演义_人物_赵萌_0,人物,"实体名：赵萌
实体描述：
- 右军校尉，迎接车驾。",三国演义
三国演义_人物_赵融_0,人物,"实体名：赵融
实体描述：
- 合后。
- 蜀将，为首拦住淳于丹去路。",三国演义
三国演义_人物_赵衢_0,人物,"实体名：赵衢
实体描述：
- 被杨阜推荐，马超用为军官。与梁宽一同反叛，斩杀马超家属。",三国演义
三国演义_人物_赵韪_0,人物,"实体名：赵韪
实体描述：
- 益州大吏，保举刘璋为益州牧。",三国演义
三国演义_人物_赵颜_0,人物,"实体名：赵颜
实体描述：
- 十九岁少年，眉间有死气，管辂教其求南斗北斗添寿，寿至九十九。",三国演义
三国演义_人物_赵高_0,人物,"实体名：赵高
实体描述：
- 秦朝宦官，被姜维引用为鉴。",三国演义
三国演义_人物_越吉_0,人物,"实体名：越吉
实体描述：
- 西羌元帅，武勇，手挽铁锤，腰悬宝雕弓。率铁车兵大败蜀军，包围关兴。后追击关兴时落水，最终被关兴砍死。",三国演义
三国演义_人物_路昭_0,人物,"实体名：路昭
实体描述：
- 曹操部将，与朱灵同行。回许都后曹操欲斩二人，被荀彧劝免。",三国演义
三国演义_人物_蹇硕_0,人物,"实体名：蹇硕
实体描述：
- 十常侍之一。
- 中常侍，奏请诛何进立皇子协，后为郭胜所杀。",三国演义
三国演义_人物_蹋顿_0,人物,"实体名：蹋顿
实体描述：
- 乌桓首领。会合袁熙、袁尚与曹军战于白狼山，被张辽斩于马下。",三国演义
三国演义_人物_车胄_0,人物,"实体名：车胄
实体描述：
- 车骑将军，权领徐州。奉曹操命图谋刘备，被关羽斩杀。
- 徐州刺史，欲害刘备而被刘备所杀。",三国演义
三国演义_人物_轲比能_0,人物,"实体名：轲比能
实体描述：
- 辽东鲜卑国国王，又称番王、羌王。受曹丕金帛，起羌兵十万犯西平关，为五路大军之一。诸葛亮遣马超紧守西平关拒之。",三国演义
三国演义_人物_辛宪英_0,人物,"实体名：辛宪英
实体描述：
- 辛敞之姊，劝弟尽忠职守，预测曹爽必败。后人有诗赞之。",三国演义
三国演义_人物_辛敞_0,人物,"实体名：辛敞
实体描述：
- 曹爽参军，听从姊辛宪英之言，与鲁芝出城。后司马懿复其旧职。",三国演义
三国演义_人物_辛明_0,人物,"实体名：辛明
实体描述：
- 袁绍部将，分兵五万救黎阳。",三国演义
三国演义_人物_辛毗_0,人物,"实体名：辛毗
实体描述：
- 字佐治，辛评之弟，原为平原令。奉袁谭之命向曹操求援，后投曹操。
- 辛评之弟，被曹操重用。
- 魏国侍中，建议养兵屯田十年再伐吴，被曹丕斥为迂儒。
- 魏国将领，奉曹睿之命领兵五万助曹真，又奉命截住箕谷道口。
- 魏国将领，与孙礼同奏魏主。
- 魏国卫尉，持节至渭北寨传谕司马懿勿出战，知其本心。",三国演义
三国演义_人物_辛评_0,人物,"实体名：辛评
实体描述：
- 韩馥谋士，与荀谌一同建议请袁绍。
- 袁绍谋士，向辅袁谭，随袁谭回青州。
- 袁谭谋士，与郭图共议袁谭之事。其弟为辛毗。
- 袁谭部下。奉命见曹操约降，拒绝背袁，回见谭后气绝而死。",三国演义
三国演义_人物_边洪_0,人物,"实体名：边洪
实体描述：
- 孙翊从人，与妫览、戴员结为心腹，持刀砍死孙翊，后被归罪斩首。",三国演义
三国演义_人物_边让_0,人物,"实体名：边让
实体描述：
- 九江太守，与陶谦交厚，闻徐州有难引兵来救，被夏侯惇截杀。
- 故九江太守，英才俊伟，被曹操杀害，身首被枭，妻孥遭灰灭。",三国演义
三国演义_人物_迷当_0,人物,"实体名：迷当
实体描述：
- 羌王，受蜀汉礼物起兵五万助蜀，后被郭淮、陈泰生擒，经劝说反助魏解铁笼山之围。",三国演义
三国演义_人物_逢纪_0,人物,"实体名：逢纪
实体描述：
- 袁绍谋士，献计让公孙瓒攻冀州，再从中取事，助袁绍夺得冀州。
- 袁绍的统军之一，被荀彧评价为“果而无用”。
- 袁绍的谋士，谮言田丰出言不祥，导致袁绍怒欲斩田丰，后虽免死但被囚禁。
- 袁绍谋士，向辅袁尚，谮言田丰嘲笑袁绍，促使袁绍杀田丰。
- 字元图，袁尚谋士。与审配立袁尚为主，后奉印绶至袁谭处，被袁谭斩杀。",三国演义
三国演义_人物_邓义_0,人物,"实体名：邓义
实体描述：
- 刘表部下治中，奉命守荆州。
- 荆州治中，引荆州军民出郭投降曹操。",三国演义
三国演义_人物_邓忠_0,人物,"实体名：邓忠
实体描述：
- 邓艾之子，随父出战，在段谷埋伏，后与姜维交战，枪法精湛。
- 邓艾之子，引兵为左右冲击，攻蜀左寨。
- 邓艾之子，受父命守侯河，勿轻出。
- 邓艾之子，引五千精兵凿山开路，随父渡摩天岭，后与师纂战诸葛尚败走。
- 邓艾之子，与父同被收押，后死于乱军。",三国演义
三国演义_人物_邓敦_0,人物,"实体名：邓敦
实体描述：
- 魏前将军，谏不可伐蜀，被司马昭斩首。",三国演义
三国演义_人物_邓禹_0,人物,"实体名：邓禹
实体描述：
- 东汉开国功臣，云台二十八将之首，有匡扶宇宙之才。",三国演义
三国演义_人物_邓程_0,人物,"实体名：邓程
实体描述：
- 奉孙綝之命收玺绶。",三国演义
三国演义_人物_邓良_0,人物,"实体名：邓良
实体描述：
- 驸马都尉，同赍玉玺请降。",三国演义
三国演义_人物_邓艾_0,人物,"实体名：邓艾
实体描述：
- 魏国掾吏，义阳人，幼有大志，口吃，司马懿奇其才，令参赞军机。
- 魏兖州刺史，足智多谋，与文鸯交战，后与陈泰合谋破姜维，设虚旗火鼓惊退蜀兵。
- 魏国大将，字士载，封安西将军，领护东羌校尉。料敌如神，在武城山、段谷设伏击败姜维，后与陈泰破诸葛诞，加官赐爵。
- 魏国大将，屯兵祁山，善用地道战术，与姜维斗阵，被姜维困住后得司马望相救，后派党均入蜀行反间计。
- 魏国将军，在祁山寨训练人马，赞叹姜维深得武侯之法，不敢追赶，后中姜维之计大败，逃回祁山寨，自贬请罪，司马昭厚赐并添兵守御。
- 魏将，足智多谋，任征西将军。与姜维多次交锋，设伏破夏侯霸，夜袭蜀寨，后受命伐蜀。
- 征西将军，字士载。偷渡阴平，攻占江油、涪城、绵竹，逼降成都，后因自专被疑，终被钟会收捕。
- 魏国征西将军，灭蜀功臣，被钟会诬陷收押，后为田续所杀。又称邓征西。
- 古风中提及，分兵进。",三国演义
三国演义_人物_邓芝_0,人物,"实体名：邓芝
实体描述：
- 刘璋降将，后为刘备擢用。
- 蜀汉户部尚书，字伯苗，义阳新野人，汉司马邓禹之后。诸葛亮认为其能明联合东吴之理，派其出使东吴。
- 蜀汉使者，字伯苗。奉命使吴，不畏油鼎，说服孙权连和；后入吴答礼。
- 蜀汉中监军，扬武将军。后愿助赵云同去破敌，为副将。
- 蜀将，随赵云出兵，在赵云大胜后率蜀兵掩杀，后提醒赵云魏兵有诈，参与围攻南安。
- 蜀汉将领，与赵云同领疑兵出箕谷，负责打旗号徐徐退兵。
- 蜀汉将领，随赵云出战，报告赵云断后之功。
- 蜀汉参谋，奉命传达孔明军令，劝阻陈式未果，后抚慰陈式。",三国演义
三国演义_人物_邓茂_0,人物,"实体名：邓茂
实体描述：
- 程远志副将，被张飞刺死。",三国演义
三国演义_人物_邓贤_0,人物,"实体名：邓贤
实体描述：
- 刘璋部下将佐，疑刘备有异心。
- 刘璋部将，参与宴席上的群舞。
- 刘璋部将，与泠苞结寨，欲刺魏延时被黄忠射杀。",三国演义
三国演义_人物_邓贤_1,人物,"实体名：邓贤
实体描述：
- 孟达外甥，与李辅出首孟达反情，后献新城迎接司马懿。
- 魏国将领，作为内应助司马懿破孟达。",三国演义
三国演义_人物_邓飏_0,人物,"实体名：邓飏
实体描述：
- 字玄茂，邓禹之后，曹爽门客，与何晏等议论管辂。
- 曹爽心腹，与何晏等同谋篡逆，被斩。",三国演义
三国演义_人物_邓龙_0,人物,"实体名：邓龙
实体描述：
- 黄祖部将，任先锋，被甘宁飞上艨艟砍死。",三国演义
三国演义_人物_邢贞_0,人物,"实体名：邢贞
实体描述：
- 魏太常卿，奉命赍册封孙权为吴王，加九锡。到东吴时傲慢不下车，被张昭呵斥。",三国演义
三国演义_人物_邢道荣_0,人物,"实体名：邢道荣
实体描述：
- 零陵上将，力敌万人，使开山大斧。出战被赵云擒获，诈降诱诸葛亮劫寨，反被张飞、赵云击败，被赵云一枪刺于马下。",三国演义
三国演义_人物_邯郸淳_0,人物,"实体名：邯郸淳
实体描述：
- 十三岁作文镌曹娥碑，文不加点。",三国演义
三国演义_人物_邴原_0,人物,"实体名：邴原
实体描述：
- 与华歆、管宁为一龙之龙腹，相友善。",三国演义
三国演义_人物_邵悌_0,人物,"实体名：邵悌
实体描述：
- 魏西曹掾，密谓司马昭不可使钟会独掌大权。
- 西曹掾，提醒司马昭钟会必反。",三国演义
三国演义_人物_邹氏_0,人物,"实体名：邹氏
实体描述：
- 张济之妻，张绣之婶。被曹操侄儿曹安民发现其美丽，曹操纳之，每日取乐，导致张绣反叛。",三国演义
三国演义_人物_邹靖_0,人物,"实体名：邹靖
实体描述：
- 校尉，为刘焉属下，建议招军应敌，引刘备等破黄巾。",三国演义
三国演义_人物_郑伦_0,人物,"实体名：郑伦
实体描述：
- 魏副将，引掘子军从地道入蜀营，后被廖化斩杀。",三国演义
三国演义_人物_郑宝_0,人物,"实体名：郑宝
实体描述：
- 巢湖地方势力，刘子扬欲引鲁肃投奔。",三国演义
三国演义_人物_郑度_0,人物,"实体名：郑度
实体描述：
- 刘璋部下，劝刘璋尽烧野谷、深沟高垒，刘璋不从。",三国演义
三国演义_人物_郑文_0,人物,"实体名：郑文
实体描述：
- 魏国偏将军，奉司马懿命诈降孔明，被识破，后写信诱司马懿劫寨，事败被斩。",三国演义
三国演义_人物_郑泰_0,人物,"实体名：郑泰
实体描述：
- 大臣，随何进扶立新君。
- 侍御史，谏阻何进引董卓入京，称董卓为豺狼。",三国演义
三国演义_人物_郑玄_0,人物,"实体名：郑玄
实体描述：
- 刘备曾师事之。
- 字康成，名玄，东汉尚书，弃官归田居徐州。刘备师事之，曾为刘备写信给袁绍请求援助。博学多才，受业于马融，家中侍婢通毛诗。",三国演义
三国演义_人物_郑袤_0,人物,"实体名：郑袤
实体描述：
- 魏光禄勋，劝司马师深沟高垒以挫锐气。",三国演义
三国演义_人物_郗虑_0,人物,"实体名：郗虑
实体描述：
- 御史大夫，常被孔融侮慢，向曹操告发孔融。
- 御林将军，持节入宫收皇后玺绶，后扶帝入宫。",三国演义
三国演义_人物_郝昭_0,人物,"实体名：郝昭
实体描述：
- 魏国将军，字伯道，太原人。镇守陈仓道口，深沟高垒，以火箭、冲车等御蜀兵，不降靳祥。
- 魏国陈仓守将，病重时蜀军攻城，惊死，孔明令其妻小扶灵柩回魏。",三国演义
三国演义_人物_郝萌_0,人物,"实体名：郝萌
实体描述：
- 吕布帐下健将，与曹性、成廉一同出战，后拦截曹操。
- 吕布部将，在北门道旁杀出。
- 吕布麾下将领，引骑接应高顺。
- 吕布部将。本篇中引兵护送许汜等出城，回程时被张飞生擒，后被曹操斩首。",三国演义
三国演义_人物_郤正_0,人物,"实体名：郤正
实体描述：
- 蜀汉秘书。
- 蜀汉使者，奉姜维之命赍金珠蜀锦入羌结好羌王。
- 蜀秘书郎，告姜维黄皓欲使阎宇立功之事，建议姜维沓中屯田避祸。
- 蜀汉秘书郎，随刘禅赴洛阳，教刘禅应答思蜀之言。",三国演义
三国演义_人物_郦生_0,人物,"实体名：郦生
实体描述：
- 即郦食其，西汉说客，周瑜引以自喻。",三国演义
三国演义_人物_郦食其_0,人物,"实体名：郦食其
实体描述：
- 历史人物，被张昭引用其说齐故事，欲效仿烹杀邓芝。",三国演义
三国演义_人物_郭嘉_0,人物,"实体名：郭嘉
实体描述：
- 字奉孝，贤士，被程昱推荐给曹操，共论天下之事。
- 曹操谋士，劝曹操用好言答刘备以慢其心，后劝曹操退兵复兖州，又提醒泰山可能有伏兵。
- 曹操谋士，建议速发计策，后称赞将计就计之策。
- 曹操谋士，任司马祭酒。
- 字奉孝，曹操谋士。劝曹操不可杀刘备以失天下之心，曹操大喜从其言。
- 曹操谋士，献十胜十败之说，劝先取吕布。
- 曹操谋士。本篇中献策决沂、泗之水淹下邳。
- 曹操谋士。与程昱一同进谏，认为一日纵敌万世之患。
- 曹操谋士，字奉孝，建议曹操东征刘备，认为袁绍不足忧，因绍性迟多疑。
- 曹操谋士，认为孙策轻而无备，性急少谋，必死于小人之手。
- 曹操谋士，献策缓攻袁氏以待其兄弟相争。
- 字奉孝。曹操谋士，遗计定辽东，建议轻兵袭乌桓，病死于易州，被封贞侯。
- 字奉孝，曹操谋士，早逝。曹操败后痛哭“若奉孝在，决不使吾有此大失”。",三国演义
三国演义_人物_郭图_0,人物,"实体名：郭图
实体描述：
- 袁绍的谋士，主张起兵助刘备，并建议驰檄各郡声讨曹操。
- 袁绍谋士，与审配各自争权。
- 袁绍谋士，谏言刘备不会回返，袁绍未听。
- 袁绍谋士，主张派兵击曹操之寨，反对救乌巢，并谮言张郃、高览有意降曹，导致二人投曹。
- 袁绍谋士，向辅袁谭，反对废长立幼，随袁谭回青州。
- 袁谭谋士，多次献计劝袁谭降曹或暗算袁尚。
- 袁谭谋士。劝谭驱百姓作战，阵乱后急驰入城，被乐进射杀。",三国演义
三国演义_人物_郭太后_0,人物,"实体名：郭太后
别名：太后
实体描述：
- 魏国太后，司马懿入宫奏言曹爽之罪，太后惧怕而从之。
- 魏国太后，同意立曹髦为君。
- 魏国郭太后，新亡，钟会诈称其遗诏讨司马昭。",三国演义
三国演义_人物_郭夫人_0,人物,"实体名：郭夫人
实体描述：
- 魏主曹睿之妃，美丽聪慧，得曹睿宠爱，后立为皇后。",三国演义
三国演义_人物_郭常_0,人物,"实体名：郭常
实体描述：
- 世居山冈边庄院的老人，姓郭名常，久闻关公大名，款待关公一行，因儿子不肖而流泪叹息。",三国演义
三国演义_人物_郭常之子_0,人物,"实体名：郭常之子
实体描述：
- 郭常的儿子，不务本业，专务游荡，先盗赤兔马被踢倒，后又引裴元绍劫马，被关公饶恕后抱头鼠窜。",三国演义
三国演义_人物_郭恩_0,人物,"实体名：郭恩
实体描述：
- 居民，兄弟三人皆得躄疾，请管辂卜之，知是因家中女鬼报复。",三国演义
三国演义_人物_郭攸之_0,人物,"实体名：郭攸之
实体描述：
- 蜀汉侍中，被孔明留在宫中总摄事务，在《出师表》中被提及为良实之臣。",三国演义
三国演义_人物_郭永_0,人物,"实体名：郭永
实体描述：
- 安平广宗人，其女被纳为曹丕贵妃，曾称其女为女中之王。",三国演义
三国演义_人物_郭汜_0,人物,"实体名：郭汜
实体描述：
- 董卓部将。与李傕驱民迁都，并参与伏击曹操。
- 董卓部将，与李傕一同攻入长安，杀王允，封后将军美阳侯。
- 董卓余党，与李傕同斩庞舒。
- 西凉军阀，自为大将军，与李傕互相攻伐，劫持公卿，后与李傕合兵。
- 董卓旧部，与李傕同败，往山中落草。
- 东汉权臣，被伍习所杀。
- 古风中提及，与李傕兴刀枪。",三国演义
三国演义_人物_郭淮_0,人物,"实体名：郭淮
实体描述：
- 魏国行军司马，劝曹洪饶恕张郃，建议再给兵取葭萌关，后又建议派将助张郃以防其投西蜀。
- 郭淮，字伯济，魏国副都督，射亭侯，领雍州刺史。献计分兵劫寨，后与曹真败退。
- 魏将，与曹真共谋请羌兵袭蜀。后与曹真一同被蜀军围困，败走。
- 魏国都督，字伯济。与曹真分兵取街亭、列柳城，后入列柳城见司马懿，又遣苏顒、万政追赵云。
- 魏国将领，留守长安，后分道守把隘口。
- 魏国将领，与曹真计议，引兵提调箕谷、街亭，后守长安诸道。
- 魏国将领。与孙礼入寨参见司马懿，受计往救武都、阴平，被孔明伏兵夹攻大败，弃马爬山逃回。
- 魏国副都督，建议司马懿袭剑阁截蜀兵归路，后与司马懿分兵攻卤城。
- 魏国将领，总督陇西军马，据北原下寨，与孙礼同领兵。
- 魏国将领，在浮桥与蜀兵接战，后据守渭北。
- 魏国雍州刺史，与夏侯霸交战，后与陈泰共拒蜀兵，断姜维粮道。
- 魏左将军，闻报蜀兵伐魏，后救司马昭，用陈泰计擒迷当，追姜维时被姜维射死。",三国演义
三国演义_人物_郭胜_0,人物,"实体名：郭胜
实体描述：
- 十常侍之一。
- 中常侍，在御园花阴下杀蹇硕。
- 十常侍之一，同被剁为肉泥。",三国演义
三国演义_人物_郭贵妃_0,人物,"实体名：郭贵妃
别名：郭皇后
实体描述：
- 曹丕贵妃，郭永之女，号为女王。与幸臣张韬商议谋为皇后，导致甄夫人被赐死，后立为皇后，养曹睿为己子。
- 曹睿尊为皇太后。",三国演义
三国演义_人物_鄂焕_0,人物,"实体名：鄂焕
实体描述：
- 高定部将，身长九尺，使方天戟，被生擒后归顺，助高定杀雍闿、朱褒。",三国演义
三国演义_人物_金尚_0,人物,"实体名：金尚
实体描述：
- 兖州刺史，被袁术命为太尉监运钱粮，不从被杀。",三国演义
三国演义_人物_金旋_0,人物,"实体名：金旋
实体描述：
- 武陵太守。不听巩志劝降，自迎战张飞，被张飞大喝吓退，逃至城边被巩志射中面门坠马，军士割头献张飞。",三国演义
三国演义_人物_金环三结_0,人物,"实体名：金环三结
实体描述：
- 南蛮三洞元帅之一，第一洞元帅，被赵云一枪刺死。",三国演义
三国演义_人物_金祎_0,人物,"实体名：金祎
实体描述：
- 字德伟，汉相金日磾之后，与耿纪等合谋杀王必，事败被杀。",三国演义
三国演义_人物_钟会_0,人物,"实体名：钟会
实体描述：
- 魏国秘书郎，颍川长社人，太傅钟繇之子，幼有胆智，深明韬略。
- 魏中书侍郎，劝司马师亲征，后劝司马昭回军屯洛水。
- 魏黄门侍郎，献计破诸葛诞，劝司马昭留南门放敌，后谏勿杀文鸯兄弟，又劝放归吴兵。
- 魏将，任镇西将军，伐蜀。有异志，司马昭知其心。
- 镇西将军，伐蜀主帅，与邓艾不和，后受封司徒，与姜维结为兄弟，欲除邓艾。
- 魏国司徒，与姜维谋反，后被杀。又称钟司徒。
- 古风中提及，分兵进。",三国演义
三国演义_人物_钟繇_0,人物,"实体名：钟繇
实体描述：
- 文官，在铜雀台进献诗章。
- 长安郡守，后退守潼关。抵御西凉军，长安失守后飞报曹操。
- 太史？后为相国，草诏册立曹操为魏王。
- 魏国太傅，曹睿即位后封赠。
- 魏国太傅，保举司马懿退蜀兵，认为司马懿能制诸葛亮。",三国演义
三国演义_人物_钟绅_0,人物,"实体名：钟绅
实体描述：
- 夏侯惇部将，使画戟，被赵云用青釭剑砍死。",三国演义
三国演义_人物_钟缙_0,人物,"实体名：钟缙
实体描述：
- 夏侯惇部将，使大斧，被赵云一枪刺落马下。",三国演义
三国演义_人物_钟进_0,人物,"实体名：钟进
实体描述：
- 钟繇之弟，守把西门，被庞德斩杀。",三国演义
三国演义_人物_闵贡_0,人物,"实体名：闵贡
实体描述：
- 河南中部掾吏，追赶张让、段珪，杀段珪并寻得少帝。",三国演义
三国演义_人物_阁象_0,人物,"实体名：阁象
实体描述：
- 袁术主簿，劝谏袁术不可称帝。",三国演义
三国演义_人物_阎圃_0,人物,"实体名：阎圃
实体描述：
- 张鲁部下，建议先取西川再称王。
- 巴西人，张鲁部下。谏阻张鲁相信刘璋割地之许，认为不可从。
- 张鲁谋士，保举庞德，劝谏张鲁勿出战，后随张鲁投降被封列侯。",三国演义
三国演义_人物_阎宇_0,人物,"实体名：阎宇
实体描述：
- 蜀右将军，阿附黄皓，欲代姜维统兵。",三国演义
三国演义_人物_阎晏_0,人物,"实体名：阎晏
实体描述：
- 蜀汉行参军，谏议将军。",三国演义
三国演义_人物_阚泽_0,人物,"实体名：阚泽
实体描述：
- 字德润，会稽人，至江东被孙权敬礼。
- 字德润，会稽山阴人，东吴参谋，与黄盖交好。扮作渔翁驾小舟到曹营献诈降书，以言辞说服曹操相信黄盖投降。
- 东吴谋士，与甘宁一起窝盘蔡和、蔡中，后留守营寨。
- 东吴大臣，字德润，力荐陆逊为大都督，以全家保之。",三国演义
三国演义_人物_阴夔_0,人物,"实体名：阴夔
实体描述：
- 豫州刺史，奉袁尚之命至曹操营请降。",三国演义
三国演义_人物_阿会喃_0,人物,"实体名：阿会喃
实体描述：
- 南蛮三洞元帅之一，第三洞元帅，被张翼擒获后释放。
- 南蛮洞主，曾与董荼那同在洞中，被孟获遣去守沙口，后与董荼那等擒孟获，亦被孟获杀害。",三国演义
三国演义_人物_阿斗_0,人物,"实体名：阿斗
实体描述：
- 刘备之子，名禅，小字阿斗。赵云于长坂坡救其脱险，刘备曾掷之于地。
- 刘备之子，名刘禅，七岁。被孙夫人欲带回东吴，经赵云、张飞截江夺回。
- 刘备之子，称阿斗太子，糜芳外甥。",三国演义
三国演义_人物_陆凯_0,人物,"实体名：陆凯
实体描述：
- 吴左丞相，上疏谏孙皓，劝其修德安民。",三国演义
三国演义_人物_陆康_0,人物,"实体名：陆康
实体描述：
- 庐江太守，被孙策征伐得胜。",三国演义
三国演义_人物_陆抗_0,人物,"实体名：陆抗
实体描述：
- 陆逊之子，被任为镇东大将军、荆州牧，守江口。
- 吴镇东将军，足智多谋，与晋将羊祜对峙，以德相交，后被孙皓罢兵权降为司马，后死。",三国演义
三国演义_人物_陆景_0,人物,"实体名：陆景
实体描述：
- 吴水军将领，被晋将张尚斩之。",三国演义
三国演义_人物_陆纡_0,人物,"实体名：陆纡
实体描述：
- 陆逊之祖父，汉城门校尉。",三国演义
三国演义_人物_陆绩_0,人物,"实体名：陆绩
实体描述：
- 字公纪，吴郡人，至江东被孙权敬礼。
- 字公纪，东吴谋士，曾为袁术座间怀桔之陆郎。质疑刘备出身，被诸葛亮嘲笑为小儿之见，语塞。",三国演义
三国演义_人物_陆贾_0,人物,"实体名：陆贾
实体描述：
- 西汉说客，周瑜引以自喻。",三国演义
三国演义_人物_陆逊_0,人物,"实体名：陆逊
实体描述：
- 字伯言，吴郡人，孙权部下良将。
- 东吴武将，被周瑜任为第五队将领。
- 东吴将领，被孙权差为先锋，直抵蕲、黄地面进兵。
- 东吴将领。奉孙权命举火为号，与太史慈合兵冲杀。
- 东吴将领，与董袭杀出救太史慈。
- 孙策女婿，引十万兵射退曹兵，复夺战马。
- 字伯言，东吴将领，代吕蒙守陆口，用骄兵之计使关公撤荆州兵。
- 东吴大都督，字伯言，本名陆议。书生出身，深有谋略，前袭荆州之计出自他。受命总督军马破蜀，坚持坚守不出。
- 东吴大都督，指挥夷陵之战，用火攻破刘备连营，追击时误入八阵图，被黄承彦引出，后因防魏兵撤退。
- 东吴大都督，字伯言。大破蜀兵于猇亭彝陵，断黄权归路。后屯兵险要，曹丕伐吴时设伏兵于南郡内，与诸葛瑾内外夹攻大败曹真。
- 东吴将领，被吴王拜为辅国将军、江陵侯，领荆州牧，军权皆归于逊。字伯言，有神算，主张暂时应允魏国起兵之请，整军预备。
- 东吴大将，被提及作为李严的对手。
- 东吴大都督，字伯言。封辅国大将军、平北都元帅，在石亭大破曹休，后奏请联蜀伐魏。
- 吴国上将军，受命训练人马，虚作起兵之势与蜀呼应。
- 东吴将领，孙权令其与诸葛瑾屯兵江夏、沔口取襄阳。
- 东吴大都督，善用兵，设计夹攻魏军，因表文被获而退兵，种豆射戏迷惑敌人。
- 吴国名将，陆抗之父，文中提及。",三国演义
三国演义_人物_陆骏_0,人物,"实体名：陆骏
实体描述：
- 陆逊之父，九江都尉。",三国演义
三国演义_人物_陈俊_0,人物,"实体名：陈俊
实体描述：
- 魏将，引车仗牛马驴骡装载赏军之物。",三国演义
三国演义_人物_陈元_0,人物,"实体名：陈元
实体描述：
- 晋部将，担心羊祜饮毒酒，被羊祜笑拒。",三国演义
三国演义_人物_陈兰_0,人物,"实体名：陈兰
实体描述：
- 袁术部将，为纪灵副将，随军进攻小沛。
- 袁术麾下副将，取碣石。
- 与雷薄一同投嵩山，劫袁术钱粮。",三国演义
三国演义_人物_陈孙_0,人物,"实体名：陈孙
实体描述：
- 与张武同反，被张飞刺死。",三国演义
三国演义_人物_陈宫_0,人物,"实体名：陈宫
实体描述：
- 字公台，中牟县令。擒获曹操后感其忠义，弃官随曹操逃亡，后因曹操杀吕伯奢而离去。
- 原随曹操，后因疑曹操不仁而弃之离去，投东郡。
- 东郡从事，与陶谦交厚，来劝曹操不要屠戮百姓，见曹操不听，投奔张邈。
- 张邈帐下谋士，说张邈联合吕布取兖州，后随吕布，多次献计如伏兵泰山、守西寨、速战等，但吕布不用。
- 吕布谋士，设诱曹操入城之计，后劝吕布不可出战，吕布不听导致败亡，最终保护吕布家小出城。
- 吕布的谋士，建议吕布先寻安身之地，后随吕布投奔刘玄德。
- 吕布谋士，建议吕布乘机袭取徐州。
- 吕布谋士，字公台，劝吕布不可轻敌袁术，建议迎刘备为羽翼。
- 字公台，吕布谋士。曾与吕布商议是否救刘备；后建议韩胤速送吕布之女成亲，以免事变；又劝吕布不可放刘备，导致吕布攻城愈急。
- 吕布谋士，多次献策，后对陈珪父子生疑。
- 陈宫，字公台。本篇中为吕布谋士，多次献计（如掎角之势、断粮道）但不被采纳，城破后被徐晃所擒，拒绝投降曹操，慷慨赴死。",三国演义
三国演义_人物_陈就_0,人物,"实体名：陈就
实体描述：
- 黄祖部将，任先锋，与邓龙各引艨艟截住沔口，后被吕蒙砍死。",三国演义
三国演义_人物_陈平_0,人物,"实体名：陈平
实体描述：
- 汉初谋士，有匡扶宇宙之才，被诸葛亮举例。",三国演义
三国演义_人物_陈应_0,人物,"实体名：陈应
实体描述：
- 桂阳管军校尉，猎户出身，会使飞叉。自恃勇力出战赵云，被赵云活捉，后与鲍隆诈降被识破，被赵云斩首。",三国演义
三国演义_人物_陈式_0,人物,"实体名：陈式
别名：陈式
实体描述：
- 蜀汉牙将，被夏侯渊生擒，后换回。
- 蜀汉大将，后主命其来助孔明。
- 蜀汉将领，不听孔明号令，轻进箕谷遭伏，损失四千余人，后被孔明斩首。",三国演义
三国演义_人物_陈横_0,人物,"实体名：陈横
实体描述：
- 刘繇部将，与张英追孙策，被蒋钦一箭射死。",三国演义
三国演义_人物_陈武_0,人物,"实体名：陈武
实体描述：
- 字子烈，庐江松滋人，接应周瑜袭曲阿，后投孙策，刺死张英，爬城放火。
- 东吴将领，领第四队战船接应黄盖。
- 东吴将领。从赤壁东边杀来，后参与伏击曹仁。
- 东吴将领，奉孙权之命率兵追赶刘备夫妇，被孙夫人喝退。
- 东吴将领，与潘璋率弓弩手乱射曹军。
- 孙权部将，随中军。
- 东吴将领，与庞德大战，被树株挂住袍袖，为庞德所杀。",三国演义
三国演义_人物_陈泰_0,人物,"实体名：陈泰
实体描述：
- 魏国尚书，与许允同劝曹爽。后为雍州副将，与郭淮同拒蜀兵，设计断蜀兵粮道。
- 魏征西将军，献计诈降羌人，擒迷当，后与邓艾合兵破姜维。
- 魏将，与邓艾同屯兵雍、凉，结为忘年之交，后协助邓艾破蜀兵，攻破祁山寨，表邓艾之功。
- 魏尚书仆射，不至会议，后披麻带孝哭拜灵前，主张独斩贾充谢天下。",三国演义
三国演义_人物_陈炜_0,人物,"实体名：陈炜
实体描述：
- 太中大夫，曾言孔融小时聪明大时未必聪明，被孔融机智反驳。",三国演义
三国演义_人物_陈珪_0,人物,"实体名：陈珪
实体描述：
- 陈元龙之父，养老在家。识破袁术疏不间亲之计，扶病见吕布，劝其不应联姻，以免成为反贼亲属。又劝吕布解韩胤赴许都。
- 徐州谋士，与子陈登辅助吕布，实有异心。
- 陈登之父。本篇中守徐州，与儿子合谋拒吕布，后参拜曹操。
- 陈登之父。命陈登先报知玄德车胄之谋。",三国演义
三国演义_人物_陈琳_0,人物,"实体名：陈琳
实体描述：
- 主薄，谏何进不可召外兵诛宦官，认为应速发雷霆行权立断。
- 何进主簿，谏阻何进入宫，认为十常侍有谋。
- 字孔璋，袁绍的记室，素有才名，为袁绍草檄讨伐曹操。檄文传至许都，曹操读之惊出一身冷汗，头风顿愈。
- 原袁绍幕僚，曾作檄文辱及曹操祖父。城破后被曹操赦免，命为从事。
- 文官，在铜雀台进献诗章。",三国演义
三国演义_人物_陈生_0,人物,"实体名：陈生
实体描述：
- 襄阳将领，随黄祖出战，被孙策射中面门落马。",三国演义
三国演义_人物_陈登_0,人物,"实体名：陈登
实体描述：
- 字元龙，广陵人，陶谦帐下，奉命往青州向田楷求救。
- 陶谦部下，与糜竺议事，后为刘备幕官。
- 字元龙，辅佐张飞守徐州，劝张飞勿饮酒，后为玄德所托。
- 字元龙，陈珪之子。奉吕布命赍谢表解韩胤至许都，密谏曹操早图吕布，愿为内应。后被表为广陵太守，回徐州以养鹰喻说服吕布。
- 陈珪之子，为吕布献计破袁术，后暗助曹操。
- 陈登，字元龙。本篇中为吕布部下，实则暗助曹操，设计使吕布自相残杀，最终据守小沛城骂吕布，被曹操封为伏波将军。
- 徐州官员。初助车胄设计杀刘备，后奉父命报信给刘备，并在城上射箭助关羽。
- 刘备的谋士，献计向袁绍求救，并建议请郑玄作书。后参与守徐州及商议军务。
- 徐州人士，献了徐州城给曹操。
- 广陵太守，曾求华佗医治，吐虫三升，三年后复发而死。",三国演义
三国演义_人物_陈矫_0,人物,"实体名：陈矫
实体描述：
- 曹仁部将。与曹仁商议守城，后遵曹操计在敌楼上放箭射周瑜，被诸葛亮擒获夺兵符。",三国演义
三国演义_人物_陈矫_1,人物,"实体名：陈矫
实体描述：
- 兵部尚书，拔剑割袍，请世子嗣位。",三国演义
三国演义_人物_陈纪_0,人物,"实体名：陈纪
实体描述：
- 袁术麾下上将，取沂都，后坚守寿春被生擒斩首。",三国演义
三国演义_人物_陈群_0,人物,"实体名：陈群
实体描述：
- 字长文，治书侍御史。向曹操献策先取江东再图西川。
- 魏臣，劝曹操应天顺人早正大位。
- 魏国镇军大将军，受曹丕托孤之臣，后为司空。
- 司马麾下，问司马懿为何不攻城池，被司马懿以兵法解释。",三国演义
三国演义_人物_陈翔_0,人物,"实体名：陈翔
实体描述：
- 字仲麟，汝南人，与刘表为友，江夏八俊之一。",三国演义
三国演义_人物_陈耽_0,人物,"实体名：陈耽
实体描述：
- 司徒，谏帝勿杀刘陶，以头撞阶，与刘陶同下狱被谋杀。",三国演义
三国演义_人物_陈芬_0,人物,"实体名：陈芬
实体描述：
- 袁术上将，参与商议。",三国演义
三国演义_人物_陈蕃_0,人物,"实体名：陈蕃
实体描述：
- 太傅，与窦武共辅灵帝，谋诛宦官被害。",三国演义
三国演义_人物_陈造_0,人物,"实体名：陈造
实体描述：
- 魏国先锋，被马岱所斩。",三国演义
三国演义_人物_陈震_0,人物,"实体名：陈震
实体描述：
- 袁绍部下，南阳人。奉刘备之命持密书见关羽，传达刘备盼其归来的心意。
- 袁绍使者，奉命修书去会孙策。
- 袁绍使者，来东吴约结外应共攻曹操。后孙权遣其回，以书绝袁绍。
- 掌理文书，奉命往青城山宣召李意。
- 蜀汉太尉，奉命入吴作贺，呈国书。",三国演义
三国演义_人物_陈骞_0,人物,"实体名：陈骞
实体描述：
- 魏安东将军，为副先锋，随王基出战。",三国演义
三国演义_人物_陶濬_0,人物,"实体名：陶濬
实体描述：
- 吴将，奏请领战船御敌，后兵不战自溃。",三国演义
三国演义_人物_陶谦_0,人物,"实体名：陶谦
实体描述：
- 徐州刺史。随八路诸侯战虎牢。
- 字恭祖，徐州太守，为人温厚纯笃，欲结纳曹操，派张闿护送曹嵩，不料张闿杀曹嵩全家。后曹操来攻，他欲自缚请罪。
- 字恭祖，徐州牧，被曹操攻围，遣糜竺、陈登求救，后欲让徐州于刘备，请刘备驻小沛。
- 徐州牧，时年六十三岁，染病沉重，三让徐州于刘备，后病亡，葬于黄河之原。
- 与吴景不和，导致孙策移居曲阿。
- 古风中提及，各逞雄才占一方。",三国演义
三国演义_人物_雅丹_0,人物,"实体名：雅丹
实体描述：
- 西羌丞相，文官。劝国王依允魏求和亲之请，随越吉起兵。后被马岱活捉，孔明释之并抚慰，放回国。",三国演义
三国演义_人物_雍闿_0,人物,"实体名：雍闿
实体描述：
- 益州耆帅，结连蛮王孟获起十万蛮兵侵掠四郡。
- 建宁太守，汉朝什方侯雍齿之后，结连孟获造反，后被鄂焕刺杀。",三国演义
三国演义_人物_雍齿_0,人物,"实体名：雍齿
实体描述：
- 汉朝什方侯，雍闿之后。",三国演义
三国演义_人物_雷叙_0,人物,"实体名：雷叙
实体描述：
- 张绣麾下将领，出城迎敌。",三国演义
三国演义_人物_雷薄_0,人物,"实体名：雷薄
实体描述：
- 袁术上将，参与商议。
- 袁术部将，为纪灵副将，随军进攻小沛。
- 袁术麾下副将，取琅琊。
- 原袁术部将，后投嵩山，劫袁术钱粮。",三国演义
三国演义_人物_雷铜_0,人物,"实体名：雷铜
实体描述：
- 吴懿保举的副将，随军至雒城。
- 蜀将，与吴兰一同作战。
- 刘璋部将。与吴兰一同出战，后随吴兰投降刘备。
- 刘璋降将，后为刘备擢用。
- 蜀汉将领，与张飞守把巴西。
- 蜀将，随张飞迎战张郃，曾建议埋伏；后追杀张郃时中埋伏，被张郃刺死于马下。",三国演义
三国演义_人物_霍峻_0,人物,"实体名：霍峻
实体描述：
- 字仲邈，南郡枝江人，曾在荆州刘表部下为中郎将，与孟达同守葭萌关。
- 刘备部下，与孟达守葭萌关，抵御马超。
- 葭萌关守将，主张坚守，后受命守关，让孟达助黄忠。",三国演义
三国演义_人物_霍戈_0,人物,"实体名：霍戈
实体描述：
- 建宁太守，闻成都不守素服望西大哭，后闻刘禅受封乃降。",三国演义
三国演义_人物_靳祥_0,人物,"实体名：靳祥
实体描述：
- 蜀汉部曲，与郝昭同乡，奉孔明命两次劝降郝昭，未果。",三国演义
三国演义_人物_韦康_0,人物,"实体名：韦康
实体描述：
- 被杨阜保举为凉州刺史，屯兵冀城防马超。
- 冀城刺史。累遣人求救于夏侯渊未果，不听杨阜苦谏，开城投降马超，被马超斩杀全家四十余口。",三国演义
三国演义_人物_韦晃_0,人物,"实体名：韦晃
实体描述：
- 司直，与耿纪同谋讨曹操，被斩，咬牙皆碎而死。",三国演义
三国演义_人物_韩信_0,人物,"实体名：韩信
实体描述：
- 汉初名将，助刘邦灭项羽，诸葛亮以韩信为例说明胜负常事。
- 楚之亡将，后被封为王，位在萧何、曹参之上。
- 历史人物，姜维引其典故，有未央宫之祸。",三国演义
三国演义_人物_韩嵩_0,人物,"实体名：韩嵩
实体描述：
- 刘表从事中郎将，劝刘表归附曹操，并奉命赴许都观动静，被曹操拜为侍中、领零陵太守，回荆州说刘表遭怒。
- 曾被曹操囚禁，后释之加为大鸿胪。",三国演义
三国演义_人物_韩当_0,人物,"实体名：韩当
实体描述：
- 字义公，辽西令支人。孙坚部将，使一口大刀。
- 孙坚部将，刀斩张虎，在孙坚攻襄阳时提醒风折帅旗为凶兆。
- 孙坚旧将，随孙策出征，出马与严舆战。
- 东吴武将，主战，被周瑜任为前部先锋。
- 东吴左翼将领，随周瑜出战曹军。
- 东吴将领，与周泰出战，刺死焦触，后又与文聘相持。
- 字义公，东吴将领。救起黄盖并为其治伤，后参与攻打南郡。
- 东吴将领，随周瑜追击刘备，与黄盖一同劝阻周瑜。
- 东吴将领，与黄盖急救周瑜下船。
- 东吴大将，与周泰两骑直冲曹操，后被许褚敌住。
- 孙权部将，在各处镇守，未随征。
- 东吴将领，随吕蒙袭取荆州，后与周泰等夹攻关公。
- 东吴正将，奉命起兵拒蜀。
- 东吴将领，参与围攻黄忠，后与周泰一起防守，认为陆逊懦弱。
- 东吴将领，与周泰探知刘备移营，后受陆逊令攻江北岸。",三国演义
三国演义_人物_韩德_0,人物,"实体名：韩德
实体描述：
- 西凉大将，善使开山大斧，有万夫不当之勇，率西羌兵八万助夏侯楙，四子皆被赵云所杀，后亲自出战被赵云刺死。",三国演义
三国演义_人物_韩忠_0,人物,"实体名：韩忠
实体描述：
- 黄巾余党，赵弘部将，出战被朱儁射死。",三国演义
三国演义_人物_韩暨_0,人物,"实体名：韩暨
实体描述：
- 魏国太常卿，持节告戒曹真坚守勿战。",三国演义
三国演义_人物_韩暹_0,人物,"实体名：韩暹
实体描述：
- 原为白波帅，被召来救驾，封征东将军，与李乐等专权。
- 白波帅，与杨奉共事，后一同投袁术。
- 原汉臣，后降袁术，第七路降将，取浚山，后反戈助吕布，被刘备所杀。",三国演义
三国演义_人物_韩浩_0,人物,"实体名：韩浩
实体描述：
- 曹操部将，为副将，劝夏侯惇防埋伏不听，后夺路走脱。",三国演义
三国演义_人物_韩浩_1,人物,"实体名：韩浩
实体描述：
- 魏将，韩玄之弟，为兄报仇与夏侯尚助张郃，轻敌冒进，被黄忠一合斩于马下。
- 曹魏将领，于天荡山被折。",三国演义
三国演义_人物_韩猛_0,人物,"实体名：韩猛
实体描述：
- 袁绍部将，押运粮草数千辆赴绍寨，被徐晃、史涣截击，粮车被烧，败军还营，袁绍欲斩之被众官劝免。",三国演义
三国演义_人物_韩玄_0,人物,"实体名：韩玄
实体描述：
- 长沙太守，魏延投奔之。
- 长沙太守，平生性急，轻于杀戮，众皆恶之。疑黄忠通敌，欲斩黄忠，被魏延砍杀。
- 原长沙太守，韩浩之兄，被黄忠、魏延献城所害，文本中仅提及。",三国演义
三国演义_人物_韩珩_0,人物,"实体名：韩珩
实体描述：
- 幽州别驾，拒绝背袁降曹，掷剑于地，被乌桓触放走。",三国演义
三国演义_人物_韩班_0,人物,"实体名：韩班
实体描述：
- 韩德四子，持日月刀与二兄共战赵云，中枪落马后被偏将救去。",三国演义
三国演义_人物_韩琼_0,人物,"实体名：韩琼
实体描述：
- 韩德三子，挺方天戟夹攻赵云，连放三箭被赵云拨落，后被赵云一箭射中面门落马而死。",三国演义
三国演义_人物_韩瑛_0,人物,"实体名：韩瑛
实体描述：
- 韩德长子，精通武艺，出战赵云，战不三合被赵云一枪刺死。",三国演义
三国演义_人物_韩瑶_0,人物,"实体名：韩瑶
实体描述：
- 韩德次子，挥刀战赵云，抵敌不住，后举宝刀砍赵云，被赵云生擒。",三国演义
三国演义_人物_韩祯_0,人物,"实体名：韩祯
实体描述：
- 蜀国守西平关将领，急报孔明羌兵扣关。",三国演义
三国演义_人物_韩福_0,人物,"实体名：韩福
实体描述：
- 洛阳太守，设计暗箭射伤关公，被关公斩于马下。",三国演义
三国演义_人物_韩胤_0,人物,"实体名：韩胤
实体描述：
- 袁术使者，先送粮食密书给吕布，后为求亲至徐州。被陈宫劝说催促送女，后因陈珪计谋被吕布拿回监禁，最终解赴许都被斩于市曹。
- 袁术使者，被吕布解赴许都为曹操所斩。",三国演义
三国演义_人物_韩莒子_0,人物,"实体名：韩莒子
实体描述：
- 袁绍部下督将，与淳于琼同守乌巢。",三国演义
三国演义_人物_韩融_0,人物,"实体名：韩融
实体描述：
- 太仆，舍命去劝说李傕、郭汜罢兵。",三国演义
三国演义_人物_韩遂_0,人物,"实体名：韩遂
实体描述：
- 并州刺史，与马腾一同讨伐李傕、郭汜，退兵时被樊稠追赶，以同乡之谊让樊稠放行。
- 割据军阀。同上。
- 西凉军阀，与马腾结连起兵，共兴兵七十二万。
- 北方军阀，与马腾同为曹操后患。
- 西凉州将领，与马腾谋反（谣言中提及）。
- 镇西将军，与马腾为弟兄，协助马腾守西凉。
- 西凉太守，与马腾结为兄弟。助马超起兵，但曾收到曹操劝降信，后斩使共讨曹操。
- 西凉军阀，与马腾结为兄弟，后与马超联合抗曹，被曹操用反间计离间。
- 古风中提及，守西凉。",三国演义
三国演义_人物_韩馥_0,人物,"实体名：韩馥
实体描述：
- 冀州刺史，列为第二镇诸侯。举荐潘凤出战华雄。
- 冀州牧，曾送粮给袁绍，后因公孙瓒来攻，请袁绍同治州事，被袁绍夺权，投奔陈留太守张邈。",三国演义
三国演义_人物_项羽_0,人物,"实体名：项羽
实体描述：
- 西楚霸王，曾多次击败刘邦，但最终垓下战败。",三国演义
三国演义_人物_顾雍_0,人物,"实体名：顾雍
实体描述：
- 字元叹，中郎蔡邕之徒。少言语，不饮酒，严厉正大。孙权以为丞，行太守事。
- 字元叹，与张纮一起延接四方宾客于吴会。
- 东吴谋士，附和张昭主降，劝孙权勿为刘备所用。
- 东吴文官，与张昭等一同主张降曹。
- 字元叹，东吴谋士，建议表刘备为荆州牧并用反间计令曹刘相攻。
- 东吴谋士，字元叹，向孙权献计趁刘备远出山险，截川口取荆州。
- 东吴谋士，与孙权商议索还荆州。
- 东吴谋士，与张昭同劝孙权求和。
- 东吴谋士，认为满宠说词有理，建议一面约会曹操，一面探关羽动静。
- 东吴官员，谏孙权不应受魏帝封爵。
- 东吴大臣，认为陆逊年幼望轻，恐不服。
- 东吴大臣，与张昭同奏改元，后建议孙权修书联蜀抗魏。
- 东吴大臣，进言非陆逊不可当大任。
- 吴国丞相，辅太子守武昌。",三国演义
三国演义_人物_颜良_0,人物,"实体名：颜良
实体描述：
- 袁绍部将，与文丑齐名。袁绍叹其未至，否则不惧华雄。
- 袁绍部将，斩耿武，在磐河之战中与文丑分领弓弩手。
- 袁绍的大将，领兵五万往助曹操。
- 袁绍的将军，勇冠三军，与文丑同为将军，起马步军三十万。
- 袁绍麾下大将，骁勇异常，连斩宋宪、魏续，败徐晃。后被关羽在白马坡万军中斩首。
- 袁绍部将，被关公所斩（提及）。
- 袁绍部将，被关羽所斩，袁绍常恨之。
- 袁绍部将，被关羽所斩，周瑜提及。",三国演义
三国演义_人物_马休_0,人物,"实体名：马休
实体描述：
- 马腾次子。随父入许昌，为前部，被乱箭射死。",三国演义
三国演义_人物_马元义_0,人物,"实体名：马元义
实体描述：
- 张角党羽，暗赍金帛结交封谞，被何进擒斩。",三国演义
三国演义_人物_马宇_0,人物,"实体名：马宇
实体描述：
- 侍中，为马腾、韩遂内应，事泄被杀。",三国演义
三国演义_人物_马岱_0,人物,"实体名：马岱
实体描述：
- 马腾兄子。谏叔父勿往许昌恐遭害，留后接应，闻变后弃兵马扮客商逃遁。
- 马腾之侄，马超从弟。逃回西凉报信，随马超起兵，任先锋。
- 马超堂弟，西凉将领，随马超作战。
- 马超从弟。随马超征战，后与庞德随马超投张鲁。
- 马超之弟，西凉将领。随马超攻葭萌关，与魏延、张飞交战，后随马超归降刘备。
- 马超之弟，同守汉中。
- 蜀将，带三千军至沙口渡泸水，初渡时军士中毒，后半夜渡水成功，占夹山峪断蛮兵粮道，斩忙牙长，又扮作蛮兵撑船诱擒孟获。
- 蜀将，受孔明分付拆浮桥、移下流并接应赵云、魏延。
- 蜀将，受诸葛亮计埋伏绊马索擒获祝融夫人，后又守盘蛇谷，生擒孟获。
- 蜀汉兼管运粮左军领兵使，平北将军、陈仓侯。
- 马岱，蜀汉将领，伏于寨外迎击魏兵。
- 蜀将，久居羌地，熟悉羌人性情，为向导。与关兴、张苞同破羌兵，活捉雅丹。后随孔明守寨。
- 蜀汉将领，与姜维断后，斩杀魏先锋陈造。
- 蜀汉将领，为先锋，从斜谷望祁山进发。
- 蜀汉将领，受孔明令引兵烧魏军粮车，内外夹攻大败魏兵。
- 蜀汉将领，受孔明令出斜谷，与王平等劫曹真营寨。
- 蜀汉将领，受孔明之令护车擂鼓，后伏兵西南角。
- 蜀汉将领，与魏延引兵渡渭水攻北原，后奉命领兵守上方谷口。
- 蜀汉将领，受孔明密计埋伏于上方谷，后助魏延攻杨仪，实受命斩魏延。
- 蜀汉将领，随魏延反叛，实受诸葛亮密计，在魏延大叫“谁敢杀我”时出其不意斩之，后因讨逆之功得魏延之爵。",三国演义
三国演义_人物_马延_0,人物,"实体名：马延
实体描述：
- 袁尚部将，奉命断后，后与张顗同降曹操。
- 袁氏降将，奉命分路进攻幽州。
- 袁绍手下降将，随曹操追赵云，被赵云杀退。
- 原袁绍部将，后降曹操。与张顗领兵开路，被甘宁一刀斩于马下。",三国演义
三国演义_人物_马忠_0,人物,"实体名：马忠
实体描述：
- 潘璋部将，在决石用长钩套索绊倒关羽坐马，擒获关羽。后获赐赤兔马，马数日不食而死。
- 东吴将领，刘备切齿之仇人之一。
- 东吴将领，曾射中黄忠肩窝，后因军心变动被糜芳、傅士仁刺杀，首级献于刘备。
- 蜀汉将领，受命迎敌阿会喃。
- 蜀将，受密计，擒诸洞酋长。
- 蜀将，受孔明密计。
- 蜀将，随诸葛亮征南蛮。救张嶷时被擒，后换回。参与盘蛇谷伏击。
- 蜀汉右军领兵使，奋威将军、博阳亭侯。
- 蜀汉将领，受孔明令引兵围困魏军，与马岱等夹攻。
- 蜀国将领。与吴班等四将出马交锋，后回军掩杀。
- 蜀汉将领，与张翼同出斜谷劫寨。
- 蜀汉将领，为中队攻渭水旱营，后参与劫寨。",三国演义
三国演义_人物_马援_0,人物,"实体名：马援
实体描述：
- 东汉伏波将军，张松称蜀中有伏波之才。
- 汉伏波将军，曾平蛮至此，土人立庙祀之，后显圣指引山神帮助孔明。",三国演义
三国演义_人物_马日磾_0,人物,"实体名：马日磾
实体描述：
- 太傅，奉董卓之命赍诏和解袁绍与公孙瓒。
- 太傅，曾为蔡邕求情，认为王允杀蔡邕不妥，预言王允将无后。",三国演义
三国演义_人物_马玩_0,人物,"实体名：马玩
实体描述：
- 韩遂部下八部将之一，随韩遂起兵。
- 韩遂部将，在混战中被马超砍翻。",三国演义
三国演义_人物_马腾_0,人物,"实体名：马腾
实体描述：
- 西凉太守，列为第十三镇诸侯。
- 西凉太守，受密诏讨伐李傕、郭汜，与韩遂联合进军长安，后因粮尽内应泄露而退兵。
- 西凉太守。参与衣带诏，愿统西凉兵为外应，在义状上签名。
- 西凉军阀，与董承同谋衣带诏，后结连韩遂起兵。
- 北方军阀，为曹操后患，周瑜以此作为曹操兵家一忌。
- 西凉州将领，与韩遂谋反（谣言中提及）。
- 字寿成，汉伏波将军马援之后，西凉军阀。奉曹操诏入许昌，与黄奎密谋杀操，事泄被杀，骂不绝口。
- 马超之父，与黄奎同谋杀曹操，事泄被斩于许昌。
- 马超之父，西凉军阀，已故（遭戮）。
- 古风中提及，守西凉。",三国演义
三国演义_人物_马良_0,人物,"实体名：马良
实体描述：
- 字季常，眉间有白毛，马氏五常中最贤者。向刘备献保守荆襄之策：先取四郡为根本，被刘备用为从事。
- 荆州文官，奉诸葛亮书至涪关见刘备。后与伊籍等辅佐云长守荆州。
- 刘备部下，属荆襄旧日文武。
- 关羽的参谋，一同征进。
- 关公帐下幕僚，与关公弈棋，后奉命赴成都求救。
- 蜀汉官员，与伊籍同至成都，呈上荆州失陷、关公兵败的表章。
- 掌理文书，曾建议召隐者李意问吉凶。
- 蜀臣，劝刘备不可轻敌陆逊，建议移营图本问诸葛亮。
- 蜀汉谋士，奉命将图本呈诸葛亮，又求表章火速投御营。
- 蜀汉官员，字季常。刘备伐吴时，马良至白帝城见大军已败，将诸葛亮之言奏知刘备。
- 马谡之兄，新亡，提及。",三国演义
三国演义_人物_马融_0,人物,"实体名：马融
实体描述：
- 东汉大儒，郑玄的老师。讲学设绛帐，前聚生徒，后陈声妓，侍女环列。",三国演义
三国演义_人物_马谡_0,人物,"实体名：马谡
实体描述：
- 字幼常，马良之弟，有才名。
- 刘备部下，属荆襄旧日文武。
- 蜀汉官员，马良之弟。刘备临终评价其“言过其实，不可大用”，告诫诸葛亮深察之。
- 字幼常，奉旨赐军酒帛，献策“攻心为上”，被孔明任为参军。
- 蜀将，与诸葛亮共议平蛮之事，暗写计策与孔明相合，后与吕凯管待孟优，劝酒下药。
- 蜀汉参军，向孔明献反间计，建议布散流言使司马懿自死于曹睿之手。
- 蜀参军，对孔明惊讶曹睿亲征表示不解，建议修书令孟达提防司马懿。
- 蜀汉参军，字幼常。自请守街亭，不听王平劝谏，屯兵山上，被魏军围困断水，大败而逃。
- 蜀汉参军，字幼常。因失守街亭被诸葛亮斩首，亡年三十九岁。临刑泣请照顾家小。
- 蜀国将领，因街亭之役获罪，被提及咎由马谡。",三国演义
三国演义_人物_马超_0,人物,"实体名：马超
实体描述：
- 马腾之子，字孟起，年十七岁，英勇无敌，一枪刺死王方，生擒李蒙。
- 马腾长子。劝父乘曹操来召入京师取事，愿起西凉兵随父杀入许昌，后受命保守西凉。
- 又称马孟起。西凉军统帅，为报父仇兴兵雪恨，与曹操交战，多次击败曹军，勇猛过人。
- 西凉军阀马腾之子，英勇善战，有“不减吕布之勇”，人称“马儿”。
- 曾被曹操破灭，提及割须弃袍于潼关之事。
- 西凉猛将，字孟起。兵败入羌后结好羌兵，攻拔陇西州郡，后因杨阜等人起兵反抗，又遭夏侯渊攻击，最终投奔张鲁。
- 西凉猛将，字孟起，人称锦马超。初为张鲁部下，攻葭萌关与张飞大战，后归降刘备，被封平西将军。
- 西凉将领，庞德原属其部，后投西川。
- 字孟起，蜀汉将领，兵屯下辨，令吴兰为先锋。
- 又称马孟起，西凉猛将，曾与夏侯渊相拒，文本中提及。
- 蜀汉五虎上将之一，受孔明授计，后与吴兰引军杀来，蓄锐日久，势不可当。
- 字孟起，五虎大将之一，世代名家，原为西凉将领，后降刘备，曾分兵攻劫曹操。
- 巡视军捉获彭羕使者，审知彭羕谋反之事，禀报汉中王。
- 骠骑将军，奉命与弟马岱助镇北将军魏延守汉中，以当魏兵。
- 蜀汉将领，字孟起。积祖西川人氏，素得羌人之心，羌人以其为神威天将军。诸葛亮令其紧守西平关，伏四路奇兵拒轲比能。
- 蜀汉将领，镇守西平关，西番兵见之不战自退；后坚守阳平关。
- 蜀汉五虎上将之一，守把汉中诸处关口。",三国演义
三国演义_人物_马遵_0,人物,"实体名：马遵
实体描述：
- 天水太守，闻夏侯楙被困，欲起兵救援，被姜维劝止识破诸葛亮之计。
- 马遵，天水郡太守。听从姜维计策守城，后因姜维被疑反叛，与夏侯楙弃城投羌胡城。",三国演义
三国演义_人物_马邈_0,人物,"实体名：马邈
实体描述：
- 江油城守将，见魏兵至纳降，被邓艾用为向导官，其妻李氏自缢。",三国演义
三国演义_人物_马钧_0,人物,"实体名：马钧
实体描述：
- 魏国博士，监造宫殿、高台，建议魏主拆取长安柏梁台铜人及承露盘，后领命到长安拆铜人，回洛阳献上。",三国演义
三国演义_人物_马铁_0,人物,"实体名：马铁
实体描述：
- 马腾次子（一说三子）。随父入许昌，为前部，与父一同被执遇害。",三国演义
三国演义_人物_骆统_0,人物,"实体名：骆统
实体描述：
- 字公绪，乌伤人，至江东被孙权敬礼。
- 东吴谋士，在座上欲与张温一起问难诸葛亮。",三国演义
三国演义_人物_高升_0,人物,"实体名：高升
实体描述：
- 张宝副将，出马搦战，被张飞刺落马下。",三国演义
三国演义_人物_高定_0,人物,"实体名：高定
实体描述：
- 越嶲郡太守，初反叛，后归降孔明，杀雍闿、朱褒。",三国演义
三国演义_人物_高干_0,人物,"实体名：高干
实体描述：
- 袁绍外甥，出守并州，引兵五万至冀州助战，被箭伤后回并州。
- 袁绍外甥，领兵与曹操相持。
- 袁绍外甥，守壶关口，被吕旷等诈降计所破，投左贤王被拒，后被都尉王琰所杀。",三国演义
三国演义_人物_高柔_0,人物,"实体名：高柔
实体描述：
- 魏国司徒，司马懿令其假以节钺行大将军事，据曹爽营。",三国演义
三国演义_人物_高沛_0,人物,"实体名：高沛
实体描述：
- 刘璋的白水都督，与杨怀共同守把涪水关。
- 刘璋部将，守关隘。与杨怀同谋行刺刘备，被斩于帐前。",三国演义
三国演义_人物_高翔_0,人物,"实体名：高翔
实体描述：
- 蜀汉右将军，玄都侯。
- 高翔，蜀汉将领，奉诸葛亮之命于要路截杀马遵，接应赵云。
- 蜀汉将领，受命屯兵列柳城以救街亭，后与魏延、王平合兵劫寨，被魏军围困。
- 蜀汉将领，与魏延等被魏兵围住，被王平救出。
- 蜀汉右将军，引兵驾木牛流马自剑阁运粮至祁山，被魏兵抢去数匹。
- 蜀汉将领，奉命驱驾木牛流马运粮，引诱魏军抢夺。",三国演义
三国演义_人物_高览_0,人物,"实体名：高览
实体描述：
- 袁绍部下的名将，被孔融提及。
- 袁绍部下大将，挺枪接住许褚厮杀。后与张郃一同投降曹操，被封为偏将军、东莱侯。
- 曹操部将，在右队为第五队，后冲出截击袁绍，在穰山斩杀刘辟，后被赵云刺于马下。",三国演义
三国演义_人物_高顺_0,人物,"实体名：高顺
实体描述：
- 吕布部将，受陈宫之命引兵往守西寨，与曹操混战。
- 吕布部将，守城内，出战被典韦拦挡，后保护吕布家小弃定陶而走。
- 吕布部将，随后进发。
- 吕布部将，领兵袭刘备之后，后与纪灵相见索要许诺之物。
- 吕布麾下将领，攻小沛，与夏侯惇交战。
- 高顺，吕布部将。本篇中引军守小沛，后随吕布作战，城破后被曹兵所擒，因不答曹操问话被斩。",三国演义
三国演义_人物_魏平_0,人物,"实体名：魏平
实体描述：
- 魏国大将，出言讥讽司马懿畏蜀如虎，后引兵后行以防埋伏。",三国演义
三国演义_人物_魏延_0,人物,"实体名：魏延
实体描述：
- 字文长，义阳人，曾于襄阳城上开门迎刘备，与文聘交战，后投长沙太守韩玄。
- 义阳人，自襄阳投刘备不着，来投韩玄，不被重用。救黄忠，杀韩玄，引百姓投关羽，被孔明指为脑后有反骨，欲斩之，被刘备求情饶恕。
- 刘备的将领，与黄忠一同杀败吴兵。
- 蜀汉将领，被诸葛亮埋伏击败周瑜，后从孱陵小路杀来捉周瑜。
- 刘备麾下将领，为后军随刘备取西川。
- 刘备部将，在宴席上奉命舞剑欲杀刘璋，后被刘备制止。
- 刘备部将，与黄忠争功，违令先攻泠苞寨，兵败被救，后活捉泠苞。
- 字文长，刘备部将。活捉泠苞，后与黄忠救出被围的魏延，守涪关。
- 蜀汉将领。与黄忠同攻东门，败退后回战，又奉命伏于金雁桥南芦苇中用枪戳马上将。
- 刘备麾下将领。随军攻葭萌关，与杨柏、马岱交战，左臂中箭，后为扬武将军。
- 蜀将，受孔明命送酒助张飞，后与张飞共破张郃埋伏，火烧山谷，又随张飞哨探小路。
- 蜀汉将领，与张飞同取汉中，后分兵杀得南郑，又射中曹操人中，折门牙两枚。
- 镇北将军，守汉中。
- 蜀汉将领。诸葛亮飞檄遣其领一军左出右入、右出左入，为疑兵之计以拒南蛮孟获。
- 蜀汉将领，用疑兵计杀退南蛮孟获。
- 蜀汉大将，字文长，为前部先锋，生擒鄂焕，参与伏击孟获。
- 蜀将，受密计，在孟获劫营时率军杀到，后引精兵摆在山坡厉声警告孟获。
- 蜀将，受孔明密计，从大林中转出，将踏陷坑的孟获拖出缚定。
- 蜀将，字文长。随诸葛亮征南蛮，参与攻打三江城、诱敌祝融夫人，后又奉命连输十五阵诱藤甲军入盘蛇谷。
- 蜀汉前督部，镇北将军、领丞相司马、凉州刺史、都亭侯。
- 蜀汉将领，字文长，曾献计从子午谷取长安，未被诸葛亮采纳，后奉命扮作安定军赚取安定城。
- 魏延，字文长，蜀汉将领。奉诸葛亮之命诈取冀县，与姜维交锋诈败，后袭取冀城。
- 蜀将，奉命引一军埋伏。后魏兵追击时，魏延一刀斩魏先锋曹遵于马下。
- 蜀汉大将，受命屯兵街亭之后接应，与张郃交战，后被困垓心，得王平救出。
- 蜀汉将领，总督前部先锋。曾被围困，后攻陈仓城不破，欲被斩时由靳祥说情。
- 蜀汉将领，受孔明密计在陈仓道口拒守，斩杀王双，后与姜维攻散关。
- 蜀国将领。孔明每日令其挑战，但魏兵不出，孔明以目视之欲委重任，魏延低头不语。
- 蜀汉将领，引兵出箕谷，救陈式，素有反相，被孔明留用。
- 蜀汉将领，受孔明之令护车擂鼓，后诈败引诱张郃，在木门道交战。
- 蜀汉先锋，勇猛但心不正，孔明惜其勇而用之。本回中引兵渡渭水攻北原，参与劫寨，被孙权评‘勇有余而心不正’。
- 蜀汉大将，字文长。曾因未得头功口出怨言，奉命诱司马懿入上方谷，后无意扑灭主灯。孔明预言其会反叛，最终被锦囊妙计所斩。
- 蜀汉征西大将军、南郑侯，勇猛但有反骨，丞相诸葛亮料其久后必反。诸葛亮死后，魏延烧绝栈道，拦路造反，自称欲取汉中，后被马岱遵诸葛亮遗计斩杀。",三国演义
三国演义_人物_魏续_0,人物,"实体名：魏续
实体描述：
- 吕布帐下健将，与宋宪、侯成同守西寨。
- 吕布部将，同宋宪送女、买马，被张飞杀退。
- 吕布麾下将领，出碣石敌陈兰。
- 吕布部将。本篇中保护吕布妻小，后与侯成、宋宪合谋，献东门放侯成，最终生擒吕布。
- 原吕布部将，为宋宪报仇出战颜良，交马一合被劈于马下。",三国演义
三国演义_人物_魏邈_0,人物,"实体名：魏邈
实体描述：
- 将军，密奏孙休孙綝将变，与丁奉掌外事擒孙綝兄弟。",三国演义
三国演义_人物_鲁肃_0,人物,"实体名：鲁肃
别名：鲁子敬
实体描述：
- 字子敬，临淮东川人。胸怀韬略，慷慨好施。周瑜推荐给孙权，提出鼎足江东、建号帝王之策。
- 字子敬，江东孙权谋士，奉命往江夏吊丧，实探军情，后请诸葛亮同往东吴。
- 字子敬，东吴谋士。力主抗曹，引诸葛亮见孙权，并劝孙权早定大计，被孙权称为“天以子敬赐我”。
- 东吴谋士，字子敬，主张联刘抗曹，引孔明见周瑜，后任赞军校尉。
- 字子敬，东吴谋士。周瑜部将，多次在周瑜与诸葛亮之间传话，劝周瑜以国家为重。
- 字子敬，东吴谋士。奉周瑜之命探听孔明，后助孔明借得二十只船及布幔束草等物，并陪同孔明前往曹营取箭。多次在周瑜与孔明之间传话。
- 字子敬，东吴谋士，引孔明为周瑜看病，后按孔明嘱托协助调兵。
- 字子敬，东吴谋士。随周瑜到油江口与刘备交涉，为周瑜取南郡作证。
- 字子敬，东吴谋士。劝周瑜暂缓攻刘备，亲赴荆州与刘备、诸葛亮交涉讨还荆州，观刘琦病重，建议待其死后再取。后随孙权破合淝，孙权下马相迎。
- 字子敬，东吴谋士，为讨荆州多次与刘备、诸葛亮交涉，在借荆州文书上作保，后受周瑜计策影响。
- 字子敬，东吴谋士，宽仁长者，奉命讨还荆州，被诸葛亮计策所骗，两次往返荆州，后转达周瑜假途灭虢之计。
- 字子敬。被周瑜遗书推荐接任东吴都督，接待孔明吊丧，感伤孔明悲切。后向孙权推荐庞统，又荐庞统投刘备并作荐书。
- 字子敬。东吴大臣，受命修书向刘备求救。
- 字子敬，东吴谋士，曾保借荆州，设宴于陆口临江亭邀关羽，被关羽扯至江边，魂不附体。
- 孙权部将，奉命收取长沙、江夏、桂阳三郡，屯兵陆口。
- 字子敬，东吴都督，继周瑜后荐吕蒙。
- 即鲁肃，东吴大臣，曾劝孙权借荆州与刘备。
- 东吴大臣，字子敬，继周瑜后任事。",三国演义
三国演义_人物_鲁芝_0,人物,"实体名：鲁芝
实体描述：
- 曹爽手下司马，见城中事变，与辛敞商议后斩关夺门出城见天子。",三国演义
三国演义_人物_鲁馗_0,人物,"实体名：鲁馗
实体描述：
- 太仆，死于国难。",三国演义
三国演义_人物_鲍信_0,人物,"实体名：鲍信
实体描述：
- 后军校尉，劝袁绍、王允除董卓，后引军投泰山。
- 济北相。怕孙坚夺头功，暗拨其弟鲍忠先去搦战，导致鲍忠被华雄斩。
- 济北相，与曹操一同破贼，杀入重地被贼所害。",三国演义
三国演义_人物_鲍忠_0,人物,"实体名：鲍忠
实体描述：
- 鲍信之弟，引马步军三千至汜水关下搦战，被华雄斩于马下。",三国演义
三国演义_人物_鲍素_0,人物,"实体名：鲍素
实体描述：
- 蜀将，奉姜维令屯兵于祁山谷口，后陈泰打破祁山寨，鲍素阵亡。",三国演义
三国演义_人物_鲍隆_0,人物,"实体名：鲍隆
实体描述：
- 桂阳管军校尉，猎户出身，曾射杀双虎。与陈应同谋诈降，被赵云识破后斩首。",三国演义
三国演义_人物_麴义_0,人物,"实体名：麴义
实体描述：
- 袁绍部将，在磐河之战中斩严纲、砍倒绣旗，后被赵云一枪刺于马下。",三国演义
三国演义_人物_黄劭_0,人物,"实体名：黄劭
实体描述：
- 黄巾余党，与何仪一起，自引军迎战曹操，被李典生擒，后斩讫。",三国演义
三国演义_人物_黄奎_0,人物,"实体名：黄奎
实体描述：
- 曹操门下侍郎。奉命劳军，与马腾密谋杀操，被妾李春香与妻弟苗泽告发，与马腾同遇害。
- 侍郎，与马腾同谋杀曹操，事泄被杀。",三国演义
三国演义_人物_黄崇_0,人物,"实体名：黄崇
实体描述：
- 蜀将，于绵竹战死。",三国演义
三国演义_人物_黄忠_0,人物,"实体名：黄忠
实体描述：
- 字汉升，南阳人，原为刘表帐下中郎将，后事韩玄。年近六旬有万夫不当之勇，能开二石力之弓，百发百中。与关羽大战百余合，因马失前蹄被关羽饶命，次日射关羽盔缨报恩，后韩玄欲杀之，被魏延救下，刘备亲往相请，遂降，求葬韩玄。
- 刘备的将领，与魏延两军杀出，大败吴兵。
- 蜀汉将领，被诸葛亮埋伏击败周瑜，后从公安杀来捉周瑜。
- 刘备麾下将领，为前部随刘备取西川。
- 刘备老将，与魏延争功，救魏延杀邓贤，击败泠苞。
- 老将，刘备部将。杀退吴兰、雷铜，救魏延，守涪关。
- 蜀汉老将。奉命攻打雒城东门，后与吴兰、雷铜交战败退，又回马转攻，最终助刘备取胜。
- 刘备麾下老将，字汉升。与李严交战，奉命诈败，后为征西将军。
- 又称汉升，蜀汉老将，年近七十，勇猛善战，用骄兵之计连败数阵后夜袭敌营，与严颜夺天荡山，后请战取定军山。
- 蜀汉老将，字汉升。斩夏侯渊于定军山，后主动请缨劫曹军粮草，被张郃、徐晃围困，得赵云救出。勇猛善战，宝刀如神。
- 五虎大将之一，老将，关羽曾不屑与其同列。
- 蜀汉前部先锋，老将，字汉升。因刘备说老将无用，不服老而独自迎敌，刘备派关兴、张苞相助。
- 蜀汉五虎大将之一，武威后将军，年七十五仍上阵斩将，后被马忠射中肩窝，伤重死于御营。
- 蜀汉老将，斩夏侯渊。",三国演义
三国演义_人物_黄承彦_0,人物,"实体名：黄承彦
实体描述：
- 诸葛亮的岳父，骑驴踏雪吟《梁父吟》，于小桥偶遇刘备。
- 诸葛亮岳父，在鱼腹浦将陆逊从八阵图中引出，自称平生好善。
- 诸葛瞻外祖父，其女嫁与诸葛亮。",三国演义
三国演义_人物_黄权_0,人物,"实体名：黄权
实体描述：
- 字公衡，西阆中巴人，刘璋府下主簿。谏阻刘璋迎刘备，叩首流血，被推出。又称黄公衡。
- 刘璋部下，苦谏刘璋勿助刘备，后建议添兵守关隘。
- 刘璋遣使，先见杨松，后见张鲁，以唇齿利害和二十州相酬说服张鲁出兵救刘璋。
- 刘璋部下，曾劝刘璋烧野谷拒刘备。刘璋降后闭门不出，刘备亲请出仕，任右将军。
- 蜀汉参谋，曾建议召见诸葛瑾。后为参谋。
- 蜀将，刘备令其领水路兵。
- 蜀汉将领，谏刘备水军不可深入，被命督江北之兵以防魏寇。
- 蜀汉将领，督江北之兵，因归路被陆逊断绝，不得已降魏。曹丕欲拜为镇南将军，黄权坚辞不受。刘备知其本心，未罪其家属。",三国演义
三国演义_人物_黄氏_0,人物,"实体名：黄氏
实体描述：
- 诸葛瞻之母，黄承彦之女，貌陋而有奇才，通晓天文地理、韬略遁甲，赞助武侯之学。",三国演义
三国演义_人物_黄琬_0,人物,"实体名：黄琬
实体描述：
- 太尉。谏阻董卓迁都，被罢为庶民。
- 司隶校尉，与王允、士孙瑞共同商议诛董卓。",三国演义
三国演义_人物_黄皓_0,人物,"实体名：黄皓
实体描述：
- 蜀汉中常侍，用事专权，公卿多阿附，受邓艾贿赂布散流言召回姜维。
- 蜀宦官，后主宠信。专权，隐匿姜维告急表文，进谗言召姜维回朝。
- 蜀汉宦官，蛊惑后主，邓艾欲斩之，用金宝贿赂左右得免。
- 蜀汉宦官，蠹国害民，被司马昭下令凌迟处死。",三国演义
三国演义_人物_黄盖_0,人物,"实体名：黄盖
实体描述：
- 字公覆，零陵人。孙坚部将，使铁鞭。与蔡瑁交战，挥鞭打中蔡瑁护心镜。
- 孙坚部将，参与跨江击刘表，生擒黄祖，后建议用黄祖换孙坚尸首。
- 天子仪仗，献帝立于宣平门时贼兵望见黄盖。
- 孙坚旧将，随孙策出征，与张英战，攻取嘉兴，接住周听交锋。
- 字公覆，零陵人，东吴粮官。出面制止舌战，引诸葛亮见孙权，称孔明为当世奇才。
- 东吴武将，誓死不降曹，被周瑜任为前部先锋。
- 字公覆，东吴老将。主动提出火攻之计，并甘愿行苦肉计，被周瑜打五十脊杖，后令阚泽献诈降书给曹操。
- 字公覆，东吴老将，准备火船二十只，诈降曹操，点火烧曹军水寨，被张辽射中落水。
- 字公覆，东吴老将。赤壁之战中负箭堕江，被韩当救起，后回大寨养伤。
- 东吴将领，随周瑜追击刘备，在周瑜金疮迸裂时力阻其再战。
- 东吴老将，与韩当急救周瑜下船。
- 孙权部将，在各处镇守，未随征。",三国演义
三国演义_人物_黄祖_0,人物,"实体名：黄祖
实体描述：
- 刘表部将，领江夏之兵，与孙坚交战，兵败后被程普等击败，后被黄盖生擒，用于交换孙坚尸体。
- 刘表麾下将领，坚守隘口。
- 江夏太守，刘表部将。与祢衡共饮，因祢衡讥讽他为“庙中之神，恨无灵验”，大怒斩之。
- 刘表部将，镇守夏口，曾与东吴交战，被甘宁等人击败。
- 江夏太守，兵败将亡，弃江夏望荆州而走，被甘宁射杀，首级被孙权用木匣盛贮祭献。",三国演义
三国演义_人物_龚景_0,人物,"实体名：龚景
实体描述：
- 青州太守，因黄巾围城求救，后被刘备等解围。",三国演义
三国演义_人物_龚起_0,人物,"实体名：龚起
实体描述：
- 蜀汉裨将，奉孔明命迎战王双，交马只三合被王双斩之。",三国演义
三国演义_人物_龚都_0,人物,"实体名：龚都
实体描述：
- 汝南黄巾军首领，与刘辟一同假败，暗示关羽勿忘故主。
- 汝南守将，与刘辟复夺汝南。
- 汝南守将，与刘辟一同接至关公，告知刘备已往河北。
- 汝南黄巾军首领，与刘辟共助刘备，运粮时被曹军围住，后被夏侯渊所杀。",三国演义
三国演义_地点_七星坛_0,地点,"实体名：七星坛
实体描述：
- 孔明在南屏山所筑之坛，高九尺三层，用于祭风。",三国演义
三国演义_地点_万安溪_0,地点,"实体名：万安溪
实体描述：
- 正西数里山谷中的一条溪，溪边有万安隐者草庵，人若感瘴气于溪内沐浴可解。",三国演义
三国演义_地点_三山_0,地点,"实体名：三山
实体描述：
- 王濬舟师经过之处。",三国演义
三国演义_地点_三峡_0,地点,"实体名：三峡
实体描述：
- 地名，蜀主窥吴向三峡。",三国演义
三国演义_地点_三江_0,地点,"实体名：三江
实体描述：
- 江东地区，孙策威镇三江。
- 泛指江东水乡，孙策称“三江之固”。
- 水域名，孔明先已令人搬送妻小至三江内隐避。
- 吴地三条江，吴有三江之固。",三国演义
三国演义_地点_三江_1,地点,"实体名：三江
实体描述：
- 银坑山周围的险要江河，构成天然屏障。
- 泸水、甘南水、西城水三路水会合之处，位于银坑洞外。",三国演义
三国演义_地点_三江口_0,地点,"实体名：三江口
实体描述：
- 韩当、黄盖下寨之处。
- 长江上的重要渡口，周瑜水寨所在，曹军与东吴水战之地。
- 周瑜纵火之处，江面火逐风飞。",三国演义
三国演义_地点_三江城_0,地点,"实体名：三江城
实体描述：
- 南蛮城池，三面傍江，一面通旱。孟获令朵思大王守把，后被孔明用积土法攻破。每月初一、十五有买卖交易。",三国演义
三国演义_地点_上党_0,地点,"实体名：上党
实体描述：
- 运粮道所通之郡。",三国演义
三国演义_地点_上庸_0,地点,"实体名：上庸
实体描述：
- 刘备命刘封、孟达、王平攻取的诸郡。
- 刘封、孟达驻守之城，廖化曾来此求救。
- 刘封、孟达驻守之地，救兵不至。
- 孟达、申耽等驻守之地，刘封兵败奔回上庸，城已降魏。
- 地名，孟达起兵处。
- 申耽任太守之地，与新城、金城相邻，孟达欲起此三处军马。
- 司马懿攻孟达之处。",三国演义
三国演义_地点_上方谷_0,地点,"实体名：上方谷
实体描述：
- 又称葫芦谷，形如葫芦，孔明在此制造木牛流马，并设伏捉司马懿之计。
- 又名葫芦谷。诸葛亮设伏火攻司马懿之处，谷内堆积干柴地雷，因大雨火灭，司马懿逃脱。
- 昔日诸葛亮困司马懿之地，姜维提及。",三国演义
三国演义_地点_上林苑_0,地点,"实体名：上林苑
实体描述：
- 魏国园林，魏主于此种植奇花异木，蓄养珍禽怪兽。",三国演义
三国演义_地点_上邽_0,地点,"实体名：上邽
实体描述：
- 上邽，又称上邽城，天水郡粮草重地，梁虔据守，后由梁绪招降归蜀。
- 魏地，姜维伏兵于此，司马懿奔入闭门不出。
- 地名，南安屯粮之所，姜维欲取之。",三国演义
三国演义_地点_下蔡_0,地点,"实体名：下蔡
实体描述：
- 周泰的籍贯县名。",三国演义
三国演义_地点_下辨_0,地点,"实体名：下辨
实体描述：
- 孔明差人往此处授计与马超。",三国演义
三国演义_地点_下邳_0,地点,"实体名：下邳
实体描述：
- 孙坚除下邳丞。
- 韩暹所取之地，吕布在此候韩暹。
- 又称下邳城。吕布最后的据点，被曹操决水围困，最终城破，白门楼在此处。
- 关羽守下邳，甘、糜二夫人安置于此。与徐州、小沛形成掎角之势。
- 关羽保护刘备妻小死守之地，曹操商议取之，欲说降关羽。
- 城池。关羽驻守之地，被曹操用内应攻破。关羽曾遥望下邳火起。
- 王粲所言曹操擒吕布之地。",三国演义
三国演义_地点_不韦_0,地点,"实体名：不韦
实体描述：
- 县名，永昌郡下辖，吕凯的籍贯（永昌不韦人）。",三国演义
三国演义_地点_东关_0,地点,"实体名：东关
实体描述：
- 东吴军事要地，孙权在武昌东关议事，魏军取阳城直向东关。",三国演义
三国演义_地点_东兴_0,地点,"实体名：东兴
实体描述：
- 吴国紧要郡地，筑有大堤及左右二城，魏吴交兵于此。",三国演义
三国演义_地点_东华门_0,地点,"实体名：东华门
实体描述：
- 许都城门，御林军屯于门外。",三国演义
三国演义_地点_东华门_1,地点,"实体名：东华门
实体描述：
- 洛阳宫中门，李丰等被搜出血诏处，张后被绞死之处。",三国演义
三国演义_地点_东华门_2,地点,"实体名：东华门
实体描述：
- 成都城门，姜维遇见郤正之处。",三国演义
三国演义_地点_东原_0,地点,"实体名：东原
实体描述：
- 魏军大营之后，筑起一城以防不虞。",三国演义
三国演义_地点_东吴_0,地点,"实体名：东吴
别名：吴地，江东，江左
实体描述：
- 孙坚的根据地，孙坚死后孙策在此招贤纳士。
- 孙策借兵往江东图大业，后平定，民称孙郎。
- 孙策势力范围。
- 孙策势力范围。
- 曹操欲移兵向江东，韩嵩提及。
- 孙策势力范围，地连六郡。
- 孙策、孙权建立的江东政权，拥有吴越之众。；孙策、孙权割据的区域，包括吴越之地。文本中多次提及。
- 刘备欲投奔孙仲谋之处，孙乾劝其投荆州。
- 孙权所建立的势力，占据江东，兵精粮足，广纳贤士，有周瑜、张昭等文武。；孙权占据之地，已历三世，国险而民附。
- 孙权所统率的政权，广造战船，分兵守把江岸。；孙权势力范围，孙权班师回江东祭献黄祖首级。
- 孙权统治的江东势力，兵精粮足，敬贤礼士，鲁肃为谋士。；区域，指东吴所在。曹操遣使檄江东，请孙权会猎。
- 孙权所据之地，即东吴政权，拥有江南六郡，兵精粮足且有长江之险。诸葛亮舌战群儒，促成孙刘联盟。
- 孙权建立的政权，历三世，据有江东，与曹操对峙。；东吴所据之地域，包括六郡，孙权在此立国。
- 孙权建立的政权，与刘备结盟共抗曹操，周瑜为其大都督。；长江以东地区，东吴所在地，刘备飞棹赴江东。；江东地区别称，蒋干称往江左说降周瑜。
- 孙权建立的政权，又称江东六郡，与曹操对立。文中称“江东”“吴”等。；东吴势力范围，即长江以东地区，文中又称江左。与江北曹军相对，文中提到“江东无患”“江东六郡之卒”“羞见江左诸人”“江左豪杰”等。
- 孙权领导的江东势力，与曹操敌对，周瑜、鲁肃等属于此组织。
- 孙权领导的政权，与曹魏、刘备争雄。周瑜、程普等将领属东吴，赤壁之战后欲取南郡。；东吴所在地区，周瑜曾言“大丈夫既食君禄，当死于战场”。
- 孙权领导的势力，与曹操、刘备相争。有周瑜、鲁肃、程普、太史慈等将领。
- 孙权统治的势力，占据六郡八十一州，与刘备、曹操抗衡，周瑜、鲁肃等皆为其臣属。
- 孙权所统治的势力，与刘备结亲，派鲁肃讨还荆州，周瑜等将领所属。
- 孙权建立的政权，又称吴。周瑜为大都督，鲁肃继任都督。孔明往江东吊丧，孙权称吴侯。；东吴所在地。孔明往江东吊丧寻贤士，庞统欲投江东被孙权不用。
- 孙权所据之地，与江南相近。
- 据六郡八十一州，民强国富，孙权所统势力。
- 孙权统领的政权，拥有八十一州，文有张昭、顾雍等，武有韩当、周泰、吕蒙等，与曹操、刘备鼎立。
- 孙权建立的政权，与刘备结盟，张昭献计欲联合刘璋、张鲁对付刘备。
- 孙权建立的割据政权，与刘备联盟又索还荆州，张昭、顾雍为其谋士。
- 孙权建立的政权及所辖江东地区，又称江东，多次索还荆州，与刘备、曹操对峙，关羽单刀赴会过江之处。
- 孙权所建立的政权，与曹操对峙。；孙权管辖地区。
- 孙权所建立的势力，与魏、蜀汉鼎立，袭取荆州。；东吴所在地区，有人驾小舟来为关公医病。
- 孙权建立的政权，据有江东。擒杀关羽后惧刘备复仇，将关羽首级送与曹操。
- 孙权建立的政权，又称吴国。陆逊大破蜀兵，后与魏不和。
- 孙权建立的政权，又称吴国。与西蜀连和，共拒魏国。
- 孙权的政权，与蜀汉讲和，但可能有异心。
- 三国之一，孙权建立，又称吴国。孙权为君主，陆逊为大都督。
- 吴国，司马懿料东吴未敢动兵，故可乘机伐蜀。
- 三国之一，孙权政权，与蜀汉结盟，本回中孙权答应起兵三路伐魏。
- 三国之一，孙权所建，与蜀汉结盟，诸葛亮死后孙权遣使祭奠并折箭为誓不背盟。
- 三国之一，孙峻提兵袭寿春，文钦投奔之处。
- 三国之一，孙亮为君，孙綝辅政，曾助诸葛诞讨司马昭。",三国演义
三国演义_地点_东城_0,地点,"实体名：东城
实体描述：
- 鲁肃还葬祖母之处。",三国演义
三国演义_地点_东山_0,地点,"实体名：东山
实体描述：
- 武昌东山，有凤凰来仪的祥瑞。",三国演义
三国演义_地点_东岭关_0,地点,"实体名：东岭关
实体描述：
- 关隘，孔秀把守，关公过此关斩孔秀。",三国演义
三国演义_地点_东市_0,地点,"实体名：东市
实体描述：
- 魏国处决犯人的场所，王经全家押赴东市受刑。",三国演义
三国演义_地点_东府_0,地点,"实体名：东府
实体描述：
- 孙权为刘备和孙夫人修建的府第，广栽花木，盛设器用，增女乐，刘备曾居于此。",三国演义
三国演义_地点_东海朐县_0,地点,"实体名：东海朐县
实体描述：
- 糜竺的家乡。",三国演义
三国演义_地点_东涧_0,地点,"实体名：东涧
实体描述：
- 杨奉、董承与李傕、郭汜大战的地方。",三国演义
三国演义_地点_东莱_0,地点,"实体名：东莱
实体描述：
- 刘繇、太史慈的籍贯郡名。",三国演义
三国演义_地点_东郡_0,地点,"实体名：东郡
实体描述：
- 陈宫的老家，其老母妻子所在。
- 陈宫弃曹操后自投之处。
- 郡名，曹操为东郡太守。
- 曹操曾被表行东郡，领兖州刺史。",三国演义
三国演义_地点_东门_0,地点,"实体名：东门
实体描述：
- 冀州城东门，许褚走马入东门；也指襄阳东门，蔡瑁派蔡和守把。",三国演义
三国演义_地点_东阿_0,地点,"实体名：东阿
实体描述：
- 县名，曹操留军守此。
- 兖州三处未被吕布攻破的城池之一。",三国演义
三国演义_地点_丞相府_0,地点,"实体名：丞相府
实体描述：
- 董卓在洛阳的府邸，李儒接告急文书后禀报董卓之处。",三国演义
三国演义_地点_两川峡口_0,地点,"实体名：两川峡口
实体描述：
- 地名，孙权可起兵攻此处。",三国演义
三国演义_地点_中军帐_0,地点,"实体名：中军帐
实体描述：
- 曹操帐房，典韦宿卫于外，曹操与邹氏共宿其中。张绣设计时，典韦醉卧于此。",三国演义
三国演义_地点_中军帐_1,地点,"实体名：中军帐
实体描述：
- 周瑜帐中议事之处，诸葛亮曾入内窥看。",三国演义
三国演义_地点_中原_0,地点,"实体名：中原
实体描述：
- 华佗前往之处，相对于江东。
- 指中原地区，曹操新招之兵所在区域。诸葛亮称北方之人不习水战，并以吴越之众与中国抗衡。
- 曹操势力范围，诸葛亮认为中原急未可图。
- 地区名，魏国所在。
- 地区，曹丕坐镇中原。
- 指魏国所辖中原地区，公孙渊惧中原。
- 姜维言钟会可席卷中原。",三国演义
三国演义_地点_中山_0,地点,"实体名：中山
实体描述：
- 国名，张世平、苏双为中山大商。
- 袁尚弃印绶辎重后望中山而逃。
- 袁尚败走之处。",三国演义
三国演义_地点_中斜谷道_0,地点,"实体名：中斜谷道
实体描述：
- 五百里石穴，非用武之地。",三国演义
三国演义_地点_中牟县_0,地点,"实体名：中牟县
实体描述：
- 曹操逃出洛阳后被守关军士擒获并见县令陈宫之地。",三国演义
三国演义_地点_中门_0,地点,"实体名：中门
实体描述：
- 黄盖与鲁肃引孔明入中门，正遇诸葛瑾。",三国演义
三国演义_地点_临江亭_0,地点,"实体名：临江亭
实体描述：
- 陆口寨外江边亭子，鲁肃设宴请关羽之处。",三国演义
三国演义_地点_临沮_0,地点,"实体名：临沮
实体描述：
- 麦城以北的山僻小路，潘璋伏兵于此，关羽夜走临沮被擒。",三国演义
三国演义_地点_临洮_0,地点,"实体名：临洮
实体描述：
- 县名，属陇西郡，马超逃往之处。
- 杨阜妻死于此地，杨阜借归葬请假。",三国演义
三国演义_地点_临淄_0,地点,"实体名：临淄
实体描述：
- 曹植封地，临淄侯所在，许褚擒曹植于此，麒麟出现。",三国演义
三国演义_地点_临淮东川_0,地点,"实体名：临淮东川
实体描述：
- 鲁肃的籍贯，临淮郡东川县。",三国演义
三国演义_地点_丹墀_0,地点,"实体名：丹墀
实体描述：
- 宫殿前的台阶，后主聚文武于丹墀。",三国演义
三国演义_地点_丹徒之西山_0,地点,"实体名：丹徒之西山
实体描述：
- 孙策会猎之处，在此遭遇许贡家客刺杀。",三国演义
三国演义_地点_丹阳_0,地点,"实体名：丹阳
实体描述：
- 吴景为太守，周尚为太守。
- 孙翊为丹阳太守，妫览、戴员在此谋杀孙翊，后孙权领军至丹阳。",三国演义
三国演义_地点_乌巢_0,地点,"实体名：乌巢
实体描述：
- 袁绍屯粮之所，派淳于琼等率二万人马守卫。曹操亲率五千人马夜袭乌巢，放火烧尽粮草辎重，成为官渡之战转折点。
- 袁绍屯粮之处，被曹操断粮，周瑜引以为例。",三国演义
三国演义_地点_乌戈国_0,地点,"实体名：乌戈国
实体描述：
- 南蛮东南的一个国家，国主兀突骨，拥有藤甲军，助孟获对抗蜀军。",三国演义
三国演义_地点_乌林_0,地点,"实体名：乌林
实体描述：
- 曹操屯粮之所，甘宁直取乌林地面。
- 赤壁附近地面，曹操败后奔乌林，遇赵云埋伏。",三国演义
三国演义_地点_乌程_0,地点,"实体名：乌程
实体描述：
- 严白虎遣部将守住，太史慈攻取。",三国演义
三国演义_地点_乐乡_0,地点,"实体名：乐乡
实体描述：
- 周旨夜袭之地。",三国演义
三国演义_地点_乐嘉城_0,地点,"实体名：乐嘉城
实体描述：
- 文鸯与邓艾交战之地。",三国演义
三国演义_地点_乐城_0,地点,"实体名：乐城
实体描述：
- 蜀城，王含守卫，后降魏，被李辅围困。",三国演义
三国演义_地点_九江_0,地点,"实体名：九江
实体描述：
- 郡名，边让为九江太守。
- 蒋钦、周泰的籍贯郡名。
- 蒋干籍贯，属扬州。",三国演义
三国演义_地点_九龙池_0,地点,"实体名：九龙池
实体描述：
- 魏主曹睿所建池沼之一。",三国演义
三国演义_地点_书院_0,地点,"实体名：书院
实体描述：
- 杨修邀张松分宾主而坐之处。",三国演义
三国演义_地点_云龙门_0,地点,"实体名：云龙门
实体描述：
- 曹髦率军前往的方向，贾充引禁兵杀来之处。",三国演义
三国演义_地点_五丈原_0,地点,"实体名：五丈原
实体描述：
- 诸葛亮最后屯兵之处，与司马懿对峙，在此禳星、病逝。",三国演义
三国演义_地点_五凤楼_0,地点,"实体名：五凤楼
实体描述：
- 许都宫城楼阁，耿纪等欲请天子登此。",三国演义
三国演义_地点_五凤楼_1,地点,"实体名：五凤楼
实体描述：
- 孙休诛杀孙綝兄弟后升此楼。",三国演义
三国演义_地点_五原山岸_0,地点,"实体名：五原山岸
实体描述：
- 光和元年秋七月，山岸尽皆崩裂。",三国演义
三国演义_地点_五湖_0,地点,"实体名：五湖
实体描述：
- 范蠡泛舟隐居之处。",三国演义
三国演义_地点_五溪_0,地点,"实体名：五溪
实体描述：
- 刘备发使往五溪借番兵五万。",三国演义
三国演义_地点_五溪洞_0,地点,"实体名：五溪洞
实体描述：
- 地名，通金环三结等寨之后。",三国演义
三国演义_地点_五界山_0,地点,"实体名：五界山
实体描述：
- 山名，两军会于中路五界山前列阵。",三国演义
三国演义_地点_交州_0,地点,"实体名：交州
实体描述：
- 孙綝被擒后乞求徙往交州归田里。",三国演义
三国演义_地点_京兆_0,地点,"实体名：京兆
实体描述：
- 司马防任京兆尹。
- 郡名，娄子伯为京兆人。
- 曹操班师后安心之处。
- 地名，曹真由京兆径出阳平关。",三国演义
三国演义_地点_京师_0,地点,"实体名：京师
实体描述：
- 朝廷所在，张角首级送往京师，朱儁班师回京。",三国演义
三国演义_地点_仓亭_0,地点,"实体名：仓亭
实体描述：
- 袁绍与曹操会战之地，曹操设十面埋伏大破袁绍。",三国演义
三国演义_地点_代州_0,地点,"实体名：代州
实体描述：
- 刘备、关羽、张飞投刘恢之处，刘恢留匿在家。",三国演义
三国演义_地点_代郡_0,地点,"实体名：代郡
实体描述：
- 郡名，代郡乌桓反，曹彰引兵讨之。",三国演义
三国演义_地点_伏完宅_0,地点,"实体名：伏完宅
实体描述：
- 伏完住宅，穆顺送密书至此。",三国演义
三国演义_地点_伏波将军庙_0,地点,"实体名：伏波将军庙
实体描述：
- 山冈上的古庙，石屋中塑汉伏波将军马援端坐，旁有石碑，土人立庙祀之。",三国演义
三国演义_地点_会稽_0,地点,"实体名：会稽
实体描述：
- 王朗为太守，孙策攻取，钱粮屯于查渎。",三国演义
三国演义_地点_余姚_0,地点,"实体名：余姚
实体描述：
- 虞翻、董袭的籍贯县名，属会稽。",三国演义
三国演义_地点_余杭_0,地点,"实体名：余杭
实体描述：
- 严白虎奔余杭，凌操杀败。",三国演义
三国演义_地点_侯河_0,地点,"实体名：侯河
实体描述：
- 洮阳咽喉小城，邓艾伏兵于此，夜袭蜀寨。",三国演义
三国演义_地点_信都_0,地点,"实体名：信都
实体描述：
- 县名，王基曾令信都令妻患头风。",三国演义
三国演义_地点_偃城_0,地点,"实体名：偃城
实体描述：
- 关平屯兵之地，被徐晃袭取。",三国演义
三国演义_地点_兖州_0,地点,"实体名：兖州
实体描述：
- 州名，曹操在此招贤纳士，威镇山东。
- 吕布袭破兖州，除鄄城、东阿、范县外俱破，曹操回军收复。
- 曹操根基，曾被吕布袭取，后曹操复得兖州。
- 吕布曾袭取的地方，后为曹操所得。
- 州郡。吕布攻兖州诸郡，曹操军行至济北。
- 刘岱原为兖州刺史，后降曹操。曹操取兖州，岱降。
- 曹操起兵之地，有青州军二十万。
- 魏州郡，钟会调遣此处人马。",三国演义
三国演义_地点_八番九十三甸_0,地点,"实体名：八番九十三甸
实体描述：
- 蛮方部落区域，孟获差心腹人去此处借兵。",三国演义
三国演义_地点_八纳洞_0,地点,"实体名：八纳洞
实体描述：
- 木鹿大王的洞府，位于西南。",三国演义
三国演义_地点_公安_0,地点,"实体名：公安
实体描述：
- 原为油江口，刘备改名为公安，作为治所，钱粮广盛。
- 周瑜军至公安附近，黄忠从此杀出。
- 赵云镇守之处。
- 南郡属县，刘璋被送往公安住歇。
- 傅士仁被罚守之地。
- 傅士仁所守之城，后投降东吴。",三国演义
三国演义_地点_六郡_0,地点,"实体名：六郡
实体描述：
- 江东所属六郡，地连六郡。",三国演义
三国演义_地点_关东_0,地点,"实体名：关东
实体描述：
- 吕布飘零的区域。",三国演义
三国演义_地点_关中_0,地点,"实体名：关中
实体描述：
- 荀彧谏言中提及的高祖所保之地。
- 张济引兵攻南阳，本自关中。
- 地区名，关中边远。
- 赵云建议刘备早图关中，屯兵渭河上流。",三国演义
三国演义_地点_关定庄_0,地点,"实体名：关定庄
实体描述：
- 关定居住的庄院，关公投宿于此，刘备亦至此处，关平拜关公为父。",三国演义
三国演义_地点_冀城_0,地点,"实体名：冀城
别名：冀县
实体描述：
- 县城，韦康屯兵之处以防马超。
- 陇西州郡之城，韦康所守。马超攻打不下，后韦康投降，马超斩韦康全家。又称翼城。
- 马超失守之地，李恢提及冀城之失。
- 冀城，又称冀县，姜维之母所居之地，姜维引兵来救，后被魏延袭取，诸葛亮封尹赏为冀城令。
- 姜维老家，孔明遣心腹人搬取姜维老母送入汉中。",三国演义
三国演义_地点_冀州_0,地点,"实体名：冀州
实体描述：
- 皇甫嵩加为车骑将军，领冀州牧。
- 袁绍逃奔之处。
- 钱粮广盛之地，韩馥所治，后被袁绍夺取。
- 袁绍的根据地。
- 袁绍虎踞之地。
- 袁绍的根据地，虎踞诸郡之一。陈琳避难冀州，袁绍用为记室。
- 袁绍占据的州，刘备投奔后同居冀州。
- 州名，袁绍所在，孙乾入冀州见刘备，简雍亦在此间。
- 袁绍的根据地，审配在信中提及许攸在冀州时滥受财物，曹操获胜后下令攻冀州。
- 袁绍的根据地，袁绍回冀州养病，田丰被囚于冀州狱中。
- 袁绍、袁尚的治所，曹操最终攻破的城市。亦指冀州这一行政区域。
- 州名，曹操自冀州回许都。",三国演义
三国演义_地点_冀州城_0,地点,"实体名：冀州城
实体描述：
- 曹操攻下的城池，袁绍根据地。曹操入城后领冀州牧。",三国演义
三国演义_地点_冀州狱中_0,地点,"实体名：冀州狱中
实体描述：
- 田丰被囚之处，袁绍命使者前往杀田丰。",三国演义
三国演义_地点_内宅_0,地点,"实体名：内宅
实体描述：
- 孙权退入内宅，寝食不安，犹豫不决。",三国演义
三国演义_地点_内苑_0,地点,"实体名：内苑
实体描述：
- 孙綝引兵围困此处，吴主孙亮在内。",三国演义
三国演义_地点_冯翊_0,地点,"实体名：冯翊
实体描述：
- 郡名，与河东相邻。",三国演义
三国演义_地点_决石_0,地点,"实体名：决石
实体描述：
- 两山之间，芦苇败草，树木丛杂，关羽在此落马被擒。",三国演义
三国演义_地点_凉_0,地点,"实体名：凉
实体描述：
- 州名，邓艾与陈泰屯兵之处。",三国演义
三国演义_地点_凉州_0,地点,"实体名：凉州
别名：西凉，西凉州
实体描述：
- 州名，西凉兵来自此处。；地区，马腾为西凉太守。；州名，李傕等扬言王允欲洗荡此方之人。
- 皇甫郦返回的地方，李傕军大半是西凉人。
- 马腾势力范围。
- 马腾屯军之地，未可轻取。
- 韩遂、马腾的根据地，谣言中谋反。
- 马腾割据之地，地处西北。马腾在此招募民兵破羌，与韩遂为弟兄。
- 马超驻兵之地，又称西凉。马超在此起兵。
- 州名，杨阜为凉州参军。
- 地区名，曹操倚夏侯渊为西凉藩蔽。
- 魏国州郡，司马懿提督雍、凉等处兵马，魏延领凉州刺史。；地区名，司马懿上表乞守西凉等处。
- 姜维出生地，诗赞“凉州产异才”。",三国演义
三国演义_地点_凤仪亭_0,地点,"实体名：凤仪亭
实体描述：
- 董卓后园中的亭子，吕布与貂蝉在此相会被董卓撞见。
- 董卓后园中的亭子，吕布与貂蝉相会之处。",三国演义
三国演义_地点_凤凰楼_0,地点,"实体名：凤凰楼
实体描述：
- 魏主曹睿所立楼阁之一。",三国演义
三国演义_地点_凤鸣山_0,地点,"实体名：凤鸣山
实体描述：
- 韩德与蜀兵相遇之处，赵云在此力斩韩德四子及韩德本人。",三国演义
三国演义_地点_列柳城_0,地点,"实体名：列柳城
实体描述：
- 街亭东北的山僻小城，高翔屯兵于此，后郭淮攻取，司马懿令申耽、申仪守之。
- 王平投魏文长求救途中经过的城池。",三国演义
三国演义_地点_刘郎浦_0,地点,"实体名：刘郎浦
实体描述：
- 刘备一行沿江寻渡之处，诸葛亮在此等候接应，地名因刘备得名。",三国演义
三国演义_地点_剑阁_0,地点,"实体名：剑阁
实体描述：
- 益州雄关，地连剑阁之雄。
- 蜀军归路，孔明令张冀引军修理剑阁。
- 魏兵径奔剑阁，来取汉中。
- 险要关口，蜀军过剑阁，后郭淮欲袭此处截归路，木门道附近。
- 险峻要地，孔明分屯军马，高翔驾木牛流马自剑阁运粮至祁山。
- 姜维退入之处。
- 蜀险要关口，姜维退守此处。
- 蜀汉险关，姜维、董厥等据守此处，钟会攻之不克。
- 提及钟会显鹰扬之处。
- 险要之地，被提及与江淮对比。",三国演义
三国演义_地点_功臣阁_0,地点,"实体名：功臣阁
实体描述：
- 太庙内的楼阁。献帝引董承观画像，指汉高祖、张良、萧何像。",三国演义
三国演义_地点_北原_0,地点,"实体名：北原
实体描述：
- 渭水北岸高地，郭淮据此下寨，孔明虚攻北原。",三国演义
三国演义_地点_北原寨_0,地点,"实体名：北原寨
实体描述：
- 郭淮、孙礼在北原所立营寨。",三国演义
三国演义_地点_北园_0,地点,"实体名：北园
实体描述：
- 魏主与郭夫人赏花饮酒之处，即御花园，后毛后提及此事触怒魏主。",三国演义
三国演义_地点_北固山_0,地点,"实体名：北固山
实体描述：
- 山，在南徐，太史慈葬于此。",三国演义
三国演义_地点_北宫_0,地点,"实体名：北宫
实体描述：
- 太后及少帝等被劫持后从后道走往之处。",三国演义
三国演义_地点_北寨_0,地点,"实体名：北寨
实体描述：
- 张燕守备之寨。",三国演义
三国演义_地点_北山_0,地点,"实体名：北山
实体描述：
- 汉水北山脚下，曹操粮草屯积处，黄忠劫粮在此被围。",三国演义
三国演义_地点_北岸_0,地点,"实体名：北岸
实体描述：
- 浔阳江之北岸，吴兵在此停泊。",三国演义
三国演义_地点_北掖门_0,地点,"实体名：北掖门
实体描述：
- 宫殿北门，董卓入朝时在此被伏兵袭击。",三国演义
三国演义_地点_北方_0,地点,"实体名：北方
实体描述：
- 曹操军队来自北方，不习水战。",三国演义
三国演义_地点_北海_0,地点,"实体名：北海
实体描述：
- 孔融曾居北海，诗赞孔融居北海。",三国演义
三国演义_地点_北海郡_0,地点,"实体名：北海郡
实体描述：
- 孔融任北海太守，糜竺往求救，后被管亥围困，刘备救援。",三国演义
三国演义_地点_北溪_0,地点,"实体名：北溪
实体描述：
- 老妇失牛之处，七人宰牛烹食。",三国演义
三国演义_地点_北邙山_0,地点,"实体名：北邙山
实体描述：
- 少帝与陈留王逃亡避难之处，有崔毅庄。",三国演义
三国演义_地点_北门_0,地点,"实体名：北门
实体描述：
- 小沛北门，刘备当夜三更从此出逃。",三国演义
三国演义_地点_北门_1,地点,"实体名：北门
实体描述：
- 襄阳北门，蔡瑁派蔡勋守把；也指冀州北门，袁谭首级挂于此。",三国演义
三国演义_地点_北门_2,地点,"实体名：北门
实体描述：
- 成都北门，后主率太子诸王出降。",三国演义
三国演义_地点_北门外十里_0,地点,"实体名：北门外十里
实体描述：
- 成都北门外十里处，后主引百官送孔明出师之地。",三国演义
三国演义_地点_十里长亭_0,地点,"实体名：十里长亭
别名：长亭
实体描述：
- 十里长亭。董承在此送别刘备出征。
- 刘备设宴为张松送行之处。",三国演义
三国演义_地点_华容道_0,地点,"实体名：华容道
别名：华容
实体描述：
- 关羽埋伏的小路，曹操败走必经之地。
- 通往南郡的小路，地窄路险坑坎难行。关羽在此埋伏，放走曹操。
- 曹操逢关羽之地。",三国演义
三国演义_地点_华、费间_0,地点,"实体名：华、费间
实体描述：
- 华县与费县之间，曹嵩一行在此遇雨投古寺。",三国演义
三国演义_地点_华阴县_0,地点,"实体名：华阴县
实体描述：
- 车驾到达的地方，杨奉保驾驻跸。",三国演义
三国演义_地点_南中七郡_0,地点,"实体名：南中七郡
实体描述：
- 蜀汉南方七郡，地险峻，有人议弃成都奔此。",三国演义
三国演义_地点_南安郡_0,地点,"实体名：南安郡
别名：南安
实体描述：
- 郡城，夏侯楙败走至此，被关兴、张苞、赵云围攻，后诸葛亮用计攻取。
- 南安郡，诸葛亮曾取夏侯楙于此，后放之离去。
- 魏国三郡之一，同天水、安定，被曹真、郭淮复夺。
- 陇上郡县，钱粮最广，为姜维欲取之地。
- 郡名，姜维欲袭南安，邓艾先占武城山以救南安。",三国演义
三国演义_地点_南屏山_0,地点,"实体名：南屏山
实体描述：
- 位于南岸，孔明在此筑七星坛借东风。",三国演义
三国演义_地点_南山_0,地点,"实体名：南山
实体描述：
- 丁斐所在之处，见马超追操，驱牛马诱敌。",三国演义
三国演义_地点_南山_1,地点,"实体名：南山
实体描述：
- 赵颜求寿之处，有大松树和盘石。",三国演义
三国演义_地点_南山冈_0,地点,"实体名：南山冈
实体描述：
- 关公见人烟聚集、有白旗之处。",三国演义
三国演义_地点_南岸边_0,地点,"实体名：南岸边
实体描述：
- 诸葛亮约定赵云驾小舟等候之处。",三国演义
三国演义_地点_南徐_0,地点,"实体名：南徐
别名：南徐州
实体描述：
- 又称润州，孙权收兵回南徐润州，厚葬太史慈于北固山下。
- 又称南徐，东吴治所，孙权、吴国太居住之地，刘备到此成亲，后与孙夫人逃离此地。
- 孙权所在地，蒋钦等归报之处。
- 地名，即南徐州，徐盛总镇都督建业、南徐军马，沿江直至石头城。
- 吴国孙异守御的隘口。",三国演义
三国演义_地点_南漳_0,地点,"实体名：南漳
实体描述：
- 地名，刘备跃马过檀溪后策马往南漳而行，遇牧童。",三国演义
三国演义_地点_南皮_0,地点,"实体名：南皮
实体描述：
- 袁谭退保之地，曹操追至南皮，攻破后杀袁谭。",三国演义
三国演义_地点_南谷_0,地点,"实体名：南谷
实体描述：
- 魏延烧断栈道后屯兵之处，把住隘口。",三国演义
三国演义_地点_南郊_0,地点,"实体名：南郊
实体描述：
- 张钧建议斩十常侍悬首南郊。",三国演义
三国演义_地点_南郑_0,地点,"实体名：南郑
实体描述：
- 张鲁治所，杨任引军离此下寨，曹操进兵至此。
- 曹洪引军退回之处。
- 曹洪驻地，张郃步行入南郑见曹洪，为汉中郡治。
- 县城，曹操屯大军于此，后被魏延、张飞夺得。
- 曹操称之为天狱，指汉中之地。
- 汉中郡治所，姜维在此城上见魏延、马岱而来，后杨仪等扶柩至此。",三国演义
三国演义_地点_南郑关_0,地点,"实体名：南郑关
实体描述：
- 蜀关，许仪攻打，卢逊守关。",三国演义
三国演义_地点_南郡_0,地点,"实体名：南郡
实体描述：
- 曹操不敢往之地，因势迫。
- 荆州重镇，曹仁据守。周瑜攻南郡中箭，后被诸葛亮用计袭取，刘备得以高坐城中。
- 城池，被诸葛亮袭取，周瑜欲夺回。赵云曾到城下，后归刘备。
- 周瑜被表奏为南郡太守。
- 刘备遣人请孔明之处。
- 郡名，刘璋妻子良贱赴南郡公安住歇。
- 糜芳被罚守之地。
- 糜芳所守之地，后投降东吴。
- 曹真督军出击之地，魏兵三路之一。
- 地名，曹真、夏侯尚围困之处，陆逊伏兵于内，诸葛瑾伏兵于外。
- 吴国郡城，王昶引兵攻之。",三国演义
三国演义_地点_南门_0,地点,"实体名：南门
实体描述：
- 襄阳南门，蔡瑁派蔡中守把。",三国演义
三国演义_地点_南门_1,地点,"实体名：南门
实体描述：
- 襄平城南门，公孙渊父子夜开南门突围。",三国演义
三国演义_地点_南阙_0,地点,"实体名：南阙
实体描述：
- 魏国皇宫南面的阙门，曹髦驱车至此，被成济弑杀。",三国演义
三国演义_地点_南阳_0,地点,"实体名：南阳
实体描述：
- 袁术驻扎之处。
- 刘备起兵讨袁术的进军方向。
- 张济所攻之地。
- 张绣据守之城，曹操攻打之地。
- 许攸的籍贯，许攸自称“南阳许攸”。
- 郡名，诸葛亮躬耕之地。
- 诸葛亮自称南阳野人，卧龙冈位于南阳。
- 黄忠、魏延的籍贯。
- 李严的籍贯地。
- 诸葛亮躬耕之地，在《出师表》中提及。
- 郡名，曹睿起南阳诸路军马交司马懿统领。
- 诸葛亮早年耕读之地，司马懿称其为南阳一耕夫。
- 诸葛亮隐居之地，诗中有“鱼到南阳方得水”。",三国演义
三国演义_地点_南顿_0,地点,"实体名：南顿
实体描述：
- 依山傍水，宜于屯兵，王基先占据。",三国演义
三国演义_地点_博望坡_0,地点,"实体名：博望坡
实体描述：
- 博望城外的坡地，两军交战之处，孔明令关平等预备引火之物于此放火。",三国演义
三国演义_地点_博望城_0,地点,"实体名：博望城
别名：博望
实体描述：
- 夏侯惇引兵直抵之处，诸葛亮初用兵于此，火烧博望坡。
- 诸葛亮博望烧屯，使夏侯惇心惊胆裂。",三国演义
三国演义_地点_博陵渡口_0,地点,"实体名：博陵渡口
实体描述：
- 白河上的渡口，水势最慢，张飞在此埋伏。",三国演义
三国演义_地点_卤城_0,地点,"实体名：卤城
实体描述：
- 城池，孔明留张翼、马忠守此，后打晒小麦，司马懿引兵攻打。",三国演义
三国演义_地点_卧牛山_0,地点,"实体名：卧牛山
实体描述：
- 距郭常庄院二十里，裴元绍、周仓先后在此啸聚山林，后被赵云占住，最终烧毁山寨。",三国演义
三国演义_地点_即丘_0,地点,"实体名：即丘
实体描述：
- 琅琊郡属县，管辂父曾为即丘长。",三国演义
三国演义_地点_历城_0,地点,"实体名：历城
实体描述：
- 姜叙所据之城。马超攻破历城，尽洗城中百姓，杀姜叙母。",三国演义
三国演义_地点_历阳_0,地点,"实体名：历阳
实体描述：
- 孙策行至历阳，遇周瑜。",三国演义
三国演义_地点_受禅台_0,地点,"实体名：受禅台
实体描述：
- 王允命人所筑，准备让董卓行禅让之礼。",三国演义
三国演义_地点_受禅坛_0,地点,"实体名：受禅坛
实体描述：
- 华歆令汉帝筑坛于繁阳，曹丕登坛受禅，坛下集百官军兵。",三国演义
三国演义_地点_受禅坛_1,地点,"实体名：受禅坛
实体描述：
- 司马炎仿曹丕故事修筑，接受曹奂禅位之坛。",三国演义
三国演义_地点_古城_0,地点,"实体名：古城
实体描述：
- 一座山城，张飞逐县官占住此城，招军买马，关公送二嫂至此，后成为刘备等人暂居之处。",三国演义
三国演义_地点_司天台_0,地点,"实体名：司天台
实体描述：
- 谯周职掌的观星台，位于成都。",三国演义
三国演义_地点_司马水镜庄_0,地点,"实体名：司马水镜庄
实体描述：
- 司马徽的庄院，刘备曾到此拜访水镜先生，草堂内满架书卷，窗外松竹。",三国演义
三国演义_地点_司马门_0,地点,"实体名：司马门
实体描述：
- 洛阳宫中门，魏主将铸成的铜人（翁仲）列于此处。",三国演义
三国演义_地点_合淝_0,地点,"实体名：合淝
实体描述：
- 刘馥起兵治所，曹操接应之兵路线。
- 曹操令张辽、乐进、李典守备的要地，孙权曾在此观望。
- 城池，孙权攻合淝不下，与曹军交锋。张辽守合淝，太史慈在此中箭。
- 张辽驻守之地，为曹操供给粮草。
- 孙权移兵以拒曹操之处。
- 曹操辖下重要城池，张辽镇守，孙权来攻。
- 曹操救兵的目标，后曹仁、张辽屯守。
- 地名，张辽等据守之处。
- 魏国城池，曹睿亲征东吴时驻军于此。",三国演义
三国演义_地点_吊桥_0,地点,"实体名：吊桥
实体描述：
- 巴郡城前，张飞几番杀到吊桥。",三国演义
三国演义_地点_后园_0,地点,"实体名：后园
实体描述：
- 刘备住处后面的菜园。刘备在此种菜韬晦，曹操邀其至后园小亭煮酒。",三国演义
三国演义_地点_后园_1,地点,"实体名：后园
实体描述：
- 灵帝与十常侍饮宴之处。",三国演义
三国演义_地点_后园_2,地点,"实体名：后园
实体描述：
- 后主与黄皓宴饮之处。",三国演义
三国演义_地点_后堂_0,地点,"实体名：后堂
实体描述：
- 孙权被诸葛亮激怒后拂衣而起退入后堂，后邀孔明入后堂置酒相待。",三国演义
三国演义_地点_后堂_1,地点,"实体名：后堂
实体描述：
- 吕布宴请刘玄德的内堂，吕布在此让妻女出拜。",三国演义
三国演义_地点_后宫_0,地点,"实体名：后宫
实体描述：
- 郭太后所居之处，司马懿入宫奏事。",三国演义
三国演义_地点_后宰门_0,地点,"实体名：后宰门
实体描述：
- 皇宫后门，李傕拥出帝后车驾的地方。",三国演义
三国演义_地点_后苑_0,地点,"实体名：后苑
实体描述：
- 魏王宫后花园，栽植奇花异果。",三国演义
三国演义_地点_吴会_0,地点,"实体名：吴会
实体描述：
- 吴郡与会稽一带，孙策受伤后被救回吴会养病。
- 孙权开宾馆于吴会，延接四方宾客。
- 即吴郡和会稽，孙权命孙静守吴会。",三国演义
三国演义_地点_吴郡_0,地点,"实体名：吴郡
实体描述：
- 吴郡，即吴城，严白虎据守，孙策围攻三日，后取之。
- 许贡任太守之郡，孙策势力范围。
- 地名，张温为吴郡吴人。",三国演义
三国演义_地点_和州_0,地点,"实体名：和州
实体描述：
- 吴军渡江后经和州到皖城。",三国演义
三国演义_地点_咸阳_0,地点,"实体名：咸阳
实体描述：
- 咸阳以西，魏延认为可一举平定。",三国演义
三国演义_地点_哑泉_0,地点,"实体名：哑泉
实体描述：
- 秃龙洞西北路上的毒泉之一，其水颇甜，人饮之则不能言，不过旬日必死。",三国演义
三国演义_地点_商州_0,地点,"实体名：商州
实体描述：
- 曹操引军径奔之处，攻薛兰、李封。注意原文如此。",三国演义
三国演义_地点_嘉兴_0,地点,"实体名：嘉兴
实体描述：
- 严白虎遣部将守住，黄盖攻取。",三国演义
三国演义_地点_嘉德殿_0,地点,"实体名：嘉德殿
实体描述：
- 长乐宫中的殿堂，何进被张让等斩杀之处。",三国演义
三国演义_地点_四冢_0,地点,"实体名：四冢
实体描述：
- 廖化屯兵之处，有关平、廖化所守的营寨。",三国演义
三国演义_地点_四郡_0,地点,"实体名：四郡
实体描述：
- 南方四个郡，南蛮孟获起兵攻四郡，后被魏延杀退；后雍闿孟获又侵掠四郡。",三国演义
三国演义_地点_土城_0,地点,"实体名：土城
实体描述：
- 魏寨的土城，箭如飞蝗。",三国演义
三国演义_地点_土城_1,地点,"实体名：土城
实体描述：
- 南蛮沿泸水一带筑起的防御工事，深沟高垒，上设敌楼、弓弩炮石。",三国演义
三国演义_地点_土山_0,地点,"实体名：土山
实体描述：
- 山丘。关羽被围困之处，屯兵于山上，张辽上山劝降。曹操亦曾在土山上观看颜良阵势。",三国演义
三国演义_地点_垓下_0,地点,"实体名：垓下
实体描述：
- 汉高祖一战成功之处。",三国演义
三国演义_地点_垫江_0,地点,"实体名：垫江
实体描述：
- 刘备前军到达之地。",三国演义
三国演义_地点_城南_0,地点,"实体名：城南
实体描述：
- 襄平城南，有乡民造饭出现怪异。",三国演义
三国演义_地点_城南邮亭_0,地点,"实体名：城南邮亭
实体描述：
- 驿站，后主设宴于此送别张温。",三国演义
三国演义_地点_城固_0,地点,"实体名：城固
实体描述：
- 孔明自提一军屯于城固。",三国演义
三国演义_地点_堂上_0,地点,"实体名：堂上
实体描述：
- 孙权聚文武议事之处，后引孔明至堂上。",三国演义
三国演义_地点_塔郎甸_0,地点,"实体名：塔郎甸
实体描述：
- 盘蛇谷前的平甸。",三国演义
三国演义_地点_墵山谷_0,地点,"实体名：墵山谷
实体描述：
- 邓艾与王瓘约定接应的山谷，邓艾引兵至此中伏。",三国演义
三国演义_地点_壶关口_0,地点,"实体名：壶关口
实体描述：
- 高干守住此关，曹操用诈降计攻破。",三国演义
三国演义_地点_夏口_0,地点,"实体名：夏口
实体描述：
- 黄祖驻守之地，东吴军攻打夏口，凌操被杀，甘宁投吴后破黄祖。
- 黄祖败走后弃守，孙权命甘宁领兵镇守。
- 城池，孔明建议刘备屯住夏口，后关羽守夏口。
- 刘备退守之地，孔明称曹操收袁绍之众于夏口。
- 周瑜请兵进屯之地，欲破曹操。
- 刘备军驻地，周瑜军船迤逦望夏口而进，刘备引兵往夏口。
- 刘备驻军之地，诸葛亮暂回夏口。
- 刘备军先前驻地，诸路军马得胜后回夏口。
- 周瑜前军至此，糜竺来见。
- 胡奋出兵之处，吴孙歆拒之。",三国演义
三国演义_地点_夔关_0,地点,"实体名：夔关
实体描述：
- 刘备大军驻扎之关隘。
- 陆逊追袭刘备时离此不远，见杀气而退。",三国演义
三国演义_地点_大兴山下_0,地点,"实体名：大兴山下
实体描述：
- 地名，刘备等与程远志交战处。",三国演义
三国演义_地点_大梁_0,地点,"实体名：大梁
实体描述：
- 杨奉、韩暹引本部军屯兵之地。",三国演义
三国演义_地点_大江_0,地点,"实体名：大江
实体描述：
- 长江，有黄龙屡现。",三国演义
三国演义_地点_大石山_0,地点,"实体名：大石山
实体描述：
- 魏主出猎之处，孙礼曾在此斩虎。",三国演义
三国演义_地点_大空寨_0,地点,"实体名：大空寨
实体描述：
- 诸葛亮曾拨一千兵守此险隘，后蜀主废之，邓艾见之嗟呀。",三国演义
三国演义_地点_大阳_0,地点,"实体名：大阳
实体描述：
- 献帝渡河后到达的地方。",三国演义
三国演义_地点_天水兰干县_0,地点,"实体名：天水兰干县
实体描述：
- 马腾父亲马肃曾任县尉之地，属天水郡。",三国演义
三国演义_地点_天水郡_0,地点,"实体名：天水郡
别名：天水
实体描述：
- 郡城，太守马遵，姜维在此识破诸葛亮之计。
- 天水郡，又称天水城，魏国西北重镇，马遵、夏侯楙曾据守，后为诸葛亮所破。
- 魏国三郡之一，孔明差人报与官吏军民入汉中，后曹真、郭淮复夺。
- 郡名，司马懿巡略之地。
- 魏郡，太守王颀攻沓中。
- 姜维故乡，诗赞“天水夸英俊”。",三国演义
三国演义_地点_天荡山_0,地点,"实体名：天荡山
实体描述：
- 曹操屯粮积草之地，黄忠、严颜设计夺取，斩夏侯德，后为黄忠守住。
- 山名，已被刘备军夺占，折了夏侯德、韩浩。",三国演义
三国演义_地点_太庙_0,地点,"实体名：太庙
实体描述：
- 洛阳皇家宗庙，被董卓焚烧，孙坚于基上草创殿屋设列圣神位。
- 皇室宗庙。献帝与董承登功臣阁经过太庙。",三国演义
三国演义_地点_太庙_1,地点,"实体名：太庙
实体描述：
- 洛阳皇家宗庙，被董卓焚烧，孙坚于基上草创殿屋设列圣神位。
- 蜀汉皇室宗庙，董允建议若诸葛亮怠慢可于太庙召问。",三国演义
三国演义_地点_太庙_2,地点,"实体名：太庙
实体描述：
- 蜀汉皇室宗庙，董允建议若诸葛亮怠慢可于太庙召问。",三国演义
三国演义_地点_太极殿_0,地点,"实体名：太极殿
实体描述：
- 魏主曹睿在洛阳所造宫殿之一。
- 魏宫正殿，太后召曹芳责之之处。",三国演义
三国演义_地点_太白岭_0,地点,"实体名：太白岭
实体描述：
- 从太白岭鸟道出祁山，为陈仓城外另一路径。",三国演义
三国演义_地点_太行_0,地点,"实体名：太行
实体描述：
- 并州越太行。",三国演义
三国演义_地点_头营_0,地点,"实体名：头营
实体描述：
- 魏军前头营寨，由张虎、乐綝守把，后被关兴、张苞袭取。",三国演义
三国演义_地点_夹山峪_0,地点,"实体名：夹山峪
实体描述：
- 蛮洞运粮总路口，两山夹一路，止容一人一马而过。马岱占据此处断粮道，董荼那在此与马岱对阵。",三国演义
三国演义_地点_夹石_0,地点,"实体名：夹石
实体描述：
- 山僻小径，曹休败后走夹石道，被贾逵救出。",三国演义
三国演义_地点_姊归_0,地点,"实体名：姊归
实体描述：
- 张飞从此杀出捉周瑜。",三国演义
三国演义_地点_子午谷_0,地点,"实体名：子午谷
实体描述：
- 谷名，西凉之民从此奔入汉中。
- 魏延提议沿子午谷而投北，可至长安。
- 司马懿认为若取长安应先从此谷径取，但诸葛亮未用此计。
- 魏延提议由此出兵直取长安的谷道。
- 廖化取子午谷进兵。
- 山路，右军出此处。",三国演义
三国演义_地点_孔函谷_0,地点,"实体名：孔函谷
实体描述：
- 山谷，宁随建议从此取雍州以解围。",三国演义
三国演义_地点_孙峻坟墓_0,地点,"实体名：孙峻坟墓
实体描述：
- 孙綝之兄孙峻的坟墓，被孙休命军士掘开戮尸。",三国演义
三国演义_地点_孱陵_0,地点,"实体名：孱陵
实体描述：
- 魏延从小路杀出捉周瑜。",三国演义
三国演义_地点_宁陵井_0,地点,"实体名：宁陵井
实体描述：
- 魏国宁陵县的一口井，黄龙两见于其中。",三国演义
三国演义_地点_安丰_0,地点,"实体名：安丰
实体描述：
- 地名，吴兵退屯于此，与寿春为掎角之势。",三国演义
三国演义_地点_安乐泉_0,地点,"实体名：安乐泉
实体描述：
- 万安隐者草庵后的泉水，人若中毒饮之即愈。",三国演义
三国演义_地点_安众_0,地点,"实体名：安众
实体描述：
- 县名，刘表、张绣截曹操后路之处。",三国演义
三国演义_地点_安喜县_0,地点,"实体名：安喜县
实体描述：
- 刘备除授定州中山府安喜县尉，到任署县事，后因督邮弃官。",三国演义
三国演义_地点_安定郡_0,地点,"实体名：安定郡
别名：安定
实体描述：
- 郡名，曹操亲自追至安定。
- 郡城，太守崔谅，诸葛亮遣魏延赚取安定。
- 魏国三郡之一，同天水、南安。",三国演义
三国演义_地点_安平_0,地点,"实体名：安平
实体描述：
- 袁谭劫掠之处。",三国演义
三国演义_地点_安林_0,地点,"实体名：安林
实体描述：
- 博望之右的树林，张飞引军埋伏于此。",三国演义
三国演义_地点_安邑_0,地点,"实体名：安邑
别名：安邑县
实体描述：
- 献帝驻跸的地方，居于茅屋中。
- 魏国地名，曹睿御驾幸安邑，司马懿来迎。",三国演义
三国演义_地点_安长_0,地点,"实体名：安长
实体描述：
- 即长安，魏延计划十日可到之处，夏侯楙驻军于此。",三国演义
三国演义_地点_宕渠寨_0,地点,"实体名：宕渠寨
实体描述：
- 张郃所设三寨之一，傍山险，张飞追袭至此，张郃分兵守住。",三国演义
三国演义_地点_宕渠山_0,地点,"实体名：宕渠山
实体描述：
- 山名，张飞连夜追袭直赶到宕渠山，张郃分兵守住三寨。",三国演义
三国演义_地点_官渡_0,地点,"实体名：官渡
实体描述：
- 曹仁总督大军屯于官渡。
- 袁绍屯兵之地，常有图许都之心。
- 地名。袁绍与曹操对峙之处，袁绍下定寨栅，曹操使夏侯惇守住隘口。
- 曹操与袁绍决战的主要战场。曹操在此筑寨坚守，袁绍移军逼近下寨，筑土山、挖地道。曹操最终在此大破袁绍。
- 曹操与袁绍初战之地，后曹操屯扎官渡攻冀州。
- 曹洪引兵守卫的据点。
- 王粲所言曹操摧袁绍之地。",三国演义
三国演义_地点_定军山_0,地点,"实体名：定军山
实体描述：
- 汉中隘口，曹操留夏侯渊守此。
- 管辂卜辞中所言，将有伤折。
- 南郑保障，粮草积聚之所，夏侯渊屯兵于此，黄忠请战夺取。
- 山名，黄忠攻打此处，斩夏侯渊，后曹操来此报仇。
- 诸葛亮临终遗命葬于此地，后主送灵柩至定军山安葬。
- 山名，夏侯渊殁于此，有诸葛武侯墓。武侯显圣之处。",三国演义
三国演义_地点_定军山口_0,地点,"实体名：定军山口
实体描述：
- 黄忠与法正屯兵之处，累次挑战夏侯渊。",三国演义
三国演义_地点_定州_0,地点,"实体名：定州
实体描述：
- 刘备除授定州中山府安喜县尉，定州为州级行政区。",三国演义
三国演义_地点_定陶_0,地点,"实体名：定陶
实体描述：
- 吕布与张邈、张超据守之处，后曹操攻破，张超自刎，张邈投袁术。
- 曹操大破吕布的地方。",三国演义
三国演义_地点_宛叶_0,地点,"实体名：宛叶
实体描述：
- 荆州下宛叶而掎其后。",三国演义
三国演义_地点_宛城_0,地点,"实体名：宛城
实体描述：
- 黄巾余党赵弘等据守的城池，朱儁、刘备等攻打，孙坚首先登城。
- 张绣屯兵之处，曹操引兵屯扎于此。曹操纳邹氏后移于城外寨中，最终张绣反叛，典韦战死。
- 宋忠前往曹操军前投献降书之地。
- 曹操战张绣之地。
- 司马懿闲住之地，后在此调起诸路军马。",三国演义
三国演义_地点_宜都_0,地点,"实体名：宜都
实体描述：
- 乌林之北的地面，曹操问“此是何处”时左右回答“乌林之西，宜都之北”。
- 蜀兵至宜都下寨，孙桓屯兵宜都界口。",三国演义
三国演义_地点_宣城_0,地点,"实体名：宣城
实体描述：
- 孙权与周泰守宣城，遇山贼。",三国演义
三国演义_地点_宣平门_0,地点,"实体名：宣平门
实体描述：
- 城门，献帝在此止乱，王允从此跳楼。",三国演义
三国演义_地点_宫中_0,地点,"实体名：宫中
实体描述：
- 魏国皇宫，曹睿病中见毛皇后索命。",三国演义
三国演义_地点_宫阙_0,地点,"实体名：宫阙
实体描述：
- 曹操持部曲精兵围守宫阙，外托宿卫，内实拘执。",三国演义
三国演义_地点_宫院_0,地点,"实体名：宫院
实体描述：
- 皇宫区域，李傕引兵围住的地方。",三国演义
三国演义_地点_家鬼_0,地点,"实体名：家鬼
实体描述：
- 银坑山中建的祖庙名称。",三国演义
三国演义_地点_富池口_0,地点,"实体名：富池口
实体描述：
- 地名，甘宁中箭后坐于大树下而死之处。",三国演义
三国演义_地点_寨中_0,地点,"实体名：寨中
实体描述：
- 蜀军营地，诸葛亮与诸将商议进兵之处。",三国演义
三国演义_地点_对山_0,地点,"实体名：对山
实体描述：
- 定军山西侧高山，黄忠夺此山，可俯视定军山虚实，法正在此以旗号指挥。",三国演义
三国演义_地点_寿春_0,地点,"实体名：寿春
实体描述：
- 袁术近在寿春，刘备提议让徐州与袁术。
- 袁术大宴将士之处，原为扬州刺史屯兵地。
- 袁术所在。吕布送女至此欲成亲，后被张辽追回。
- 袁术据守之城，曹操围城攻破。
- 袁术驻地。许汜、王楷至寿春拜见袁术。
- 袁术欲回寿春，但被群盗所袭。
- 荀彧托病止于此地，并服毒自尽。
- 地名，魏兵从蔡、颖入淮取寿春。
- 魏国城池，朱桓欲唾手而得寿春以窥许洛。
- 淮南重镇，毋丘俭起兵之处，后被诸葛诞夺取。
- 城名，诸葛诞据守之地，被司马昭围攻。
- 丁奉自率兵三万向寿春而进。
- 提及钟会赞画之处。",三国演义
三国演义_地点_寿阳_0,地点,"实体名：寿阳
实体描述：
- 曹操与鲍信破贼之处，鲍信在此被贼所害。",三国演义
三国演义_地点_小亭_0,地点,"实体名：小亭
实体描述：
- 后园中的亭子。曹操与刘备煮酒论英雄之处，设樽俎，盘置青梅。",三国演义
三国演义_地点_小师桥_0,地点,"实体名：小师桥
实体描述：
- 逍遥津北之桥，李典奉命断桥，孙权纵马跳过。",三国演义
三国演义_地点_小庵_0,地点,"实体名：小庵
实体描述：
- 西山背后的庵堂，蒋干被送往此处歇息。",三国演义
三国演义_地点_小桥_0,地点,"实体名：小桥
实体描述：
- 卧龙冈附近小桥，黄承彦骑驴过小桥吟诗。",三国演义
三国演义_地点_小沛_0,地点,"实体名：小沛
实体描述：
- 徐州附近城邑，陶谦请刘备驻军小沛以保徐州。
- 刘备驻兵之处，后尽取小沛军马入徐州。
- 刘玄德昔日屯兵之处，后让给吕布驻扎。
- 吕布兵败后投刘备，被安置于此，距离徐州四五十里。
- 刘备还屯之处，吕布送粮米缎匹。
- 刘备屯军之处，又称沛县。袁术遣纪灵进攻小沛，刘备告急吕布。后张飞夺马，吕布攻小沛，刘备弃城投许都。曹操使刘备进兵屯小沛攻吕布。
- 刘备屯兵之城，高顺、张辽攻此城。
- 又称沛城。刘备驻军之地，被吕布攻破，后曹操令曹仁袭取。
- 刘备分兵屯小沛，与张飞同守，为掎角之势。
- 刘备驻军之地，曹操引军往小沛来，刘备、张飞从小沛分兵劫寨，后小沛城中火起。",三国演义
三国演义_地点_居巢门_0,地点,"实体名：居巢门
实体描述：
- 东吴出兵进攻魏国的门户。",三国演义
三国演义_地点_山东_0,地点,"实体名：山东
实体描述：
- 曹操平定的区域，表奏朝廷后加封。
- 曹操驻兵之地，应诏起兵。
- 韩暹、杨奉据守之区域。
- 区域。吕布引军投山东兖州境上，曹操与玄德前往山东战吕布。",三国演义
三国演义_地点_山坡左侧_0,地点,"实体名：山坡左侧
实体描述：
- 王双被斩之处，魏延从林中骤出。",三国演义
三国演义_地点_山峪_0,地点,"实体名：山峪
实体描述：
- 山谷，诸葛亮计诱李严入山峪投降。",三国演义
三国演义_地点_山崦_0,地点,"实体名：山崦
实体描述：
- 丁奉、徐盛两军撞出的山谷。",三国演义
三国演义_地点_山脚下_0,地点,"实体名：山脚下
实体描述：
- 挑担役夫歇息之处，左慈出现。",三国演义
三国演义_地点_山阳_0,地点,"实体名：山阳
实体描述：
- 县名，满宠为山阳昌邑人。
- 吕布引兵出屯就食之处。
- 满宠籍贯，徐晃称满宠为山阳满伯宁。
- 王粲籍贯山阳郡。",三国演义
三国演义_地点_山阴之野_0,地点,"实体名：山阴之野
实体描述：
- 王朗与严白虎同陈兵于此，与孙策交战。",三国演义
三国演义_地点_岘山_0,地点,"实体名：岘山
实体描述：
- 吕公设伏之处，孙坚在此中石箭而死。
- 襄阳附近，羊祜常游，后人建庙立碑。",三国演义
三国演义_地点_峨嵋岭_0,地点,"实体名：峨嵋岭
实体描述：
- 姜维劝钟会泛舟绝迹之处。",三国演义
三国演义_地点_峪口_0,地点,"实体名：峪口
实体描述：
- 陈武与庞德交战之地，树林丛密。",三国演义
三国演义_地点_崇华殿_0,地点,"实体名：崇华殿
实体描述：
- 魏主曹睿所立宫殿之一。",三国演义
三国演义_地点_崔毅庄_0,地点,"实体名：崔毅庄
实体描述：
- 崔毅隐居的庄院，少帝与陈留王在此歇息，闵贡寻得君臣。",三国演义
三国演义_地点_嵩山_0,地点,"实体名：嵩山
实体描述：
- 雷薄、陈兰投奔之处，劫取袁术钱粮。",三国演义
三国演义_地点_川口_0,地点,"实体名：川口
实体描述：
- 前队军马出川口。
- 地名，刘备布列军马直至川口，接连七百里。
- 蜀地水口，孔明檄李严等守川口以拒东吴。
- 蜀地粮草集结处，姜维依丞相旧制进兵。
- 粮车现在所在处，姜维令王瓘运粮赴祁山。",三国演义
三国演义_地点_州衙_0,地点,"实体名：州衙
实体描述：
- 濮阳城内的州衙，曹操中计之处，四门起火。",三国演义
三国演义_地点_州衙厅_0,地点,"实体名：州衙厅
实体描述：
- 徐州的州衙大厅，刘玄德接待吕布的地方。",三国演义
三国演义_地点_巢湖_0,地点,"实体名：巢湖
实体描述：
- 郑宝所在之处，刘子扬约鲁肃前往。",三国演义
三国演义_地点_巢湖口_0,地点,"实体名：巢湖口
实体描述：
- 东吴水寨所在，满宠、张球夜袭击之。",三国演义
三国演义_地点_巨平_0,地点,"实体名：巨平
实体描述：
- 地名，于禁为泰山巨平人。",三国演义
三国演义_地点_巨野_0,地点,"实体名：巨野
实体描述：
- 薛兰引军投奔之处，被吕虔射杀。",三国演义
三国演义_地点_巨鹿郡_0,地点,"实体名：巨鹿郡
实体描述：
- 张角兄弟三人所在之地。",三国演义
三国演义_地点_巫口_0,地点,"实体名：巫口
实体描述：
- 水路军出巫口。",三国演义
三国演义_地点_巫峡_0,地点,"实体名：巫峡
实体描述：
- 刘备从巫峡建平起兵。",三国演义
三国演义_地点_巴丘_0,地点,"实体名：巴丘
实体描述：
- 周瑜守御之地，闻孙策伤后提兵回吴。
- 周瑜行军至此，被刘封、关平截住水路，后周瑜停丧于此。孔明下船赴巴丘吊丧。
- 东吴界口，全琮引兵数万屯于此。",三国演义
三国演义_地点_巴中_0,地点,"实体名：巴中
实体描述：
- 张鲁出奔后欲守之处，曹操差人劝降。",三国演义
三国演义_地点_巴山_0,地点,"实体名：巴山
实体描述：
- 周旨伏兵之处，杜预军旗出现之地。",三国演义
三国演义_地点_巴州_0,地点,"实体名：巴州
实体描述：
- 张飞部领大路杀奔巴州、雒城之西。",三国演义
三国演义_地点_巴西_0,地点,"实体名：巴西
实体描述：
- 郡名，庞羲为巴西太守。
- 张飞抚慰的州郡，阎圃为巴西人。
- 郡名，郑度建议率巴西之民避于涪水西。
- 张飞、雷铜守把之地，张郃欲取。
- 郡名，张郃分军一半去取巴西，早有探马报到此地。",三国演义
三国演义_地点_巴郡_0,地点,"实体名：巴郡
实体描述：
- 严颜所守的城池，是一座山城，周围乱山。张飞在此与严颜交战。",三国演义
三国演义_地点_巴郡临江_0,地点,"实体名：巴郡临江
实体描述：
- 甘宁的家乡。",三国演义
三国演义_地点_巴陵郡_0,地点,"实体名：巴陵郡
实体描述：
- 甘宁守巴陵郡。",三国演义
三国演义_地点_市曹_0,地点,"实体名：市曹
实体描述：
- 处决犯人的地方，李儒被缚赴此处斩首。
- 许都市场，韩胤被斩于此。
- 刑场，耿纪、韦晃被斩之处。
- 刑场，曹爽兄弟及一干人犯被斩于此。",三国演义
三国演义_地点_布塞亭_0,地点,"实体名：布塞亭
实体描述：
- 孙休行至此处，孙恩驾车来迎。",三国演义
三国演义_地点_帐下_0,地点,"实体名：帐下
实体描述：
- 孙权聚文武于帐下，欲先教孔明见江东英俊。",三国演义
三国演义_地点_常山真定_0,地点,"实体名：常山真定
别名：常山，真定
实体描述：
- 赵云的籍贯。
- 袁绍与吕布共破张燕于常山。
- 赵云自称“常山赵子龙”的郡望。；县，赵云与赵范同乡，皆真定人。",三国演义
三国演义_地点_幕下_0,地点,"实体名：幕下
实体描述：
- 鲁肃引孔明至幕下，会见江东文武。",三国演义
三国演义_地点_平原_0,地点,"实体名：平原
别名：平原县
实体描述：
- 德州平原县，刘备为县令之处。公孙瓒路经此地遇见刘备。
- 刘备担任平原相之处。
- 刘备任平原相，太史慈星夜投平原见刘备。
- 刘备从青州至平原界口，袁绍亲自出邺郡三十里迎接。
- 袁谭败退后坚守的城池，辛毗曾任平原令。
- 袁谭据守之地，曹操直抵平原，后袁谭弃平原走南皮。
- 管辂的家乡，今山东平原县。",三国演义
三国演义_地点_平昌门_0,地点,"实体名：平昌门
实体描述：
- 洛阳城门，桓范由此矫诏出城。",三国演义
三国演义_地点_平邱_0,地点,"实体名：平邱
实体描述：
- 地名，毛玠为陈留平邱人。",三国演义
三国演义_地点_并州_0,地点,"实体名：并州
实体描述：
- 袁绍所据州郡之一，并州越太行进军。
- 高干出守之地，后高干回并州收拾人马。
- 高干守备之地，曹操派李典等攻打。
- 司马懿故意误说李胜所任之地。",三国演义
三国演义_地点_幽州_0,地点,"实体名：幽州
实体描述：
- 州名，刘焉为幽州太守，黄巾前犯幽州界分。
- 刘虞为幽州牧，领兵征渔阳。
- 袁绍所据州郡之一。
- 袁熙出守之地，后袁熙回幽州收拾人马。
- 袁熙镇守之地，袁尚投奔之处，后乌桓触降曹。",三国演义
三国演义_地点_广宗_0,地点,"实体名：广宗
实体描述：
- 县名，卢植与张角相拒于此。",三国演义
三国演义_地点_广州_0,地点,"实体名：广州
实体描述：
- 诸郡守令降。",三国演义
三国演义_地点_广汉_0,地点,"实体名：广汉
实体描述：
- 张肃任广汉太守。
- 郡名，秦宓为广汉绵竹人。",三国演义
三国演义_地点_广陵_0,地点,"实体名：广陵
实体描述：
- 陈登的家乡。
- 刘备欲东取广陵，被袁术劫寨。
- 陈登被表为广陵太守。
- 地名，曹丕取广陵渡江，孙韶曾在广陵守御。
- 郡名，孙韶、张承出兵于此。",三国演义
三国演义_地点_庐江_0,地点,"实体名：庐江
实体描述：
- 陆康为太守，孙策征伐得胜。
- 袁胤欲奔庐江，被徐璆所杀。
- 孙策建安四年袭取的郡。",三国演义
三国演义_地点_府堂_0,地点,"实体名：府堂
实体描述：
- 刘备在荆州设宴款待张松之处。",三国演义
三国演义_地点_延津_0,地点,"实体名：延津
实体描述：
- 地名。文丑渡黄河据延津，曹操在此以饵敌计破文丑。",三国演义
三国演义_地点_建业_0,地点,"实体名：建业
别名：金陵
实体描述：
- 孙权迁治之所，原名秣陵，筑石头城，有帝王之气。
- 东吴都城，孙权召吕蒙回此养病。
- 东吴都城，张昭自此而来。
- 地名，徐盛总镇都督建业、南徐军马。
- 东吴都城，孙权复还建业。
- 东吴都城，费祎持书到建业见孙权。
- 东吴都城，宗预入见吴主孙权之处。
- 吴国都城，孙权受惊成病之处。
- 东吴都城，孙綝自回建业。
- 吴国都城，又称建业，童谣中提及宁饮建业水。",三国演义
三国演义_地点_建始殿_0,地点,"实体名：建始殿
实体描述：
- 曹操欲起造的殿堂，苏越画成九间大殿。",三国演义
三国演义_地点_建威_0,地点,"实体名：建威
实体描述：
- 孔明从斜谷所取之城。",三国演义
三国演义_地点_建宁_0,地点,"实体名：建宁
实体描述：
- 郡名，李恢为建宁俞元人。
- 郡名，雍闿为太守，反叛。
- 霍戈为太守之处。",三国演义
三国演义_地点_建平_0,地点,"实体名：建平
实体描述：
- 刘备起兵之处。",三国演义
三国演义_地点_建章殿_0,地点,"实体名：建章殿
实体描述：
- 洛阳宫殿之一，孙坚屯兵设帐于建章殿基上，其南井中藏有传国玺。",三国演义
三国演义_地点_弘农_0,地点,"实体名：弘农
实体描述：
- 地名，张济领兵屯于此。
- 奉驾渡河后到达的地方，后遭李傕、郭汜劫掠。",三国演义
三国演义_地点_张布府_0,地点,"实体名：张布府
实体描述：
- 左将军张布的府邸，孙綝曾带牛酒至此与张布共饮。",三国演义
三国演义_地点_当阳_0,地点,"实体名：当阳
实体描述：
- 刘备败走之地，携民渡江。
- 刘备受难之地，鲁肃曾在此引诸葛亮渡江见孙权。",三国演义
三国演义_地点_当阳县_0,地点,"实体名：当阳县
实体描述：
- 县名，刘备扎驻于当阳县景山，后于此处遭曹兵掩杀。
- 荆门州属县，玉泉山所在。",三国演义
三国演义_地点_彝陵_0,地点,"实体名：彝陵
别名：彝陵，彝陵城
实体描述：
- 张飞截断之路，有南彝陵和北彝陵。
- 南郡附近城池，曹洪据守，甘宁攻取后被围，后曹仁失守。
- 孙桓引败军退守彝陵城，后被吴班等围困。
- 城池名，刘备军营所在，吴将孙桓被困于此城中。
- 吴班、张南久围之城，孙桓被围于此。",三国演义
三国演义_地点_彭城_0,地点,"实体名：彭城
实体描述：
- 张昭隐居之处。",三国演义
三国演义_地点_徐塘_0,地点,"实体名：徐塘
实体描述：
- 地名，胡遵于此下寨，被丁奉袭击。",三国演义
三国演义_地点_徐州_0,地点,"实体名：徐州
实体描述：
- 州名，陶谦为徐州太守，曹操起兵报仇攻打徐州。
- 陶谦治所，被曹操围攻，刘备、孔融等往救，陶谦欲让徐州于刘备。
- 州郡，陶谦治理，三让于刘备，刘备权领徐州牧。
- 刘玄德新领的州郡，吕布投奔之处。
- 刘备屯兵之处，领州事。后被吕布乘夜袭取。
- 吕布袭取的城市，刘备曾在此。
- 吕布据守的城池。袁术欲图徐州，吕布在此接待韩胤、王则等。陈珪、陈登居于此。吕布从徐州送女至寿春又被抢回。
- 吕布占据的州郡，多次被攻伐。
- 州城。吕布曾占据，后糜竺等守城拒吕布，最终被曹操所得。
- 州郡名。百姓曾请留刘备为牧，曹操命车胄权领。后刘备领兵据守，斩杀车胄。
- 刘备的驻地，郑玄居所所在。曹操遣刘岱、王忠来攻，刘备在此擒获二将，后分兵屯小沛、守邳城。
- 刘备的驻地，曹操东征徐州，刘备兵败后徐州被陈登献于曹操。
- 州郡。刘备曾守徐州，后失散。
- 州名，刘备曾失守于此，关云长曾归曹操，糜竺等逃难回乡。
- 魏州郡，钟会调遣此处人马。",三国演义
三国演义_地点_御前_0,地点,"实体名：御前
实体描述：
- 皇帝面前，孙礼曾在此斩虎。",三国演义
三国演义_地点_御园_0,地点,"实体名：御园
实体描述：
- 蹇硕慌走入御园，被郭胜所杀。",三国演义
三国演义_地点_御营_0,地点,"实体名：御营
实体描述：
- 刘备的御前营寨，黄忠病逝于此，关公灵位设于此。
- 刘备的中军大营，曾发生无风自倒旗幡，初更时分左右屯火起。",三国演义
三国演义_地点_德阳_0,地点,"实体名：德阳
实体描述：
- 张飞抚慰的州郡之一。",三国演义
三国演义_地点_德阳亭_0,地点,"实体名：德阳亭
实体描述：
- 阴平小路所经之处，邓艾计议由此取成都。",三国演义
三国演义_地点_总章观_0,地点,"实体名：总章观
实体描述：
- 魏主曹睿在洛阳所筑高观，高十丈。",三国演义
三国演义_地点_惠陵_0,地点,"实体名：惠陵
实体描述：
- 刘备陵墓，葬先主于此，谥昭烈皇帝。",三国演义
三国演义_地点_慎县_0,地点,"实体名：慎县
实体描述：
- 毋丘俭逃至此处，被宋白所杀。",三国演义
三国演义_地点_成德_0,地点,"实体名：成德
实体描述：
- 地名，刘晔为淮南成德人。",三国演义
三国演义_地点_成皋_0,地点,"实体名：成皋
实体描述：
- 曹操与陈宫路经之地，吕伯奢居于此。",三国演义
三国演义_地点_成都_0,地点,"实体名：成都
实体描述：
- 益州治所，刘璋所在。
- 刘璋的治所，刘璋自葭萌关回成都。
- 刘璋的治所，刘备最终目标，张松在此被杀。
- 西川首府，严颜说径取成都。
- 益州治所，刘璋所在。雒城破后，刘璋在此聚众商议，后刘备进军成都。
- 益州治所，刘璋所在。刘备平定西川后入成都，自领益州牧。
- 西川之地，刘备所在，诸葛瑾到此见刘备、诸葛亮。
- 蜀汉都城，玄德、孔明所在，张飞捷报传入，玄德大惊问孔明，后聚众将庆喜。
- 刘备引百官回成都，差官起造宫庭。
- 蜀汉都城，关公差人往此求救。
- 蜀汉都城，刘备自东川回成都。
- 汉中王所在，报曹丕自立消息，后筑坛于成都武担之南，刘备即帝位。
- 蜀汉都城，诸葛亮保太子守两川之地。
- 蜀汉都城，黄忠葬于此地。
- 诸葛亮回师调拨军马之处。
- 蜀汉都城，刘禅留守处，诸葛亮奉梓宫还成都。
- 蜀汉都城，孔明在此整饬军马南征。
- 蜀汉都城，诸葛亮在此理事。
- 蜀汉都城，孔明自引大军回成都，后主出郭迎接。
- 蜀汉都城。蒋琬自成都至，后主在此，赵云葬于成都锦屏山之东。
- 张苞被送回成都养病，孔明回成都养病，后主出迎，送入丞相府。
- 蜀汉都城，苟安回成都散布流言，后主诏孔明班师回成都。
- 蜀汉都城，孔明回见后主之处。
- 蜀汉都城，费祎自成都来见孔明，后回成都。
- 蜀汉都城，诸葛亮家有桑八百株、薄田十五顷。
- 蜀汉都城，后主居所，诸葛亮灵柩被迎回此处，后主出城二十里迎接，丞相府亦在此。诗中亦称锦官城。
- 蜀汉都城，姜维引夏侯霸入见后主。
- 蜀汉都城，姜维奏后主伐魏。
- 蜀汉都城，后主刘禅所在，薛珝出使至此。
- 蜀国都城，姜维入见后主之处。
- 蜀汉都城，后主居此，听信黄皓，不理朝政。
- 蜀汉都城，后主在此出降。
- 蜀汉都城，钟会、卫瓘等收邓艾于此，后留卫瓘守成都。
- 蜀汉都城，已失守。",三国演义
三国演义_地点_房陵_0,地点,"实体名：房陵
实体描述：
- 申仪守地，后插魏旗，刘封望房陵而奔。",三国演义
三国演义_地点_扬州_0,地点,"实体名：扬州
实体描述：
- 魏州郡，钟会调遣此处人马。",三国演义
三国演义_地点_护城河_0,地点,"实体名：护城河
实体描述：
- 巴郡城下，张飞要过护城河被乱箭射回。",三国演义
三国演义_地点_挂车_0,地点,"实体名：挂车
实体描述：
- 山僻小径，与夹石同为险峻之路。",三国演义
三国演义_地点_摩坡井_0,地点,"实体名：摩坡井
实体描述：
- 魏国境内一井，曾有青龙自井内而出，魏因改元青龙。",三国演义
三国演义_地点_摩天岭_0,地点,"实体名：摩天岭
实体描述：
- 阴平路上极高峻之岭，邓艾裹毡滚下而过。",三国演义
三国演义_地点_摩陂_0,地点,"实体名：摩陂
实体描述：
- 曹操班师后驻扎之地。",三国演义
三国演义_地点_攸县_0,地点,"实体名：攸县
实体描述：
- 刘磐闲居之地。",三国演义
三国演义_地点_故宫_0,地点,"实体名：故宫
实体描述：
- 成都旧宫，钟会于元宵佳节在此大张灯火宴请诸将。",三国演义
三国演义_地点_故鄣_0,地点,"实体名：故鄣
实体描述：
- 朱治的籍贯县名，属丹阳。",三国演义
三国演义_地点_敌楼_0,地点,"实体名：敌楼
实体描述：
- 城上建筑。糜竺在敌楼上喝止吕布入城。
- 城楼，蔡瑁、张允在敌楼上叱军士放箭。
- 筑在土城上的高楼，用于观察和防守，多设弓弩炮石。",三国演义
三国演义_地点_敌楼_1,地点,"实体名：敌楼
实体描述：
- 城楼，蔡瑁、张允在敌楼上叱军士放箭。",三国演义
三国演义_地点_敌楼_2,地点,"实体名：敌楼
实体描述：
- 筑在土城上的高楼，用于观察和防守，多设弓弩炮石。",三国演义
三国演义_地点_教场_0,地点,"实体名：教场
实体描述：
- 曹操斩杀左慈化身之处，城南教场。",三国演义
三国演义_地点_散关_0,地点,"实体名：散关
实体描述：
- 关中隘口，曹操令徐庶往把守。
- 重要关隘，孔明派魏延、姜维夺取，张郃来攻被击退。
- 关隘，蜀军望斜谷而来经过。",三国演义
三国演义_地点_文陵_0,地点,"实体名：文陵
实体描述：
- 董后葬于文陵。",三国演义
三国演义_地点_斜谷_0,地点,"实体名：斜谷
实体描述：
- 谷口，曹操退守斜谷，曹彰来助，最终曹操兵退斜谷。
- 曹操退兵所至之地，孔明料其必弃汉中而走。
- 诸葛亮计划从斜谷进兵。
- 诸葛亮出兵取郿城的道路，司马懿自引兵当斜谷之兵。
- 孔明从小径出斜谷望祁山，费耀引兵至此中计。
- 孔明先自领兵出陈仓斜谷，取了建威。
- 通往祁山的谷口，曹真屯兵于祁山之西斜谷口，孔明分兵出斜谷。
- 谷道，蜀军进军路线。
- 山谷通道，李恢运粮草于斜谷道口，孔明自斜谷直至剑阁下寨。
- 姜维自取斜谷进兵，王瓘从此迎来，姜维后不出斜谷。
- 山路，许仪领中路军出此处。
- 贾充引兵入斜谷，司马昭至此。",三国演义
三国演义_地点_斜谷道_0,地点,"实体名：斜谷道
实体描述：
- 道路，曹真屯兵于此不能取胜。",三国演义
三国演义_地点_新丰_0,地点,"实体名：新丰
实体描述：
- 銮舆经过的地方。",三国演义
三国演义_地点_新城_0,地点,"实体名：新城
实体描述：
- 孟达镇守之城，孟达欲于此举事，后被司马懿攻破。
- 孟达据守的城池，司马懿倍道而行八日攻破。",三国演义
三国演义_地点_新城_1,地点,"实体名：新城
实体描述：
- 魏国城池，孙权欲取之。
- 魏国城池，诸葛恪围攻新城不下，中张特缓兵之计。",三国演义
三国演义_地点_新野_0,地点,"实体名：新野
实体描述：
- 刘备屯扎之处，属襄阳。
- 县名，刘备驻军之地，多次作为战场，后刘备回新野，又赴南阳请孔明。
- 刘备驻扎之地，徐庶曾在此与刘备交厚，刘备三顾茅庐后与孔明同归新野。
- 刘备屯兵之地，诸葛亮在此教演阵法，后曹军来攻，居民随刘备往樊城暂避。
- 县城，曹仁收拾残军屯住，后曹操大军至新野下寨，并迁百姓入樊城。
- 刘备曾驻军的小县，后放弃。",三国演义
三国演义_地点_方畿_0,地点,"实体名：方畿
实体描述：
- 京城附近区域，简练之臣垂头搨翼，莫所凭恃。",三国演义
三国演义_地点_旱寨_0,地点,"实体名：旱寨
实体描述：
- 曹操在岸上所立营寨，绵延三百余里。
- 曹操的陆上营寨。曹操差人往旱寨唤张辽、徐晃，庞统与曹操同观旱寨。
- 曹操沿江所立陆军营寨，曹操先看旱寨后看水寨。",三国演义
三国演义_地点_易京楼_0,地点,"实体名：易京楼
实体描述：
- 公孙瓒所建高楼，高十丈，积粟三十万，后被袁绍穿地放火烧毁。",三国演义
三国演义_地点_易州_0,地点,"实体名：易州
实体描述：
- 郭嘉养病及去世之地，曹操回军至此。",三国演义
三国演义_地点_昭明宫_0,地点,"实体名：昭明宫
实体描述：
- 孙皓大兴土木所建宫殿。",三国演义
三国演义_地点_昭烈之庙_0,地点,"实体名：昭烈之庙
实体描述：
- 祭祀刘备的庙宇，孔明设太牢祭拜。",三国演义
三国演义_地点_昭烈庙_0,地点,"实体名：昭烈庙
实体描述：
- 刘备之庙，刘谌在此哭祖自杀。",三国演义
三国演义_地点_景山_0,地点,"实体名：景山
实体描述：
- 山名，位于当阳县，刘备扎住于此，曹操在景山顶上望见赵云。",三国演义
三国演义_地点_曲廊_0,地点,"实体名：曲廊
实体描述：
- 宫中曲折的走廊，毛后乘小车于此迎见魏主。",三国演义
三国演义_地点_曲阳_0,地点,"实体名：曲阳
实体描述：
- 战场，曹操随皇甫嵩讨张梁大战于此，张梁被斩。",三国演义
三国演义_地点_曲阿_0,地点,"实体名：曲阿
实体描述：
- 孙坚葬父之处。
- 孙策母家小居处，刘繇被赶过江屯此，周瑜袭取。
- 鲁肃寓居之地。
- 孙休回都经过之地，遇老人干休。",三国演义
三国演义_地点_曹军水寨_0,地点,"实体名：曹军水寨
别名：水寨
实体描述：
- 曹军沿江所立水寨，分二十四座水门，周瑜曾亲往窥探。
- 曹操的水上营寨。孔明船近水寨受箭，阚泽夜到水寨被拿。
- 曹操沿江所立水军营寨，连锁战船，后被火攻。",三国演义
三国演义_地点_曹寨南门_0,地点,"实体名：曹寨南门
实体描述：
- 曹操营寨的南门，甘宁从此杀出。",三国演义
三国演义_地点_曹操寨_0,地点,"实体名：曹操寨
别名：曹寨，曹营
实体描述：
- 曹操军营。侯成到此献赤兔马。
- 曹操军营，袁谭驱百姓直抵曹寨混战。
- 曹操军队的营寨，甘宁劫寨之处。",三国演义
三国演义_地点_朝门_0,地点,"实体名：朝门
实体描述：
- 宫门，伏甲兵于朝门之内诛董卓。",三国演义
三国演义_地点_朝阳殿_0,地点,"实体名：朝阳殿
实体描述：
- 魏主曹睿在洛阳所造宫殿之一。",三国演义
三国演义_地点_木门道_0,地点,"实体名：木门道
实体描述：
- 峡谷，孔明设伏之处，张郃被射死于此。",三国演义
三国演义_地点_未央宫_0,地点,"实体名：未央宫
实体描述：
- 韩信遇害之处，姜维引典故。",三国演义
三国演义_地点_未央殿_0,地点,"实体名：未央殿
实体描述：
- 长安宫殿，天子欲会文武于此，议禅位于董卓。",三国演义
三国演义_地点_林中_0,地点,"实体名：林中
实体描述：
- 魏延埋伏之处，位于山坡左侧。",三国演义
三国演义_地点_枝江_0,地点,"实体名：枝江
别名：南郡枝江
实体描述：
- 霍峻的籍贯所在。
- 董和的籍贯地，属南郡。",三国演义
三国演义_地点_枫桥_0,地点,"实体名：枫桥
实体描述：
- 严舆出兵会于枫桥。",三国演义
三国演义_地点_枭姬祠_0,地点,"实体名：枭姬祠
实体描述：
- 后人立庙江滨纪念孙夫人，号枭姬祠。",三国演义
三国演义_地点_枯井_0,地点,"实体名：枯井
实体描述：
- 土墙下枯井，糜夫人投井而死，赵云推墙掩盖。",三国演义
三国演义_地点_枹罕_0,地点,"实体名：枹罕
实体描述：
- 姜维进兵所向。",三国演义
三国演义_地点_柏梁台_0,地点,"实体名：柏梁台
实体描述：
- 位于长安宫中，汉武帝所建，台上立铜人手捧承露盘。魏主派马钧拆取铜人时台倾柱倒。",三国演义
三国演义_地点_柔泉_0,地点,"实体名：柔泉
实体描述：
- 秃龙洞西北路上的毒泉之一，其水如冰，人若饮之则咽喉无暖气，身躯软弱如绵而死。",三国演义
三国演义_地点_查渎_0,地点,"实体名：查渎
实体描述：
- 会稽钱粮屯积之处，孙静建议先据此地。",三国演义
三国演义_地点_柳城_0,地点,"实体名：柳城
实体描述：
- 曹操收军入柳城，封田畴为柳亭侯。",三国演义
三国演义_地点_柴桑郡_0,地点,"实体名：柴桑郡
别名：柴桑
实体描述：
- 孙权自领大军屯驻之地。
- 郡名，孙权屯兵于此，鲁肃与孔明登舟往柴桑。
- 鲁肃与孔明登舟前往的目的地，孙权所在之处。
- 周瑜回郡商议军机之处。
- 东吴属地，曹操东视柴桑之境。
- 周瑜养病之处，班师回柴桑。
- 周瑜驻兵之地，鲁肃回见周瑜之处，刘备夫妇逃离时经过柴桑界首。
- 周瑜退兵后所回之地，鲁肃曾到此见周瑜。
- 周瑜灵柩所回之地，孔明吊丧之处，鲁肃以礼迎接孔明。
- 诸葛瑾曾在此地。",三国演义
三国演义_地点_栈道_0,地点,"实体名：栈道
实体描述：
- 王瓘烧毁的栈道及关隘，姜维连夜修栈道。
- 姜维差人连夜修造的栈道，以便行军。",三国演义
三国演义_地点_栈阁道口_0,地点,"实体名：栈阁道口
实体描述：
- 蜀军退入栈道之处，后遇拦路军马。",三国演义
三国演义_地点_桂阳_0,地点,"实体名：桂阳
实体描述：
- 郡，赵云取桂阳，太守赵范投降，后刘备亲赴桂阳。
- 刘备许诺先还给东吴的三郡之一，后被关羽赶回东吴官吏。
- 刘备欲还孙权之郡。",三国演义
三国演义_地点_桃园_0,地点,"实体名：桃园
实体描述：
- 张飞庄后桃园，花开正盛，刘关张结义之处。
- 结义之地。刘备、关羽、张飞三人桃园结义，誓同生死。文中提及桃园之约。
- 关羽与刘备桃园结义之处，誓共匡扶汉室。",三国演义
三国演义_地点_桃花水_0,地点,"实体名：桃花水
实体描述：
- 一条河流，两岸有桃树，落叶于水。别国人饮之尽死，乌戈国人饮之倍添精神。",三国演义
三国演义_地点_桃花渡口_0,地点,"实体名：桃花渡口
实体描述：
- 桃花水上的渡口，乌戈国藤甲军在此下寨，与蜀兵对峙。",三国演义
三国演义_地点_桑干_0,地点,"实体名：桑干
实体描述：
- 地名，曹彰直杀至桑干。",三国演义
三国演义_地点_桧釿川_0,地点,"实体名：桧釿川
实体描述：
- 地名，百姓从梓潼山桧釿川入汉中。",三国演义
三国演义_地点_梁城_0,地点,"实体名：梁城
实体描述：
- 刘备取路出梁城，遇见曹操大军。",三国演义
三国演义_地点_梁都洞_0,地点,"实体名：梁都洞
实体描述：
- 位于银坑洞正南三百里，洞中有山，环抱其洞，山上出银矿，故名银坑山。",三国演义
三国演义_地点_梓潼山_0,地点,"实体名：梓潼山
实体描述：
- 山名，有小路通瓦口关背后，张飞率轻骑由此攻关后。",三国演义
三国演义_地点_梓潼郡_0,地点,"实体名：梓潼郡
实体描述：
- 李严被徙居之地。",三国演义
三国演义_地点_椒房_0,地点,"实体名：椒房
实体描述：
- 殿后皇后居所，伏皇后藏于夹壁中被华歆搜出。",三国演义
三国演义_地点_楼桑村_0,地点,"实体名：楼桑村
实体描述：
- 刘备家所在村庄，村东南有大桑树。",三国演义
三国演义_地点_槎山_0,地点,"实体名：槎山
实体描述：
- 一条崎岖险峻的小径，可以抄出栈道之后，姜维指出此路。",三国演义
三国演义_地点_樊口_0,地点,"实体名：樊口
实体描述：
- 刘备屯兵之地，诸葛亮请刘备同回樊口。
- 刘备屯兵之港，看周瑜成功。",三国演义
三国演义_地点_樊城_0,地点,"实体名：樊城
实体描述：
- 黄祖驻守之城，被孙坚攻破。
- 城名，曹仁屯兵之地，后被关羽夺取，刘备入樊城安民。
- 刘备从新野撤退后前往暂避之地，差人调拨船只救济百姓。
- 城池，刘备曾驻军于此，后弃城而走。曹操大军屯于樊城，使刘晔招降。
- 刘备曾走之地。
- 曹仁退守之城，被关羽攻打甚急，于禁、庞德来救，后水淹七军。
- 曹仁所守之城，被关公围攻，后得徐晃救援。
- 孟达领新城太守，守襄阳、樊城。",三国演义
三国演义_地点_樊山_0,地点,"实体名：樊山
实体描述：
- 曹操南望之山。",三国演义
三国演义_地点_横江_0,地点,"实体名：横江
实体描述：
- 王浑出兵之处。",三国演义
三国演义_地点_横门_0,地点,"实体名：横门
实体描述：
- 长安城门，公卿在此迎送董卓。",三国演义
三国演义_地点_横门邸阁_0,地点,"实体名：横门邸阁
实体描述：
- 长安附近的邸阁，夏侯楙若闻魏延骤至可能弃城逃往此处。",三国演义
三国演义_地点_檀溪_0,地点,"实体名：檀溪
实体描述：
- 襄阳西边的大溪，阔数丈，水通襄江。刘备跃马过檀溪。
- 溪名，刘备跃马过檀溪逃脱蔡瑁追杀，后刘备称为跃马檀溪之事。",三国演义
三国演义_地点_武侯墓_0,地点,"实体名：武侯墓
实体描述：
- 诸葛亮之墓，位于定军山。钟会亲往祭拜。",三国演义
三国演义_地点_武关_0,地点,"实体名：武关
实体描述：
- 吕布自遭李郭之乱后逃出武关。",三国演义
三国演义_地点_武功山_0,地点,"实体名：武功山
实体描述：
- 小路所在，司马懿望此而走，关兴、张苞在此伏兵鼓噪。",三国演义
三国演义_地点_武城_0,地点,"实体名：武城
实体描述：
- 县名，吕虔为武城人。",三国演义
三国演义_地点_武城山_0,地点,"实体名：武城山
实体描述：
- 山名，邓艾先占此山，与姜维相持。",三国演义
三国演义_地点_武安_0,地点,"实体名：武安
实体描述：
- 尹楷任武安长之地。",三国演义
三国演义_地点_武库_0,地点,"实体名：武库
实体描述：
- 兵器仓库，司马懿自引大军据守。",三国演义
三国演义_地点_武库_1,地点,"实体名：武库
实体描述：
- 存放军器之地，孙綝将武库内军器尽数搬给中营。",三国演义
三国演义_地点_武昌_0,地点,"实体名：武昌
实体描述：
- 刘琦回守之地，紧要之处。
- 东吴都城，孙权在此会官，后出城迎接陆逊。
- 东吴都城，孙权筑坛即帝位，陆逊训练人马于此。
- 吴国郡城，毋丘俭引兵攻之。
- 孙綝遣孟宗屯兵于此。
- 吴国都城之一，孙皓居此，百姓苦于供给，陆凯谏言其土地险瘠不宜为都。",三国演义
三国演义_地点_武昌南郊_0,地点,"实体名：武昌南郊
实体描述：
- 孙权筑坛即皇帝位之处。",三国演义
三国演义_地点_武都_0,地点,"实体名：武都
实体描述：
- 郡城，与汉连接，孔明令姜维取之。
- 郡名，被姜维打破，孔明取之，司马懿闻知已失。",三国演义
三国演义_地点_武阳_0,地点,"实体名：武阳
实体描述：
- 张翼的籍贯地。",三国演义
三国演义_地点_武陵_0,地点,"实体名：武陵
实体描述：
- 郡，张飞取武陵，金旋被杀，巩志纳降。",三国演义
三国演义_地点_段谷_0,地点,"实体名：段谷
实体描述：
- 山谷名，地狭山险，邓艾设伏于此，姜维兵败。",三国演义
三国演义_地点_毛城_0,地点,"实体名：毛城
实体描述：
- 尹楷屯兵之处，通上党运粮道。",三国演义
三国演义_地点_水寨_1,地点,"实体名：水寨
实体描述：
- 刘备沿江屯扎的水上营寨，水军驻扎之地。",三国演义
三国演义_地点_水门_0,地点,"实体名：水门
实体描述：
- 曹军水寨沿江设置二十四座水门，以大船小船出入。",三国演义
三国演义_地点_永宁宫_0,地点,"实体名：永宁宫
实体描述：
- 魏宫，司马师奏闻太后之处。",三国演义
三国演义_地点_永安_0,地点,"实体名：永安
别名：永安城
实体描述：
- 李严所在城池，遣苟安解送粮米。
- 蜀汉城池，王平、张嶷引兵屯于此以防东吴。",三国演义
三国演义_地点_永安宫_0,地点,"实体名：永安宫
实体描述：
- 囚禁何太后、弘农王及唐妃的宫殿。",三国演义
三国演义_地点_永安宫_1,地点,"实体名：永安宫
实体描述：
- 宫殿名，原为馆驿，刘备改为永安宫，病逝于此。诸葛亮、李严等奉遗命至此。
- 蜀国宫城，李严镇守于此，派李丰见孔明报喜。",三国演义
三国演义_地点_永昌郡_0,地点,"实体名：永昌郡
别名：永昌
实体描述：
- 郡名，南蛮孟获犯此四郡之一。
- 郡名，王伉为太守，被攻打但坚守。
- 郡名，孔明留王伉、吕凯守四郡，此处指永昌郡。",三国演义
三国演义_地点_汉上_0,地点,"实体名：汉上
实体描述：
- 曹操大军屯兵之处，即汉水上游。
- 汉水上游地区，周瑜称诸葛亮久居汉上熟知道理。
- 荆州所在，李胜纠正司马懿。",三国演义
三国演义_地点_汉上之地_0,地点,"实体名：汉上之地
实体描述：
- 诸葛亮称取汉上之地易如反掌。",三国演义
三国演义_地点_汉中_0,地点,"实体名：汉中
别名：东川
实体描述：
- 郡名，张鲁割据之地。
- 张鲁占据之地，曹操欲取汉中以图张鲁。
- 张鲁割据的汉中地区，与西川相邻。
- 张鲁割据之地，刘璋遣使求救于此，马超后投张鲁。
- 张鲁割据之地，与西川相邻，庞德留病于此，孙乾从小路至汉中贿赂杨松。
- 曹操已得之地，即汉中东部。
- 曹操曾领兵之地，后曹洪等守东川。；夏侯渊、张郃守备之地。
- 郡名，曹操平定张鲁，留夏侯渊、张郃屯守，玄德欲图之，为军士养命之源。
- 郡名，刘备亲征欲取之地，曹操发兵救汉中，后诸葛亮智取汉中。
- 曹操放弃之地，刘备抚有两川，后称汉中王。；汉中王令魏延总督军马守御之地。
- 刘备自东川回成都。
- 魏延、马超等守备之地，以当魏兵。
- 地名，诸葛亮在此点看各处隘口，防魏兵入寇。
- 郡名，孟达引兵攻此处。
- 地名，孔明令起兵出汉中。
- 地区，马超守把关口。
- 蜀汉北部重镇，孔明驻军于汉中，后率军望汉中进发。
- 蜀地，孔明担心魏兵分道取汉中。
- 汉中，蜀汉之地，诸葛亮尽提汉中之兵出祁山。
- 蜀汉后方，诸葛亮令三郡官吏军民皆入汉中，并搬取姜维老母送入汉中。
- 蜀汉重要城池，孔明驻军之处。计点军士，后受诏贬右将军，在此惜军爱民，励兵讲武。
- 蜀汉后方，魏延斩王双后回汉中，孔明在此设宴。
- 孔明缓兵之计渐退汉中，后大军屯于汉中，又引大军出汉中。
- 蜀汉地区，孔明退兵及再出师之地。
- 蜀汉重地，杨仪等扶柩望汉中而来，后吴懿、姜维等出屯汉中以防魏兵。
- 蜀汉重镇，姜维屯兵于此，准备北伐。
- 姜维退兵回此。
- 蜀地，姜维退回此处，选将操练。
- 姜维起兵二十万拜辞后主后径到此处。
- 蜀地，后主命姜维回汉中，姜维后引兵还汉中，王瓘反杀入汉中烧毁栈道。
- 蜀地要地，姜维修栈道、调船只，后魏兵攻取。钟会分兵袭取。
- 钟会所取之地。；蜀汉东部地区，已失守。",三国演义
三国演义_地点_汉光武庙_0,地点,"实体名：汉光武庙
实体描述：
- 位于神亭岭上，孙策往祈，誓愿重修。",三国演义
三国演义_地点_汉南_0,地点,"实体名：汉南
实体描述：
- 刘备收众汉南。",三国演义
三国演义_地点_汉嘉郡_0,地点,"实体名：汉嘉郡
实体描述：
- 杨仪被贬为庶民后发往此处，杨仪羞惭自刎。",三国演义
三国演义_地点_汉城_0,地点,"实体名：汉城
实体描述：
- 蜀城，蒋斌守卫，后降魏，被荀恺围困。",三国演义
三国演义_地点_汉宁_0,地点,"实体名：汉宁
实体描述：
- 张鲁所在之地，多拨粮草应付前线。",三国演义
三国演义_地点_汉寿城_0,地点,"实体名：汉寿城
实体描述：
- 蜀城，胡济守卫。",三国演义
三国演义_地点_汉川_0,地点,"实体名：汉川
实体描述：
- 诗中提及曹操九月南征到汉川。
- 董袭杀奔曹操寨中经过之地。",三国演义
三国演义_地点_汉川路_0,地点,"实体名：汉川路
实体描述：
- 张飞取汉川路，前至巴郡。",三国演义
三国演义_地点_汉水_0,地点,"实体名：汉水
别名：汉江
实体描述：
- 孙坚军追至汉水，命黄盖将船只进泊汉江。
- 刘备败退后安营之处，土人告知此江为汉江。
- 吴兵渡江攻南郡所经河流。
- 河流，张郃败兵直奔至汉水傍，为汉中附近水域。
- 河流名，曹刘两军隔水相拒，赵云拒汉水，王平渡汉水来投。
- 河流，群鸟自南飞来投于汉水而死。
- 邓艾诗赞“魂绕汉江云”。",三国演义
三国演义_地点_汉水口_0,地点,"实体名：汉水口
实体描述：
- 荆州兵预备战筏之处，江水泛涨可淹敌军。",三国演义
三国演义_地点_汉津_0,地点,"实体名：汉津
实体描述：
- 渡口，关羽在此处截出，刘备等至汉津乘船。",三国演义
三国演义_地点_汉阳_0,地点,"实体名：汉阳
实体描述：
- 襄阳城东之原，刘表葬于此。",三国演义
三国演义_地点_汉阳_1,地点,"实体名：汉阳
实体描述：
- 董袭、潘璋直取之地。",三国演义
三国演义_地点_汉阳郡_0,地点,"实体名：汉阳郡
实体描述：
- 凌统守汉阳郡。",三国演义
三国演义_地点_汜水关_0,地点,"实体名：汜水关
实体描述：
- 董卓军重要关隘，华雄、李肃等镇守。孙坚、曹操等曾在此攻关。后赵岑献关。
- 关隘，卞喜把守，关公过此关斩卞喜。
- 普净原为汜水关镇国寺中长老。",三国演义
三国演义_地点_汝南_0,地点,"实体名：汝南
实体描述：
- 曹操就食之处，破黄巾。
- 吕范的籍贯郡名。
- 李通守御之地。
- 郡名。黄巾刘辟、龚都作乱之处，关羽领兵征讨，在此得知刘备音信。
- 城市，刘辟、龚都复夺，刘备前往会合。
- 郡名，关公与孙乾护送二嫂欲往之处，刘辟、龚都驻守，后刘备起军往汝南驻扎。
- 刘备与刘辟、龚都驻守之地，后被夏侯惇打破。
- 刘备曾军败于汝南。",三国演义
三国演义_地点_江亭_0,地点,"实体名：江亭
实体描述：
- 袁术兵败后驻留之处，粮食尽绝。",三国演义
三国演义_地点_江北_0,地点,"实体名：江北
实体描述：
- 长江以北，蒋干从江北而来，周瑜称其远涉江湖。
- 长江北岸，曹操水寨所在。蔡中、蔡和驾船从江北来降，阚泽往北岸献书。",三国演义
三国演义_地点_江北岸_0,地点,"实体名：江北岸
实体描述：
- 地名，黄权引兵处，被吴兵隔断。",三国演义
三国演义_地点_江南_0,地点,"实体名：江南
实体描述：
- 孙策退居江南，礼贤下士。
- 曹操欲起兵下江南之地。
- 长江以南，小儿谣言提及“江南小儿”。
- 长江南岸，东吴水寨所在。蒋干驾小舟到江南水寨。
- 泛指长江以南地区，曹操欲攻取之地，有八十一州百姓。
- 东吴所在区域，泛指江东，刘备入吴成亲之处。
- 泛称长江以南地区。孔明书信中言若曹操乘虚而至则江南齑粉矣。
- 曹操欲取之地，泛指江东。
- 曹操称即日下了江南，便来收川。
- 地区名，刘备威声震江南，吴人胆裂。
- 长江以南地区，孙权掌江南八十一州，徐盛守江南一带。",三国演义
三国演义_地点_江南岸_0,地点,"实体名：江南岸
实体描述：
- 刘备遥望江南岸旗幡隐隐，知东吴已动兵。",三国演义
三国演义_地点_江口_0,地点,"实体名：江口
实体描述：
- 孙策点军守住之地。",三国演义
三国演义_地点_江口_1,地点,"实体名：江口
实体描述：
- 吕常出迎关羽之处，云长军半渡襄江。",三国演义
三国演义_地点_江口_2,地点,"实体名：江口
实体描述：
- 陆抗守御之处。",三国演义
三国演义_地点_江口水中_0,地点,"实体名：江口水中
实体描述：
- 董袭溺水而死之处。",三国演义
三国演义_地点_江夏_0,地点,"实体名：江夏
实体描述：
- 孙坚讨区星，报捷江夏平。
- 黄祖部领之兵所在地。
- 黄祖驻守之地，刘表令祢衡去江夏见黄祖，祢衡终被黄祖斩杀。
- 张武、陈孙造反之处，刘备讨平之。
- 黄祖聚众商议抵抗东吴之处。
- 黄祖所守之地，被孙权攻破。后刘琦请守江夏，引兵三千镇守。
- 郡名，刘琦驻守，刘备与孔明、刘琦同投江夏。
- 刘备与刘琦屯兵之处，鲁肃曾往江夏探虚实，诸葛亮称刘琦领江夏战士。
- 刘备军所在之地，曹操欲会猎于此。
- 刘琦所守之城，刘备尽移江夏之兵至樊口。
- 刘琦原驻守之地，鲁肃提及公子在江夏。
- 程普被表奏为江夏太守。
- 刘备欲还孙权之郡。
- 郡名，陆逊、诸葛瑾屯兵于此。
- 魏国郡县，刘劭引兵救之。",三国演义
三国演义_地点_江州_0,地点,"实体名：江州
实体描述：
- 刘备与张飞约定会合之地。
- 赵云驻军之地，闻吴蜀交兵后引军出救。",三国演义
三国演义_地点_江汉_0,地点,"实体名：江汉
实体描述：
- 指长江与汉水之间，刘表坐保之地。
- 曹操屯兵之处，有下江南之意。",三国演义
三国演义_地点_江油_0,地点,"实体名：江油
实体描述：
- 蜀汉城池，守将马邈降邓艾，城中有粮足备。
- 邓艾取江油时欲杀田续。",三国演义
三国演义_地点_江渚_0,地点,"实体名：江渚
实体描述：
- 江边小洲，马忠引傅士仁、糜芳屯扎于此。",三国演义
三国演义_地点_江边_0,地点,"实体名：江边
实体描述：
- 诸葛亮偶来江边，刘备与关羽亦至江边。
- 指长江岸边。孔明差五百小军到江边搬箭，曹操差人往旱寨调兵到江边助射。",三国演义
三国演义_地点_江边_1,地点,"实体名：江边
实体描述：
- 濡须附近的江岸，双方交战处。",三国演义
三国演义_地点_江边_2,地点,"实体名：江边
实体描述：
- 关羽多设墩台提防之处。",三国演义
三国演义_地点_江都_0,地点,"实体名：江都
实体描述：
- 孙策引军居住之地，招贤纳士。",三国演义
三国演义_地点_江阳_0,地点,"实体名：江阳
实体描述：
- 外水江阳，属赵云安抚的州郡。",三国演义
三国演义_地点_江陵_0,地点,"实体名：江陵
实体描述：
- 荆州要地，钱粮极广，刘备欲取之为家，后曹操星夜提兵赴江陵。
- 刘备不思进取之地，甘与民众同败。
- 南郡治所，曹操问投南郡江陵去近。
- 城池，刘备留糜竺、刘封守江陵。
- 关羽从此杀出捉周瑜。
- 赵云屯兵之处。
- 地名，陆逊被封为江陵侯。
- 东吴城池，陆逊令诸葛瑾拒守江陵以敌司马懿。
- 杜预出兵攻克之地。",三国演义
三国演义_地点_汶山_0,地点,"实体名：汶山
实体描述：
- 廖立被流放之地。",三国演义
三国演义_地点_沂水_0,地点,"实体名：沂水
实体描述：
- 河流。曹操决沂、泗之水淹下邳。",三国演义
三国演义_地点_沂都_0,地点,"实体名：沂都
实体描述：
- 陈纪所取之地，后吕布保韩暹为沂都牧。",三国演义
三国演义_地点_沅湘_0,地点,"实体名：沅湘
实体描述：
- 一带诸郡望风而降。",三国演义
三国演义_地点_沈岭_0,地点,"实体名：沈岭
实体描述：
- 岭名，姜维度此岭取长城。",三国演义
三国演义_地点_沓中_0,地点,"实体名：沓中
实体描述：
- 陇西之地，肥壮。姜维在此屯田种麦，下四十余营。
- 邓艾屯兵绊住姜维之处。",三国演义
三国演义_地点_沔中_0,地点,"实体名：沔中
实体描述：
- 丁封、孙异引兵二万向沔中而进。",三国演义
三国演义_地点_沔口_0,地点,"实体名：沔口
实体描述：
- 陈就、邓龙引艨艟截住的水口。
- 地名，与江夏同为屯兵处。
- 诸葛瑾率败兵逃走之处。",三国演义
三国演义_地点_沔水_0,地点,"实体名：沔水
实体描述：
- 徐晃循此水袭偃城之后。",三国演义
三国演义_地点_沔阳_0,地点,"实体名：沔阳
实体描述：
- 刘备筑坛进位汉中王之处，方圆九里，分布五方。
- 地名，诸葛亮率兵至此，经过马超坟墓。
- 后主令建诸葛亮庙于此，四时享祭。",三国演义
三国演义_地点_沔阳路_0,地点,"实体名：沔阳路
实体描述：
- 道路，刘备从小路斜投汉津，望沔阳路而走。",三国演义
三国演义_地点_沙口_0,地点,"实体名：沙口
实体描述：
- 泸水下流处，水浅水慢，可以扎筏而渡。马岱从此处渡水，后阿会喃守把此处。",三国演义
三国演义_地点_沙头镇_0,地点,"实体名：沙头镇
实体描述：
- 孙夫人带阿斗上船的江边小镇。",三国演义
三国演义_地点_沛县界首_0,地点,"实体名：沛县界首
实体描述：
- 回至沛县界首，张飞诈妆出贼抢劫马匹之处。",三国演义
三国演义_地点_沛国_0,地点,"实体名：沛国
实体描述：
- 华佗的籍贯国名。",三国演义
三国演义_地点_沛国丰_0,地点,"实体名：沛国丰
实体描述：
- 张鲁的祖籍，沛国丰县。",三国演义
三国演义_地点_沛国谯郡_0,地点,"实体名：沛国谯郡
别名：谯县，谯国谯县，谯郡
实体描述：
- 曹操家乡，沛国谯郡。
- 曹操的故乡，他计划逃归并发矫诏之地。
- 许褚的家乡。
- 华佗的籍贯郡名。
- 华佗的家乡。
- 沛国谯县，曹丕南巡此地，大飨先茔，效汉高祖还沛之事。",三国演义
三国演义_地点_河上_0,地点,"实体名：河上
实体描述：
- 黄河岸边，曹操退军至此诱袁绍追击，背水一战。",三国演义
三国演义_地点_河东_0,地点,"实体名：河东
别名：河东
实体描述：
- 董卓官拜河东太守。
- 徐晃的家乡（河东杨郡）。
- 黄河以东区域，马超担心曹操渡河后己方粮尽。
- 黄河以东地区，曹操未从河东击冯翊。",三国演义
三国演义_地点_河东解良_0,地点,"实体名：河东解良
别名：解良
实体描述：
- 关羽家乡，河东郡解良县。
- 关公自称的家乡，位于河东。",三国演义
三国演义_地点_河内_0,地点,"实体名：河内
实体描述：
- 袁绍屯兵之处。
- 荀彧谏言中提及的光武所据之地。
- 袁绍计划于河内增益舟楫，缮置军器。
- 司马懿籍贯河内郡。",三国演义
三国演义_地点_河北_0,地点,"实体名：河北
别名：河北
实体描述：
- 袁绍势力范围。
- 黄河以北地区，刘备探听河北消息。
- 袁绍的势力范围，孙乾前往河北求救，泛指黄河以北地区。
- 区域，袁绍所在，关公欲往寻兄。
- 地区名，袁绍势力范围，刘备曾往袁绍处，关公欲往河北寻兄。
- 黄河以北，曹操欲渡河击西凉军之后。
- 渭河以北地区，马超杀入河北。",三国演义
三国演义_地点_河西_0,地点,"实体名：河西
实体描述：
- 徐晃伏兵之地。
- 渭河以西地区，曹操派徐晃渡河西结营。
- 郝昭原镇守之地。",三国演义
三国演义_地点_河间_0,地点,"实体名：河间
实体描述：
- 董太后被迁于河间安置，后为何进使人鸩杀于驿庭。
- 袁谭劫掠之处。",三国演义
三国演义_地点_油江口_0,地点,"实体名：油江口
实体描述：
- 刘备屯兵之处，周瑜亲来相谢并交涉南郡归属。",三国演义
三国演义_地点_油江夹口_0,地点,"实体名：油江夹口
实体描述：
- 张飞巡哨截住吴船之处。",三国演义
三国演义_地点_泗水_0,地点,"实体名：泗水
实体描述：
- 河流。下邳有泗水之险，曹操决沂、泗之水淹下邳。",三国演义
三国演义_地点_泰山_0,地点,"实体名：泰山
别名：泰山
实体描述：
- 鲍信引本部军兵投奔之处。
- 郡名，曹操遣泰山太守应劭取父曹嵩。
- 孔融之父孔宙曾任泰山都尉；曹操行军经过泰山险路。
- 山脉，袁术若并刘备则北连泰山诸将以图吕布。
- 泰山寇出没之地。",三国演义
三国演义_地点_泰山路_0,地点,"实体名：泰山路
实体描述：
- 泰山险路，郭嘉恐有伏兵，曹操笑吕布无谋不会有伏。",三国演义
三国演义_地点_泸水_0,地点,"实体名：泸水
实体描述：
- 南蛮之地的一条河流，水势甚急，毒气聚集，日间渡水必中毒，夜静水冷方可渡。孟获据其险阻隔蜀军。
- 三江之一，河流名。班师时水面起狂风，军不能进。
- 南方河流，孔明班师至此遇阴云狂风，水中有猖神作祸，后孔明亲祭，次日云收雾散风静浪平，蜀兵安然渡过。",三国演义
三国演义_地点_泾县_0,地点,"实体名：泾县
实体描述：
- 太史慈招精壮二千余人，孙策设计活捉太史慈。",三国演义
三国演义_地点_洋子江_0,地点,"实体名：洋子江
实体描述：
- 蒋钦、周泰聚人劫掠之处。",三国演义
三国演义_地点_洛_0,地点,"实体名：洛
实体描述：
- 洛阳。",三国演义
三国演义_地点_洛水_0,地点,"实体名：洛水
实体描述：
- 河流，司马懿屯兵洛水浮桥，指洛水为誓。
- 司马昭还屯洛水之南。",三国演义
三国演义_地点_洛水浮桥_0,地点,"实体名：洛水浮桥
实体描述：
- 洛水上的浮桥，司马懿屯兵守之，曹爽过桥归降。",三国演义
三国演义_地点_洛阳_0,地点,"实体名：洛阳
实体描述：
- 汉朝京城，发生地震等灾异。
- 东汉京师，董卓进军和专权之地。
- 东汉都城，董卓焚烧宫室，劫迁天子后成为废墟。
- 糜竺曾往洛阳买卖。
- 汉朝东都，献帝欲还都之处，修洛阳宫院。
- 汉旧都，宫室烧尽，街市荒芜，满目蒿草。献帝还洛阳后，又被迫迁往许都。
- 城市，韩福镇守，关公经过时斩韩福、孟坦。
- 耿纪故乡。
- 曹操引兵过此往阳陵坡。
- 曹操驻地，曹操自葬关羽后每夜见关公，欲建建始殿，后病死于洛阳。
- 曹丕自许昌幸洛阳，大建宫室，后自立为大魏皇帝于洛阳盖造宫殿。
- 魏国都城，曹丕引军回洛阳。
- 魏国都城，曹睿设朝于此，后曹睿驾回洛阳。
- 洛阳，魏国都城，曹睿升殿设朝之处。
- 魏国都城，孟达欲径取洛阳，司马懿令人将徐晃灵柩还葬于此。
- 魏国都城。曹睿驾回洛阳，曹休到洛阳疽发背而死。
- 魏国都城，曹睿在此设朝。
- 大雨传入洛阳，魏主设坛求晴。
- 魏国都城，曹真死后送葬于此，司马懿引大军还洛阳。
- 魏国都城，魏主所在，司马懿收兵回洛阳。
- 魏国都城，曹睿在此造朝阳殿、太极殿等，并置铜人、承露盘于芳林园。
- 魏国都城，曹睿居所。
- 魏国都城，司马懿起兵据武库，后曹爽等被斩于此。
- 魏国都城，司马师兄弟专权之处。
- 魏都，诸葛诞表文到洛阳，司马昭在此。
- 魏国都城，党均入洛阳报知司马昭，司马昭在此立曹璜为帝。
- 魏国都城，司马昭、钟会、邓艾等皆报捷或受诏于此。
- 魏国都城，邓艾父子被送至此，后刘禅迁居于此，司马昭还朝。
- 晋都城，司马炎所在，后孙皓被迁至此。",三国演义
三国演义_地点_洞口_0,地点,"实体名：洞口
实体描述：
- 曹休督军出击之地，魏兵三路之一。",三国演义
三国演义_地点_洮水_0,地点,"实体名：洮水
实体描述：
- 河流，郭淮引军取洮水断蜀兵粮道。
- 姜维背水列阵大破王经之处。",三国演义
三国演义_地点_洮阳_0,地点,"实体名：洮阳
实体描述：
- 魏地，姜维欲取此城屯粮结连羌人。邓艾设伏于此。",三国演义
三国演义_地点_洹水_0,地点,"实体名：洹水
实体描述：
- 曹操退军于洹水之上，等候袁尚回兵。",三国演义
三国演义_地点_济北_0,地点,"实体名：济北
实体描述：
- 曹操追赶贼兵至此处，降者数万。
- 曹操行军至济北，夏侯渊迎接入寨。",三国演义
三国演义_地点_济漯_0,地点,"实体名：济漯
实体描述：
- 青州涉济漯。",三国演义
三国演义_地点_济郡_0,地点,"实体名：济郡
实体描述：
- 麦熟之处，曹操令军割麦为食。",三国演义
三国演义_地点_济阳_0,地点,"实体名：济阳
实体描述：
- 曹真因病回归之地。",三国演义
三国演义_地点_济阴定陶_0,地点,"实体名：济阴定陶
实体描述：
- 董昭籍贯，济阴郡定陶县。",三国演义
三国演义_地点_浔阳江_0,地点,"实体名：浔阳江
实体描述：
- 吕蒙发白衣人驾快船直抵北岸的江段。",三国演义
三国演义_地点_浚山_0,地点,"实体名：浚山
实体描述：
- 杨奉所取之地。",三国演义
三国演义_地点_浮桥_0,地点,"实体名：浮桥
实体描述：
- 渭水上的桥梁，郭淮、孙礼在此与蜀兵接战，后被司马懿烧断。",三国演义
三国演义_地点_浮桥_1,地点,"实体名：浮桥
实体描述：
- 曹操用船筏锁链搭成的桥，共三条，后被烧毁。",三国演义
三国演义_地点_海州_0,地点,"实体名：海州
实体描述：
- 关羽在海州路上住扎。",三国演义
三国演义_地点_海滨_0,地点,"实体名：海滨
实体描述：
- 吕布收集败残军马的地方。",三国演义
三国演义_地点_涂中_0,地点,"实体名：涂中
实体描述：
- 司马伷出兵之处。",三国演义
三国演义_地点_涪城_0,地点,"实体名：涪城
实体描述：
- 刘璋与刘备相会之地，离成都三百六十里。
- 刘备提兵回涪城，后与庞统商议进取雒城。
- 地名，孙权若起兵可径取此处。
- 蜀地城池，邓艾攻取，城内官吏军民皆降。",三国演义
三国演义_地点_涪水_0,地点,"实体名：涪水
实体描述：
- 雒城北门外的河流，作为天然屏障未设围。
- 河流，郑度建议巴西之民避于涪水西。",三国演义
三国演义_地点_涪水关_0,地点,"实体名：涪水关
别名：涪关
实体描述：
- 刘璋命杨怀、高沛守把的关隘，以防刘备兵变。
- 又称涪关，杨怀、高沛守把，刘备杀二将后兵不血刃得关。
- 刘备驻扎的关隘。泠苞被解至涪关，刘备守涪关不出战，后奔回涪关。",三国演义
三国演义_地点_涪江_0,地点,"实体名：涪江
实体描述：
- 刘备与刘璋两军屯驻之处。
- 泠苞计划决涪江之水淹刘备军，江水大急。
- 前寨紧靠涪江，泠苞欲决江淹刘备军。",三国演义
三国演义_地点_涿县_0,地点,"实体名：涿县
实体描述：
- 涿郡下辖县，刘备家住本县楼桑村。",三国演义
三国演义_地点_涿郡_0,地点,"实体名：涿郡
实体描述：
- 幽州属郡，张飞世居于此，刘备、关羽等在此活动。
- 刘备曾在此师事郑玄。
- 刘备的故乡，父母宗祖坟墓所在，刘备欲往江边望北遥祭。",三国演义
三国演义_地点_淮南_0,地点,"实体名：淮南
实体描述：
- 地区，张闿杀曹嵩后逃奔此处。
- 张飞投奔刘备之处，刘备讨袁术方向。
- 袁术镇守之地，兵多粮广。
- 袁术根据地，地广粮多。
- 区域。袁术在淮南，刘备引军住守淮南径路。
- 袁术割据之地。袁术兵败后欲归河北。
- 地区名，诸葛诞总摄两淮军马，司马昭杀奔淮南。",三国演义
三国演义_地点_淮水_0,地点,"实体名：淮水
实体描述：
- 河流名，诸葛诞指望淮水泛涨冲倒土城，但秋冬至无霖雨。",三国演义
三国演义_地点_淮河_0,地点,"实体名：淮河
实体描述：
- 河流，又称淮。魏兵从蔡、颖入淮，后龙舟入淮，淮河芦苇火着。",三国演义
三国演义_地点_淮阳_0,地点,"实体名：淮阳
实体描述：
- 地名，东吴欲取之。",三国演义
三国演义_地点_淮阴河口_0,地点,"实体名：淮阴河口
实体描述：
- 纪灵败后退守之处，不敢交战。",三国演义
三国演义_地点_淯水_0,地点,"实体名：淯水
实体描述：
- 河流，又称清水。曹操军马在此下寨，败后逃至清水河边。曹安民被砍死，曹操渡河后马中箭。",三国演义
三国演义_地点_清水_0,地点,"实体名：清水
实体描述：
- 曹操放声大哭之处，去年折了典韦。",三国演义
三国演义_地点_渔阳_0,地点,"实体名：渔阳
实体描述：
- 张举、张纯反叛之地，刘虞领兵征讨，后平定。",三国演义
三国演义_地点_渤海_0,地点,"实体名：渤海
实体描述：
- 袁绍被拜为渤海太守之地。
- 袁谭劫掠之处。",三国演义
三国演义_地点_温州_0,地点,"实体名：温州
实体描述：
- 取柑子之地。",三国演义
三国演义_地点_温德殿_0,地点,"实体名：温德殿
实体描述：
- 皇帝御殿，灵帝方升座时出现大青蛇等异象。",三国演义
三国演义_地点_温明园_0,地点,"实体名：温明园
实体描述：
- 董卓召集百官议废立之事的园林。",三国演义
三国演义_地点_渭北_0,地点,"实体名：渭北
实体描述：
- 渭河以北地区。
- 渭水之北，司马懿退守此处，传令坚守不出。",三国演义
三国演义_地点_渭北寨_0,地点,"实体名：渭北寨
实体描述：
- 司马懿退守渭北的营寨，在此传令坚守。",三国演义
三国演义_地点_渭南_0,地点,"实体名：渭南
实体描述：
- 韩遂与庞德引军至此，与曹操作战。
- 渭水之南，司马懿大寨所在，后被蜀兵夺取。
- 司马懿与蜀兵相拒之处。
- 邓艾败退后于渭水南下寨（即渭南寨），与司马望商议退兵之策。",三国演义
三国演义_地点_渭南大寨_0,地点,"实体名：渭南大寨
实体描述：
- 司马懿在渭南的营寨，后被蜀兵夺取。",三国演义
三国演义_地点_渭口_0,地点,"实体名：渭口
实体描述：
- 马超屯兵之处，位于渭河沿岸。",三国演义
三国演义_地点_渭桥_0,地点,"实体名：渭桥
实体描述：
- 渭河上的桥，马超截于渭桥之上。
- 马超与曹操交战之地，马超杀得曹操割须弃袍。
- 曹操曾在此深知庞德之勇。",三国演义
三国演义_地点_渭水浮桥_0,地点,"实体名：渭水浮桥
实体描述：
- 魏军在渭水上搭建的九座浮桥，为军事要道。",三国演义
三国演义_地点_渭河_0,地点,"实体名：渭河
别名：渭水
实体描述：
- 曹操渡河之处，马超率军追击，许褚护操登船。
- 河流名，曹操在渭河内设浮桥。
- 曹操夺船避箭之地。
- 赵云建议屯兵之处。
- 渭水，又称渭河，魏军下寨于渭河之西，蜀军兵临渭水之西。
- 河流，蜀军全胜直追到渭水，夺了魏寨。
- 魏兵于渭水之南下寨。
- 河流，魏军搭浮桥，蜀魏多次在此交战。
- 河流名，邓艾据渭水下寨。",三国演义
三国演义_地点_渭滨_0,地点,"实体名：渭滨
实体描述：
- 渭水之滨，曹真败后移兵安营，司马懿退守渭滨南岸。
- 渭水边，有魏军提备。
- 渭水岸边，魏军在此下寨，司马懿受诏坚壁固守。",三国演义
三国演义_地点_渭阳_0,地点,"实体名：渭阳
实体描述：
- 李乐军与李傕、郭汜军会战的地方。",三国演义
三国演义_地点_湖山_0,地点,"实体名：湖山
实体描述：
- 后花园中之山，黄皓避于湖山之侧。",三国演义
三国演义_地点_湘江_0,地点,"实体名：湘江
实体描述：
- 河流，马良以此划分四郡方位，湘江之西为零陵、武陵，湘江之东为桂阳、长沙。",三国演义
三国演义_地点_湘潭_0,地点,"实体名：湘潭
实体描述：
- 地名，见于后人有诗赞黄忠“长随孤月照湘潭”。",三国演义
三国演义_地点_滏水口_0,地点,"实体名：滏水口
实体描述：
- 袁尚从西山小路出滏水口劫曹营。",三国演义
三国演义_地点_滑州界首_0,地点,"实体名：滑州界首
实体描述：
- 滑州边界，刘延出迎关公处。",三国演义
三国演义_地点_滕县_0,地点,"实体名：滕县
实体描述：
- 吕布知曹操回兵已过滕县。",三国演义
三国演义_地点_滥口_0,地点,"实体名：滥口
实体描述：
- 袁尚从西山夜走滥口，安营未定即被伏击。",三国演义
三国演义_地点_演武厅_0,地点,"实体名：演武厅
实体描述：
- 教场中厅堂，被尸体袭击。",三国演义
三国演义_地点_漳河_0,地点,"实体名：漳河
别名：漳水
实体描述：
- 许攸献计决漳河之水以淹冀州。
- 曹操筑铜雀台于漳河之上。
- 曹操引漳河水作玄武池。
- 曹操建铜雀台之河。
- 流经铜雀台的水域。
- 铜雀台所临之河。",三国演义
三国演义_地点_漳河边_0,地点,"实体名：漳河边
实体描述：
- 曹操斩救火官员之处。",三国演义
三国演义_地点_潼关_0,地点,"实体名：潼关
实体描述：
- 重要关隘。钟繇退守此处，曹洪、徐晃坚守，后被马超攻破。
- 关隘，初为贼据守。
- 曹操割须弃袍之地。
- 关隘，曹操兵出潼关，望见蓝田林木。",三国演义
三国演义_地点_濡须口_0,地点,"实体名：濡须口
别名：濡须，濡须坞，濡须城
实体描述：
- 曹操与孙权对阵的江口，吕蒙曾建议在此筑坞拒曹，孙权筑濡须坞。；孙权修筑的防御工事，用于抵御曹操水军。
- 曹操兴兵进犯之处，属东吴边境。
- 孙权移兵以拒曹操之处。
- 孙权收军回濡须，整顿船只，又称濡须坞。
- 孙权屯军之处，与曹操对峙的水口。；孙权在濡须的营垒。
- 曹仁督军出击之地，魏兵三路之一。
- 地名，又称濡须，朱桓督军守把处，曹仁遣常雕来攻。",三国演义
三国演义_地点_濦桥_0,地点,"实体名：濦桥
实体描述：
- 濦水上的桥，司马师中军驻地。",三国演义
三国演义_地点_濦水_0,地点,"实体名：濦水
实体描述：
- 司马师进军屯兵之处，中军屯于濦桥。",三国演义
三国演义_地点_濮阳_0,地点,"实体名：濮阳
实体描述：
- 吕布进据濮阳，与曹操交战。
- 城名，吕布据守之处，曹操用计攻取，最终得濮阳，恕田氏旧罪。
- 城邑。张辽提及濮阳城中曾与曹操相遇。
- 曹操攻吕布之地。",三国演义
三国演义_地点_灭泉_0,地点,"实体名：灭泉
实体描述：
- 秃龙洞西北路上的毒泉之一，其水如汤，人若沐浴则皮肉皆烂见骨必死。",三国演义
三国演义_地点_烽火台_0,地点,"实体名：烽火台
实体描述：
- 关羽令王甫沿江上下选高阜处置烽火台，每台五十军守之，以防火攻。
- 沿江高阜处所设预警设施，被吕蒙派人擒获守军。",三国演义
三国演义_地点_牂牁郡_0,地点,"实体名：牂牁郡
别名：牂牁
实体描述：
- 郡名，南蛮孟获犯此四郡之一。
- 郡名，朱褒为太守，反叛。",三国演义
三国演义_地点_牛头山_0,地点,"实体名：牛头山
实体描述：
- 山名，姜维引兵至此，欲抄雍州之后，与陈泰交战。",三国演义
三国演义_地点_牛渚_0,地点,"实体名：牛渚
实体描述：
- 张英领兵屯此，孙策与张英会战，收得邸阁粮食军器。
- 晋兵克之，深入吴境。",三国演义
三国演义_地点_牟平_0,地点,"实体名：牟平
实体描述：
- 刘繇的籍贯县名。",三国演义
三国演义_地点_犍为_0,地点,"实体名：犍为
实体描述：
- 赵云安抚的州郡之一。",三国演义
三国演义_地点_狄道城_0,地点,"实体名：狄道城
实体描述：
- 王经败退后闭门保守之城，姜维围攻不下。
- 魏兵屯驻之地，王经迎接陈泰、邓艾入城。",三国演义
三国演义_地点_猇亭_0,地点,"实体名：猇亭
实体描述：
- 地名，刘备御营驻扎处，后蜀吴两军在此交战，刘备收兵回猇亭。
- 刘备水军驻扎之地，吴蜀交战处，孙夫人闻兵败于此。",三国演义
三国演义_地点_猇亭彝陵之地_0,地点,"实体名：猇亭彝陵之地
实体描述：
- 地名，陆逊大破蜀兵之处。",三国演义
三国演义_地点_玄德寨_0,地点,"实体名：玄德寨
实体描述：
- 刘备军营。许汜等夜过玄德寨，张飞在此生擒郝萌。",三国演义
三国演义_地点_玄武池_0,地点,"实体名：玄武池
实体描述：
- 曹操引漳河水所造之池，用于教练水军，准备南征。
- 曹操于邺郡所挖，用以训练水军。",三国演义
三国演义_地点_玉堂_0,地点,"实体名：玉堂
实体描述：
- 殿名，秋七月有虹现于玉堂。",三国演义
三国演义_地点_玉泉山_0,地点,"实体名：玉泉山
实体描述：
- 位于荆门州当阳县，普净结草为庵之处。关羽英魂在此显圣护民，乡人建庙四时致祭。",三国演义
三国演义_地点_玉清观_0,地点,"实体名：玉清观
实体描述：
- 吴郡内的道观，吴太夫人设醮之处，孙策曾前往焚香。",三国演义
三国演义_地点_玉龙台_0,地点,"实体名：玉龙台
实体描述：
- 铜雀台左边一座台，名为玉龙。
- 铜雀台左边一座台，各高十丈，与金凤台通过二桥相通。",三国演义
三国演义_地点_琅琊_0,地点,"实体名：琅琊
实体描述：
- 雷薄所取之地，后吕布保杨奉为琅琊牧。",三国演义
三国演义_地点_琅琊南阳_0,地点,"实体名：琅琊南阳
实体描述：
- 诸葛瑾的籍贯，琅琊郡南阳。",三国演义
三国演义_地点_琅琊宫_0,地点,"实体名：琅琊宫
实体描述：
- 于吉自称的道观，位于琅琊。",三国演义
三国演义_地点_琅琊阳都_0,地点,"实体名：琅琊阳都
实体描述：
- 县名，诸葛亮祖籍。",三国演义
三国演义_地点_瑯琊_0,地点,"实体名：瑯琊
实体描述：
- 郡名，曹嵩隐居于此。",三国演义
三国演义_地点_瓦口关_0,地点,"实体名：瓦口关
实体描述：
- 张郃退守的关隘，张飞、魏延连日攻打不下，后从梓潼山小路攻关后夺得。",三国演义
三国演义_地点_瓮城_0,地点,"实体名：瓮城
实体描述：
- 徐州城门外的防御工事。车胄伏兵于此欲杀刘备。",三国演义
三国演义_地点_瓮城_1,地点,"实体名：瓮城
实体描述：
- 洮阳城防结构，夏侯霸中计在此被箭雨射杀。",三国演义
三国演义_地点_甘南水_0,地点,"实体名：甘南水
实体描述：
- 三江之一，河流名。",三国演义
三国演义_地点_甘松_0,地点,"实体名：甘松
实体描述：
- 蜀地，姜维屯寨处，被杨欣烧毁。",三国演义
三国演义_地点_甘陵_0,地点,"实体名：甘陵
实体描述：
- 袁谭引兵劫掠之处。",三国演义
三国演义_地点_甘露寺_0,地点,"实体名：甘露寺
实体描述：
- 吴国太会见刘备的寺庙，孙权在此埋伏刀斧手，刘备砍石问天，寺牌上书“天下第一江山”。",三国演义
三国演义_地点_界桥_0,地点,"实体名：界桥
实体描述：
- 磐河之战中的桥梁，双方反复争夺。",三国演义
三国演义_地点_界首_0,地点,"实体名：界首
实体描述：
- 边界处，关公与孙乾至此暂歇，后与刘备相遇于关定庄。",三国演义
三国演义_地点_疆川口_0,地点,"实体名：疆川口
实体描述：
- 姜维退兵至此遇杨欣。",三国演义
三国演义_地点_登州_0,地点,"实体名：登州
实体描述：
- 沿海州郡，唐咨在此拘集海船。",三国演义
三国演义_地点_白帝城_0,地点,"实体名：白帝城
别名：白帝
实体描述：
- 庞统下计中建议退还白帝回荆州。
- 刘备驾屯之处。
- 刘备败退后入城歇息之处，诸葛亮建议主上投此避之，赵云救主至此。
- 地名，刘备败退后驻扎之处，赵云引兵据守。
- 城名，李严镇守，可抵挡陆逊。
- 先帝刘备临危托孤之处。
- 即白帝城，蜀汉增守于此，宗预答孙权问时提及。
- 刘备托孤之处，司马懿引为典故。",三国演义
三国演义_地点_白水_0,地点,"实体名：白水
实体描述：
- 从成都至白水共建四百余处馆舍亭邮。",三国演义
三国演义_地点_白水关_0,地点,"实体名：白水关
实体描述：
- 蜀关隘，姜维与张翼、廖化合兵后前往。",三国演义
三国演义_地点_白沟_0,地点,"实体名：白沟
实体描述：
- 曹操济河后遏淇水入白沟以通粮道。",三国演义
三国演义_地点_白河_0,地点,"实体名：白河
实体描述：
- 河流，关羽在上流头用布袋遏住河水，后放水淹曹军。
- 河流，曹操令军士填塞白河，分兵八路取樊城。
- 诸葛亮白河用水，使曹仁辈心惊胆裂。",三国演义
三国演义_地点_白狼山_0,地点,"实体名：白狼山
别名：白狼
实体描述：
- 田畴引张辽至此，与蹋顿等交战，张辽斩蹋顿。
- 王粲所言曹操破乌桓之地。",三国演义
三国演义_地点_白门楼_0,地点,"实体名：白门楼
别名：门楼
实体描述：
- 下邳城上的门楼。曹操在此处与玄德同坐，审理吕布、陈宫、张辽等，吕布在此被缢死。；城门楼。吕布少憩门楼，被宋宪等擒获。",三国演义
三国演义_地点_白马_0,地点,"实体名：白马
实体描述：
- 地名。曹操与颜良交战之地，关羽在此斩颜良。",三国演义
三国演义_地点_白马_1,地点,"实体名：白马
实体描述：
- 刘备所骑之马，性极驯熟。刘备与庞统更换所骑之马，白马换给庞统，后庞统骑白马在落凤坡被射死。",三国演义
三国演义_地点_皇宫_0,地点,"实体名：皇宫
实体描述：
- 献帝居所。献帝回宫泣诉曹操无礼，伏完入见。",三国演义
三国演义_地点_皖城_0,地点,"实体名：皖城
实体描述：
- 曹操命庐江太守朱光镇守的城池。
- 庐江太守朱光屯兵之地，吕蒙、甘宁攻取之。
- 曹休引大军径取皖城，周鲂来迎。",三国演义
三国演义_地点_益州_0,地点,"实体名：益州
别名：巴蜀，西川，西蜀
实体描述：
- 刘璋势力范围。
- 刘璋所辖势力，诸葛亮建议刘备取西川建基业。
- 刘璋占据之地，诸葛亮计划夺取西川后归还荆州，刘备后来图之。
- 益州（又称西川），为刘璋所据之地。刘备曾借口取得西川便归还荆州，周瑜假意替刘备取西川，但刘备不忍夺取。
- 又称西川。孔明认为益州民强地险，刘璋足以自守，劝周瑜勿劳师远征。
- 东汉十三州之一，刘璋为益州牧，又称西川。
- 古号益州，又称西郡、西川、蜀中。沃野千里，民殷国富，地势险塞，有锦江、剑阁之险。刘璋统治之地。
- 即益州，刘璋的领地，刘备欲取之地。文中亦称蜀中。
- 刘璋占据的益州地区，刘备欲夺取之地。
- 指益州（蜀中）地区，为刘备欲夺取之地。
- 州名，刘备自领益州牧，包含西川、蜀郡等地；刘备并吞西川后逐刘璋于公安。
- 刘备得后应还荆州之地，即益州。
- 刘备占据之地，百姓惊恐曹操来取。
- 刘备所建立的政权，管辂卜有兵犯界。
- 州名，赵云认为若葭萌关失则益州危矣。；地区名，曹操未乘势图巴、蜀，西蜀即蜀汉地区。；地区名，曹操未因此势以图巴、蜀，指巴郡和蜀郡。
- 马超及庞柔所在之地，与刘备势力相关。
- 刘备所在，关羽欲奔西川。；刘备建立的政权，据有两川。刘备起兵欲为关羽报仇。
- 刘备政权所在区域，陆逊若深入则急难退。
- 郡名，南蛮孟获犯此四郡之一。；地区名，指蜀地。
- 州名，秦宓为益州学士，雍闿为益州耆帅。；刘备建立的政权，又称蜀。与东吴通好，并力破魏。
- 蜀汉州郡，诸葛亮进军方向，也是雍闿等造反之地。
- 蜀汉所属州郡，诸葛亮在《出师表》中称益州罢敝。
- 西川，蜀汉根据地，昭烈皇帝刘备继统之处。
- 标题中司马懿入寇西蜀，指蜀汉地区。
- 蜀地，钱粮多出于此。
- 蜀地古称，诸葛亮言其可为霸业。；即蜀地，邓艾取西川。；巴郡和蜀郡，泛指蜀地。
- 蜀汉地域，钟会退守可作刘备。
- 晋刺史王濬所在。",三国演义
三国演义_地点_益州界分_0,地点,"实体名：益州界分
实体描述：
- 益州边界区域，蜀军进入南蛮之地。",三国演义
三国演义_地点_盐井_0,地点,"实体名：盐井
实体描述：
- 位于银坑洞西二百里，产盐。",三国演义
三国演义_地点_盐渎_0,地点,"实体名：盐渎
实体描述：
- 孙坚因功除盐渎丞。",三国演义
三国演义_地点_盘石_0,地点,"实体名：盘石
实体描述：
- 南山中大树下的巨石，南斗北斗弈棋其上。",三国演义
三国演义_地点_盘蛇谷_0,地点,"实体名：盘蛇谷
实体描述：
- 形如长蛇的山谷，两边光峭石壁，无树木。孔明在此设计火烧兀突骨及三万藤甲军。",三国演义
三国演义_地点_盩厔山_0,地点,"实体名：盩厔山
实体描述：
- 长安西二百里处，山路险峻，张济、樊稠屯兵于此抵御西凉军。",三国演义
三国演义_地点_盱眙_0,地点,"实体名：盱眙
实体描述：
- 孙坚除盱眙丞。
- 刘备与袁术纪灵两军会合之地。
- 刘备弃盱眙而走。",三国演义
三国演义_地点_相府_0,地点,"实体名：相府
实体描述：
- 曹操的府邸。刘备被安排住在相府左近，曹操在此与刘备煮酒论英雄。
- 曹操的府邸，徐庶入相府拜见曹操。
- 曹操的幕府机构，国政皆在相府商议，左右近侍需贿赂方引入。",三国演义
三国演义_地点_相府_1,地点,"实体名：相府
实体描述：
- 董卓的相国府，曹操献刀行刺之地。
- 董卓在长安的府邸，貂蝉被送至此。",三国演义
三国演义_地点_相府_2,地点,"实体名：相府
别名：丞相府
实体描述：
- 诸葛亮丞相府，后主亲至此处问计。
- 孔明在成都的府邸，后主送孔明入丞相府中养病。
- 成都中诸葛亮府邸，灵柩停于此，其子诸葛瞻守孝。",三国演义
三国演义_地点_相府_3,地点,"实体名：相府
实体描述：
- 魏国丞相府，孔明书信中讥讽曹真无颜入相府。",三国演义
三国演义_地点_相府_4,地点,"实体名：相府
实体描述：
- 司马懿的相府，曹爽被令早归相府。",三国演义
三国演义_地点_省中_0,地点,"实体名：省中
别名：省中
实体描述：
- 宫省之中，唐周赴省中告变。
- 宫省之中，董卓设宴并令吕布带甲士侍卫之处。
- 尚书省官署，司马懿入此令高柔等据曹爽营。",三国演义
三国演义_地点_石亭_0,地点,"实体名：石亭
实体描述：
- 东吴埋伏之地，陆逊在此大破曹休。",三国演义
三国演义_地点_石城_0,地点,"实体名：石城
实体描述：
- 地名，诸葛亮右军屯驻于此。",三国演义
三国演义_地点_石壁_0,地点,"实体名：石壁
实体描述：
- 峨嵋山中石壁，天雷震裂得书。",三国演义
三国演义_地点_石头城_0,地点,"实体名：石头城
实体描述：
- 孙权迁治建业后所筑的城池。
- 城池，南徐沿江直至石头城。
- 城名，吴纲送诸葛靓至此见孙綝。
- 吴都城建业的要塞，王濬取之，孙皓降。",三国演义
三国演义_地点_石子岗_0,地点,"实体名：石子岗
实体描述：
- 吴国城南外乱冢坑，诸葛恪尸首被弃于此。",三国演义
三国演义_地点_石营_0,地点,"实体名：石营
实体描述：
- 进兵路线中的地点。",三国演义
三国演义_地点_石邑县_0,地点,"实体名：石邑县
实体描述：
- 报称凤凰来仪之地。",三国演义
三国演义_地点_碣石_0,地点,"实体名：碣石
实体描述：
- 陈兰所取之地。",三国演义
三国演义_地点_磐河_0,地点,"实体名：磐河
实体描述：
- 袁绍与公孙瓒交战之处，有磐河桥，绍军于桥东，瓒军于桥西。",三国演义
三国演义_地点_祁山_0,地点,"实体名：祁山
实体描述：
- 尹奉、赵昂屯兵之处。
- 祁山，蜀魏两军列阵交锋之地，诸葛亮出祁山，兵临渭水之西。
- 蜀军大寨所在之处，孔明在此会聚议事，后引军连夜投祁山大寨。
- 诸葛亮扎寨之山，祁山寨位于此。
- 蜀魏交战要地。孔明曾屯兵于此，后出祁山下寨。
- 诸葛亮多次出兵之地，蜀军在此扎寨，与魏军对峙。
- 蜀兵扎寨之地，孔明兵在祁山，分作三寨，孔明在祁山上指挥。
- 长安之首，用武之地，孔明欲先取此得地利。蜀魏多次交战争夺之地。
- 魏蜀交战前线，孔明安营及分兵驻守之处。
- 陇西要地，孔明多次出兵于此，本回中蜀魏两军在此对峙。
- 蜀汉北伐基地，诸葛亮令蜀兵与魏民相杂屯田，后调兵攻上方谷。
- 山名，魏兵立九寨于此，姜维欲杀奔祁山。
- 用武之地，诸葛亮六出祁山，姜维进兵至此处，邓艾亦在此下寨。
- 魏蜀交战的重要地点，三路兵杀奔祁山而来。
- 魏地，邓艾屯寨处。姜维曾攻打，张翼欲取祁山九寨。
- 诸葛亮六出祁山之处，文中提及。",三国演义
三国演义_地点_祁山大寨_0,地点,"实体名：祁山大寨
别名：祁山寨
实体描述：
- 诸葛亮在祁山扎寨之处，忽报新城细作来到。
- 孔明在祁山所扎的营寨，用于指挥作战。
- 孔明驻扎祁山的大营，使命至此宣诏。
- 孔明在祁山所设大营，按左、右、中、前、后五个大寨。
- 蜀军在祁山的主营，司马懿计划攻此以引救兵。
- 邓艾在祁山所立之寨，邓艾在此整点陇右之兵。
- 邓艾在祁山的营寨，姜维曾夺取此寨，后邓艾回寨训练人马，败后逃回。
- 邓艾在祁山的营寨，师纂守此。",三国演义
三国演义_地点_祁山谷口_0,地点,"实体名：祁山谷口
实体描述：
- 地名，鲍素屯兵于此，虚张旗号。",三国演义
三国演义_地点_神亭岭_0,地点,"实体名：神亭岭
实体描述：
- 刘繇于岭南下寨，孙策于岭北下寨，有汉光武庙，孙策与太史慈酣斗。",三国演义
三国演义_地点_禁宫_0,地点,"实体名：禁宫
实体描述：
- 皇宫，穆顺潜出送书之处。",三国演义
三国演义_地点_秃龙洞_0,地点,"实体名：秃龙洞
实体描述：
- 西南一洞，洞主朵思大王，有两条路，东北路平坦可垒断，西北路险恶多毒蛇烟瘴及四毒泉，孟获逃此躲避。",三国演义
三国演义_地点_秣陵_0,地点,"实体名：秣陵
实体描述：
- 薛礼守此，孙策攻城被冷箭射伤，后攻取。
- 孙权都城，伊籍至此见孙权。",三国演义
三国演义_地点_秦岭_0,地点,"实体名：秦岭
实体描述：
- 山脉之西有街亭，是汉中咽喉。",三国演义
三国演义_地点_秦川_0,地点,"实体名：秦川
实体描述：
- 地名，姜维欲直取此处得中原。",三国演义
三国演义_地点_秭归_0,地点,"实体名：秭归
实体描述：
- 旱路军到秭归，刘备后驻秭归。",三国演义
三国演义_地点_穰山_0,地点,"实体名：穰山
实体描述：
- 刘备与曹操交战之地，玄德于穰山下寨。",三国演义
三国演义_地点_突门_0,地点,"实体名：突门
实体描述：
- 冀州城上的突门，冯礼曾建议掘地道从此入，后审配以石击闭。",三国演义
三国演义_地点_竟陵_0,地点,"实体名：竟陵
别名：江夏竟陵
实体描述：
- 刘焉家乡，江夏郡竟陵县。
- 地名，刘璋支庶居于此。",三国演义
三国演义_地点_第一屯_0,地点,"实体名：第一屯
实体描述：
- 关平、廖化所救的营寨，后被魏兵攻占。",三国演义
三国演义_地点_箕关_0,地点,"实体名：箕关
实体描述：
- 车驾前奔的目的地之一。
- 李乐被徐晃杀后，保护车驾过箕关。",三国演义
三国演义_地点_箕山_0,地点,"实体名：箕山
实体描述：
- 李乐追赶到的地方。",三国演义
三国演义_地点_箕谷_0,地点,"实体名：箕谷
实体描述：
- 蜀兵出军之路，司马懿令张郃从小路抄箕谷退兵，赵云、邓芝伏兵于此。
- 孔明曾屯兵之处，有箕谷不戒之失。
- 通往祁山的谷口，司马懿屯兵于祁山之东箕谷口，魏延等出箕谷遭伏。",三国演义
三国演义_地点_米仓山_0,地点,"实体名：米仓山
实体描述：
- 屯粮之地，连接定军山，有夏侯渊分兵守护。
- 山名，张郃在此搬运粮草，后移于北山寨中。",三国演义
三国演义_地点_繁阳_0,地点,"实体名：繁阳
实体描述：
- 卜地于繁阳，筑受禅坛，曹丕登坛受禅。",三国演义
三国演义_地点_细阳_0,地点,"实体名：细阳
实体描述：
- 吕范的籍贯县名。",三国演义
三国演义_地点_终南山_0,地点,"实体名：终南山
实体描述：
- 杨奉被李傕所败后引军屯驻的地方。
- 山名，娄子伯隐居之地。",三国演义
三国演义_地点_绍府_0,地点,"实体名：绍府
实体描述：
- 袁绍的府邸，曹操曾问谁入此门。",三国演义
三国演义_地点_绵竹_0,地点,"实体名：绵竹
实体描述：
- 雒城之后的重要关隘，有重兵守御，刘璋遣费观、李严守此。
- 城池，李严、费观守此城，后降刘备。孔明留此守城，后赵云、黄忠接入。
- 刘封被升去守绵竹，后调回。
- 蜀地重镇，诸葛瞻父子战死于此，邓艾得之遂取成都。文中亦写作锦竹。
- 田续杀邓艾之处。",三国演义
三国演义_地点_罗川口_0,地点,"实体名：罗川口
实体描述：
- 博望城后面，向导官提及。",三国演义
三国演义_地点_罾口川_0,地点,"实体名：罾口川
实体描述：
- 樊城北十里山谷，于禁移七军屯于此，地势低洼，关羽放水淹之。",三国演义
三国演义_地点_羊山_0,地点,"实体名：羊山
实体描述：
- 曹操与黄巾会战之处，操赶过羊山下寨。",三国演义
三国演义_地点_羌_0,地点,"实体名：羌
实体描述：
- 马超兵败后入羌，结好羌兵，攻拔陇西州郡。
- 种族名称，孔明降集氏、羌，在诏书中提及。
- 西部民族，羌王迷当起兵助蜀，后反助魏。",三国演义
三国演义_地点_羌中_0,地点,"实体名：羌中
实体描述：
- 羌中，夏侯楙逃窜之地。",三国演义
三国演义_地点_羌胡城_0,地点,"实体名：羌胡城
实体描述：
- 羌胡城，夏侯楙与马遵弃城后投奔之处。",三国演义
三国演义_地点_羡溪_0,地点,"实体名：羡溪
实体描述：
- 地名，曹仁引大军去取此处，后吴兵从此杀出。",三国演义
三国演义_地点_翠花楼_0,地点,"实体名：翠花楼
实体描述：
- 宫中楼阁，赵忠等四人被剁为肉泥之处。
- 宫中楼阁，毛后引宫人来此消遣，听见郭夫人与魏主游园乐声。",三国演义
三国演义_地点_耒阳县_0,地点,"实体名：耒阳县
实体描述：
- 荆州东北一百三十里之县。刘备授庞统为县宰，庞统终日饮酒不理政事，后一日断尽百余日公务，张飞至此巡视。",三国演义
三国演义_地点_聚铁山_0,地点,"实体名：聚铁山
实体描述：
- 曹操屯粮草之处，周瑜欲派诸葛亮去断粮道。",三国演义
三国演义_地点_舒城_0,地点,"实体名：舒城
实体描述：
- 周瑜与孙策结昆仲之处，孙坚移家于此。",三国演义
三国演义_地点_芒砀山_0,地点,"实体名：芒砀山
实体描述：
- 张飞在芒砀山住了几时。
- 张飞突围后无路可走，只得望芒砀山而去。
- 张飞曾在此住月余，后偶过古城。",三国演义
三国演义_地点_芜湖_0,地点,"实体名：芜湖
实体描述：
- 鲁肃送周瑜灵柩至芜湖，孙权接着哭祭。",三国演义
三国演义_地点_芳林园_0,地点,"实体名：芳林园
实体描述：
- 魏国园林，魏主起土木于此，后安置铜人、承露盘，又广选美女入内。",三国演义
三国演义_地点_苍梧_0,地点,"实体名：苍梧
实体描述：
- 郡名，苍梧太守吴臣所在，诸葛亮假称刘备欲往投之。",三国演义
三国演义_地点_苍溪_0,地点,"实体名：苍溪
实体描述：
- 地名，百姓从苍溪经梓潼山入汉中。",三国演义
三国演义_地点_苍龙宿卫_0,地点,"实体名：苍龙宿卫
实体描述：
- 孙据入此地宿卫，可能为宫门宿卫区域。",三国演义
三国演义_地点_范县_0,地点,"实体名：范县
实体描述：
- 县名，曹操留军守此。
- 兖州三处未被吕布攻破的城池之一。",三国演义
三国演义_地点_茅舍_0,地点,"实体名：茅舍
实体描述：
- 七人宰牛烹食的茅屋。",三国演义
三国演义_地点_荆南_0,地点,"实体名：荆南
实体描述：
- 司马望幼年游学之地，与崔州平、石广元为友。",三国演义
三国演义_地点_荆州_0,地点,"实体名：荆州
实体描述：
- 刘表为刺史，受袁绍书派兵截击孙坚。
- 刘表所治之地。
- 檄文中提到书到荆州，便勒现兵与建忠将军协同声势。
- 刘表管辖之地，曹操欲招安刘表，祢衡被遣往荆州，后韩嵩劝刘表举荆州附操。
- 州名，刘表镇守之地，刘备欲往说刘表共破曹操。
- 刘表镇守之地，刘备投奔刘表，刘表出郭三十里迎接。
- 曹操南征的目标，刘表占据之地。
- 刘表所据之地，刘备投奔于此。
- 州名，刘表所治之地，曹操欲取荆州。
- 刘表所辖势力，诸葛亮建议刘备先取荆州为家。
- 刘表所掌管的势力，刘表死后蔡夫人等立刘琮为主，后献与曹操。
- 州名，刘表所治，后归曹操。曹操言不喜得荆州，喜得蒯异度。
- 指荆州地区，包括荆襄、荆楚等地。原为刘表所据，后被曹操占领。诸葛亮称取汉上之地易如反掌，刘备曾收众汉南，曹操屯兵江汉欲下江南。
- 曹操新得之地，威势越大。
- 曹操败后必经之路，通往许昌。
- 刘备欲取之地，诸葛亮用兵符诈调守军，张飞袭取。
- 州郡，包括南郡、襄阳等。刘备得荆州，诸葛亮、关羽等曾驻守。刘琦在此养病。后刘备班师回荆州。
- 刘备的驻地，被东吴索要，刘备与孔明在此商议借荆州之事，后刘备离开荆州前往南徐成亲。
- 刘备所占据之地，包括荆州城及汉上九郡，周瑜欲夺取，鲁肃讨还之处。
- 刘备驻守之地。孔明在此夜观天文知周瑜死，后刘备在此拜庞统为副军师。
- 刘备驻守之地，孔明在此为刘备谋划。
- 刘备暂居之地，东有孙权，北有曹操，非久恋之地。
- 刘备的根据地，孙夫人与阿斗居此，东吴欲夺取。
- 刘备的根据地，孔明留守，曹操、孙权皆欲取之。
- 刘备的根据地，由诸葛亮、云长等镇守。孔明从此起兵入川。
- 刘备昔日借地，东吴索要汉上诸郡。
- 关羽镇守之地，刘备所借，东吴屡次索要，关羽在此单刀赴会。
- 关羽镇守之地，包含南郡、零陵等。
- 州名，孔明欲派人往荆州替回关羽。
- 关羽镇守之地，东吴欲夺取，刘备据占不还。
- 关公所镇守的军事重镇，后被吕蒙白衣渡江袭取。
- 关羽所守之地，被吕蒙袭取，孙权尽收荆襄之地。
- 古州名，原为关羽镇守，后被吕蒙袭取。陆逊在此。
- 州名，陆逊领荆州牧，陆伯言镇守荆州。
- 李胜被任命为刺史之地。
- 魏州郡，钟会调遣此处人马。",三国演义
三国演义_地点_荆州城_0,地点,"实体名：荆州城
实体描述：
- 荆州的治所，公子刘琦在此求计，刘表病亡后蔡夫人等往襄阳驻扎。
- 荆州城门外，刘备在此相等劳军，城上插白旗，赵云在敌楼上。",三国演义
三国演义_地点_荆州大牢_0,地点,"实体名：荆州大牢
实体描述：
- 关羽令人将投降的于禁缚送此处监候。",三国演义
三国演义_地点_荆州界首_0,地点,"实体名：荆州界首
实体描述：
- 关羽洒扫驿庭等待张松之处。",三国演义
三国演义_地点_荆楚_0,地点,"实体名：荆楚
实体描述：
- 荆州一带，孙权拥有荆楚之地。",三国演义
三国演义_地点_荆襄_0,地点,"实体名：荆襄
别名：汉上九郡，荆襄九郡
实体描述：
- 刘表管辖的区域，兵精粮足。
- 荆州襄阳一带，程昱言先破袁绍后取荆襄。
- 荆州和襄阳所辖九郡，刘琮献此与曹操。
- 荆州所属九郡，大半已属刘备。
- 荆州襄阳一带，蒋琬为荆襄名士。
- 荆州襄阳一带，陆逊下令训练人马。",三国演义
三国演义_地点_草堂_0,地点,"实体名：草堂
实体描述：
- 水镜先生庄院中的草堂，刘备宿于草堂之侧，听闻徐庶来访。",三国演义
三国演义_地点_草屋_0,地点,"实体名：草屋
实体描述：
- 山岩畔的草屋数椽，庞统在其中读书。",三国演义
三国演义_地点_荡石寨_0,地点,"实体名：荡石寨
实体描述：
- 张郃三寨之一，与蒙头寨同为左右援，后被魏延、雷铜夺去。",三国演义
三国演义_地点_荥阳_0,地点,"实体名：荥阳
实体描述：
- 董卓行至此处，太守徐荣设伏击败曹操。
- 城市，王植为太守，关公经过时险遭火攻，斩王植。",三国演义
三国演义_地点_莱州_0,地点,"实体名：莱州
实体描述：
- 沿海州郡，唐咨在此拘集海船。",三国演义
三国演义_地点_萧关_0,地点,"实体名：萧关
实体描述：
- 关口。曹操追至萧关，吕布与陈登往救萧关，中计自相掩杀。",三国演义
三国演义_地点_落凤坡_0,地点,"实体名：落凤坡
实体描述：
- 地名，位于雒城附近。庞统道号凤雏，此处名落凤坡，不吉，最终在此被张任乱箭射死。",三国演义
三国演义_地点_葛陂_0,地点,"实体名：葛陂
实体描述：
- 何仪奔走之处，许褚截住黄巾。",三国演义
三国演义_地点_葛陂坞_0,地点,"实体名：葛陂坞
实体描述：
- 许褚聚宗族所筑之坞，擒获黄巾数百骑。",三国演义
三国演义_地点_董亭_0,地点,"实体名：董亭
实体描述：
- 姜维与徐质交战之地。
- 地名，姜维欲偷出董亭袭南安。",三国演义
三国演义_地点_董荼那寨_0,地点,"实体名：董荼那寨
实体描述：
- 董荼那的营寨，被魏延、王平夹攻。",三国演义
三国演义_地点_葫芦口_0,地点,"实体名：葫芦口
实体描述：
- 南彝陵附近险要，曹操在此遇张飞埋伏，军士饥馁，割马肉烧吃。",三国演义
三国演义_地点_葫芦谷_0,地点,"实体名：葫芦谷
实体描述：
- 张飞埋伏之处，曹操来日必至此造饭。",三国演义
三国演义_地点_葭萌关_0,地点,"实体名：葭萌关
实体描述：
- 刘备引兵驻守之处，用以抵御张鲁，并在此广施恩惠收民心。
- 刘备驻军之地，位于西川北部，后派孟达、霍峻守备。
- 重要关隘，马超奉张鲁命攻打此关，张飞、刘备率军来援，张飞与马超在此大战。
- 重要关隘，张郃受命取此关，守将孟达、霍峻，后黄忠、严颜来守，玄德大军出此关下营。
- 关隘，黄忠斩夏侯渊后至此见玄德献功。",三国演义
三国演义_地点_蒋陵_0,地点,"实体名：蒋陵
实体描述：
- 孙权葬地，在江东。",三国演义
三国演义_地点_蒙头寨_0,地点,"实体名：蒙头寨
实体描述：
- 张郃三寨之一，曾出兵杀败雷铜，后救兵被魏延、雷铜杀退并夺寨。",三国演义
三国演义_地点_蒙头岩_0,地点,"实体名：蒙头岩
实体描述：
- 汉中隘口，曹操留张郃守此。",三国演义
三国演义_地点_蒲阪津_0,地点,"实体名：蒲阪津
实体描述：
- 渡口。曹操命徐晃暗渡此处，截西凉军归路。",三国演义
三国演义_地点_蓝田_0,地点,"实体名：蓝田
实体描述：
- 地名，林木之间乃蔡邕庄，曹操路过此处。",三国演义
三国演义_地点_蔡_0,地点,"实体名：蔡
实体描述：
- 河流名，从蔡而入淮。",三国演义
三国演义_地点_蔡邕庄_0,地点,"实体名：蔡邕庄
实体描述：
- 蔡邕的庄园，位于蓝田林木之间，其女蔡琰与夫董祀居此。",三国演义
三国演义_地点_虎林_0,地点,"实体名：虎林
实体描述：
- 孙休被迎立前的驻地，孙休在虎林夜梦乘龙上天。",三国演义
三国演义_地点_虎牢关_0,地点,"实体名：虎牢关
别名：虎牢
实体描述：
- 董卓亲自屯兵之处，离洛阳五十里。吕布在此扎寨，与八路诸侯大战，三英战吕布发生于此。
- 即虎牢关，诗中提及“三战虎牢”。
- 刘岱昔为兖州刺史时，曾参与虎牢关伐董卓。",三国演义
三国演义_地点_蛮兵大寨_0,地点,"实体名：蛮兵大寨
实体描述：
- 孟获的蛮军大寨，被蜀军攻杀。",三国演义
三国演义_地点_蜀寨_0,地点,"实体名：蜀寨
实体描述：
- 蜀军大营，孔明所在营寨。
- 诸葛亮大军所驻扎的营寨，孟获计划里应外合劫寨，却遇空寨。",三国演义
三国演义_地点_蜀寨_1,地点,"实体名：蜀寨
实体描述：
- 姜维在洮阳附近的营寨，被邓艾夜袭。",三国演义
三国演义_地点_蜀道_0,地点,"实体名：蜀道
实体描述：
- 崎岖难行，车不能方轨，马不能联辔。",三国演义
三国演义_地点_蜀郡_0,地点,"实体名：蜀郡
实体描述：
- 郡名，法正为蜀郡太守，许靖原为蜀郡太守。
- 成都一带，马超申报之处。",三国演义
三国演义_地点_街亭_0,地点,"实体名：街亭
实体描述：
- 汉中咽喉要地，位于秦岭之西，傍有列柳城。马谡在此屯兵山上，被魏军围困攻破。
- 蜀魏交战要地，马谡失守之处。孔明令王平、李恢守街亭小路。
- 街亭之役，咎由马谡，在诏书中提及。
- 马谡失守之地，陈式以此讥讽孔明。
- 地名，姜维照武侯街亭旧例自贬。",三国演义
三国演义_地点_袁绍墓_0,地点,"实体名：袁绍墓
实体描述：
- 曹操亲往设祭，再拜而哭。",三国演义
三国演义_地点_褒中_0,地点,"实体名：褒中
实体描述：
- 魏延提议取路出褒中，循秦岭以东进兵。",三国演义
三国演义_地点_褒州_0,地点,"实体名：褒州
实体描述：
- 地名，刘备大兵追至褒州，张飞在此劫粮，黄忠从褒州杀来。",三国演义
三国演义_地点_襄城_0,地点,"实体名：襄城
实体描述：
- 曹操行军途经之地。
- 张绣驻扎之地，刘晔先至襄城见贾诩，后张绣在此投降曹操。",三国演义
三国演义_地点_襄平_0,地点,"实体名：襄平
实体描述：
- 辽东郡治所，公孙渊所守之城，司马懿围攻之地。",三国演义
三国演义_地点_襄平北市_0,地点,"实体名：襄平北市
实体描述：
- 襄平城北的市场，地陷涌出怪肉。",三国演义
三国演义_地点_襄武县_0,地点,"实体名：襄武县
实体描述：
- 天降祥瑞之处，有自称民王之人现身。",三国演义
三国演义_地点_襄江_0,地点,"实体名：襄江
实体描述：
- 襄阳附近的江流，曹兵大半死于襄江之中，关羽渡江攻打樊城。
- 关公急渡此江望襄阳而奔。",三国演义
三国演义_地点_襄阳_0,地点,"实体名：襄阳
实体描述：
- 蔡瑁为襄阳人，属荆州。
- 荆州治所，刘表军所在，孙坚围攻襄阳。
- 刘表治所，蔡瑁设宴欲害刘备，刘备跃马出西门。
- 城名，刘表设宴之处，蔡瑁谋害刘备，刘备逃席跃马檀溪。襄阳城外二十里有隆中。
- 襄阳城西二十里有卧龙冈，刘表所在荆州治所。
- 刘表曾在此驻扎，蔡夫人与刘琮前赴襄阳，刘表葬于襄阳城东汉阳之原。
- 荆州治所，刘琮所守。刘备行至襄阳东门，魏延开门相迎，后曹操进屯襄阳城外。
- 夏侯惇守备，被诸葛亮用兵符诱出，关羽袭取。
- 城池，刘备得之，后令关羽前去保守。
- 庞统的籍贯（襄阳人）。
- 关羽拒守之地。
- 曹仁屯兵之处，关羽攻拔襄阳，曹兵大半死于襄江。
- 关公曾望此而奔，后由徐晃、夏侯尚守之。
- 刘封引兵来取襄阳，夏侯尚、徐晃已在此，孟达守襄阳、樊城。
- 魏国重镇，东吴欲取之。
- 魏国郡县，田豫引兵救之。
- 晋羊祜镇守之地，杜预抚民养兵之处。",三国演义
三国演义_地点_襄阳东门_0,地点,"实体名：襄阳东门
实体描述：
- 襄阳城东门，刘备勒马叫门，魏延在此开门。",三国演义
三国演义_地点_西城_0,地点,"实体名：西城
实体描述：
- 山僻小县，蜀兵屯粮之所，南安、天水、安定三郡总路。诸葛亮在此设空城计。",三国演义
三国演义_地点_西城水_0,地点,"实体名：西城水
实体描述：
- 三江之一，河流名。",三国演义
三国演义_地点_西寨_0,地点,"实体名：西寨
实体描述：
- 濮阳之西吕布的营寨，曹操夜袭夺寨，后高顺等来争。",三国演义
三国演义_地点_西山_0,地点,"实体名：西山
实体描述：
- 袁尚败退后下寨之处，后被曹军攻打。",三国演义
三国演义_地点_西山_1,地点,"实体名：西山
实体描述：
- 周瑜岸上结营之处。
- 周瑜送蒋干往西山庵中歇息，山后有庵、草屋，庞统隐居处。
- 周瑜差人放火炮之处。",三国演义
三国演义_地点_西山_2,地点,"实体名：西山
实体描述：
- 孙礼伏兵之处，马岱在此放火。",三国演义
三国演义_地点_西山小路_0,地点,"实体名：西山小路
实体描述：
- 李歆突围求救所行之路。",三国演义
三国演义_地点_西川嘉陵峨嵋山_0,地点,"实体名：西川嘉陵峨嵋山
实体描述：
- 左慈学道三十年之处，得天书。",三国演义
三国演义_地点_西平关_0,地点,"实体名：西平关
实体描述：
- 关隘名，轲比能引羌兵犯此，诸葛亮令马超紧守。
- 关隘，西番兵出此关见马超不战自退。
- 蜀国边关，羌兵直扣此关，守将韩祯急报孔明。",三国演义
三国演义_地点_西教场_0,地点,"实体名：西教场
实体描述：
- 曹操点兵之处，杨修引张松观军容。",三国演义
三国演义_地点_西津渡口_0,地点,"实体名：西津渡口
实体描述：
- 严白虎聚寇分布于此，程普与战大败之。",三国演义
三国演义_地点_西洱河_0,地点,"实体名：西洱河
实体描述：
- 一条河流，水势虽慢，无船筏，蜀军搭竹桥渡河，河北岸下寨，南岸设大营，为蜀蛮交战之地。",三国演义
三国演义_地点_西羌_0,地点,"实体名：西羌
实体描述：
- 西羌国，国王彻里吉，与魏国往来，起兵助魏攻蜀。",三国演义
三国演义_地点_西苑_0,地点,"实体名：西苑
实体描述：
- 吴主孙亮出游之处，食生梅令取蜜。",三国演义
三国演义_地点_西门_0,地点,"实体名：西门
实体描述：
- 襄阳西门，刘备由此逃出，前有檀溪阻隔。",三国演义
三国演义_地点_西陵_0,地点,"实体名：西陵
实体描述：
- 吴地，陆抗攻拔斩步阐。",三国演义
三国演义_地点_讲武城外_0,地点,"实体名：讲武城外
实体描述：
- 曹操遗命设立疑冢七十二之处。",三国演义
三国演义_地点_许田_0,地点,"实体名：许田
实体描述：
- 许都附近的围猎场。曹操与天子打猎于此，周广二百余里，发生射鹿事件。
- 地名，昔年刘备与曹操猎于许田，关羽曾欲杀曹操。",三国演义
三国演义_地点_许都_0,地点,"实体名：许都
别名：许
实体描述：
- 曹操建议迁都之地，地近鲁阳，城郭宫室钱粮民物足备。后汉献帝迁都于此，曹操盖造宫室殿宇。
- 曹操都城。刘备投奔曹操至此，王则奉诏至徐州后回许都，陈登解韩胤至许都，韩胤被斩于市曹。
- 曹操控制的首都，汉献帝所在。
- 都城。刘备投曹操处，曹操令夏侯惇回许都调理，后葬陈宫于许都。
- 东汉都城，又称许昌。曹操班师回许昌，献帝设朝于此，刘备被安置在相府左近。众人归歇之处。
- 曹操的根据地，檄文传至许都。刘岱、王忠被遣后回见曹操于此。
- 又名许昌、京师，汉朝都城，曹操的根据地。文中多次提及，是曹操发号施令、宴请宾客、审问吉平之处。
- 都城，曹操所在，胡华之子胡班曾在许都城外。
- 曹操势力中心，关公曾在此栖身，后离开护送二嫂。
- 曹操的都城，谣言中韩遂、马腾杀奔许都。
- 汉献帝都城，华歆奉表见曹操之处，后曹操引文武回许昌（即许都）。
- 东汉都城，曹操班师回许都。
- 曹操所在都城，张松出使之处。
- 曹操的根据地，即许昌，曹操在此威福日甚。
- 曹操所在都城，杨阜被车载至许都见曹操。
- 东汉都城，刘备差人赍表赴许都，曹操在此闻知刘备自立汉中王。
- 曹操都城，曹操曾虑关公长驱大进至此。
- 魏都城，赵咨出使之处。
- 许都，魏国旧都。
- 汉末故都，桓范劝曹爽请天子幸许都调兵。",三国演义
三国演义_地点_许都南门_0,地点,"实体名：许都南门
实体描述：
- 许都南城门，耿纪等出逃之处。",三国演义
三国演义_地点_谯东_0,地点,"实体名：谯东
实体描述：
- 曹操筑精舍之处，在谯县以东五十里，欲春夏读书、秋冬射猎。",三国演义
三国演义_地点_谷口_0,地点,"实体名：谷口
实体描述：
- 姜维令三军至谷口下寨，分作三寨。",三国演义
三国演义_地点_豫山_0,地点,"实体名：豫山
实体描述：
- 博望之左的山，关羽引军埋伏于此。",三国演义
三国演义_地点_豫州_0,地点,"实体名：豫州
别名：豫州
实体描述：
- 刘备被表为豫州牧后到任，进兵屯小沛。
- 刘备所辖州界。
- 魏州郡，钟会调遣此处人马。",三国演义
三国演义_地点_豫章_0,地点,"实体名：豫章
实体描述：
- 刘繇与笮融走豫章投刘表。
- 郡名，太守华歆投降孙策。",三国演义
三国演义_地点_赤坡_0,地点,"实体名：赤坡
实体描述：
- 孔明传令教大军会于赤坡驻扎。",三国演义
三国演义_地点_赤壁_0,地点,"实体名：赤壁
实体描述：
- 黄盖火船进发之地，赤壁之战主战场。
- 长江沿岸地名，赤壁之战主战场。周瑜在此破曹操，后人有诗赞“周郎曾此破曹公”。
- 赤壁之战发生地，曹操在此被击败，诸葛亮借东风助周瑜。
- 曹操赤壁败后常思报仇。
- 周瑜火攻破曹之地。后人有诗叹周瑜提及“赤壁遗雄烈”。
- 曹操遇周瑜之地。",三国演义
三国演义_地点_赤岸坡_0,地点,"实体名：赤岸坡
实体描述：
- 司马懿追蜀兵至此，见已去远而还。",三国演义
三国演义_地点_越嶲郡_0,地点,"实体名：越嶲郡
别名：越嶲
实体描述：
- 郡名，南蛮孟获犯此四郡之一。
- 郡名，高定为太守，反叛。",三国演义
三国演义_地点_跃龙潭_0,地点,"实体名：跃龙潭
实体描述：
- 离洛阳城三十里，潭边有跃龙祠，祠旁有大梨树。",三国演义
三国演义_地点_跃龙祠_0,地点,"实体名：跃龙祠
实体描述：
- 跃龙潭旁的祠庙，祠旁有大梨树。",三国演义
三国演义_地点_轵道_0,地点,"实体名：轵道
实体描述：
- 太守张杨迎驾于此。",三国演义
三国演义_地点_辕门_0,地点,"实体名：辕门
实体描述：
- 吕布军营之门，吕布令左右将画戟插于辕门外一百五十步处，射中戟小枝，解和纪灵与刘备。",三国演义
三国演义_地点_辕门_1,地点,"实体名：辕门
实体描述：
- 军营大门，周瑜送刘备出辕门，蒋干潜步出辕门。",三国演义
三国演义_地点_辽东_0,地点,"实体名：辽东
实体描述：
- 袁熙、袁尚投奔之地，公孙康杀二人送首级与曹操。
- 公孙渊造反之地，幽州以北地区。
- 公孙渊的根据地，位于北方。",三国演义
三国演义_地点_辽水_0,地点,"实体名：辽水
实体描述：
- 河流，司马懿伏兵于辽水之滨。",三国演义
三国演义_地点_辽水之滨_0,地点,"实体名：辽水之滨
实体描述：
- 司马懿设伏之处，夏侯霸、夏侯威伏兵于此。",三国演义
三国演义_地点_辽隧_0,地点,"实体名：辽隧
实体描述：
- 公孙渊分兵屯守之处，卑衍、杨祚领八万兵守此，围堑二十余里。",三国演义
三国演义_地点_逍遥津_0,地点,"实体名：逍遥津
实体描述：
- 合肥附近津渡，张辽设伏大败孙权。",三国演义
三国演义_地点_通衢_0,地点,"实体名：通衢
实体描述：
- 大道，董卓尸首号令于此。",三国演义
三国演义_地点_邓城_0,地点,"实体名：邓城
实体描述：
- 黄祖退走之城。",三国演义
三国演义_地点_邯郸_0,地点,"实体名：邯郸
实体描述：
- 沮鹄守备之处，遥为声援。",三国演义
三国演义_地点_邸阁_0,地点,"实体名：邸阁
实体描述：
- 牛渚的仓库，积粮十万，孙策收得粮食军器。",三国演义
三国演义_地点_邺城_0,地点,"实体名：邺城
别名：邺，邺郡
实体描述：
- 袁绍的治所，袁绍从此地出迎刘备。
- 袁绍后方重镇，审配回邺都监督粮草，袁绍分兵派袁谭救邺郡。
- 冀州治所所在城，亦称邺城。曹操决漳河水灌城。
- 曹植与曹丕在此造铜雀台。
- 曹操作玄武池以练水军之地。
- 曹操会群臣庆赏铜雀台之地。
- 曹操魏王宫所在，后称邺城。
- 城门，曹操欲试曹丕曹植才干，令出邺城门。
- 曹操所在之处，闻玄德自立汉中王后大怒。
- 曹操灵榇所赴之地，曹丕迎榇入城，又称邺城。
- 曹操葬于高陵所在，曹丕令于禁董治陵事，后曹丕还邺郡，黄龙现于邺郡。
- 魏国城郡，司马懿反间告示贴于邺城门上。",三国演义
三国演义_地点_郢州界口_0,地点,"实体名：郢州界口
实体描述：
- 张松入川途中经过，赵云在此迎接。",三国演义
三国演义_地点_都堂_0,地点,"实体名：都堂
实体描述：
- 官署名，李儒建议来日向都堂公论废立之事。
- 王允设宴犒赏军士之处。",三国演义
三国演义_地点_郿坞_0,地点,"实体名：郿坞
实体描述：
- 董卓在离长安二百五十里处筑造的坞堡，内藏粮食、美女、财宝，家属居住。
- 董卓的坞堡，董卓与貂蝉居住之地，后董卓迁葬于此，被雷火破坏。
- 李傕将帝后车驾移至此地，断绝内使。",三国演义
三国演义_地点_郿城_0,地点,"实体名：郿城
实体描述：
- 诸葛亮欲取之城，司马懿令子丹拒守，若兵来不可出战。
- 又称郿，郭淮星夜来守御。
- 司马懿令郭淮、孙礼引兵守把雍、郿二城之一。",三国演义
三国演义_地点_鄂县_0,地点,"实体名：鄂县
实体描述：
- 简雍固守之地。",三国演义
三国演义_地点_鄄城_0,地点,"实体名：鄄城
实体描述：
- 县名，曹操留荀彧等守此城。
- 兖州三处未被吕布攻破的城池之一，由荀彧、程昱死守。
- 曹操引兵暂住之处，后留夏侯惇、曹仁守之。",三国演义
三国演义_地点_鄢陵_0,地点,"实体名：鄢陵
实体描述：
- 曹彰自守之地，曹彰拜辞曹丕后回鄢陵。",三国演义
三国演义_地点_鄱阳湖_0,地点,"实体名：鄱阳湖
实体描述：
- 周瑜日于此教练水军。
- 周瑜训练水师之地。
- 新运粮到之地，黄盖巡哨之处。",三国演义
三国演义_地点_酒店_0,地点,"实体名：酒店
实体描述：
- 隆中路上酒店，石广元、孟公威在此饮酒作歌。",三国演义
三国演义_地点_酸枣_0,地点,"实体名：酸枣
实体描述：
- 曹操扬言派兵攻取之地，以分袁绍兵力。",三国演义
三国演义_地点_野寨_0,地点,"实体名：野寨
实体描述：
- 曹操渡河后扎营之处。",三国演义
三国演义_地点_野王_0,地点,"实体名：野王
实体描述：
- 张杨辞帝屯兵之处。",三国演义
三国演义_地点_金凤台_0,地点,"实体名：金凤台
实体描述：
- 铜雀台右边一座台，名为金凤。
- 铜雀台右边一座台，各高十丈，与玉龙台通过二桥相通。",三国演义
三国演义_地点_金城_0,地点,"实体名：金城
别名：金城
实体描述：
- 华佗居所，吴押狱前往取《青囊书》。
- 申仪任太守之地，孟达约同举事。
- 魏郡，太守杨欣烧甘松。",三国演义
三国演义_地点_金墉城_0,地点,"实体名：金墉城
实体描述：
- 曹奂禅位后出就居住之地。",三国演义
三国演义_地点_金环三结大寨_0,地点,"实体名：金环三结大寨
实体描述：
- 金环三结的营寨，位于山口，被赵云、魏延夜袭。",三国演义
三国演义_地点_金雁桥_0,地点,"实体名：金雁桥
实体描述：
- 雒城东面之桥，诸葛亮在此设伏诱敌。张任过桥后桥被拆断，最终被擒，张任葬于桥侧。",三国演义
三国演义_地点_钟提_0,地点,"实体名：钟提
实体描述：
- 姜维退兵屯扎之地。
- 姜维退兵屯驻之地，后在此设筵商议伐魏。",三国演义
三国演义_地点_钱塘_0,地点,"实体名：钱塘
实体描述：
- 孙坚年十七时与父至此，见海贼劫财，孙坚奋力提刀上岸吓退贼人。",三国演义
三国演义_地点_铁笼山_0,地点,"实体名：铁笼山
实体描述：
- 山势险峻，只有一条路，司马昭被姜维困于此山，后得泉水解困。",三国演义
三国演义_地点_铜雀台_0,地点,"实体名：铜雀台
别名：铜雀宫
实体描述：
- 曹操命建于漳河上的高台，中间高者名为铜雀。
- 曹操建于漳河之台，极其壮丽，欲置二乔于其中。
- 曹操建于漳水之上的台阁，欲锁二乔于此。
- 曹操的宫殿，诸葛亮提及若江南被破，二乔将被置于铜雀宫。
- 曹操所建高台，正临漳河，中央主台，曹操在此大宴文武，观武官比试弓箭。
- 曹操命诸妾多居于此，每日设祭，令女伎奏乐上食。",三国演义
三国演义_地点_银冶洞_0,地点,"实体名：银冶洞
实体描述：
- 杨锋所居之洞，杨锋为二十一洞主，引兵来助孟获。",三国演义
三国演义_地点_银坑山_0,地点,"实体名：银坑山
实体描述：
- 孟获声称去此处收拾宝物之处。
- 孟获祖居之地，有三江之险、重关之固，孟获以此激诸葛亮前往擒他。
- 梁都洞中的山，出银矿，山上置宫殿楼台，为蛮王巢穴。",三国演义
三国演义_地点_银坑洞_0,地点,"实体名：银坑洞
实体描述：
- 孟获的洞府，三擒后忿忿归到此洞，后差人往八番九十三甸借兵。
- 孟获的巢穴，洞外有三江，洞中有银坑山，山上置宫殿楼台，祖庙名“家鬼”。孟获多次在此聚集宗党，后被孔明大军攻占。",三国演义
三国演义_地点_锦屏山_0,地点,"实体名：锦屏山
实体描述：
- 紫虚上人隐居之处，刘璝等上山问卜。
- 在成都，赵云敕葬于此山之东。
- 成都附近的山，后主梦见其崩倒。",三国演义
三国演义_地点_锦带山_0,地点,"实体名：锦带山
实体描述：
- 山名，孟获败逃至此。",三国演义
三国演义_地点_锦江_0,地点,"实体名：锦江
实体描述：
- 益州险要河流，路有锦江之险。",三国演义
三国演义_地点_镇国寺_0,地点,"实体名：镇国寺
实体描述：
- 寺庙，位于汜水关前，汉明帝御前香火院，普净在此修行。
- 汜水关的寺院，普净曾在此出家。",三国演义
三国演义_地点_长乐宫_0,地点,"实体名：长乐宫
实体描述：
- 汉代宫殿，内有嘉德殿、嘉德门，何进在此被杀。",三国演义
三国演义_地点_长亭_1,地点,"实体名：长亭
实体描述：
- 新野城外饯别之处，刘备与徐庶在此相辞。",三国演义
三国演义_地点_长坂坡_0,地点,"实体名：长坂坡
别名：当阳长坂，当阳长坂坡，长坂
实体描述：
- 坡名，赵云在此处寻觅主母，单骑救主，杀死曹将。
- 战场，赵云曾在此百万军中如入无人之境。
- 赵云昔日救阿斗的战场，被提及。
- 张飞曾在此一声喝退曹兵百万。
- 刘备与关羽同败之处，鲁肃提及。",三国演义
三国演义_地点_长坂桥_0,地点,"实体名：长坂桥
实体描述：
- 桥名，张飞横矛立马于桥上，喝退曹军，后断桥。",三国演义
三国演义_地点_长城_0,地点,"实体名：长城
实体描述：
- 地名，魏屯粮草之处，姜维引兵来取。",三国演义
三国演义_地点_长安_0,地点,"实体名：长安
实体描述：
- 西汉故都，董卓迁都至此，以应童谣。
- 董卓盘踞的京城。
- 都城，董卓、李傕等势力活动的主要城市。
- 庞舒在长安城中私藏吕布妻小。
- 汉朝都城，李傕、郭汜在此混战。
- 旧都。严氏回忆昔在长安为吕布所弃。
- 西汉建都之处，城郭坚固。马超、韩遂围攻十日，后庞德献计破城。
- 汉朝故都，曹操回军长安，留夏侯渊屯兵。
- 城名，夏侯渊曾屯兵长安拒马超。
- 曹仁差人求救，使命星夜至长安呈书曹操。
- 魏国都城，赵云引兵出阳平关径取长安。
- 魏国西部重镇，夏侯楙星夜到长安调关西军马。
- 长安，魏国西京，曹真领大军到此，过渭河下寨。
- 魏国西部重镇，曹睿驾幸长安，司马懿领兵至此下寨。
- 魏国都城，司马懿撤兵至此见魏主，后引兵出关拒蜀。
- 魏国西部重镇，郭淮、张郃守长安。
- 魏国重镇，郭淮、张郃等守备之处。
- 司马懿引兵到长安，张郃接见。
- 魏国西部重镇，孔明曾欲取长安，魏延提议径出子午谷取长安。
- 魏国重镇，司马懿收兵回此地，大会诸路人马。
- 魏国西部重镇，司马懿到长安聚集军马。
- 魏国西部重镇，司马懿引兵回长安分调众将。
- 西汉故都，柏梁台所在，马钧引万人至长安拆铜人。
- 司马昭提大兵至长安。
- 司马昭自屯兵之处。",三国演义
三国演义_地点_长江_0,地点,"实体名：长江
实体描述：
- 东吴之险，曹操得荆州后已与东吴共之。
- 曹操与东吴对峙的江河，横如素练，赤壁之战主战场。
- 大江，吴有长江之险，曹丕至广陵泊于江岸，徐盛守江岸。",三国演义
三国演义_地点_长沙_0,地点,"实体名：长沙
实体描述：
- 区星作乱之地，孙坚被假帝诏为长沙太守讨区星。
- 郡，关羽取长沙，韩玄被杀，黄忠、魏延降。
- 刘备许诺先还给东吴的三郡之一，后被关羽赶回东吴官吏。
- 刘备欲还孙权之郡。
- 郡名，韩浩曾在此知黄忠利害，黄忠与魏延献此城。",三国演义
三国演义_地点_长社_0,地点,"实体名：长社
实体描述：
- 地名，黄巾贼退入长社，依草结营。",三国演义
三国演义_地点_阆中_0,地点,"实体名：阆中
别名：巴西阆中
实体描述：
- 巴西郡地，张飞驻军之处，地恶山险，可埋伏；张飞离阆中三十里与张郃交战。
- 严颜守隘之处，替回张飞、魏延。
- 张飞驻守之地，刘备差人赴阆中报知翼德。
- 张飞驻守之地，刘备迁张飞为阆中牧。张飞在此被害。",三国演义
三国演义_地点_阊门_0,地点,"实体名：阊门
实体描述：
- 吴城城门，孙策引众军到阊门外招谕。",三国演义
三国演义_地点_阙下_0,地点,"实体名：阙下
实体描述：
- 皇宫阙下，司马懿恨不能飞至。",三国演义
三国演义_地点_阙南_0,地点,"实体名：阙南
实体描述：
- 曹爽别营所在，近在阙南。",三国演义
三国演义_地点_阳城_0,地点,"实体名：阳城
别名：阳城
实体描述：
- 张宝带箭逃脱后坚守的城池，朱儁引兵围住攻打。
- 董卓行军至此，屠杀村民、掠夺妇女财物之地。
- 贾逵等取阳城直向东关。",三国演义
三国演义_地点_阳安关_0,地点,"实体名：阳安关
实体描述：
- 蜀关隘，傅佥、蒋舒守卫，被钟会攻破。",三国演义
三国演义_地点_阳平_0,地点,"实体名：阳平
实体描述：
- 袁尚出滏水界口，东至阳平。",三国演义
三国演义_地点_阳平_1,地点,"实体名：阳平
实体描述：
- 路径，玄德认为若得定军山则阳平一路无忧。
- 地名，诸葛亮左军屯驻于此。",三国演义
三国演义_地点_阳平亭_0,地点,"实体名：阳平亭
实体描述：
- 袁尚屯军之处，离冀州十七里，靠着滏水。",三国演义
三国演义_地点_阳平关_0,地点,"实体名：阳平关
实体描述：
- 汉中险要关隘，张鲁派杨昂、杨任守此关，后曹操得之。
- 关隘，曹操退守阳平关，后弃关而走。
- 关隘名，曹真引兵取此处，诸葛亮调赵云守把。
- 关隘，曹真兵出阳平关，赵云拒守，后马超坚守。
- 汉中冲要道路，魏延恐有失而奔往，孔明令关兴、张苞投阳平关。
- 蜀汉关隘，王平恐失此关而急来回守。
- 关隘，姜维败退至此，用连弩射退司马师。
- 蜀汉出兵伐魏的起点。",三国演义
三国演义_地点_阳曲泉水_0,地点,"实体名：阳曲泉水
实体描述：
- 于吉得神书《太平青领道》之处。",三国演义
三国演义_地点_阳武_0,地点,"实体名：阳武
实体描述：
- 袁绍进军官渡途中下寨之处。",三国演义
三国演义_地点_阳陵坡_0,地点,"实体名：阳陵坡
实体描述：
- 徐晃驻兵之处，位于洛阳之南。",三国演义
三国演义_地点_阴平_0,地点,"实体名：阴平
实体描述：
- 郡城，与汉连接，孔明令王平取之。
- 郡名，被王平打破，孔明取之。
- 蜀中险峻之地，孔明嘱咐须仔细，久必有失。
- 郡名，邓艾从此进兵，经阴平小路偷度。",三国演义
三国演义_地点_阴平小路_0,地点,"实体名：阴平小路
实体描述：
- 从阴平至汉中的崎岖小道，邓艾率军由此奇袭成都。",三国演义
三国演义_地点_阴平桥_0,地点,"实体名：阴平桥
别名：阴平桥头
实体描述：
- 蜀地桥头，廖化受命守此。魏兵断此归路。
- 诸葛绪守把之处，用以断姜维归路。",三国演义
三国演义_地点_阿会喃寨_0,地点,"实体名：阿会喃寨
实体描述：
- 阿会喃的营寨，被赵云、马忠夹攻。",三国演义
三国演义_地点_陆口_0,地点,"实体名：陆口
实体描述：
- 鲁肃屯兵之处，临江亭设宴邀请关羽。
- 鲁肃屯兵之处。
- 东吴吕蒙屯兵之处，常有吞并荆州之意。
- 东吴军事要地，吕蒙、陆逊先后驻守。",三国演义
三国演义_地点_陇上诸郡_0,地点,"实体名：陇上诸郡
实体描述：
- 南安所在的地区。",三国演义
三国演义_地点_陇右_0,地点,"实体名：陇右
实体描述：
- 王粲所言曹操逐刘备之地。
- 诸葛亮选择从陇右平坦大路进兵。",三国演义
三国演义_地点_陇西_0,地点,"实体名：陇西
实体描述：
- 马腾父亲失官后流落之处，与羌人杂处。
- 郡名，马超望陇西临洮而去。
- 地区名，李恢与马超有一面之交的所在。
- 一境之地，若街亭被断则不能安守，后魏国复得陇西诸郡。
- 郭淮提及陇西诸路，有细作探得各郡用心，郭淮、孙礼从陇西小路往救二郡。
- 地区，司马懿与郭淮巡略以防蜀兵割麦。
- 郡名，蜀魏交战之地，姜维欲先取此处。
- 魏地，邓艾受伐蜀诏后在此调度兵马。",三国演义
三国演义_地点_陇西临洮_0,地点,"实体名：陇西临洮
实体描述：
- 董卓的家乡。",三国演义
三国演义_地点_陈仓_0,地点,"实体名：陈仓
别名：陈仓城
实体描述：
- 地点，韩遂被樊稠追赶至此时以同乡之谊说服樊稠放行。
- 又称陈仓道口、陈仓城。郝昭守御之处，孔明攻二十余日不下。正北是街亭。
- 魏国重要城池，诸葛亮曾谋取，郝昭守把，后孔明趁郝昭病重智取攻入。
- 曹真、司马懿同领大军到陈仓城内，不见一间房屋，孔明回时放火烧毁。
- 关隘，蜀军径出之地。",三国演义
三国演义_地点_陈仓古道_0,地点,"实体名：陈仓古道
实体描述：
- 孔明令张嶷、王平先引一千兵去守陈仓古道，以当魏兵。
- 魏军探视蜀兵来否的古道，曹真等曾遭霖雨于此。",三国演义
三国演义_地点_陈仓道口_0,地点,"实体名：陈仓道口
实体描述：
- 魏延拒守王双之处，后斩王双于此。",三国演义
三国演义_地点_陈地_0,地点,"实体名：陈地
实体描述：
- 曹操东略之处。",三国演义
三国演义_地点_陈留_0,地点,"实体名：陈留
实体描述：
- 曹操寻父之处，卫弘所在。曹操在此招募义兵。
- 张邈任太守之地，韩馥投奔之处。
- 郡名，曹嵩曾避难于此，典韦亦为陈留人。",三国演义
三国演义_地点_陕西_0,地点,"实体名：陕西
实体描述：
- 董卓令牛辅驻守之地。
- 地区，李傕等逃居陕西。
- 张济统领大军自陕西来到。",三国演义
三国演义_地点_隆中_0,地点,"实体名：隆中
别名：卧龙冈，茅庐，草庐
实体描述：
- 地名，在襄阳城外二十里，诸葛亮居住之处。；山冈名，诸葛亮隐居之地，自号卧龙先生。
- 诸葛亮隐居之地，刘备三次前往拜访。山不高而秀雅，水不深而澄清。；隆中一带的高冈，诸葛亮的茅庐所在，清景异常，有古风单道其居处。；诸葛亮在卧龙冈的茅庐，刘备三顾之地，草堂上有对联‘淡泊以明志，宁静而致远’。
- 诸葛亮高卧隐居之处，张昭称“久闻先生高卧隆中”。；刘备三顾茅庐之处，诸葛亮自述“在草庐之中”。
- 诸葛亮隐居之地，曾闻曹操造铜雀台。
- 诸葛亮隐居之所，先帝三顾茅庐之处。
- 诸葛亮出山前隐居之处，文中言‘自出茅庐’。",三国演义
三国演义_地点_雍_0,地点,"实体名：雍
实体描述：
- 州名，邓艾与陈泰屯兵之处。",三国演义
三国演义_地点_雍城_0,地点,"实体名：雍城
实体描述：
- 又称雍，孙礼保守此城。
- 司马懿令郭淮、孙礼引兵守把雍、郿二城之一。",三国演义
三国演义_地点_雍州_0,地点,"实体名：雍州
实体描述：
- 魏国州郡，司马懿提督雍、凉等处兵马，后曹休总督雍、凉军马。
- 魏国州郡，夏侯玄守备于此，姜维欲取雍州。
- 姜维先前攻取未克之地。
- 魏州郡，诸葛绪合守之地，姜维诈取雍州。
- 魏国州郡，姜维诈取雍州，诸葛绪引兵去救。",三国演义
三国演义_地点_雒城_0,地点,"实体名：雒城
实体描述：
- 刘璋遣兵屯守以塞咽喉之路，为成都的保障。刘璝、张任等守备，泠苞欲决涪江淹刘备军于此。
- 西川重镇，有东门和西门。张任等守雒城，刘备与庞统分路进攻雒城。
- 益州重镇，刘备与刘璋军激战之处。张任守城，后城破，刘循逃走，刘备得城。
- 刘备军驻扎之处，法正所差下书人回报郑度之计于此。
- 张绍等送玉玺至此请降。",三国演义
三国演义_地点_零陵_0,地点,"实体名：零陵
实体描述：
- 黄盖的籍贯。
- 郡，刘备先取零陵，太守刘度投降。
- 刘巴的郡望，零陵烝阳人。
- 刘备许诺先还给东吴的三郡之一，后被关羽赶回东吴官吏。",三国演义
三国演义_地点_零陵城_0,地点,"实体名：零陵城
实体描述：
- 张英败后屯兵于此拒敌。",三国演义
三国演义_地点_零陵湘乡_0,地点,"实体名：零陵湘乡
实体描述：
- 蒋琬的籍贯。",三国演义
三国演义_地点_霸陵_0,地点,"实体名：霸陵
实体描述：
- 銮舆经过的桥梁所在地。",三国演义
三国演义_地点_青城山_0,地点,"实体名：青城山
实体描述：
- 隐者李意居住之地，陈震奉诏前往宣召。",三国演义
三国演义_地点_青州_0,地点,"实体名：青州
实体描述：
- 州名，黄巾贼围青州城，龚景为太守。
- 州名，青州黄巾起事。
- 陶谦遣陈登往青州向田楷求救。
- 袁绍所据州郡之一，曹操令臧霸守把青、徐。
- 袁谭为刺史之地，刘备匹马投青州，袁谭开门相迎。
- 袁谭出守之地，后袁谭引兵回青州整顿。
- 袁谭原领州牧之地，袁绍四州之一。
- 曹操得青州军二十万。
- 魏州郡，钟会调遣此处人马。",三国演义
三国演义_地点_青徐_0,地点,"实体名：青徐
实体描述：
- 青州和徐州地区，臧霸守把青、徐。",三国演义
三国演义_地点_青泥镇_0,地点,"实体名：青泥镇
实体描述：
- 乐进引兵至处，刘备声称要亲往拒敌。",三国演义
三国演义_地点_青泥隘口_0,地点,"实体名：青泥隘口
实体描述：
- 关羽拒襄阳要路。",三国演义
三国演义_地点_青琐门_0,地点,"实体名：青琐门
实体描述：
- 宫门名，袁术引兵布列于此，吴匡在此放火。
- 宫门，吕布呼王允出逃之处。",三国演义
三国演义_地点_青霄阁_0,地点,"实体名：青霄阁
实体描述：
- 魏主曹睿所立楼阁之一。",三国演义
三国演义_地点_项城_0,地点,"实体名：项城
实体描述：
- 毋丘俭屯兵之处。
- 地名，魏主车驾驻于此。",三国演义
三国演义_地点_项岭_0,地点,"实体名：项岭
实体描述：
- 邓艾陈兵之处。",三国演义
三国演义_地点_颍川_0,地点,"实体名：颍川
实体描述：
- 郡名，皇甫嵩、朱儁与张梁、张宝对垒。
- 曹操就食之处，破黄巾。
- 司马隽任颍川太守。",三国演义
三国演义_地点_颖_0,地点,"实体名：颖
实体描述：
- 河流名，从颖而入淮。",三国演义
三国演义_地点_飞桥_0,地点,"实体名：飞桥
实体描述：
- 连接三座台的两条飞桥，横空而上。",三国演义
三国演义_地点_馆陶_0,地点,"实体名：馆陶
实体描述：
- 县名，诸葛原迁新兴太守于此。",三国演义
三国演义_地点_馆驿_0,地点,"实体名：馆驿
实体描述：
- 徐州城内馆驿，韩胤被留宿于此，陈宫前往拜望。曹操见邹氏前，曹安民窥见馆舍之侧有妇人。",三国演义
三国演义_地点_馆驿_1,地点,"实体名：馆驿
实体描述：
- 督邮至县所居馆驿，张飞入馆驿鞭打督邮。",三国演义
三国演义_地点_馆驿_2,地点,"实体名：馆驿
实体描述：
- 诸葛亮暂歇之处，鲁肃请孔明于馆驿中暂歇，后孙权送孔明于馆驿安歇。",三国演义
三国演义_地点_馆驿_3,地点,"实体名：馆驿
实体描述：
- 张松在许都及荆州住宿之处。",三国演义
三国演义_地点_首山_0,地点,"实体名：首山
实体描述：
- 公孙渊败兵与援兵合兵之处，后大星坠落于此附近。",三国演义
三国演义_地点_马超坟墓_0,地点,"实体名：马超坟墓
实体描述：
- 马超的墓地，位于沔阳，诸葛亮令马岱挂孝并亲自祭奠。",三国演义
三国演义_地点_马陵山_0,地点,"实体名：马陵山
实体描述：
- 曹操设伏兵之处，吕布中计死战得脱。",三国演义
三国演义_地点_马鞍山_0,地点,"实体名：马鞍山
实体描述：
- 刘备被陆逊围困之山，张苞、傅彤死据山口。",三国演义
三国演义_地点_驻马坡_0,地点,"实体名：驻马坡
实体描述：
- 刘备与孙权赛马之处，二人立马于山坡之上扬鞭大笑，后得名驻马坡。",三国演义
三国演义_地点_驿庭_0,地点,"实体名：驿庭
实体描述：
- 关羽洒扫以待张松歇宿之处。",三国演义
三国演义_地点_骆谷_0,地点,"实体名：骆谷
实体描述：
- 谷名，姜维取此谷度沈岭伐魏。
- 谷道狭之处，姜维在此堆积柴草准备烧追兵。
- 张翼取骆谷进兵。
- 山路，左军出此处。",三国演义
三国演义_地点_高平_0,地点,"实体名：高平
实体描述：
- 王粲籍贯高平县。",三国演义
三国演义_地点_高平陵_0,地点,"实体名：高平陵
实体描述：
- 曹睿陵墓，曹芳往谒之处。",三国演义
三国演义_地点_高陵_0,地点,"实体名：高陵
实体描述：
- 曹操迎驾途中，杨奉、韩暹领兵拦路之处。",三国演义
三国演义_地点_魏王宫_0,地点,"实体名：魏王宫
实体描述：
- 曹操在邺郡所盖宫殿。",三国演义
三国演义_地点_鱼池_0,地点,"实体名：鱼池
实体描述：
- 魏王宫堂下鱼池，左慈钓出鲈鱼。",三国演义
三国演义_地点_鱼腹浦_0,地点,"实体名：鱼腹浦
实体描述：
- 诸葛亮布八阵图之处，陆逊在此误入石阵，被黄承彦引出。",三国演义
三国演义_地点_鲁国曲阜_0,地点,"实体名：鲁国曲阜
实体描述：
- 孔融的籍贯。",三国演义
三国演义_地点_鲁阳_0,地点,"实体名：鲁阳
实体描述：
- 许都近鲁阳，便于转运粮食。",三国演义
三国演义_地点_鲍家庄_0,地点,"实体名：鲍家庄
实体描述：
- 庄子，关索逃难养病之处。",三国演义
三国演义_地点_鸟道_0,地点,"实体名：鸟道
实体描述：
- 太白岭上的险峻小路。",三国演义
三国演义_地点_鹄鸣山_0,地点,"实体名：鹄鸣山
实体描述：
- 山名，在西川，张陵在此造作道书。",三国演义
三国演义_地点_鹊尾坡_0,地点,"实体名：鹊尾坡
实体描述：
- 新野城外三十里处，糜芳、刘封屯兵于此，用青红旗为疑兵。",三国演义
三国演义_地点_鹦鹉洲_0,地点,"实体名：鹦鹉洲
实体描述：
- 祢衡葬身处，位于江边，后人作诗叹之。",三国演义
三国演义_地点_麦城_0,地点,"实体名：麦城
实体描述：
- 关公败走后的屯兵小城，被吴兵围困。
- 关羽退守的孤城，北有险峻小路可通西川。王甫、周仓死守此城，后属东吴。",三国演义
三国演义_地点_麴山_0,地点,"实体名：麴山
实体描述：
- 山名，姜维令句安、李歆筑二城于此，被魏兵围困。",三国演义
三国演义_地点_黄县_0,地点,"实体名：黄县
实体描述：
- 太史慈的籍贯县名。",三国演义
三国演义_地点_黄州_0,地点,"实体名：黄州
实体描述：
- 太史慈直奔之地，断曹操接应之兵。",三国演义
三国演义_地点_黄州界首_0,地点,"实体名：黄州界首
实体描述：
- 周瑜追击刘备时到达的地点，关羽在此率军杀出。",三国演义
三国演义_地点_黄河_0,地点,"实体名：黄河
实体描述：
- 献帝步行到黄河岸边，乘小舟渡河。
- 大军泛黄河而角其前，阻河为固。
- 河流。文丑渡黄河追杀曹军，河北军大半落水。",三国演义
三国演义_地点_黄河之原_0,地点,"实体名：黄河之原
实体描述：
- 陶谦葬处。",三国演义
三国演义_地点_黄河渡口_0,地点,"实体名：黄河渡口
实体描述：
- 渡口，秦琪据守，关公在此斩秦琪渡河。
- 袁绍败后渡河之处，曹操在此为沮授建坟安葬，题墓“忠烈沮君之墓”。",三国演义
三国演义_地点_黎阳_0,地点,"实体名：黎阳
实体描述：
- 吕布欲移兵之处。
- 袁绍提兵屯黎阳，起兵三十万望黎阳进发。曹操自引兵至黎阳，两军隔八十里相持。
- 地名。袁绍大军进发至黎阳，东郡太守刘延告急。
- 曹操扬言派兵攻取之地，断袁兵归路，袁绍急派辛明救之。
- 曹操与袁氏交战的军事要地，袁谭败退后据守于此，后曹军屯兵。",三国演义
三国演义_地点_黎阳北岸_0,地点,"实体名：黎阳北岸
实体描述：
- 袁绍败逃后与蒋义渠会合之处。",三国演义
三国演义_地点_黑泉_0,地点,"实体名：黑泉
实体描述：
- 秃龙洞西北路上的毒泉之一，其水微清，人若溅之在身则手足皆黑而死。",三国演义
三国演义_地点_黑龙江_0,地点,"实体名：黑龙江
实体描述：
- 王瓘被蜀兵攻击后投江而死之处。",三国演义
三国演义_地点_龙湫水口_0,地点,"实体名：龙湫水口
实体描述：
- 吕蒙把守之处，甘宁来降。",三国演义
三国演义_技能_三官手书_0,技能,"实体名：三官手书
实体描述：
- 张鲁教派的祈祷法术，书写病人姓名及服罪之意，作三通文书分别上奏天、地、水官。",三国演义
三国演义_技能_书符念咒_0,技能,"实体名：书符念咒
实体描述：
- 张角徒弟们云游四方皆能书符念咒。",三国演义
三国演义_技能_人遁_0,技能,"实体名：人遁
实体描述：
- 遁甲天书下卷，能云游四海，藏形变身，飞剑掷刀，取人首级。",三国演义
三国演义_技能_以逸待劳_0,技能,"实体名：以逸待劳
别名：以逸待劳
实体描述：
- 法正定计，黄忠守半山，待曹兵倦怠后下山击之，以逸待劳。
- 孔明所用战术，令众军出城待魏兵到急攻之。",三国演义
三国演义_技能_伪游云梦之计_0,技能,"实体名：伪游云梦之计
实体描述：
- 曹真建议效仿汉高祖伪游云梦擒韩信之计，御驾幸安邑，趁司马懿来迎时擒之。",三国演义
三国演义_技能_假途灭虢之计_0,技能,"实体名：假途灭虢之计
实体描述：
- 周瑜所用计策，虚名取西川，实欲取荆州，被孔明识破。",三国演义
三国演义_技能_八卦阵_0,技能,"实体名：八卦阵
别名：八阵，八阵之法，八阵图
实体描述：
- 诸葛亮所布石阵，按遁甲休、生、伤、杜、景、死、惊、开八门，变化无穷，可比十万精兵。
- 孔明习学的阵法，每日操练人马，尽皆精熟，欲取中原。
- 诸葛亮所布之阵，按休、生、伤、杜、景、死、惊、开八门，司马懿识阵却未能破。
- 诸葛亮所创阵法，按天、地、风、云、鸟、蛇、龙、虎之形分布，有三百六十五种变化。姜维和邓艾、司马望均能布此阵。
- 诸葛亮所创阵法，蜀兵列成八阵迎敌，魏军见之惊骇。",三国演义
三国演义_技能_八门遁甲_0,技能,"实体名：八门遁甲
别名：六丁六甲之法，遁甲之法
实体描述：
- 孔明善会的法术，能驱六丁六甲之神，司马懿提及。
- 孔明使用的法术，能驱六丁六甲、改变天象，本回中用于制造阴云黑气以助劫寨。
- 诸葛亮善用的法术，司马懿疑其以此诈死诱敌。",三国演义
三国演义_技能_八门金锁阵_0,技能,"实体名：八门金锁阵
实体描述：
- 曹仁所摆阵法，按休、生、伤、杜、景、死、惊、开八门布阵。单福指出其中间欠主持，教赵云从生门入、景门出可破阵。",三国演义
三国演义_技能_六丁六甲之神_0,技能,"实体名：六丁六甲之神
实体描述：
- 八门遁甲所驱神将，司马懿认为孔明能驱使之。",三国演义
三国演义_技能_减兵添灶之法_0,技能,"实体名：减兵添灶之法
别名：添兵减灶之法，虞诩之法
实体描述：
- 孙膑所用兵法，孔明反用为增灶添兵之法，迷惑司马懿使其不敢追。；虞诩曾用的增灶法，孔明效仿以瞒过司马懿。
- 孔明退兵时所用计策，减少兵力增加灶台以迷惑敌军。",三国演义
三国演义_技能_击鼓降神_0,技能,"实体名：击鼓降神
实体描述：
- 女巫在军中击鼓召唤神明的一种法术。",三国演义
三国演义_技能_刮骨疗毒_0,技能,"实体名：刮骨疗毒
实体描述：
- 华佗为关羽治疗箭伤的医术，刮去骨上之毒，关羽谈笑自若。",三国演义
三国演义_技能_十面埋伏_0,技能,"实体名：十面埋伏
实体描述：
- 程昱所献计策，退军河上，伏兵十队，诱袁绍追击而胜之。",三国演义
三国演义_技能_卜易_0,技能,"实体名：卜易
实体描述：
- 徐氏极善卜《易》，曾卜一卦大凶，劝孙翊勿出会客。",三国演义
三国演义_技能_反客为主_0,技能,"实体名：反客为主
实体描述：
- 法正献计，黄忠步步为营，诱夏侯渊出战而擒之，即反客为主之法。",三国演义
三国演义_技能_反间之计_0,技能,"实体名：反间之计
实体描述：
- 顾雍所献计策，令曹、刘相攻，东吴乘隙而图之。",三国演义
三国演义_技能_反间之计_1,技能,"实体名：反间之计
实体描述：
- 马谡所献计策，密遣人往洛阳、邺郡布散流言，作司马懿告示天下榜文，使曹睿心疑而杀司马懿。",三国演义
三国演义_技能_反间计_0,技能,"实体名：反间计
实体描述：
- 贾诩献给曹操的计谋，通过伪造书信离间韩遂与马超。",三国演义
三国演义_技能_反间计_1,技能,"实体名：反间计
别名：反间之计
实体描述：
- 邓艾派党均入蜀贿赂黄皓，布散流言说姜维将投魏，使后主召回姜维。
- 邓艾所用计谋，使后主召回姜维，姜维称此计。",三国演义
三国演义_技能_反间计_2,技能,"实体名：反间计
实体描述：
- 杨彪所献计策，利用郭汜之妻的嫉妒离间李傕、郭汜。",三国演义
三国演义_技能_呼风唤雨_0,技能,"实体名：呼风唤雨
实体描述：
- 张角得《太平要术》后习得的能力，能呼风唤雨。",三国演义
三国演义_技能_呼风唤雨_2,技能,"实体名：呼风唤雨
实体描述：
- 木鹿大王深通的法术，能召唤狂风大雨，并驱赶虎豹豺狼等猛兽。",三国演义
三国演义_技能_地遁_0,技能,"实体名：地遁
实体描述：
- 遁甲天书中卷，能穿山透石。",三国演义
三国演义_技能_天文_0,技能,"实体名：天文
实体描述：
- 观测天象的技能。庞统占天文，见太白临于雒城。",三国演义
三国演义_技能_天遁_0,技能,"实体名：天遁
实体描述：
- 遁甲天书上卷，能腾云跨风，飞升太虚。",三国演义
三国演义_技能_太乙数_0,技能,"实体名：太乙数
实体描述：
- 一种占卜术数。诸葛亮夜算太乙数，庞统亦算太乙数，用以预测吉凶。",三国演义
三国演义_技能_奇门遁甲天书_0,技能,"实体名：奇门遁甲天书
别名：呼风唤雨，祭风
实体描述：
- 诸葛亮从异人处所得天书，可呼风唤雨，用于借东南风。；诸葛亮凭借天书施展的法术，能召唤风雨。；诸葛亮在七星坛上举行的仪式，借三日三夜东南大风，助周瑜火攻。",三国演义
三国演义_技能_妖术_0,技能,"实体名：妖术
实体描述：
- 张角所用妖术，卢植因角用妖术未能即胜。",三国演义
三国演义_技能_妖法_0,技能,"实体名：妖法
实体描述：
- 张宝使用的法术，能作起风雷大作、黑气漫天、飞砂走石，召唤纸人草马等，被猪羊狗血等秽物破解。",三国演义
三国演义_技能_将计就计_0,技能,"实体名：将计就计
实体描述：
- 姜维识破王瓘诈降后采用的策略，改换书信日期埋伏邓艾。",三国演义
三国演义_技能_左道妖邪之术_0,技能,"实体名：左道妖邪之术
实体描述：
- 李傕喜好旁门左道的法术，常使女巫击鼓降神。",三国演义
三国演义_技能_彭越挠楚之法_0,技能,"实体名：彭越挠楚之法
实体描述：
- 战术，李傕等商议效此法，鸣金进兵、擂鼓收兵，抄击吕布后方。",三国演义
三国演义_技能_拖刀背砍计_0,技能,"实体名：拖刀背砍计
实体描述：
- 曹洪使用的刀法技巧，诈败后转身一踅，砍中何曼，再复一刀杀死。",三国演义
三国演义_技能_拖刀计_0,技能,"实体名：拖刀计
实体描述：
- 关羽欲用来战胜黄忠的刀法计谋，背砍赢之。
- 夏侯渊所用的刀法计策，佯败后回身斩杀了杨任。
- 庞德使用的刀法技巧，虚作拖刀势，实则偷拽雕弓放冷箭。",三国演义
三国演义_技能_显圣_0,技能,"实体名：显圣
别名：附体
实体描述：
- 关羽死后英魂显灵，于玉泉山显圣护民，并附体吕蒙，骂孙权。；关羽英魂附于吕蒙之身，使其厉声大骂孙权，七窍流血而死。
- 关羽死后显现神迹，如文中关公显圣惊散潘璋魂魄，以及神鸦显圣。",三国演义
三国演义_技能_步罡踏斗_0,技能,"实体名：步罡踏斗
别名：步罡
实体描述：
- 一种法术步法，孔明仗剑步罡祷祝。
- 诸葛亮祈禳时披发仗剑，踏罡步斗以压镇将星。",三国演义
三国演义_技能_武侯之法_0,技能,"实体名：武侯之法
实体描述：
- 诸葛亮（武侯）的兵法，姜维深得此法。",三国演义
三国演义_技能_水淹七军_0,技能,"实体名：水淹七军
实体描述：
- 关羽的计策，利用秋雨连绵、襄江泛涨，堰住水口放水淹没了于禁七军，擒于禁、斩庞德。
- 关羽在襄樊之战中利用大水淹没曹操七军的战术，关兴曾向刘备报此捷报。",三国演义
三国演义_技能_混元一气阵_0,技能,"实体名：混元一气阵
实体描述：
- 司马懿所布之阵，被孔明识破。",三国演义
三国演义_技能_渔阳三挝_0,技能,"实体名：渔阳三挝
实体描述：
- 鼓曲名，祢衡击鼓时演奏此曲，音节殊妙，渊渊有金石声，使坐客慷慨流涕。",三国演义
三国演义_技能_火攻_0,技能,"实体名：火攻
实体描述：
- 皇甫嵩与朱儁计议，因贼依草结营，当用火攻之，遂纵火破敌。",三国演义
三国演义_技能_火攻_1,技能,"实体名：火攻
实体描述：
- 周瑜与孔明共同定下的破曹计策，以火攻曹操水寨。黄盖也建议用火攻。",三国演义
三国演义_技能_火攻_2,技能,"实体名：火攻
实体描述：
- 战术，徐盛用火攻，预灌鱼油于芦苇，顺风火着，绝住龙舟，大败魏兵。",三国演义
三国演义_技能_疑兵计_0,技能,"实体名：疑兵计
实体描述：
- 诸葛亮所用，派赵云带鼓角伏于土山，夜放号炮擂鼓，使曹兵彻夜不安，又放火烧山、塞断小路。",三国演义
三国演义_技能_疑兵计_1,技能,"实体名：疑兵计
实体描述：
- 计谋，魏延用疑兵计杀退南蛮孟获。",三国演义
三国演义_技能_破竹之势_0,技能,"实体名：破竹之势
实体描述：
- 杜预形容晋军兵威大振，如破竹般迎刃而解的态势，非功法但作为计策或比喻，根据分类技能包含“传承、秘术”等，此处视为军事策略表述，仍提取为技能。",三国演义
三国演义_技能_祈禳之法_0,技能,"实体名：祈禳之法
实体描述：
- 诸葛亮所谙法术，设灯祈禳北斗以求延寿，需七日主灯不灭。",三国演义
三国演义_技能_祈雨_0,技能,"实体名：祈雨
实体描述：
- 于吉施展的法术，在烈日中自缚，祈得三尺甘霖，雷电齐发。",三国演义
三国演义_技能_符水_0,技能,"实体名：符水
实体描述：
- 于吉普施之物，能救人万病。",三国演义
三国演义_技能_符水_1,技能,"实体名：符水
实体描述：
- 张角散施符水，为人治病。",三国演义
三国演义_技能_缓兵之计_0,技能,"实体名：缓兵之计
实体描述：
- 孔明所用计策，渐退汉中，张郃认为应早追，司马懿怀疑有计。",三国演义
三国演义_技能_缩地之法_0,技能,"实体名：缩地之法
实体描述：
- 六甲天书内法术，可使车行缓慢而追之不上，司马懿误认孔明所用。",三国演义
三国演义_技能_美人计_0,技能,"实体名：美人计
实体描述：
- 周瑜所设之计，以孙权之妹为饵，诱刘备入吴幽囚以换荆州，结果弄假成真，反赔了夫人。",三国演义
三国演义_技能_背水阵_0,技能,"实体名：背水阵
实体描述：
- 战术，徐晃引军渡汉水列阵，效仿韩信背水为阵，致之死地而后生。",三国演义
三国演义_技能_苦肉计_0,技能,"实体名：苦肉计
实体描述：
- 周瑜毒打黄盖，使黄盖诈降曹操的计策。黄盖主动提出，阚泽识破。",三国演义
三国演义_技能_草船借箭_0,技能,"实体名：草船借箭
实体描述：
- 孔明利用大雾，用草船逼近曹营受箭，取得十万余枝箭的计策。",三国演义
三国演义_技能_袖占一课_0,技能,"实体名：袖占一课
实体描述：
- 诸葛亮在马上用袖中占卜之法预测吉凶，算出长沙已得、主得大将。",三国演义
三国演义_技能_诈降计_0,技能,"实体名：诈降计
实体描述：
- 黄盖令阚泽献诈降书，以及蔡中、蔡和诈降东吴的计策。",三国演义
三国演义_技能_辕门射戟_0,技能,"实体名：辕门射戟
别名：辕门射赖
实体描述：
- 吕布的射箭绝技。在辕门外一百五十步处，一箭射中画戟小枝，迫使袁术军与刘备军罢兵。后人有诗赞曰：“温侯神射世间稀”。
- 吕布曾经施展的箭术，救刘备之事。本篇中刘备提及“辕门射赖之恩”。",三国演义
三国演义_技能_连弩之法_0,技能,"实体名：连弩之法
实体描述：
- 诸葛亮发明的连弩制作和使用方法，矢长八寸，一弩十发。
- 武侯诸葛亮临终所遗弩箭技法，一弩发十矢，暗伏连弩百余张，两边齐发，威力巨大。姜维在阳平关用此技击退司马师。",三国演义
三国演义_技能_连环策_0,技能,"实体名：连环策
别名：连环计，铁索连舟
实体描述：
- 庞统所献计策，用铁环连锁曹军船只，使火攻时一船着火余船难逃。
- 庞统所献计策，用铁索将战船连锁，使北军不晕船，但给火攻带来便利。
- 庞统在赤壁之战时献上的计策，即连环计，使曹操自钉战船，成第一功。鲁肃向孙权提及。",三国演义
三国演义_技能_连环计_1,技能,"实体名：连环计
实体描述：
- 王允所设计谋，先将貂蝉许嫁吕布，后献与董卓，使父子反颜，令吕布杀董卓。",三国演义
三国演义_技能_造木牛流马之法_0,技能,"实体名：造木牛流马之法
实体描述：
- 孔明发明的机关制造技术，包含木牛和流马的详细尺寸、结构及驱动方法，可制成自动运输工具。",三国演义
三国演义_技能_锦囊计_0,技能,"实体名：锦囊计
实体描述：
- 诸葛亮临终所授计策，藏于锦囊之中，嘱咐杨仪在对阵魏延时开拆，内令马岱出其不意斩杀魏延。又称遗计、密计。",三国演义
三国演义_技能_长蛇卷地阵_0,技能,"实体名：长蛇卷地阵
实体描述：
- 姜维从八阵变化出的阵法，将邓艾困在垓心，需从其头（西北）击破。",三国演义
三国演义_技能_驱虎豹之法_0,技能,"实体名：驱虎豹之法
实体描述：
- 南蛮驱赶猛兽作战的方法，孔明事先知晓并用木刻彩画巨兽破之。",三国演义
三国演义_技能_鬼幽之相_0,技能,"实体名：鬼幽之相
实体描述：
- 管辂所言的相术征兆，指何晏魂不守宅、血不华色、容若槁木，为将死之相。",三国演义
三国演义_技能_鬼躁之相_0,技能,"实体名：鬼躁之相
实体描述：
- 管辂所言的相术征兆，指邓飏行步筋不束骨、脉不制肉，为将死之相。",三国演义
三国演义_物品_一合酥_0,物品,"实体名：一合酥
实体描述：
- 塞北送酥一盒，曹操写“一合酥”于盒上，杨修与众分食，解为“一人一口酥”。",三国演义
三国演义_物品_一块肉_0,物品,"实体名：一块肉
实体描述：
- 襄平北市地陷涌出的怪肉，周围数尺，具头面眼耳口鼻，无手足，刀箭不能伤。",三国演义
三国演义_物品_七宝刀_0,物品,"实体名：七宝刀
实体描述：
- 王允所有之宝刀，长尺余，七宝嵌饰，极其锋利。曹操借以行刺董卓。",三国演义
三国演义_物品_七星宝剑_0,物品,"实体名：七星宝剑
实体描述：
- 诸葛亮草庐壁间所挂宝剑，七星装饰。",三国演义
三国演义_物品_七星皂旙_0,物品,"实体名：七星皂旙
实体描述：
- 黑色七星旗，由推车使者或关兴执掌，用于妆饰成天神模样。",三国演义
三国演义_物品_七盏大灯_0,物品,"实体名：七盏大灯
实体描述：
- 诸葛亮祈禳时布于地上的七盏大灯，外布四十九盏小灯。",三国演义
三国演义_物品_丈八蛇矛_0,物品,"实体名：丈八蛇矛
别名：丈八点钢矛，丈八矛，矛，蛇矛
实体描述：
- 张飞打造的兵器，又名丈八蛇矛。
- 张飞所用兵器。
- 张飞所用兵器，酒醉后绰此矛出战吕布。
- 张飞所用武器，张飞持此矛欲搠关公，后亦持之。
- 张飞所用长矛，形如蛇，张飞手绰蛇矛，立马于桥上。
- 张飞的兵器，长一丈八尺。
- 张飞所用武器，挺矛跃马直取张郃。
- 张飞所用兵器，后张苞使用此矛。
- 张苞所用长矛，一矛刺死夏恂。
- 张苞使用的兵器，马项下挂一颗人头。",三国演义
三国演义_物品_丈八长标_0,物品,"实体名：丈八长标
实体描述：
- 祝融夫人使用的长兵器。",三国演义
三国演义_物品_三叉束发紫金冠_0,物品,"实体名：三叉束发紫金冠
实体描述：
- 吕布所戴头冠。",三国演义
三国演义_物品_三尖两刃刀_0,物品,"实体名：三尖两刃刀
实体描述：
- 晏明所用兵器，被赵云不三合刺死。",三国演义
三国演义_物品_三尖刀_0,物品,"实体名：三尖刀
实体描述：
- 纪灵所用兵器，重五十斤。",三国演义
三国演义_物品_丞相文凭_0,物品,"实体名：丞相文凭
实体描述：
- 曹操颁发的通行凭证，关公因行期匆忙未讨得，多次被守将索要。",三国演义
三国演义_物品_两枝戟_0,物品,"实体名：两枝戟
实体描述：
- 甘宁在宴会上所持兵器，与凌统舞剑相斗。",三国演义
三国演义_物品_两石铁胎弓_0,物品,"实体名：两石铁胎弓
实体描述：
- 王双所用硬弓，可开两石。",三国演义
三国演义_物品_义字白旗_0,物品,"实体名：义字白旗
实体描述：
- 濮阳城上插的白旗，大书“义”字，作为内应暗号。",三国演义
三国演义_物品_义状_0,物品,"实体名：义状
实体描述：
- 董承与众盟友签署的白绢盟书，各舍三族以报汉君，上书七人姓名（董承、王子服、种辑、吴硕、吴子兰、马腾、刘备）。
- 董承等人签名的盟书，记录共诛曹操的誓约，被曹操从董承卧房搜出。",三国演义
三国演义_物品_乌头之药_0,物品,"实体名：乌头之药
实体描述：
- 箭上所涂毒药，已入关公之骨。",三国演义
三国演义_物品_乌牛白马_0,物品,"实体名：乌牛白马
实体描述：
- 桃园结义时备下的祭礼，用于祭告天地。",三国演义
三国演义_物品_九锡_0,物品,"实体名：九锡
实体描述：
- 帝王对权臣的九种礼器，包括车马、衣服、乐悬、朱户、纳陛、虎贲、鈇钺、弓矢、秬鬯圭瓒。董昭请加曹操九锡，荀彧反对。",三国演义
三国演义_物品_九锡_1,物品,"实体名：九锡
实体描述：
- 曹丕赐予孙权的封赏之物，加九锡封吴王。",三国演义
三国演义_物品_九锡_2,物品,"实体名：九锡
实体描述：
- 帝王赐给功臣的九种礼器，魏主曹芳封司马懿为丞相加九锡，懿固辞不受。",三国演义
三国演义_物品_九锡_3,物品,"实体名：九锡
实体描述：
- 天子赐给大臣的九种礼器，群臣奏请加司马昭九锡。",三国演义
三国演义_物品_书_0,物品,"实体名：书
实体描述：
- 袁术给吕布的书，吕布令人赍书迎玄德等。",三国演义
三国演义_物品_书_1,物品,"实体名：书
实体描述：
- 荀彧写给曹操的书信，报知刘备攻许昌。",三国演义
三国演义_物品_书_2,物品,"实体名：书
实体描述：
- 书信，包括杨秋下书、曹操回书、曹操写给韩遂的书信等。",三国演义
三国演义_物品_书_3,物品,"实体名：书
实体描述：
- 诸葛亮写给曹真的书信，内容为羞辱曹真，致其气死。",三国演义
三国演义_物品_书信_0,物品,"实体名：书信
实体描述：
- 郑玄写给袁绍的书信，请求袁绍起兵助刘备。袁绍因重郑尚书之命而决定相助。",三国演义
三国演义_物品_书信_1,物品,"实体名：书信
实体描述：
- 袁谭修书付辛毗呈送曹操，审荣将献门之书射下城来。",三国演义
三国演义_物品_书信_2,物品,"实体名：书信
实体描述：
- 往来信件，蒋干偷看帐内文书，内有一封上写“蔡瑁张允谨封”的假信，后携信回报曹操。",三国演义
三国演义_物品_书信_3,物品,"实体名：书信
实体描述：
- 包括鲁肃求救书、刘备给马超的书信、曹操给韩遂的劝降信等。",三国演义
三国演义_物品_书信_4,物品,"实体名：书信
实体描述：
- 包括诸葛亮写给刘备的书信，以及刘备写给诸葛亮的书信。关平赍书至荆州。",三国演义
三国演义_物品_书信_5,物品,"实体名：书信
实体描述：
- 诸葛亮写给关羽的书信，劝阻其入川与马超比试。",三国演义
三国演义_物品_书信_6,物品,"实体名：书信
实体描述：
- 曹操与孙权、陆逊与关公、关公与吕蒙等往来的信件。",三国演义
三国演义_物品_书信_7,物品,"实体名：书信
实体描述：
- 姜维遣心腹送密书给曹真，周鲂密表陈七事等。",三国演义
三国演义_物品_二十只船_0,物品,"实体名：二十只船
实体描述：
- 鲁肃借给孔明的轻快船，每船军士三十人，用青布为幔，束草千余个。",三国演义
三国演义_物品_云梯_0,物品,"实体名：云梯
实体描述：
- 曹操攻城时使用的器械，用以窥望城中。",三国演义
三国演义_物品_云梯_1,物品,"实体名：云梯
实体描述：
- 曹操攻打南郑时三面竖立的攻城器械。",三国演义
三国演义_物品_云梯_2,物品,"实体名：云梯
实体描述：
- 孔明攻城器械，一乘上可立十数人，被郝昭火箭烧毁。",三国演义
三国演义_物品_云梯_3,物品,"实体名：云梯
实体描述：
- 魏军攻城器械，用于攻打襄平。",三国演义
三国演义_物品_云梯炮架_0,物品,"实体名：云梯炮架
实体描述：
- 钟会攻打剑阁所用的攻城器械。",三国演义
三国演义_物品_五方旗帜_0,物品,"实体名：五方旗帜
实体描述：
- 青、黄、赤、白、黑五色旗帜，姜维令哨马每出换一番衣甲旗号以迷惑魏兵。",三国演义
三国演义_物品_五色棒_0,物品,"实体名：五色棒
实体描述：
- 曹操任洛阳北部尉时设于县之四门，有犯禁者责之。",三国演义
三国演义_物品_令字旗_0,物品,"实体名：令字旗
实体描述：
- 探马所打旗帜，报四路军马杀到。
- 马超用以传令退军。",三国演义
三国演义_物品_令字旗_1,物品,"实体名：令字旗
实体描述：
- 马超用以传令退军。",三国演义
三国演义_物品_伏完书_0,物品,"实体名：伏完书
实体描述：
- 伏完回复伏后的书信，欲结连孙、刘为外应，被曹操搜出。",三国演义
三国演义_物品_传国玉玺_0,物品,"实体名：传国玉玺
别名：传国玺，玉玺
实体描述：
- 皇帝玺印，董卓乱后宫中不见。
- 又称玉玺。方圆四寸，上镌五龙交纽，傍缺一角以黄金镶之，有篆文八字“受命于天，既寿永昌”。由卞和得玉，秦始皇琢为玺，历经汉朝。孙坚于洛阳建章殿井中得一妇人尸首，项下锦囊内得此玺。
- 孙策亡父遗下，质当给袁术借兵，袁术得之欲称帝。
- 孙策质押给袁术的玉玺，袁术用以称帝的依据。
- 传国玉玺。袁术曾得之，死后被徐璆夺得献于曹操。又称传国玺。
- 天子之宝，曹洪索要，祖弼拒之，后华歆赍捧诏玺，献帝亲捧玉玺奉曹丕。
- 皇帝印玺，曹奂亲捧传国玺禅位给司马炎。",三国演义
三国演义_物品_佩刀_0,物品,"实体名：佩刀
实体描述：
- 曹操所佩之刀，用于割断长髯以避追兵。",三国演义
三国演义_物品_佩剑_0,物品,"实体名：佩剑
实体描述：
- 孙策所佩之剑，在刺杀中剑刃忽坠，后多次用以掷击于吉鬼魂。",三国演义
三国演义_物品_佩剑_1,物品,"实体名：佩剑
实体描述：
- 周瑜所佩之剑，解付太史慈作监酒。",三国演义
三国演义_物品_倚天剑_0,物品,"实体名：倚天剑
实体描述：
- 曹操宝剑之一，曹操自佩之。",三国演义
三国演义_物品_先锋印_0,物品,"实体名：先锋印
实体描述：
- 刘备赐予先锋的印信，张苞与关兴争夺。",三国演义
三国演义_物品_先锋印_1,物品,"实体名：先锋印
实体描述：
- 先锋之印，钟会授予许仪。",三国演义
三国演义_物品_免死旗_0,物品,"实体名：免死旗
实体描述：
- 刘备立的旗帜，用以保护投降的川兵，不许杀害。",三国演义
三国演义_物品_兜鍪_0,物品,"实体名：兜鍪
实体描述：
- 孙策头上的头盔，被太史慈掣去，后太史慈挑于阵前。",三国演义
三国演义_物品_兜鍪_1,物品,"实体名：兜鍪
实体描述：
- 袁绍的头盔，被其扑地以示死战决心。",三国演义
三国演义_物品_六十斤大刀_0,物品,"实体名：六十斤大刀
实体描述：
- 王双所用大刀，重六十斤。",三国演义
三国演义_物品_六国相印_0,物品,"实体名：六国相印
实体描述：
- 苏秦所佩之印，象征其佩六国相印。",三国演义
三国演义_物品_六甲天书_0,物品,"实体名：六甲天书
实体描述：
- 天书，内载缩地之法，司马懿认为孔明能驱六丁六甲之神。",三国演义
三国演义_物品_六韬_0,物品,"实体名：六韬
实体描述：
- 古代兵书，诗中有“虎帐谈兵按六韬”之句。",三国演义
三国演义_物品_兵甲_0,物品,"实体名：兵甲
实体描述：
- 孙权若降则按兵束甲，指甲胄兵器。",三国演义
三国演义_物品_兵符_0,物品,"实体名：兵符
实体描述：
- 调兵遣将的凭证。诸葛亮从陈矫处得兵符，星夜诈调荆州、襄阳守军，使张飞、关羽袭取二城。",三国演义
三国演义_物品_兵符_1,物品,"实体名：兵符
实体描述：
- 杨仪所持调兵令牌，费祎持之令魏延断后。",三国演义
三国演义_物品_兵符将印_0,物品,"实体名：兵符将印
实体描述：
- 筑坛时陈列的兵符将印，用于盟主登坛。",三国演义
三国演义_物品_兽面吞头连环铠_0,物品,"实体名：兽面吞头连环铠
实体描述：
- 吕布所穿铠甲。",三国演义
三国演义_物品_军令状_0,物品,"实体名：军令状
实体描述：
- 赵云、张飞所立保证完成任务的文书。",三国演义
三国演义_物品_军令状_1,物品,"实体名：军令状
实体描述：
- 杨任向张鲁所立，若不胜曹操甘当军令。",三国演义
三国演义_物品_军令状_2,物品,"实体名：军令状
实体描述：
- 马谡所立文书，保证守街亭不失误，否则斩全家。",三国演义
三国演义_物品_军器_0,物品,"实体名：军器
实体描述：
- 牛渚邸阁所收，包括各种军用器械。",三国演义
三国演义_物品_军器_1,物品,"实体名：军器
实体描述：
- 军械武器，袁绍计划缮置军器。",三国演义
三国演义_物品_军器_2,物品,"实体名：军器
实体描述：
- 兵器装备，寨中丢下军器鞍马无数，孟达搬运入关。",三国演义
三国演义_物品_军器_3,物品,"实体名：军器
实体描述：
- 武器辎重，汉水所得军器无数，曹军争抢马匹军器。",三国演义
三国演义_物品_军器_4,物品,"实体名：军器
实体描述：
- 武库内的武器器械，孙綝尽数拨给中营精兵。",三国演义
三国演义_物品_军资器械_0,物品,"实体名：军资器械
实体描述：
- 包括车仗、牛马、驴骡等，曹休军损失无数，陆逊缴获不计其数。",三国演义
三国演义_物品_冠冕玺绶_0,物品,"实体名：冠冕玺绶
实体描述：
- 刘备进位汉中王时穿戴的王冠及印玺。",三国演义
三国演义_物品_冲车_0,物品,"实体名：冲车
实体描述：
- 孔明攻城器械，被郝昭用葛绳穿飞打折。",三国演义
三国演义_物品_净酒_0,物品,"实体名：净酒
实体描述：
- 赵颜携往南山求寿，进献南斗北斗。",三国演义
三国演义_物品_《出师表》_0,物品,"实体名：《出师表》
实体描述：
- 诸葛亮上呈后主的奏表，内容陈述北伐缘由、推荐贤臣、自述生平，表达兴复汉室之志。",三国演义
三国演义_物品_刀_0,物品,"实体名：刀
实体描述：
- 严舆横刀，王朗舞刀，周泰提刀等。",三国演义
三国演义_物品_刀牌_0,物品,"实体名：刀牌
实体描述：
- 吕蒙所使武器，一手挽牌一手提刀，将甘宁与凌统分开。",三国演义
三国演义_物品_利刀_0,物品,"实体名：利刀
实体描述：
- 藤甲军使用的刀具，锋利无比。",三国演义
三国演义_物品_利刀百口_0,物品,"实体名：利刀百口
实体描述：
- 孙权赐甘宁，甘宁分赏百人。",三国演义
三国演义_物品_利刃_0,物品,"实体名：利刃
实体描述：
- 杨怀、高沛藏于身上的行刺武器，各有一口。",三国演义
三国演义_物品_利刃_1,物品,"实体名：利刃
实体描述：
- 孙峻所用武器，斩杀诸葛恪。",三国演义
三国演义_物品_利斧_0,物品,"实体名：利斧
实体描述：
- 华佗提议用来砍开曹操脑袋取出风涎的斧子。",三国演义
三国演义_物品_剑_0,物品,"实体名：剑
实体描述：
- 刘备夺张飞自刎之剑掷地。",三国演义
三国演义_物品_剑_1,物品,"实体名：剑
实体描述：
- 诸葛瞻拔剑自刎，刘谌带剑入宫，崔夫人触柱等所用。",三国演义
三国演义_物品_剑印_0,物品,"实体名：剑印
实体描述：
- 诸葛亮行兵所假之剑印，以此号令众将。",三国演义
三国演义_物品_功劳簿_0,物品,"实体名：功劳簿
实体描述：
- 简雍安排，准备记录功劳。",三国演义
三国演义_物品_劣马_0,物品,"实体名：劣马
实体描述：
- 庞统原坐骑，眼生前失将庞统掀下，后由刘备乘之。",三国演义
三国演义_物品_勒甲玲珑狮蛮带_0,物品,"实体名：勒甲玲珑狮蛮带
实体描述：
- 吕布所系腰带。",三国演义
三国演义_物品_勒甲绦_0,物品,"实体名：勒甲绦
实体描述：
- 赵云铠甲上的束带，解开勒甲绦以怀抱阿斗。",三国演义
三国演义_物品_十万枝箭_0,物品,"实体名：十万枝箭
实体描述：
- 周瑜令孔明监造的箭支数量。孔明用草船借箭从曹军处获得十余万枝箭。",三国演义
三国演义_物品_十矢连弩_0,物品,"实体名：十矢连弩
别名：连弩
实体描述：
- 诸葛亮发明的武器，一弩可发十矢，矢长八寸，有图本法。
- 武侯所遗兵器，一弩发十矢，皆用药箭，司马师攻阳平关时被连弩射退。
- 武侯所遗连弩，能一次发射十矢，装于南郑关前，射退魏兵。",三国演义
三国演义_物品_千里征马宛马_0,物品,"实体名：千里征马宛马
实体描述：
- 王双所骑骏马，可日行千里。",三国演义
三国演义_物品_印囊_0,物品,"实体名：印囊
实体描述：
- 刘?藏于盒中，管辂卜出为印囊。",三国演义
三国演义_物品_印绶_0,物品,"实体名：印绶
实体描述：
- 刘备缴还的县尉印绶，挂于督邮之颈；董重被追索的印绶。
- 平东将军印绶，曹操封吕布，由王则赍往徐州。
- 孙策传位给孙权的印信和绶带，象征江东之主。
- 代表官职权力的印章和绶带。袁尚命逢纪赍印绶给袁谭，袁尚弃印绶而逃，辛毗用枪挑袁尚印绶衣服招安。
- 官员印信，赵范献印绶投降，巩志赍印绶见刘备。
- 荆州守将的印信，孔明交割给云长。
- 官印和绶带，刘璋亲赍印绶文籍出城投降，刘备赐刘璋振威将军印绶。
- 汉中王的印玺及绶带，关羽拜受前将军印绶。
- 傅士仁投降时交出的官印。
- 官印，曹爽令将印绶送与司马懿，主簿杨综扯住印绶而哭。
- 司马师授予诸葛诞及传于司马昭的官印。
- 司马昭遣使赐邓艾官爵印绶。",三国演义
三国演义_物品_印缓兵符_0,物品,"实体名：印缓兵符
实体描述：
- 刘琮与蔡夫人赍捧的印信和兵符，用于拜迎曹操。",三国演义
三国演义_物品_卷毛赤兔马_0,物品,"实体名：卷毛赤兔马
实体描述：
- 祝融夫人的坐骑。",三国演义
三国演义_物品_双刀_0,物品,"实体名：双刀
实体描述：
- 袁尚所舞之刀，出阵时使用。",三国演义
三国演义_物品_双刀_1,物品,"实体名：双刀
实体描述：
- 祖茂所用兵器，使双刀。",三国演义
三国演义_物品_双股剑_0,物品,"实体名：双股剑
别名：宝剑
实体描述：
- 刘备命良匠打造的双股剑。
- 刘备所用兵器。
- 刘备的武器，刘备掣双股剑麾兵大进，于禁败走。
- 刘备所持之剑，在乱战中掣出随赵云后。
- 刘备和孙权所佩之剑，刘备砍石问天，孙权亦砍石，剑落石断，火光迸溅。",三国演义
三国演义_物品_双铁戟_0,物品,"实体名：双铁戟
别名：双戟，铁戟
实体描述：
- 典韦使用的两枝铁戟，重八十斤，挟之上马运使如飞。
- 典韦的武器，手挺双铁戟救曹操，又飞身冲杀。
- 典韦使用的武器，挺双戟与许褚交战，冒烟突火拨开柴草。
- 典韦的兵器，被胡车儿偷走，导致典韦无力死战。",三国演义
三国演义_物品_古书_0,物品,"实体名：古书
实体描述：
- 刘琦诳称有一古书请孔明观览，实为求计之策。",三国演义
三国演义_物品_古锭刀_0,物品,"实体名：古锭刀
实体描述：
- 孙坚所持宝刀，披烂银铠，横古锭刀。",三国演义
三国演义_物品_号炮_0,物品,"实体名：号炮
实体描述：
- 关、张伏军放起号炮作为信号。",三国演义
三国演义_物品_号炮_1,物品,"实体名：号炮
实体描述：
- 曹操设伏，号炮响后伏兵尽出。",三国演义
三国演义_物品_名马_0,物品,"实体名：名马
实体描述：
- 陆逊赠予关公的礼物之一。",三国演义
三国演义_物品_名马_1,物品,"实体名：名马
实体描述：
- 孔明遣陈震入吴作贺的礼物之一。",三国演义
三国演义_物品_告示_0,物品,"实体名：告示
实体描述：
- 司马懿反间告示，贴于邺城门上，内容称曹睿无德，司马懿应天顺人兴师。",三国演义
三国演义_物品_周易_0,物品,"实体名：周易
别名：《易》
实体描述：
- 儒家经典，管辂深明之。
- 管辂所善的经书，何晏请与论《易》。
- 典籍，爰邵素明《周易》，为邓艾解梦。",三国演义
三国演义_物品_哀书_0,物品,"实体名：哀书
实体描述：
- 刘琦差伊籍送呈刘备的报丧书信。",三国演义
三国演义_物品_器械_0,物品,"实体名：器械
实体描述：
- 兵器装备，徐盛令多置器械；孙韶、丁奉夺得器械不计其数。",三国演义
三国演义_物品_器皿_0,物品,"实体名：器皿
实体描述：
- 郿坞中所藏的器皿。",三国演义
三国演义_物品_囚车_0,物品,"实体名：囚车
别名：槛车
实体描述：
- 囚车，卢植被押送京城时坐槛车。
- 孙权命以槛车囚禁苏飞。
- 诸葛亮将擒获的夏侯楙囚于车中。
- 囚车，卫瓘备两乘槛车押送邓艾父子。",三国演义
三国演义_物品_四楞铁简_0,物品,"实体名：四楞铁简
实体描述：
- 傅佥所用的武器，暗掣在手，一简打死李鹏。",三国演义
三国演义_物品_四轮车_0,物品,"实体名：四轮车
别名：四轮车
实体描述：
- 诸葛亮乘坐的车辆。
- 诸葛亮乘坐的车辆，在诱敌时乘坐，后弃车退走。
- 四轮车，诸葛亮乘坐之车，阵前端坐车中指挥。
- 孔明端坐其上的车驾。
- 孔明端坐于中央的四轮车，在战场上指挥。
- 诸葛亮端坐其上出战的车驾。
- 孔明所乘车辆，共三辆一般妆饰，用于妆神诱敌，车上有二十四人披发仗剑推车。
- 诸葛亮乘坐的战车，诸葛瞻仿其父，坐四轮车出战。",三国演义
三国演义_物品_四轮车_2,物品,"实体名：四轮车
实体描述：
- 诸葛亮乘坐的战车，诸葛瞻仿其父，坐四轮车出战。",三国演义
三国演义_物品_国书_0,物品,"实体名：国书
实体描述：
- 陈震呈给孙权的书信。",三国演义
三国演义_物品_国书_1,物品,"实体名：国书
实体描述：
- 孙休写给蜀汉的国书，提醒司马昭将侵吴蜀。",三国演义
三国演义_物品_图本_1,物品,"实体名：图本
实体描述：
- 王平差人送呈孔明的地理形状图本，显示马谡占山为寨。",三国演义
三国演义_物品_图本_2,物品,"实体名：图本
实体描述：
- 邓艾细作所画地形图，后钟会亦画伐蜀图本。",三国演义
三国演义_物品_地理图_0,物品,"实体名：地理图
实体描述：
- 马邈所献，备写涪城至成都三百六十里山川道路，邓艾观之大惊。",三国演义
三国演义_物品_地雷_0,物品,"实体名：地雷
实体描述：
- 孔明预先制造的火炮，藏于黑油柜车中，一炮中藏九炮，用竹竿药线引燃，能山损石裂。用于火烧盘蛇谷。",三国演义
三国演义_物品_地雷_1,物品,"实体名：地雷
实体描述：
- 上方谷内预埋的火药装置，与干柴一同引爆，因大雨失效。",三国演义
三国演义_物品_垂杨枝_0,物品,"实体名：垂杨枝
实体描述：
- 挂锦袍的柳树枝，被徐晃射断。",三国演义
三国演义_物品_堕泪碑_0,物品,"实体名：堕泪碑
实体描述：
- 襄阳人为羊祜所立之碑，往来人见碑文者无不流涕。",三国演义
三国演义_物品_大刀_0,物品,"实体名：大刀
实体描述：
- 严颜使用的兵器。",三国演义
三国演义_物品_大刀_2,物品,"实体名：大刀
实体描述：
- 韩当所用兵器，一口大刀。",三国演义
三国演义_物品_大宛良马_0,物品,"实体名：大宛良马
实体描述：
- 曹操所乘之马，熬得痛走得快，淯水败时右臂中箭，马亦中三箭，后渡河时被射中眼扑倒。",三国演义
三国演义_物品_大宛马_0,物品,"实体名：大宛马
实体描述：
- 典韦生前所骑战马，被射死，曹操为之致祭。",三国演义
三国演义_物品_大戟_0,物品,"实体名：大戟
实体描述：
- 魏将韩综所用武器，被丁奉砍翻。",三国演义
三国演义_物品_大斧_0,物品,"实体名：大斧
实体描述：
- 兵器，武士各执大斧。",三国演义
三国演义_物品_大斧_1,物品,"实体名：大斧
实体描述：
- 徐晃使用的武器，一合斩崔勇于马下。",三国演义
三国演义_物品_大旗_0,物品,"实体名：大旗
实体描述：
- 杨奉军中的旗帜，上书“大汉杨奉”四字。",三国演义
三国演义_物品_大棒_0,物品,"实体名：大棒
实体描述：
- 钟会令在宫中掘坑置数千大棒，欲打死不从者。",三国演义
三国演义_物品_大炬_0,物品,"实体名：大炬
实体描述：
- 王濬于筏上所作，长十余丈，灌麻油，烧铁索。",三国演义
三国演义_物品_大盆_0,物品,"实体名：大盆
实体描述：
- 接取刮骨所流血水之盆，血流盈盆。",三国演义
三国演义_物品_大砍刀_1,物品,"实体名：大砍刀
实体描述：
- 夏侯楙手提的兵器。",三国演义
三国演义_物品_大筏_0,物品,"实体名：大筏
实体描述：
- 王濬所造，上缚草人，顺水放下，以破铁锥。",三国演义
三国演义_物品_大簏_0,物品,"实体名：大簏
实体描述：
- 竹器，吴质藏身其中进入曹丕府中，后用以装绢迷惑曹操使者。",三国演义
三国演义_物品_大锁_0,物品,"实体名：大锁
实体描述：
- 司马懿用大锁锁住曹爽宅门，令居民围守。",三国演义
三国演义_物品_《太平要术》_0,物品,"实体名：《太平要术》
实体描述：
- 南华老仙授予张角的天书三卷，张角得此书晓夜攻习，能呼风唤雨。",三国演义
三国演义_物品_《太平青领道》_0,物品,"实体名：《太平青领道》
实体描述：
- 于吉在阳曲泉水上得到的神书，共百余卷，记载治人疾病的方术。",三国演义
三国演义_物品_太牢_0,物品,"实体名：太牢
实体描述：
- 祭祀用的牛羊猪三牲，钟会以此祭武侯墓。",三国演义
三国演义_物品_头盔_0,物品,"实体名：头盔
实体描述：
- 张飞的头盔，被严颜一箭射中。",三国演义
三国演义_物品_妆奁_0,物品,"实体名：妆奁
实体描述：
- 吕布为女儿准备的嫁妆。",三国演义
三国演义_物品_孔明荐书_0,物品,"实体名：孔明荐书
实体描述：
- 诸葛亮写给刘备推荐庞统的书信，称凤雏到日宜即重用。庞统在刘备拜将后方拿出。",三国演义
三国演义_物品_孙权书_0,物品,"实体名：孙权书
实体描述：
- 孙权写给刘备的书信，由诸葛瑾呈上，索要荆州。",三国演义
三国演义_物品_孟德新书_0,物品,"实体名：孟德新书
别名：《孟德新书》
实体描述：
- 曹操仿《孙子》十三篇所作兵法书，共一十三篇，皆用兵之要法。后被张松讥讽为战国无名氏所作，曹操令扯碎烧之。
- 曹操所著兵书，左慈变出，一字不差。",三国演义
三国演义_物品_宝刀_1,物品,"实体名：宝刀
实体描述：
- 马岱使用的武器，与钟繇交战时使用。",三国演义
三国演义_物品_宝刀_2,物品,"实体名：宝刀
别名：大刀
实体描述：
- 黄忠的佩刀，自称手中宝刀不老，与张郃交战。；黄忠所取武器，轮动如飞，显示其老当益壮。
- 黄忠的武器，斩夏侯渊时“宝刀已落”。",三国演义
三国演义_物品_宝刀_3,物品,"实体名：宝刀
实体描述：
- 袁绍所持，在惊惧时坠于马下。",三国演义
三国演义_物品_宝刀_4,物品,"实体名：宝刀
实体描述：
- 木鹿大王腰悬的两口大刀。",三国演义
三国演义_物品_宝刀_5,物品,"实体名：宝刀
实体描述：
- 韩瑶使用的兵器，举刀砍赵云，反被生擒。",三国演义
三国演义_物品_宝刀_6,物品,"实体名：宝刀
实体描述：
- 许褚的武器，他称“你若赢得手中宝刀，我便献出”，后用此刀与典韦交战。",三国演义
三国演义_物品_宝剑_0,物品,"实体名：宝剑
实体描述：
- 袁绍命使者赍往冀州狱中杀田丰的剑。",三国演义
三国演义_物品_宝剑_2,物品,"实体名：宝剑
实体描述：
- 马超所用的剑，杀死马玩、梁兴。
- 马超帐中新磨之剑，欲试李恢之言，后李恢以言辞说服马超。",三国演义
三国演义_物品_宝剑_3,物品,"实体名：宝剑
实体描述：
- 貂蝉所掣壁间宝剑，欲自刎时被董卓夺下。",三国演义
三国演义_物品_宝剑_4,物品,"实体名：宝剑
实体描述：
- 诸葛亮身旁童子手捧之剑。",三国演义
三国演义_物品_宝剑_5,物品,"实体名：宝剑
实体描述：
- 周鲂欲自刎时所掣从人所佩之剑。",三国演义
三国演义_物品_宝剑印绶_0,物品,"实体名：宝剑印绶
实体描述：
- 孙权赐予陆逊的信物，象征军权。",三国演义
三国演义_物品_宝贝_0,物品,"实体名：宝贝
实体描述：
- 孟优献于孔明的宝物。",三国演义
三国演义_物品_宝贝_1,物品,"实体名：宝贝
实体描述：
- 孔明赠吴国的礼物。",三国演义
三国演义_物品_宝雕弓_0,物品,"实体名：宝雕弓
实体描述：
- 天子所用弓。曹操从献帝处讨来射鹿，射后自悬带不还。",三国演义
三国演义_物品_宝雕弓_1,物品,"实体名：宝雕弓
实体描述：
- 越吉元帅腰间所悬之弓，华丽贵重。",三国演义
三国演义_物品_宝马香车_0,物品,"实体名：宝马香车
实体描述：
- 吕布连夜具办送女往寿春的车马。",三国演义
三国演义_物品_家书_0,物品,"实体名：家书
实体描述：
- 全祎修家书与父全端、叔全怿，劝其降魏，射入城中。",三国演义
三国演义_物品_密书_0,物品,"实体名：密书
别名：私书
实体描述：
- 曹操附与刘备的密信，教杀吕布。；曹操使者私下递给刘备的书信。
- 韩胤赍袁术密书往见吕布。
- 黄盖派人呈给曹操的书信，约降。
- 韩遂写给曹操的投降密信。
- 伏皇后写给伏完的密信，藏于穆顺发中，谋诛曹操。
- 杨松写给曹操的密信，教其进兵并愿为内应。
- 孔明写的密信，用于反间计，让细作带给雍闿。
- 密书，姜维所写两封书信，拴于箭上射入天水城，以诱使梁绪、尹赏内应。
- 司马昭暗发密书与乐綝。
- 诸葛武侯所传之书，记载阵法变法共三百六十五样。
- 胡烈写密书给胡渊，告知钟会谋反。",三国演义
三国演义_物品_密诏_0,物品,"实体名：密诏
实体描述：
- 孙亮写给全纪的密诏，用以诛杀孙綝时示众。",三国演义
三国演义_物品_密诏_1,物品,"实体名：密诏
实体描述：
- 汉献帝秘密写的诏书，交付杨彪用以离间李傕、郭汜。",三国演义
三国演义_物品_将军印_0,物品,"实体名：将军印
实体描述：
- 郭图建议袁谭刻将军印二颗暗送吕旷、吕翔，以为内应。",三国演义
三国演义_物品_将印_0,物品,"实体名：将印
实体描述：
- 曹真的总兵将印，司马懿受之。",三国演义
三国演义_物品_小舟_0,物品,"实体名：小舟
实体描述：
- 小型船只，孔明在一叶小舟内安身，刘备与关羽乘小舟赴江东，蒋干驾小舟到周瑜寨。
- 小船，文聘撑小舟救曹丕，曹丕下小舟奔入河港。",三国演义
三国演义_物品_小舟_1,物品,"实体名：小舟
实体描述：
- 小船，文聘撑小舟救曹丕，曹丕下小舟奔入河港。",三国演义
三国演义_物品_小车_0,物品,"实体名：小车
实体描述：
- 诸葛亮自驾的车辆，用于探路和指挥。
- 诸葛亮乘坐的小车，亲到南安城边视察。",三国演义
三国演义_物品_小车_1,物品,"实体名：小车
实体描述：
- 装载诸葛恪尸首弃于乱冢坑。",三国演义
三国演义_物品_小车_2,物品,"实体名：小车
实体描述：
- 黄皓用小车请师婆入宫。",三国演义
三国演义_物品_尖刀_0,物品,"实体名：尖刀
实体描述：
- 华佗为关公刮骨所用之刀。",三国演义
三国演义_物品_履_0,物品,"实体名：履
实体描述：
- 鞋，刘琰令军士以履挞其妻胡氏之面。",三国演义
三国演义_物品_山鸡毛_0,物品,"实体名：山鸡毛
实体描述：
- 刘?藏于盒中，管辂卜出为山鸡毛。",三国演义
三国演义_物品_嵌宝紫金冠_0,物品,"实体名：嵌宝紫金冠
实体描述：
- 孟获的头冠，头顶嵌宝紫金冠。",三国演义
三国演义_物品_嵌宝金冠_0,物品,"实体名：嵌宝金冠
实体描述：
- 曹操头戴之冠。",三国演义
三国演义_物品_《左传》_0,物品,"实体名：《左传》
别名：《春秋传》
实体描述：
- 即《春秋左氏传》，杜预使人持于马前。；左丘明所著，杜预喜读，坐卧常携，时人谓之《左传》癖。",三国演义
三国演义_物品_巾帼素衣_0,物品,"实体名：巾帼素衣
实体描述：
- 诸葛亮派人送给司马懿的妇人衣服和头巾，内含书信羞辱其不出战。",三国演义
三国演义_物品_布袋_0,物品,"实体名：布袋
实体描述：
- 关羽所用，多装沙土，遏住白河之水，后放水淹曹军。",三国演义
三国演义_物品_帅字大旗_0,物品,"实体名：帅字大旗
实体描述：
- 关羽祭旗所用，祭后假寐于帐中。",三国演义
三国演义_物品_帅字旗_0,物品,"实体名：帅字旗
实体描述：
- 曹操大船上的旗帜，上建帅字旗号。",三国演义
三国演义_物品_帅字旗_1,物品,"实体名：帅字旗
实体描述：
- 刘备马前旗帜，被旋风吹倒，庞统视为警报。",三国演义
三国演义_物品_帅字旗_2,物品,"实体名：帅字旗
实体描述：
- 公孙瓒的大红圈金线帅字旗，后军中有中军帅字旗竿被风吹折。",三国演义
三国演义_物品_帅字旗_3,物品,"实体名：帅字旗
实体描述：
- 司马师营中旗帜。",三国演义
三国演义_物品_带刀_0,物品,"实体名：带刀
实体描述：
- 吕布拔出的佩刀，刺臂出血为誓。",三国演义
三国演义_物品_幡_0,物品,"实体名：幡
实体描述：
- 扬幡招魂，用于泸水祭祀。",三国演义
三国演义_物品_干柴_0,物品,"实体名：干柴
实体描述：
- 韩遂令军士堆积的柴火，用于放火为号。",三国演义
三国演义_物品_干柴_1,物品,"实体名：干柴
实体描述：
- 堆积在上方谷草房上的柴草，用于火攻。",三国演义
三国演义_物品_干柴茅草_0,物品,"实体名：干柴茅草
实体描述：
- 孙礼装于运粮车上，用于诱敌放火的引火之物。",三国演义
三国演义_物品_平蛮指掌图_0,物品,"实体名：平蛮指掌图
实体描述：
- 吕凯所绘地图，标注南蛮可屯兵交战之处，献给孔明。",三国演义
三国演义_物品_开山大斧_0,物品,"实体名：开山大斧
实体描述：
- 邢道荣所用的武器。",三国演义
三国演义_物品_开山大斧_1,物品,"实体名：开山大斧
实体描述：
- 韩德使用的兵器，善使此斧，有万夫不当之勇。",三国演义
三国演义_物品_异锦_0,物品,"实体名：异锦
实体描述：
- 陆逊赠予关公的贵重锦缎。",三国演义
三国演义_物品_异锦战袍_0,物品,"实体名：异锦战袍
实体描述：
- 曹操赠予关羽的新战袍，关羽受之但穿于内底。",三国演义
三国演义_物品_弓_0,物品,"实体名：弓
实体描述：
- 马超所持，拈弓搭箭射曹操船。",三国演义
三国演义_物品_弓_1,物品,"实体名：弓
实体描述：
- 曹丕出猎时所持之弓，射倒母鹿后见曹睿不忍射小鹿，掷弓于地。",三国演义
三国演义_物品_弓弩_0,物品,"实体名：弓弩
实体描述：
- 蛮兵使用的远程武器，能齐发十矢，箭带毒药。",三国演义
三国演义_物品_弓弩炮石_0,物品,"实体名：弓弩炮石
实体描述：
- 防御武器，设置在敌楼上。",三国演义
三国演义_物品_弓矢_0,物品,"实体名：弓矢
实体描述：
- 太史慈的弓箭，腰带弓矢，突围时拈弓搭箭八面射之，无不应弦落马。",三国演义
三国演义_物品_弓箭_0,物品,"实体名：弓箭
实体描述：
- 吕布所用，辕门射戟时搭箭扯弓，一箭正中画戟小枝。",三国演义
三国演义_物品_弓箭_1,物品,"实体名：弓箭
实体描述：
- 韩琼曾用弓箭射赵云，连放三箭被拨落；赵云亦用弓箭射杀韩琼。",三国演义
三国演义_物品_弓箭_2,物品,"实体名：弓箭
实体描述：
- 姜维腰间所带，虚拽弓弦，后接郭淮箭射死郭淮。",三国演义
三国演义_物品_弩箭_0,物品,"实体名：弩箭
实体描述：
- 冀州城中向曹操发射弩箭如雨，射中操盔。",三国演义
三国演义_物品_弩箭_1,物品,"实体名：弩箭
实体描述：
- 弓弩发射的箭矢。周瑜入南郡瓮城时被弩箭射中左肋。",三国演义
三国演义_物品_强弓硬弩_0,物品,"实体名：强弓硬弩
别名：强弓硬弩
实体描述：
- 艨艟上所设武器，千余张。
- 强劲的弓弩，周瑜随行健将各带强弓硬弩。",三国演义
三国演义_物品_彩帛_0,物品,"实体名：彩帛
实体描述：
- 董卓郿坞中堆积的财物。",三国演义
三国演义_物品_彩缎_0,物品,"实体名：彩缎
别名：彩缎一千匹
实体描述：
- 袁术许诺之物，吕布送粮米缎匹。；袁术许诺给吕布的彩缎。",三国演义
三国演义_物品_徐州牌印_0,物品,"实体名：徐州牌印
别名：牌印
实体描述：
- 徐州牌印，陶谦命糜竺取牌印让与刘备，刘备不肯受。
- 徐州牧的印信，陶谦欲让与刘备，刘备固辞后权领徐州事。
- 徐州的官印和文书，刘玄德欲让给吕布。",三国演义
三国演义_物品_御盖_0,物品,"实体名：御盖
实体描述：
- 孙权以御盖覆陆逊而入武昌城。",三国演义
三国演义_物品_御马_0,物品,"实体名：御马
实体描述：
- 曹真赌赛之物，天子所赐御马一匹。",三国演义
三国演义_物品_快船_0,物品,"实体名：快船
实体描述：
- 快速船只，刘备收拾快船一只前往赴宴。",三国演义
三国演义_物品_快船_1,物品,"实体名：快船
实体描述：
- 刘备一行从荆州前往南徐所乘船只，后被诸葛亮安排接应。",三国演义
三国演义_物品_快船_2,物品,"实体名：快船
实体描述：
- 吕蒙所备八十余只快速船只，用于白衣渡江。",三国演义
三国演义_物品_恨石_0,物品,"实体名：恨石
实体描述：
- 刘备和孙权在甘露寺砍开的巨石，上有十字纹，后世称恨石，留作胜迹。",三国演义
三国演义_物品_戈戟_0,物品,"实体名：戈戟
实体描述：
- 孔明出师时戈戟如林，泛指兵器。",三国演义
三国演义_物品_戒刀_0,物品,"实体名：戒刀
实体描述：
- 普净所佩戒刀，以手举刀目视关公暗示危险。",三国演义
三国演义_物品_战书_0,物品,"实体名：战书
实体描述：
- 张辽下给孙权的挑战书。",三国演义
三国演义_物品_战书_1,物品,"实体名：战书
实体描述：
- 战书，魏军使人先下给蜀军的战书，约期对阵。",三国演义
三国演义_物品_战书_2,物品,"实体名：战书
实体描述：
- 司马懿下给诸葛亮的战书，约定来日交锋。",三国演义
三国演义_物品_战书_3,物品,"实体名：战书
实体描述：
- 姜维下给邓艾的战书，单搦来日交锋。",三国演义
三国演义_物品_战筏_0,物品,"实体名：战筏
实体描述：
- 关羽预备的船筏及水具，用于水淹七军。",三国演义
三国演义_物品_战筏_1,物品,"实体名：战筏
实体描述：
- 孔明预备的渡水器具。",三国演义
三国演义_物品_战船_0,物品,"实体名：战船
实体描述：
- 东吴大江之中有战船七千余只。
- 东吴广造战船，孙权命甘宁领战船一百只镇守夏口。
- 周瑜率领的水军战船，追击刘备时江声大震，势如飞马。
- 东吴水军战船，被满宠烧毁无数。",三国演义
三国演义_物品_战船_1,物品,"实体名：战船
实体描述：
- 曹操沿江下寨准备战船，欲图江东。
- 作战船只，魏收拾战船三千余只。",三国演义
三国演义_物品_战船_2,物品,"实体名：战船
实体描述：
- 作战船只，曹军与东吴战船蔽江而来，甘宁等三路战船纵横水面。",三国演义
三国演义_物品_战袍_0,物品,"实体名：战袍
实体描述：
- 韩当所穿战袍，他脱自己战袍与黄盖穿上，救其回大寨。",三国演义
三国演义_物品_戟_0,物品,"实体名：戟
实体描述：
- 成济使用的兵器，一戟刺中曹髦前胸，再一戟透背。",三国演义
三国演义_物品_截头大刀_0,物品,"实体名：截头大刀
实体描述：
- 忙牙长使用的武器，一口截头大刀。",三国演义
三国演义_物品_手书_0,物品,"实体名：手书
实体描述：
- 司马昭写给卫瓘的密信。",三国演义
三国演义_物品_承露盘_0,物品,"实体名：承露盘
别名：金盘
实体描述：
- 铜人手中所捧之盘，名为承露盘，又称金盘。用于承接三更北斗所降沆瀣之水（甘露），汉武帝建柏梁台时设置。魏主曹睿令马钧拆取并移置芳林园，马钧将铜人及此盘一同运回洛阳。",三国演义
三国演义_物品_招兵白旗_0,物品,"实体名：招兵白旗
实体描述：
- 曹操竖起招兵白旗，上书“忠义”二字。",三国演义
三国演义_物品_拜书_0,物品,"实体名：拜书
实体描述：
- 关公写给曹操的告辞书信，言明封金挂印、不辞而别。",三国演义
三国演义_物品_排栅_0,物品,"实体名：排栅
实体描述：
- 王双军在陈仓城外四围立起的防御栅栏。",三国演义
三国演义_物品_掩心甲_0,物品,"实体名：掩心甲
实体描述：
- 内穿的护心铠甲。刘备、关羽、张飞等人穿之随驾打猎。",三国演义
三国演义_物品_掩心镜_0,物品,"实体名：掩心镜
实体描述：
- 赵云铠甲胸前的护心镜，放下掩心镜以便护抱阿斗。",三国演义
三国演义_物品_擂木炮石_0,物品,"实体名：擂木炮石
实体描述：
- 山上防御武器，打将下来阻止许褚上山。
- 防御器械，张郃守寨时多置擂木炮石，从山上打下以退敌。
- 防御器械，夏侯尚诈败，陈式追赶时被山上擂木炮石打下。",三国演义
三国演义_物品_操书_0,物品,"实体名：操书
实体描述：
- 曹操写给孙权的书信，满宠呈上，约共取荆州。",三国演义
三国演义_物品_文书_0,物品,"实体名：文书
实体描述：
- 一堆往来书信，堆于周瑜帐内桌上，蒋干偷视。",三国演义
三国演义_物品_文书_1,物品,"实体名：文书
实体描述：
- 刘备亲笔写的借荆州文书，诸葛亮、鲁肃作保，孙权认为无用，实为诸葛亮之计。
- 借荆州的文书，写明得了西川便还。",三国演义
三国演义_物品_文书_2,物品,"实体名：文书
实体描述：
- 霍峻急申文书到成都报告军情；孟达暗暗发书申报玄德。",三国演义
三国演义_物品_文房四宝_0,物品,"实体名：文房四宝
实体描述：
- 诸葛均提供纸笔，刘备写书留达诸葛亮。",三国演义
三国演义_物品_文房四宝_1,物品,"实体名：文房四宝
实体描述：
- 诸葛亮临终前取以写遗表的笔墨纸砚。",三国演义
三国演义_物品_文籍_0,物品,"实体名：文籍
实体描述：
- 文书户籍，与印绶一同交割。",三国演义
三国演义_物品_斧凿器具_0,物品,"实体名：斧凿器具
实体描述：
- 邓忠及开山壮士所用，凿山开路。",三国演义
三国演义_物品_方天戟_0,物品,"实体名：方天戟
实体描述：
- 鄂焕使用的武器，一枝方天戟，有万夫不当之勇。",三国演义
三国演义_物品_方天戟_1,物品,"实体名：方天戟
实体描述：
- 韩琼使用的兵器，与赵云交战时被箭射中面门落马。",三国演义
三国演义_物品_方天画戟_0,物品,"实体名：方天画戟
别名：画戟
实体描述：
- 吕布所执兵器。
- 吕布所用兵器，又称画杆方天戟。
- 吕布的兵器，在凤仪亭被董卓抢去掷刺吕布。
- 吕布的兵器。辕门射戟时，布提画戟在手，令插于辕门外一百五十步处，一箭射中戟小枝。
- 又称方天戟。吕布的兵器，曾放言“吾有画戟、赤兔马，谁敢近我”，后被盗，城破时宋宪掷下画戟。",三国演义
三国演义_物品_方天画戟_1,物品,"实体名：方天画戟
实体描述：
- 宋谦、贾华所用兵器，被乐进刀砍断。",三国演义
三国演义_物品_旌旗_0,物品,"实体名：旌旗
实体描述：
- 旗帜，徐盛多设旌旗守护江岸，假城上亦插旌旗。",三国演义
三国演义_物品_旌旗_1,物品,"实体名：旌旗
实体描述：
- 孔明出师时旌旗蔽野，军队旗帜。",三国演义
三国演义_物品_旌旗_2,物品,"实体名：旌旗
实体描述：
- 贾逵于林木盛茂处多设旌旗以为疑兵。",三国演义
三国演义_物品_旌旗_3,物品,"实体名：旌旗
实体描述：
- 虚插于车仗营中，后空营中只插数十面。",三国演义
三国演义_物品_旗号_0,物品,"实体名：旗号
实体描述：
- 曹丞相旗号，刘岱、王忠虚打此旗号以张声势。",三国演义
三国演义_物品_旗帜_0,物品,"实体名：旗帜
实体描述：
- 军中旌旗。赵云在乌林不追赶曹操，只顾抢夺旗帜。",三国演义
三国演义_物品_旗幡_0,物品,"实体名：旗幡
实体描述：
- 旗帜，蜀兵旗幡在山背后扰乱张郃后军。",三国演义
三国演义_物品_旗角_0,物品,"实体名：旗角
实体描述：
- 曹操扯旗角包颈而逃。",三国演义
三国演义_物品_日月刀_0,物品,"实体名：日月刀
实体描述：
- 韩班使用的两口兵器，与赵云交战时韩班中枪落马。",三国演义
三国演义_物品_日月狼须帽_0,物品,"实体名：日月狼须帽
实体描述：
- 兀突骨头戴的帽子，饰有日月狼须。",三国演义
三国演义_物品_明珠_0,物品,"实体名：明珠
实体描述：
- 李肃带来的礼物之一，数十颗。",三国演义
三国演义_物品_明珠_1,物品,"实体名：明珠
实体描述：
- 王允家藏，用于镶嵌金冠。",三国演义
三国演义_物品_春秋_0,物品,"实体名：春秋
实体描述：
- 儒家经典，关羽喜读《春秋》，诗中称“《春秋》义薄云”。",三国演义
三国演义_物品_曲柄伞盖_0,物品,"实体名：曲柄伞盖
实体描述：
- 仪仗器物，显示威严。",三国演义
三国演义_物品_木像_0,物品,"实体名：木像
实体描述：
- 诸葛亮生前所雕木像，置于车上吓退司马懿，被称为“死诸葛走生仲达”。",三国演义
三国演义_物品_木刻孔明遗像_0,物品,"实体名：木刻孔明遗像
实体描述：
- 木雕的诸葛亮像，置于四轮车上，魏军见之以为是孔明尚在。",三国演义
三国演义_物品_木刻彩画巨兽_0,物品,"实体名：木刻彩画巨兽
实体描述：
- 孔明制造的假兽，用五色绒线为毛衣，钢铁为牙爪，口内装烟火之物。能口吐火焰、鼻出黑烟，驱散真兽。也称假兽。",三国演义
三国演义_物品_木匣_0,物品,"实体名：木匣
实体描述：
- 盛放黄祖首级的匣子。",三国演义
三国演义_物品_木匣_1,物品,"实体名：木匣
实体描述：
- 曹操差薛悌送给张辽的匣子，上有操封，内藏对敌教帖。",三国演义
三国演义_物品_木匣_2,物品,"实体名：木匣
实体描述：
- 盛放关羽首级之匣，孙权遣使者星夜送与曹操。",三国演义
三国演义_物品_木履_0,物品,"实体名：木履
实体描述：
- 左慈足穿木履，行于筵前及城门。",三国演义
三国演义_物品_木榇_0,物品,"实体名：木榇
实体描述：
- 庞德出征前准备的棺材，以示决死之心，军前抬榇出战。",三国演义
三国演义_物品_木牛流马_0,物品,"实体名：木牛流马
实体描述：
- 孔明发明的运输工具，木牛和流马两种，能自动行走，不食水草，可昼夜转运粮草。后被司马懿仿造。
- 蜀汉运输工具，可装载米粮，魏军多次抢夺。高翔驱驾往来上方谷。
- 蜀汉运输粮草的器具，在铁笼山后搬运粮草。",三国演义
三国演义_物品_本命灯_0,物品,"实体名：本命灯
实体描述：
- 诸葛亮祈禳北斗时所设主灯，若七日内不灭可增寿一纪，被魏延扑灭。",三国演义
三国演义_物品_朱红小匣_0,物品,"实体名：朱红小匣
实体描述：
- 锦囊内小匣，用金锁锁着，内藏传国玺。",三国演义
三国演义_物品_朱红盔_0,物品,"实体名：朱红盔
实体描述：
- 孟获头戴的头盔，朱红色。",三国演义
三国演义_物品_杜康_0,物品,"实体名：杜康
实体描述：
- 酒的代称，曹操诗中“何以解忧，惟有杜康”。",三国演义
三国演义_物品_束草_0,物品,"实体名：束草
实体描述：
- 每船各束草千余个，用于插箭。",三国演义
三国演义_物品_松江鲈鱼_0,物品,"实体名：松江鲈鱼
实体描述：
- 四腮鲈鱼，左慈从鱼池钓出数十尾。",三国演义
三国演义_物品_松纹镶宝剑_0,物品,"实体名：松纹镶宝剑
实体描述：
- 孟获悬挂的双剑，两口松纹镶宝剑。",三国演义
三国演义_物品_板箱_0,物品,"实体名：板箱
实体描述：
- 蜀军车乘上放置的板箱。",三国演义
三国演义_物品_枪_0,物品,"实体名：枪
实体描述：
- 孙策、太史慈、程普、黄盖等使用的武器。",三国演义
三国演义_物品_枪_1,物品,"实体名：枪
别名：长枪
实体描述：
- 马超手执的武器，刺死王方。
- 马超使用的武器，阵前手执，曾刺李通于马下。
- 马超所用的武器，与许褚交战时被拗断。",三国演义
三国演义_物品_枪_2,物品,"实体名：枪
实体描述：
- 张郃所用武器，挺枪纵马与张飞、黄忠等交战。",三国演义
三国演义_物品_枪_3,物品,"实体名：枪
实体描述：
- 兵器，桓嘉绰枪刺丁奉，被奉挟住。",三国演义
三国演义_物品_枪刀_0,物品,"实体名：枪刀
实体描述：
- 枪和刀，假城上枪刀耀日。",三国演义
三国演义_物品_柴草_0,物品,"实体名：柴草
实体描述：
- 放火材料，藏于车中，点燃后烧毁山谷草木，烟迷路径。",三国演义
三国演义_物品_柴薪干草_0,物品,"实体名：柴薪干草
实体描述：
- 袁尚令军士堆积，至夜焚烧为号，与城中接应。",三国演义
三国演义_物品_桐木偶人_0,物品,"实体名：桐木偶人
实体描述：
- 张韬诈称于甄夫人宫中掘得，上书天子年月日时，用于魇镇，导致甄夫人被赐死。",三国演义
三国演义_物品_《梁父吟》_0,物品,"实体名：《梁父吟》
实体描述：
- 黄承彦在女婿家观《梁父吟》，记得一篇，过小桥时吟诵。",三国演义
三国演义_物品_梓宫_0,物品,"实体名：梓宫
实体描述：
- 刘备的灵柩，诸葛亮率众官奉梓宫还成都。",三国演义
三国演义_物品_棺_0,物品,"实体名：棺
实体描述：
- 西角地下二棺，一有矛，一有角弓及箭。",三国演义
三国演义_物品_棺_1,物品,"实体名：棺
实体描述：
- 葬马谡所用，具棺葬之。",三国演义
三国演义_物品_棺椁_0,物品,"实体名：棺椁
实体描述：
- 棺材。曹操以棺椁盛陈宫尸，葬于许都。
- 后主念魏延前功，赐棺椁葬之。
- 司马孚盛贮曹髦尸体的器具。",三国演义
三国演义_物品_棺椁_1,物品,"实体名：棺椁
实体描述：
- 后主念魏延前功，赐棺椁葬之。",三国演义
三国演义_物品_棺椁_2,物品,"实体名：棺椁
实体描述：
- 司马孚盛贮曹髦尸体的器具。",三国演义
三国演义_物品_楼船_0,物品,"实体名：楼船
实体描述：
- 大型战船，周瑜亲乘楼船窥探曹军水寨。",三国演义
三国演义_物品_榜文_0,物品,"实体名：榜文
实体描述：
- 张飞入巴郡后出榜安民。",三国演义
三国演义_物品_槊_0,物品,"实体名：槊
实体描述：
- 曹操手持的长矛武器，横槊赋诗，并刺死刘馥。",三国演义
三国演义_物品_檀板_0,物品,"实体名：檀板
实体描述：
- 貂蝉歌唱时所用的拍板。",三国演义
三国演义_物品_檄文_0,物品,"实体名：檄文
实体描述：
- 陈琳为袁绍草拟的讨伐曹操的檄文，历数曹操罪行，文采斐然。曹操读后毛骨悚然，头风顿愈。",三国演义
三国演义_物品_檄文_1,物品,"实体名：檄文
实体描述：
- 曹操遣使送来的文书，内容称统雄兵百万，欲与孙权会猎江夏，共伐刘备。
- 曹操传至东吴的文书，请孙权会猎于江夏。",三国演义
三国演义_物品_檄文_2,物品,"实体名：檄文
实体描述：
- 曹操发矫诏后作檄文以达诸郡，布告天下讨伐董卓。",三国演义
三国演义_物品_檄文_3,物品,"实体名：檄文
实体描述：
- 钟会约邓艾起兵的文书。",三国演义
三国演义_物品_檄文_4,物品,"实体名：檄文
实体描述：
- 卫瓘先发二三十道檄文，宣告奉诏收邓艾，其余不问。",三国演义
三国演义_物品_毒药_0,物品,"实体名：毒药
实体描述：
- 吉平暗藏入曹操府中的毒药，欲趁为曹操治头风时下毒杀之，但被曹操识破。",三国演义
三国演义_物品_毒药箭_0,物品,"实体名：毒药箭
别名：弩箭
实体描述：
- 蛮兵使用的弩箭，箭头上涂有毒药，中箭者皮肉皆烂，见五脏而死。；洞中之人习用的弓弩所发之箭，一弩齐发十矢。",三国演义
三国演义_物品_毛诗_0,物品,"实体名：毛诗
实体描述：
- 《诗经》的毛传版本，郑玄家中侍婢俱通毛诗，能引用诗句应答。",三国演义
三国演义_物品_毡衫_0,物品,"实体名：毡衫
实体描述：
- 邓艾及将士裹身滚下摩天岭所用。",三国演义
三国演义_物品_毡车_0,物品,"实体名：毡车
实体描述：
- 王允送貂蝉到董卓相府所用的车。",三国演义
三国演义_物品_水墨画_0,物品,"实体名：水墨画
实体描述：
- 殿上悬画，画着两只牛斗于土墙下，一牛坠井而亡，曹丕以此为题命曹植作诗。",三国演义
三国演义_物品_汉寿亭侯印_0,物品,"实体名：汉寿亭侯印
别名：印
实体描述：
- 曹操表奏朝廷封关羽为汉寿亭侯所铸之印。关羽辞曹时悬印于堂上，封存金银。
- 关公封存的官印（汉寿亭侯印），与黄金一同挂留。",三国演义
三国演义_物品_沉香木_0,物品,"实体名：沉香木
别名：香木之躯
实体描述：
- 曹操刻沉香木为关羽躯体，以王侯之礼葬之。；曹操刻香木为关羽躯体，以配其首级。",三国演义
三国演义_物品_沉香木匣_0,物品,"实体名：沉香木匣
实体描述：
- 孙权盛贮张飞首级所用木匣。",三国演义
三国演义_物品_油鼎_0,物品,"实体名：油鼎
实体描述：
- 鼎内盛油烧沸，用于烹人。张昭建议立油鼎吓邓芝，邓芝欲跳鼎。",三国演义
三国演义_物品_流星锤_0,物品,"实体名：流星锤
实体描述：
- 卞喜所使武器，能掷出飞锤攻击，被关公用刀隔开。",三国演义
三国演义_物品_流星锤_1,物品,"实体名：流星锤
实体描述：
- 王双暗藏的三个流星锤，百发百中，打伤张嶷。",三国演义
三国演义_物品_深乌马_0,物品,"实体名：深乌马
实体描述：
- 张飞所骑之马，毛色深乌。",三国演义
三国演义_物品_《潜龙诗》_0,物品,"实体名：《潜龙诗》
实体描述：
- 曹髦所作的诗，诗中暗讽司马昭，司马昭见之大怒。",三国演义
三国演义_物品_火具_0,物品,"实体名：火具
实体描述：
- 蛮兵所带，用于放火为号劫寨。",三国演义
三国演义_物品_火把_0,物品,"实体名：火把
实体描述：
- 夜袭时火把齐明。",三国演义
三国演义_物品_火炮_0,物品,"实体名：火炮
实体描述：
- 傅士仁、糜芳帐后失火引燃的火炮，烧毁军器粮草。
- 蜀兵攻打长城时使用的火器，与火箭并用。",三国演义
三国演义_物品_火炮_1,物品,"实体名：火炮
实体描述：
- 信号武器，孔明伏麦田时带火炮，四角伏兵听炮响杀出。",三国演义
三国演义_物品_火炮_2,物品,"实体名：火炮
实体描述：
- 蜀兵攻打长城时使用的火器，与火箭并用。",三国演义
三国演义_物品_火箭_0,物品,"实体名：火箭
实体描述：
- 伏军所用，射入城中引发大火。
- 郝昭令三千军各执火箭，射烧云梯。
- 魏军从山上射下的带火箭矢，引燃草房。
- 蜀兵攻打长城时使用的火器，打入城中烧着草屋。",三国演义
三国演义_物品_火箭_1,物品,"实体名：火箭
实体描述：
- 郝昭令三千军各执火箭，射烧云梯。",三国演义
三国演义_物品_火箭_2,物品,"实体名：火箭
实体描述：
- 魏军从山上射下的带火箭矢，引燃草房。",三国演义
三国演义_物品_火箭_3,物品,"实体名：火箭
实体描述：
- 蜀兵攻打长城时使用的火器，打入城中烧着草屋。",三国演义
三国演义_物品_火船_0,物品,"实体名：火船
实体描述：
- 黄盖准备之船，内装芦苇干柴、鱼油、硫黄、焰硝，用于火攻曹军。",三国演义
三国演义_物品_火药_0,物品,"实体名：火药
实体描述：
- 用于火攻的材料，装在黑油柜车中，在盘蛇谷引燃。",三国演义
三国演义_物品_灯四十九盏_0,物品,"实体名：灯四十九盏
实体描述：
- 孔明在泸水岸边陈列四十九盏灯，用于招魂祭祀。",三国演义
三国演义_物品_灯烛_0,物品,"实体名：灯烛
实体描述：
- 照明工具，张飞寨中大明灯烛，后为草人旁所设。",三国演义
三国演义_物品_灵柩_0,物品,"实体名：灵柩
实体描述：
- 周瑜的棺材。停丧于巴丘，后回柴桑，鲁肃送灵柩至芜湖，孙权命厚葬于本乡。",三国演义
三国演义_物品_灵柩_1,物品,"实体名：灵柩
实体描述：
- 郝昭死后，孔明令其妻小扶灵柩回魏。",三国演义
三国演义_物品_灵柩_2,物品,"实体名：灵柩
实体描述：
- 诸葛亮的棺材，杨仪等扶柩回汉中，后主迎至成都，最终葬于定军山。",三国演义
三国演义_物品_炮架_0,物品,"实体名：炮架
实体描述：
- 魏军攻城器械，用于攻打襄平。",三国演义
三国演义_物品_烂银铠_0,物品,"实体名：烂银铠
实体描述：
- 孙坚所穿铠甲。",三国演义
三国演义_物品_煮酒_0,物品,"实体名：煮酒
实体描述：
- 小亭中加热的酒，曹操与刘备对饮。",三国演义
三国演义_物品_燕卵_0,物品,"实体名：燕卵
实体描述：
- 诸葛原暗取三物之一，管辂卜出。",三国演义
三国演义_物品_爪黄飞电马_0,物品,"实体名：爪黄飞电马
实体描述：
- 曹操所骑马匹。",三国演义
三国演义_物品_牛酒_0,物品,"实体名：牛酒
别名：牛酒
实体描述：
- 百姓赍牛酒到寨劳军，孙策以金帛答之。
- 牛和酒，孙綝奉牛酒入宫上寿被拒，后带至张布府共饮。",三国演义
三国演义_物品_牛马_0,物品,"实体名：牛马
实体描述：
- 孔明命行厨宰杀牛马，用于制作馒头馅料。",三国演义
三国演义_物品_牛马_1,物品,"实体名：牛马
实体描述：
- 公孙渊城中粮尽，宰牛马为食；魏军纵城内军民出城牧放牛马。",三国演义
三国演义_物品_牡丹花_0,物品,"实体名：牡丹花
实体描述：
- 左慈以水噀花盆，顷刻发出双花。",三国演义
三国演义_物品_犀皮甲_0,物品,"实体名：犀皮甲
实体描述：
- 孟获身穿的铠甲，以犀牛皮制成。",三国演义
三国演义_物品_犀角_0,物品,"实体名：犀角
实体描述：
- 孟优献于孔明的宝物。",三国演义
三国演义_物品_玄德书_0,物品,"实体名：玄德书
实体描述：
- 刘备写给关羽的信，令交割三郡给东吴，关羽不服从。",三国演义
三国演义_物品_玉屑_0,物品,"实体名：玉屑
实体描述：
- 美玉制成的屑，与甘露调和服用可反老还童。",三国演义
三国演义_物品_玉带_0,物品,"实体名：玉带
实体描述：
- 献帝所赐，内藏血字密诏。董承得之，曹操曾索看。",三国演义
三国演义_物品_玉带_1,物品,"实体名：玉带
实体描述：
- 李肃带来的礼物之一，一条。",三国演义
三国演义_物品_玉带_2,物品,"实体名：玉带
实体描述：
- 孔明赠吴国的礼物。",三国演义
三国演义_物品_玉带_3,物品,"实体名：玉带
实体描述：
- 曹真赌赛之物，天子所赐玉带一条。",三国演义
三国演义_物品_玉带珠履_0,物品,"实体名：玉带珠履
实体描述：
- 曹操所系玉带和所穿珠履。",三国演义
三国演义_物品_玉杯_0,物品,"实体名：玉杯
实体描述：
- 左慈满斟佳酿进曹操，画杯分酒。",三国演义
三国演义_物品_玉玺_1,物品,"实体名：玉玺
实体描述：
- 皇后玺绶，郗虑入宫收取，象征皇后之位。",三国演义
三国演义_物品_玉玺_2,物品,"实体名：玉玺
实体描述：
- 天子印玺，孙綝令李崇夺孙亮玺绶，孙休受玉玺即帝位。",三国演义
三国演义_物品_玉玺_3,物品,"实体名：玉玺
实体描述：
- 皇帝印玺，后主遣人赍玉玺至雒城请降。",三国演义
三国演义_物品_玉砚_0,物品,"实体名：玉砚
实体描述：
- 孙权案上的玉砚，得知刘备逃走后愤怒摔碎。",三国演义
三国演义_物品_玉辇金鞍_0,物品,"实体名：玉辇金鞍
实体描述：
- 董卓梦兆中“弃旧换新”将乘的帝王车驾。",三国演义
三国演义_物品_环甲_0,物品,"实体名：环甲
实体描述：
- 孙峻内披环甲，手提利刃上殿诛杀诸葛恪。",三国演义
三国演义_物品_玺绶_0,物品,"实体名：玺绶
实体描述：
- 皇后印信，被郗虑索要取走。",三国演义
三国演义_物品_玺绶_1,物品,"实体名：玺绶
别名：玺绶
实体描述：
- 先王玺绶，曹彰问其所在，后张音持节奉玺绶，曹丕令赍回。
- 玉玺的绶带，被李崇夺走。",三国演义
三国演义_物品_珍珠_0,物品,"实体名：珍珠
实体描述：
- 董卓郿坞中堆积的财物。",三国演义
三国演义_物品_珠宝_0,物品,"实体名：珠宝
实体描述：
- 郿坞中所藏的珠宝。",三国演义
三国演义_物品_瑶琴_0,物品,"实体名：瑶琴
别名：名琴
实体描述：
- 诸葛亮囊里所藏名琴，裹以古锦。
- 诸葛亮在西城城楼所操之琴，诗中称瑶琴三尺胜雄师。",三国演义
三国演义_物品_甘露_0,物品,"实体名：甘露
实体描述：
- 又名天浆，即承露盘所接三更北斗降下的沆瀣之水，调和玉屑服之可反老还童。",三国演义
三国演义_物品_画戟_1,物品,"实体名：画戟
实体描述：
- 李封使用的武器，向前来迎战许褚。",三国演义
三国演义_物品_留书_0,物品,"实体名：留书
实体描述：
- 诸葛亮在江边留给庞统的书信，嘱其若孙权不用可来荆州投刘备，称刘备宽仁厚德必不负其所学。",三国演义
三国演义_物品_白土_0,物品,"实体名：白土
实体描述：
- 张角令人各以白土书甲子二字于家中大门上。",三国演义
三国演义_物品_白旄黄钺_0,物品,"实体名：白旄黄钺
实体描述：
- 帝王仪仗器物，筑坛拜将时赐予陆逊以显威仪。
- 孙权授予陆逊的仪仗，象征征伐大权。",三国演义
三国演义_物品_白旄黄钺_1,物品,"实体名：白旄黄钺
实体描述：
- 司马师中军仪仗。",三国演义
三国演义_物品_白旗_0,物品,"实体名：白旗
实体描述：
- 信号旗。宋宪、魏续插白旗为号，准备献门，城下曹兵望见白旗竭力攻城。",三国演义
三国演义_物品_白旗_1,物品,"实体名：白旗
实体描述：
- 冀州城上竖起白旗，上书“冀州百姓投降”，以诱曹军。",三国演义
三国演义_物品_白旗_2,物品,"实体名：白旗
实体描述：
- 荆州城上插两面白旗，不见人影。",三国演义
三国演义_物品_白旗_3,物品,"实体名：白旗
实体描述：
- 南山冈上所竖之旗，上书“荆州土人”四字。",三国演义
三国演义_物品_白旗_4,物品,"实体名：白旗
实体描述：
- 曹操军中竖起白旗二面，大书“报仇雪恨”四字。",三国演义
三国演义_物品_白旗_5,物品,"实体名：白旗
实体描述：
- 孔明令魏延望白旗处而走，作为信号标志。",三国演义
三国演义_物品_白旗_6,物品,"实体名：白旗
实体描述：
- 钟会所立之旗，上书“保国安民”四字，令军士勿妄杀。",三国演义
三国演义_物品_白旗白甲_0,物品,"实体名：白旗白甲
实体描述：
- 张飞下令三日内制办，用于挂孝伐吴。范疆、张达因无法按时备办而受鞭打。",三国演义
三国演义_物品_白米十万石_0,物品,"实体名：白米十万石
实体描述：
- 关公军中所缺粮草，令南郡、公安二处解送。",三国演义
三国演义_物品_白练_0,物品,"实体名：白练
实体描述：
- 曹操令取来的白练，用于勒死董贵妃，董妃乞求全尸而死。",三国演义
三国演义_物品_白练_1,物品,"实体名：白练
实体描述：
- 绞死张皇后所用的白色丝带。",三国演义
三国演义_物品_白绢_0,物品,"实体名：白绢
实体描述：
- 董承与王子服等立义状所用之绢。",三国演义
三国演义_物品_白绢_1,物品,"实体名：白绢
实体描述：
- 伏德在乱军中拾得的绢布，用于连接拽辇，帮助帝后下船。",三国演义
三国演义_物品_白衣_0,物品,"实体名：白衣
实体描述：
- 吕蒙令士兵扮作商人所穿的衣服，用于伪装渡江。",三国演义
三国演义_物品_白象_0,物品,"实体名：白象
实体描述：
- 木鹿大王和兀突骨的坐骑，木鹿大王身骑白象出战。",三国演义
三国演义_物品_白金_0,物品,"实体名：白金
实体描述：
- 郿坞中所蓄的白金数百万。",三国演义
三国演义_物品_白银_0,物品,"实体名：白银
实体描述：
- 贵重财物，刘备赐关羽白银一千斤。",三国演义
三国演义_物品_白鸠_0,物品,"实体名：白鸠
实体描述：
- 左慈掷杯于空中所化，绕殿而飞。",三国演义
三国演义_物品_白鹅翎_0,物品,"实体名：白鹅翎
实体描述：
- 甘宁令百人插于盔上为号，劫曹营。",三国演义
三国演义_物品_白鹤_0,物品,"实体名：白鹤
实体描述：
- 刘禅出生之夜，有白鹤一只飞来县衙屋上，高鸣四十余声，望西飞去。",三国演义
三国演义_物品_白鹤_1,物品,"实体名：白鹤
实体描述：
- 南斗北斗化作白鹤冲天而去。",三国演义
三国演义_物品_皂旗_0,物品,"实体名：皂旗
实体描述：
- 黑色旗，刀斧手立起皂旗欲斩孙韶。",三国演义
三国演义_物品_皂旗_1,物品,"实体名：皂旗
实体描述：
- 四十九面黑色旗帜，由甲士执旗环绕帐外。",三国演义
三国演义_物品_皂盖朱幡_0,物品,"实体名：皂盖朱幡
实体描述：
- 司马师中军仪仗。",三国演义
三国演义_物品_皂纱囊_0,物品,"实体名：皂纱囊
实体描述：
- 关羽冬季用以裹髯的黑色纱囊，恐髯断。",三国演义
三国演义_物品_皂绦_0,物品,"实体名：皂绦
实体描述：
- 诸葛亮显圣时所系黑色丝带。",三国演义
三国演义_物品_皂衣_0,物品,"实体名：皂衣
实体描述：
- 四十九名甲士穿的黑色衣服。",三国演义
三国演义_物品_的卢马_0,物品,"实体名：的卢马
实体描述：
- 张武所骑之马，极其雄骏，后归刘备。又名“的卢”，眼下有泪槽，额边生白点，相传妨主。刘备跃马过檀溪时，马从水中涌身而起一跃三丈。
- 刘备所乘之马，原是千里马但妨主，曾跃过檀溪救主，徐庶称其为救主非妨主。",三国演义
三国演义_物品_盔_0,物品,"实体名：盔
实体描述：
- 曹操所戴头盔，被弩箭射中险透其顶。",三国演义
三国演义_物品_盔甲_0,物品,"实体名：盔甲
实体描述：
- 许褚卸下的护身甲。",三国演义
三国演义_物品_矛_0,物品,"实体名：矛
实体描述：
- 棺中所藏，主刺头。",三国演义
三国演义_物品_短刀_0,物品,"实体名：短刀
实体描述：
- 范疆、张达刺杀张飞所用武器。",三国演义
三国演义_物品_短刀_1,物品,"实体名：短刀
实体描述：
- 丁奉令众军所带武器，弃长枪大戟，止带短刀，上岸砍入魏寨。",三国演义
三国演义_物品_短剑_0,物品,"实体名：短剑
实体描述：
- 兵器，武士各执短剑。",三国演义
三国演义_物品_短戟_0,物品,"实体名：短戟
实体描述：
- 太史慈背上所掣，被孙策夺去，后孙策挑于阵前。",三国演义
三国演义_物品_短戟_1,物品,"实体名：短戟
实体描述：
- 典韦所携短戟，飞戟刺敌，一戟一人坠马，立杀十数人。",三国演义
三国演义_物品_石碣_0,物品,"实体名：石碣
实体描述：
- 摩天岭道旁石碑，上刻‘丞相诸葛武侯题’及预言诗。",三国演义
三国演义_物品_矴石_0,物品,"实体名：矴石
实体描述：
- 船锚石，周瑜楼船下矴石以窥寨，后急收起离去。",三国演义
三国演义_物品_硫黄焰硝_0,物品,"实体名：硫黄焰硝
实体描述：
- 引火之物，预先藏在城内人家屋上，待风起火箭射入城。
- 灌于干柴茅草中，助燃之物。",三国演义
三国演义_物品_硬弓_0,物品,"实体名：硬弓
实体描述：
- 黄忠壁上所挂之弓，连拽折两张，显示其臂力。",三国演义
三国演义_物品_碑文图轴_0,物品,"实体名：碑文图轴
实体描述：
- 蔡琰家中壁间所悬，乃曹娥碑文图轴，上有蔡邕所题八字“黄绢幼妇，外孙齑臼”。",三国演义
三国演义_物品_碾玉狮子带_0,物品,"实体名：碾玉狮子带
实体描述：
- 孟获的腰带，腰系碾玉狮子带。",三国演义
三国演义_物品_祭文_0,物品,"实体名：祭文
实体描述：
- 诸葛亮在周瑜灵前所读之文，追忆周瑜生平功业，表达哀痛之情，文中称“从此天下，更无知音”。",三国演义
三国演义_物品_祭文_1,物品,"实体名：祭文
实体描述：
- 董厥所读之文，孔明亲祭泸水时宣读，内容祭奠蜀中将校及南人亡者阴魂，祈愿英灵随军回国。",三国演义
三国演义_物品_祭文_2,物品,"实体名：祭文
实体描述：
- 孔明自修祭文享祀马谡。",三国演义
三国演义_物品_祭物_0,物品,"实体名：祭物
实体描述：
- 孔明在泸水岸上铺设的祭祀物品，包括馒头等，后尽弃于泸水中。",三国演义
三国演义_物品_私书_1,物品,"实体名：私书
实体描述：
- 曹操写给吕布的书信，王则带回并极道曹公相敬之意。",三国演义
三国演义_物品_竹桥_0,物品,"实体名：竹桥
实体描述：
- 蜀军在西洱河上搭起的桥，以竹子制成，阔十余丈，又称浮桥。",三国演义
三国演义_物品_竹版_0,物品,"实体名：竹版
实体描述：
- 桓范袖中所取出，伪称太后有诏，用以诈开城门。",三国演义
三国演义_物品_笔砚_0,物品,"实体名：笔砚
实体描述：
- 曹操欲作《铜雀台诗》时唤左右捧过笔砚。",三国演义
三国演义_物品_符册典籍_0,物品,"实体名：符册典籍
实体描述：
- 朝廷的符节、册封文书和典籍，在混乱中被抛弃。",三国演义
三国演义_物品_箭_0,物品,"实体名：箭
实体描述：
- 乱箭射倒岸上军，太史慈射中城上裨将。",三国演义
三国演义_物品_箭_1,物品,"实体名：箭
实体描述：
- 马超所射，箭不虚发，射倒船上多人。",三国演义
三国演义_物品_箭_2,物品,"实体名：箭
实体描述：
- 许褚臂中两箭，于禁开弓射箭。",三国演义
三国演义_物品_箭_3,物品,"实体名：箭
实体描述：
- 棺中所藏，与角弓同。",三国演义
三国演义_物品_箭_4,物品,"实体名：箭
实体描述：
- 李肃折箭为誓。",三国演义
三国演义_物品_箭_5,物品,"实体名：箭
实体描述：
- 箭矢，丁奉一箭射中张辽腰。",三国演义
三国演义_物品_箭_6,物品,"实体名：箭
实体描述：
- 曹丕一箭射倒母鹿，提及箭矢。",三国演义
三国演义_物品_箭_7,物品,"实体名：箭
实体描述：
- 魏军在土城上如飞蝗般射下。",三国演义
三国演义_物品_箭垛_0,物品,"实体名：箭垛
实体描述：
- 设于百步之外，以红心为目标供武官射箭。",三国演义
三国演义_物品_箭头_0,物品,"实体名：箭头
实体描述：
- 射伤关公的弩箭箭头，带有乌头之毒。",三国演义
三国演义_物品_箸笠_0,物品,"实体名：箸笠
实体描述：
- 民间所取遮盖铠甲的斗笠，吕蒙同乡因取此物被斩。",三国演义
三国演义_物品_粉笔_0,物品,"实体名：粉笔
实体描述：
- 孙权用来在驴面上书写“诸葛子瑜”的工具。",三国演义
三国演义_物品_粟二十万斛_0,物品,"实体名：粟二十万斛
实体描述：
- 袁术令韩胤送与吕布的粮食，以结其心。",三国演义
三国演义_物品_粟帛_0,物品,"实体名：粟帛
实体描述：
- 孔融常使人遗太史慈之母粟帛，母感融德，故遣慈来救。",三国演义
三国演义_物品_粮五万斛_0,物品,"实体名：粮五万斛
实体描述：
- 袁术许诺给吕布的粮食。",三国演义
三国演义_物品_粮米_0,物品,"实体名：粮米
实体描述：
- 曹操送与刘备粮万斛。",三国演义
三国演义_物品_粮米_1,物品,"实体名：粮米
实体描述：
- 军粮。曹操令军士往村落中劫掠粮食，又于村中掠得粮米造饭。",三国演义
三国演义_物品_粮米_2,物品,"实体名：粮米
实体描述：
- 军队粮草，马岱解送并分派各寨。",三国演义
三国演义_物品_粮米_3,物品,"实体名：粮米
实体描述：
- 苟安解送的重要军粮，因违限被责。",三国演义
三国演义_物品_粮米缎匹_0,物品,"实体名：粮米缎匹
实体描述：
- 吕布令人送与刘备。",三国演义
三国演义_物品_粮草_0,物品,"实体名：粮草
实体描述：
- 曹操军粮草不接，需通粮道；冀州城中粮绝，军士饿死。",三国演义
三国演义_物品_粮草_1,物品,"实体名：粮草
实体描述：
- 军队粮饷，曹操屯粮于聚铁山，周瑜帐后粮草如山积。",三国演义
三国演义_物品_粮草_2,物品,"实体名：粮草
实体描述：
- 军粮物资，刘璋城中钱帛粮草可支一年。",三国演义
三国演义_物品_粮草_3,物品,"实体名：粮草
实体描述：
- 军中物资，曹军寨中粮草极多，张鲁封闭仓库粮草。",三国演义
三国演义_物品_粮草_4,物品,"实体名：粮草
实体描述：
- 军队补给，天荡山、米仓山为屯粮积草之地，黄忠夺粮草马匹。
- 军需物资，多次被劫夺，如黄忠欲烧北山粮草，张飞夺粮草车辆。",三国演义
三国演义_物品_粮草_5,物品,"实体名：粮草
实体描述：
- 军需物资，多次被劫夺，如黄忠欲烧北山粮草，张飞夺粮草车辆。
- 孔明聚积的军粮，姜维诈烧蜀人粮草。",三国演义
三国演义_物品_粮草_6,物品,"实体名：粮草
实体描述：
- 孔明聚积的军粮，姜维诈烧蜀人粮草。
- 军粮物资，蜀军获粮万余石，吴军粮草被魏军烧毁。",三国演义
三国演义_物品_粮草_7,物品,"实体名：粮草
实体描述：
- 军粮物资，蜀军获粮万余石，吴军粮草被魏军烧毁。
- 军事物资，司马懿军粮草不继，后由洛阳运粮。",三国演义
三国演义_物品_粮草_8,物品,"实体名：粮草
实体描述：
- 军事物资，司马懿军粮草不继，后由洛阳运粮。",三国演义
三国演义_物品_粮草辎重_0,物品,"实体名：粮草辎重
实体描述：
- 曹军所押运的物资，被火烧，后为刘备军所获分赏将士。",三国演义
三国演义_物品_粮车_0,物品,"实体名：粮车
实体描述：
- 蜀军运粮的车辆，姜维有粮车数千，后被王瓘烧毁数百辆。",三国演义
三国演义_物品_粮食_0,物品,"实体名：粮食
实体描述：
- 牛渚邸阁所收，以及查渎屯粮。",三国演义
三国演义_物品_粮食_1,物品,"实体名：粮食
实体描述：
- 郿坞中所藏的粮食。",三国演义
三国演义_物品_粮食_2,物品,"实体名：粮食
实体描述：
- 黄巾劫掠及军中所需，曹操夺其粮食，并令军割麦为食。",三国演义
三国演义_物品_素履_0,物品,"实体名：素履
实体描述：
- 诸葛亮显圣时所穿白色鞋子。",三国演义
三国演义_物品_紫芽姜_0,物品,"实体名：紫芽姜
实体描述：
- 烹松江鲈鱼所需，左慈以金盆覆衣得之。",三国演义
三国演义_物品_红旗_0,物品,"实体名：红旗
实体描述：
- 曹操教将红旗一招，作为信号。",三国演义
三国演义_物品_红旗_1,物品,"实体名：红旗
实体描述：
- 关羽船上红旗，风中招飐显‘关’字，周仓招旗示意关平。",三国演义
三国演义_物品_红旗_2,物品,"实体名：红旗
实体描述：
- 军中信号旗，张飞分付只看军中红旗起便各进兵。",三国演义
三国演义_物品_红旗_3,物品,"实体名：红旗
实体描述：
- 马谡传令所用旗帜，山顶上红旗招动即四面皆下。",三国演义
三国演义_物品_红旗_4,物品,"实体名：红旗
实体描述：
- 孔明在山上把红旗一招，关兴引兵杀出，作为信号。",三国演义
三国演义_物品_红油柜车_0,物品,"实体名：红油柜车
实体描述：
- 孔明军中的车辆，内装木刻彩画巨兽，用于破蛮兵驱兽之法。",三国演义
三国演义_物品_红袍_0,物品,"实体名：红袍
实体描述：
- 曹操所穿战袍，因西凉军喊“穿红袍的是曹操”而急脱下。",三国演义
三国演义_物品_纱锦囊_0,物品,"实体名：纱锦囊
实体描述：
- 曹操赠予关羽护髯的纱锦囊。献帝见之问，关羽答是丞相所赐。",三国演义
三国演义_物品_纶巾_0,物品,"实体名：纶巾
实体描述：
- 诸葛亮头戴纶巾。
- 诸葛亮头戴的冠巾。
- 诸葛亮头戴的青色丝带头巾，为其标志性服饰。
- 纶巾，诸葛亮头戴之巾，为儒雅象征。
- 诸葛亮所戴头巾，空城计时佩戴。
- 诸葛亮显圣时所戴头巾。
- 诸葛亮常戴的头巾，诸葛瞻亦戴之。",三国演义
三国演义_物品_纶巾羽扇_0,物品,"实体名：纶巾羽扇
实体描述：
- 诸葛亮佩戴的头巾和手持的羽扇，作为其标志性装束。
- 诸葛亮的穿戴装饰，道袍鹤氅，端坐车上。",三国演义
三国演义_物品_绊马索_0,物品,"实体名：绊马索
实体描述：
- 马岱埋伏所用，绊倒祝融夫人将其擒获。",三国演义
三国演义_物品_绢一万匹_0,物品,"实体名：绢一万匹
实体描述：
- 诸葛亮赏给赵云部卒的绢帛。",三国演义
三国演义_物品_绢千匹_0,物品,"实体名：绢千匹
实体描述：
- 孙权赐甘宁，赏其劫营之功。",三国演义
三国演义_物品_绣旗_0,物品,"实体名：绣旗
实体描述：
- 公孙瓒军中的旗帜，被麴义砍倒。",三国演义
三国演义_物品_绮罗_0,物品,"实体名：绮罗
实体描述：
- 郿坞中所藏的绮罗，不计其数。",三国演义
三国演义_物品_绳索_0,物品,"实体名：绳索
实体描述：
- 魏兵攀木挂树所用。",三国演义
三国演义_物品_绵衣_0,物品,"实体名：绵衣
实体描述：
- 冬衣。吕布分付从人多带绵衣。",三国演义
三国演义_物品_绿袍_0,物品,"实体名：绿袍
实体描述：
- 刘璋脱所穿绿袍并黄金五百两赐张松。",三国演义
三国演义_物品_绿锦战袍_0,物品,"实体名：绿锦战袍
实体描述：
- 刘备所赐旧袍，关羽穿于新袍之下，以示不忘旧恩。",三国演义
三国演义_物品_绿锦罗袍_0,物品,"实体名：绿锦罗袍
实体描述：
- 曹操身穿之袍。",三国演义
三国演义_物品_缣囊_0,物品,"实体名：缣囊
实体描述：
- 盛水之具，用细绢制成，用于浇水筑城。",三国演义
三国演义_物品_缨络红锦袍_0,物品,"实体名：缨络红锦袍
实体描述：
- 孟获的袍服，身披缨络红锦袍。",三国演义
三国演义_物品_羊头_0,物品,"实体名：羊头
实体描述：
- 左慈杀群羊后，羊头在地上作人言，后被左慈凑活。",三国演义
三国演义_物品_羊酒_0,物品,"实体名：羊酒
实体描述：
- 土人奉献给刘备的羊和酒，刘备与众聚饮于沙滩。",三国演义
三国演义_物品_羊酒礼物_0,物品,"实体名：羊酒礼物
实体描述：
- 刘备备办的犒军礼品，令糜竺献与周瑜。",三国演义
三国演义_物品_羽扇_0,物品,"实体名：羽扇
实体描述：
- 诸葛亮手执之物。
- 诸葛亮手执的扇子，以羽毛制成，为其标志性物品。
- 羽扇，诸葛亮手摇之扇，是其标志性器物。
- 孔明手中所持之扇，指挥军队。
- 诸葛亮手中所持之扇，指挥布阵。
- 孔明手摇之扇，端坐车上时常持。
- 诸葛亮手持的扇子，诸葛瞻亦执之。",三国演义
三国演义_物品_翁仲_0,物品,"实体名：翁仲
别名：铜人
实体描述：
- 魏主将铜柱打碎铸成的两个铜人，号为翁仲，列于司马门外。；柏梁台上的铜人，手捧承露盘，马钧令人拆下时铜人眼中流泪，后运回洛阳。魏主又令将铜柱打碎铸成两个铜人，号为翁仲。",三国演义
三国演义_物品_胡华书信_0,物品,"实体名：胡华书信
实体描述：
- 胡华写给儿子胡班的信，关公携带并交付胡班。",三国演义
三国演义_物品_《胡笳十八拍》_0,物品,"实体名：《胡笳十八拍》
实体描述：
- 蔡琰被掳北地时所创作的乐曲，流入中原，曹操深怜之。",三国演义
三国演义_物品_腰刀_0,物品,"实体名：腰刀
实体描述：
- 步卒腰刀，典韦寻不见双戟后急掣此刀，砍死二十余人，刀缺不堪用。",三国演义
三国演义_物品_【舟冓】【舟鹿】船_0,物品,"实体名：【舟冓】【舟鹿】船
实体描述：
- 一种战船，用于伏藏精兵，袭取荆州。",三国演义
三国演义_物品_舟楫_0,物品,"实体名：舟楫
实体描述：
- 船只，袁绍计划于河内增益舟楫以备战。",三国演义
三国演义_物品_船筏_0,物品,"实体名：船筏
实体描述：
- 曹洪于蒲阪津安排，曹操用以渡河。",三国演义
三国演义_物品_船筏_1,物品,"实体名：船筏
实体描述：
- 渡水工具，孟获将其尽拘在南岸，后蜀军扎木筏渡水。",三国演义
三国演义_物品_艨艟_0,物品,"实体名：艨艟
实体描述：
- 黄祖军所用的战船，上设强弓硬弩，以大索系定于水面。",三国演义
三国演义_物品_艨艟战舰_0,物品,"实体名：艨艟战舰
实体描述：
- 大型战船，刘备在江东观看艨艟战舰整齐分布。",三国演义
三国演义_物品_艨艟战舰_1,物品,"实体名：艨艟战舰
实体描述：
- 曹操水寨中的大型战船，列为城郭。",三国演义
三国演义_物品_良马_0,物品,"实体名：良马
实体描述：
- 张世平、苏双赠刘备良马五十匹。",三国演义
三国演义_物品_节钺_0,物品,"实体名：节钺
实体描述：
- 皇帝赐予的符节和斧钺，曹操被封假节钺。",三国演义
三国演义_物品_节钺_1,物品,"实体名：节钺
实体描述：
- 符节与斧钺，象征权力，袁尚弃之。",三国演义
三国演义_物品_节钺_2,物品,"实体名：节钺
实体描述：
- 假节钺中的符节和斧钺，李傕被封假节钺。",三国演义
三国演义_物品_节钺_3,物品,"实体名：节钺
实体描述：
- 节钺，魏主曹睿赐予曹真的符节与斧钺，象征军权。",三国演义
三国演义_物品_芦席_0,物品,"实体名：芦席
实体描述：
- 包裹诸葛恪及张约尸首所用。",三国演义
三国演义_物品_芦苇_0,物品,"实体名：芦苇
实体描述：
- 植物，徐盛束缚芦苇为人穿青衣执旌旗；淮河中芦苇预灌鱼油火着。",三国演义
三国演义_物品_花鬃马_0,物品,"实体名：花鬃马
实体描述：
- 孙坚坐骑。",三国演义
三国演义_物品_草人_0,物品,"实体名：草人
实体描述：
- 张飞设于帐中伪装自己，被张郃一枪刺倒，实为草人。",三国演义
三国演义_物品_草车_0,物品,"实体名：草车
实体描述：
- 张绣军夜袭时，草车上火起为号。",三国演义
三国演义_物品_草车_1,物品,"实体名：草车
实体描述：
- 装载干柴的车辆，用于堵塞盘蛇谷口并助火势。",三国演义
三国演义_物品_草车_2,物品,"实体名：草车
实体描述：
- 数百辆草车横截去路，用于伏兵。",三国演义
三国演义_物品_药_0,物品,"实体名：药
实体描述：
- 华佗投之以药，医治周泰。",三国演义
三国演义_物品_药一帖_0,物品,"实体名：药一帖
实体描述：
- 华佗留给关公敷疮口之药。",三国演义
三国演义_物品_药箭_0,物品,"实体名：药箭
实体描述：
- 连弩所用箭矢，带有毒药，射中即伤。",三国演义
三国演义_物品_药酒_0,物品,"实体名：药酒
实体描述：
- 诸葛恪自制药酒，在宴中服用。",三国演义
三国演义_物品_葫芦酒_0,物品,"实体名：葫芦酒
实体描述：
- 黄承彦随行青衣小童所携葫芦酒。",三国演义
三国演义_物品_蒂钟_0,物品,"实体名：蒂钟
实体描述：
- 木鹿大王手执的法器，摇动时可呼风唤雨、驱赶猛兽。",三国演义
三国演义_物品_蒜齑汁_0,物品,"实体名：蒜齑汁
实体描述：
- 华佗让患者饮用的药汁，吐蛇一条。",三国演义
三国演义_物品_蒺藜_0,物品,"实体名：蒺藜
实体描述：
- 羌兵惯使的暗器或兵器之一。",三国演义
三国演义_物品_薤叶芸香_0,物品,"实体名：薤叶芸香
实体描述：
- 一种草，万安隐者庵前所生，人若口含一叶则瘴气不染，孔明令众军采取。",三国演义
三国演义_物品_藜杖_0,物品,"实体名：藜杖
实体描述：
- 南华老仙手执藜杖，唤张角至洞中授书。",三国演义
三国演义_物品_藜杖_1,物品,"实体名：藜杖
实体描述：
- 于吉手持的拐杖。",三国演义
三国演义_物品_藤甲_0,物品,"实体名：藤甲
实体描述：
- 乌戈国特制铠甲，用油浸藤条制成，穿在身上渡江不沉，刀箭不能入。被火烧时易燃。",三国演义
三国演义_物品_蘸金斧_0,物品,"实体名：蘸金斧
实体描述：
- 李异所用兵器。",三国演义
三国演义_物品_蜀锦_0,物品,"实体名：蜀锦
实体描述：
- 蜀地特产丝织品，刘备赐关羽一千匹。",三国演义
三国演义_物品_蜀锦一匹_0,物品,"实体名：蜀锦一匹
实体描述：
- 曹操赐给诸将各一匹。",三国演义
三国演义_物品_蜂窠_0,物品,"实体名：蜂窠
实体描述：
- 诸葛原暗取三物之一，管辂卜出。",三国演义
三国演义_物品_蜘蛛_0,物品,"实体名：蜘蛛
实体描述：
- 诸葛原暗取三物之一，管辂卜出。",三国演义
三国演义_物品_蠫牛尾_0,物品,"实体名：蠫牛尾
实体描述：
- 有人送此至玄德处，玄德取尾亲自结帽。",三国演义
三国演义_物品_血诏_0,物品,"实体名：血诏
实体描述：
- 曹芳写的密诏，藏在龙凤汗衫上，命张缉等讨伐司马师。",三国演义
三国演义_物品_衣冠棺椁_0,物品,"实体名：衣冠棺椁
实体描述：
- 董卓迁葬时使用的王者衣冠和棺椁。",三国演义
三国演义_物品_衣带诏_0,物品,"实体名：衣带诏
别名：素绢
实体描述：
- 献帝咬破指尖以血写成的密诏，藏于玉带紫锦衬内，命董承图操。又称血字密诏。；写有衣带诏的白色绢布，藏于玉带衬内。
- 汉献帝秘密藏在衣带中的诏书，交付董承，令其联络忠义之士除曹操。后被曹操搜出，成为董承谋反的证据，又称白绢。
- 汉献帝密诏，藏在衣带中。袁绍在阵前宣称“吾奉衣带诏讨贼”，指责曹操为汉贼。
- 汉献帝密诏，藏于衣带中，刘备于阵前朗诵以讨曹操。
- 汉献帝密诏。马腾曾与董承受衣带诏约共讨曹操，被黄奎提及。",三国演义
三国演义_物品_衣甲_0,物品,"实体名：衣甲
实体描述：
- 袁尚所弃物资之一。",三国演义
三国演义_物品_衣甲鞍马_0,物品,"实体名：衣甲鞍马
实体描述：
- 孔融赠与太史慈的装备，慈受之并愿出城杀贼。",三国演义
三国演义_物品_表_0,物品,"实体名：表
实体描述：
- 刘备进位汉中王后修写的奏表，差人赍赴许都，内容自陈心迹。",三国演义
三国演义_物品_表_1,物品,"实体名：表
实体描述：
- 奏章，邓艾遣使赍表奏闻司马昭，姜维忻然上表再议伐魏。",三国演义
三国演义_物品_表文_0,物品,"实体名：表文
实体描述：
- 孔明自贬丞相之职的表章，以及后出师表。",三国演义
三国演义_物品_表文_1,物品,"实体名：表文
实体描述：
- 陆逊上奏吴王的密表，中途被魏军截获，导致夹攻计划泄露。",三国演义
三国演义_物品_表文_2,物品,"实体名：表文
实体描述：
- 诸葛诞上表数司马昭之罪，申奏洛阳。",三国演义
三国演义_物品_表文_3,物品,"实体名：表文
实体描述：
- 姜维上奏后主的表，请诏遣将守关。",三国演义
三国演义_物品_西川地理图本_0,物品,"实体名：西川地理图本
别名：图本
实体描述：
- 张松暗画藏带，献与刘备。上写地理行程，远近阔狭，山川险要，府库钱粮，一一俱载明白。
- 张松所遗西川地图，刘备取来对照。",三国演义
三国演义_物品_西川红锦战袍_0,物品,"实体名：西川红锦战袍
实体描述：
- 又称锦袍，曹操挂于垂杨枝上作为武官比试弓箭的奖品，后被徐晃夺得，最终被许褚扯碎。",三国演义
三国演义_物品_西川红锦百花袍_0,物品,"实体名：西川红锦百花袍
实体描述：
- 吕布所穿战袍。",三国演义
三国演义_物品_角弓_0,物品,"实体名：角弓
实体描述：
- 棺中所藏，主刺胸腹。",三国演义
三国演义_物品_解暑药_0,物品,"实体名：解暑药
实体描述：
- 蜀中差马岱解送来的药物，用于避暑。",三国演义
三国演义_物品_诈降书_0,物品,"实体名：诈降书
实体描述：
- 黄盖令阚泽献给曹操的密书，内容言黄盖愿率众归降。",三国演义
三国演义_物品_诏_0,物品,"实体名：诏
实体描述：
- 汉献帝降下的诏书，封李傕为大司马。",三国演义
三国演义_物品_诏书_0,物品,"实体名：诏书
实体描述：
- 天子诏令，曹操假天子诏发兵讨袁术等。",三国演义
三国演义_物品_诏书_1,物品,"实体名：诏书
实体描述：
- 汉帝诏书，封吕布为平东将军，王则开读。",三国演义
三国演义_物品_诏书_2,物品,"实体名：诏书
实体描述：
- 天子诏、密诏、圣旨等文书，用于调动兵马或封赏。",三国演义
三国演义_物品_诏书_3,物品,"实体名：诏书
实体描述：
- 魏主曹睿遣使持诏加郝昭为镇西将军；后主诏贬孔明为右将军。",三国演义
三国演义_物品_诏书_4,物品,"实体名：诏书
实体描述：
- 天子遣费祎赍诏至孔明营中，诏书内容恢复孔明丞相之职。",三国演义
三国演义_物品_诏书_5,物品,"实体名：诏书
实体描述：
- 司马昭遣使赍诏征诸葛诞为司空。",三国演义
三国演义_物品_诏书_6,物品,"实体名：诏书
实体描述：
- 后主所降诏令，连下三道召回姜维班师。",三国演义
三国演义_物品_诏书_7,物品,"实体名：诏书
实体描述：
- 司马昭及朝廷所降封赏、收捕等诏令。",三国演义
三国演义_物品_诰命_0,物品,"实体名：诰命
实体描述：
- 汉中王封赐官员的诏命，费诗赍捧诰命至荆州。",三国演义
三国演义_物品_请书_0,物品,"实体名：请书
实体描述：
- 鲁肃邀请关羽赴宴的书信，关羽看后允诺赴会。",三国演义
三国演义_物品_谢表_0,物品,"实体名：谢表
实体描述：
- 吕布遣陈登赍谢表至许都谢恩。",三国演义
三国演义_物品_象牙_0,物品,"实体名：象牙
实体描述：
- 孟优献于孔明的宝物。",三国演义
三国演义_物品_象简_0,物品,"实体名：象简
实体描述：
- 丁管持以击打董卓的笏板。",三国演义
三国演义_物品_赤兔马_0,物品,"实体名：赤兔马
实体描述：
- 董卓赠吕布之名马，日行千里，浑身上下火炭般赤。
- 吕布坐骑，嘶风赤兔马，日行千里。
- 吕布的坐骑，能渡水如平地。侯成盗马献曹操，吕布因此被擒。
- 原吕布所骑战马，曹操赠予关羽。日行千里，关羽得之喜曰可一日见兄长。
- 关公坐骑，日行千里，本可赶超但为护送车仗按辔徐行。
- 千里马，原为关羽坐骑，郭常之子欲盗此马被踢倒，裴元绍亦欲劫夺。
- 关羽坐骑，日行千里，全身赤红。
- 关羽坐骑，赤色骏马。关羽跨赤兔马守华容道。
- 关羽坐骑，日行千里。关羽死后被马忠所获，献与孙权，孙权赐马忠骑坐，马数日不食草料而死。
- 孟获的坐骑，卷毛赤兔马。
- 关羽坐骑，赤色骏马。关公显圣时骑此马。",三国演义
三国演义_物品_赤帻_0,物品,"实体名：赤帻
实体描述：
- 孙坚所戴红色头巾，因射目被华雄军识认。祖茂戴此引开追兵。",三国演义
三国演义_物品_赤毛牛_0,物品,"实体名：赤毛牛
实体描述：
- 孟获的坐骑，红色毛皮，孟获骑之出战。",三国演义
三国演义_物品_车仗_0,物品,"实体名：车仗
实体描述：
- 张飞假意偷过小路时，车仗在后，被严颜伏兵抢夺。",三国演义
三国演义_物品_车仗_1,物品,"实体名：车仗
实体描述：
- 车辆和仪仗，孙韶、丁奉夺得车仗不计其数。",三国演义
三国演义_物品_车仗_2,物品,"实体名：车仗
实体描述：
- 运粮的车辆，被马岱放火烧着。",三国演义
三国演义_物品_车辆_0,物品,"实体名：车辆
实体描述：
- 载酒或柴草的车辆，用十余乘各藏柴草塞住小路放火。",三国演义
三国演义_物品_辇_0,物品,"实体名：辇
实体描述：
- 曹髦乘坐的车驾，被刺后撞出辇来。",三国演义
三国演义_物品_辎重_0,物品,"实体名：辎重
别名：辎重
实体描述：
- 袁尚败逃时尽弃印绶、节钺、衣甲、辎重。
- 军队物资，黄忠借寨与彼屯辎重，夜袭夺回。",三国演义
三国演义_物品_连环大钉_0,物品,"实体名：连环大钉
实体描述：
- 曹操令军中铁匠连夜打造的钉子，用于锁住船只。",三国演义
三国演义_物品_连珠号炮_0,物品,"实体名：连珠号炮
实体描述：
- 吕公设伏取胜后放出的信号炮，城中闻之接应。",三国演义
三国演义_物品_连珠炮_0,物品,"实体名：连珠炮
实体描述：
- 火炮类武器，张飞帐后连珠炮起，作为信号或攻击。",三国演义
三国演义_物品_逍遥马_0,物品,"实体名：逍遥马
实体描述：
- 献帝所骑马匹。",三国演义
三国演义_物品_遁甲天书_0,物品,"实体名：遁甲天书
实体描述：
- 左慈所得天书三卷，分天遁、地遁、人遁。",三国演义
三国演义_物品_道袍鹤氅_0,物品,"实体名：道袍鹤氅
别名：金冠鹤氅，鹤氅
实体描述：
- 诸葛亮身披鹤氅，飘飘然有神仙之概。
- 诸葛亮身披的服饰。
- 诸葛亮身披的用鹤羽制成的外套，为其标志性服饰。
- 孔明祭祀时所穿戴的服饰，金冠和鹤氅。
- 诸葛亮的服饰，与纶巾羽扇搭配。
- 鹤氅，诸葛亮身披之衣，常与纶巾、羽扇并称。
- 诸葛亮所披之衣，空城计时穿鹤氅戴纶巾。
- 诸葛亮显圣时所穿衣物。
- 诸葛亮所穿道袍，诸葛瞻亦披之。",三国演义
三国演义_物品_遗书_0,物品,"实体名：遗书
实体描述：
- 周瑜临终前写给孙权的书信，内容为荐鲁肃自代，称“鲁肃忠烈，临事不苟，可以代瑜之任”。",三国演义
三国演义_物品_遗嘱_0,物品,"实体名：遗嘱
实体描述：
- 袁绍临终前由审配于榻前所写遗嘱，立袁尚为后嗣。",三国演义
三国演义_物品_遗表_0,物品,"实体名：遗表
实体描述：
- 诸葛亮临终前手书给后主的奏表，劝谏清心寡欲、进贤良。
- 诸葛亮临终所上表文，杨仪呈交后主，后主览毕大哭。",三国演义
三国演义_物品_遗诏_0,物品,"实体名：遗诏
实体描述：
- 刘备临终所写诏书，托付刘禅及群臣，言“勿以恶小而为之，勿以善小而不为”。",三国演义
三国演义_物品_遗诏_1,物品,"实体名：遗诏
实体描述：
- 钟会诈称郭太后遗诏，教讨司马昭。",三国演义
三国演义_物品_酒_0,物品,"实体名：酒
实体描述：
- 张飞每日饮酒，成都佳酿五十瓮送至军前，用作诱敌之计；亦指军前公用美酒。",三国演义
三国演义_物品_酒瓮_0,物品,"实体名：酒瓮
实体描述：
- 盛酒容器，孔明送五十瓮作三车装至军前。",三国演义
三国演义_物品_酒礼_0,物品,"实体名：酒礼
实体描述：
- 陆逊赠予关公的酒和礼物。",三国演义
三国演义_物品_酒食绢帛_0,物品,"实体名：酒食绢帛
实体描述：
- 曹操赐给父老们的酒、食物和绢帛。",三国演义
三国演义_物品_金五十斤_0,物品,"实体名：金五十斤
实体描述：
- 诸葛亮赠给赵云的赏赐。",三国演义
三国演义_物品_金冠_0,物品,"实体名：金冠
实体描述：
- 王允用家藏明珠嵌造，送给吕布。",三国演义
三国演义_物品_金器一副_0,物品,"实体名：金器一副
实体描述：
- 曹操赐于禁之物，嘉其整兵坚垒之功。",三国演义
三国演义_物品_金宝_0,物品,"实体名：金宝
实体描述：
- 金银财宝，曹操挖掘梁孝王陵墓掠取金宝。",三国演义
三国演义_物品_金宝_1,物品,"实体名：金宝
实体描述：
- 黄皓用以贿赂邓艾左右的金银财宝。",三国演义
三国演义_物品_金帛_0,物品,"实体名：金帛
实体描述：
- 孙策用以答谢百姓。",三国演义
三国演义_物品_金帛_1,物品,"实体名：金帛
实体描述：
- 袁术前次许吕布金帛粮马。",三国演义
三国演义_物品_金帛_2,物品,"实体名：金帛
实体描述：
- 马元义暗赍金帛结交封谞。",三国演义
三国演义_物品_金帛_3,物品,"实体名：金帛
实体描述：
- 刘备散给孙夫人侍婢的财物，以买其心，助其回荆州。",三国演义
三国演义_物品_金帛_4,物品,"实体名：金帛
实体描述：
- 曹丕用来贿赂鲜卑国轲比能的财物。",三国演义
三国演义_物品_金帛_5,物品,"实体名：金帛
实体描述：
- 金银布帛，后主赐与张温。",三国演义
三国演义_物品_金帛_6,物品,"实体名：金帛
实体描述：
- 诸葛亮赠予孟节的金钱和丝绸，孟节坚辞不受。",三国演义
三国演义_物品_金帛_7,物品,"实体名：金帛
实体描述：
- 孔融以金帛酬谢太史慈，慈不肯受而归。",三国演义
三国演义_物品_金帛_8,物品,"实体名：金帛
实体描述：
- 黄巾劫掠所得，曹操破黄巾后夺其金帛无数。",三国演义
三国演义_物品_金掩心甲_0,物品,"实体名：金掩心甲
实体描述：
- 曹操赏赐给细作的金甲，用于潜入南郑，又称金甲。",三国演义
三国演义_物品_金棺银椁_0,物品,"实体名：金棺银椁
实体描述：
- 曹操入殓所用的棺椁。",三国演义
三国演义_物品_金玉_0,物品,"实体名：金玉
实体描述：
- 董卓郿坞中堆积的财物。",三国演义
三国演义_物品_金珠_0,物品,"实体名：金珠
实体描述：
- 金银珠宝，孙乾用以贿赂杨松，促成张鲁召回马超。",三国演义
三国演义_物品_金珠_1,物品,"实体名：金珠
实体描述：
- 牛辅暗藏的金珠，后被胡赤儿谋取。",三国演义
三国演义_物品_金珠_2,物品,"实体名：金珠
实体描述：
- 孟优献于孔明的宝物，权为赏军之资。",三国演义
三国演义_物品_金珠_3,物品,"实体名：金珠
实体描述：
- 金银珠宝，魏使携带至西羌作为礼物，求其出兵。",三国演义
三国演义_物品_金珠_4,物品,"实体名：金珠
实体描述：
- 孔明赠吴国的礼物。",三国演义
三国演义_物品_金珠宝物_0,物品,"实体名：金珠宝物
实体描述：
- 党均携带至成都贿赂黄皓的财物。",三国演义
三国演义_物品_金珠玩好_0,物品,"实体名：金珠玩好
实体描述：
- 张让、段珪用以贿赂何苗及舞阳君的金银珠宝。",三国演义
三国演义_物品_金珠珍玉_0,物品,"实体名：金珠珍玉
实体描述：
- 孙权遣张弥、许晏携带的宝物，用以封公孙渊为燕王。",三国演义
三国演义_物品_金珠缨络_0,物品,"实体名：金珠缨络
实体描述：
- 木鹿大王和兀突骨身穿的装饰，缀有金珠。",三国演义
三国演义_物品_金珠蜀锦_0,物品,"实体名：金珠蜀锦
实体描述：
- 姜维遣郤正送入羌中的礼物。",三国演义
三国演义_物品_金珠锦绮_0,物品,"实体名：金珠锦绮
实体描述：
- 刘璋备作进献曹操之物，张松携带出使。",三国演义
三国演义_物品_金疮药_0,物品,"实体名：金疮药
实体描述：
- 孙策中箭后以金疮药傅之，周泰受枪伤后华佗用药。
- 治疗刀箭创伤的药物。周瑜中箭后医者用铁钳拔出箭头，将金疮药敷掩疮口。
- 治疗箭伤的药物，关羽左臂中箭后拔箭敷药。",三国演义
三国演义_物品_金百两_0,物品,"实体名：金百两
实体描述：
- 黄金百两。曹操令孙乾以此赐予刘安。",三国演义
三国演义_物品_金百两_1,物品,"实体名：金百两
实体描述：
- 关公酬谢华佗之黄金，华佗坚辞不受。",三国演义
三国演义_物品_金盆_0,物品,"实体名：金盆
实体描述：
- 左慈取紫芽姜所用，以衣覆之。",三国演义
三国演义_物品_金盔_0,物品,"实体名：金盔
实体描述：
- 司马懿弃于林东的金色头盔，被廖化拾取献功。",三国演义
三国演义_物品_金鈚箭_0,物品,"实体名：金鈚箭
实体描述：
- 天子所用箭，刻有金色标识。曹操射鹿用此箭，群臣误以为天子射中。",三国演义
三国演义_物品_金鈚箭_1,物品,"实体名：金鈚箭
实体描述：
- 孙权取一枝金鈚箭折之为誓，表示不背弃吴蜀同盟，否则子孙绝灭。",三国演义
三国演义_物品_金钺斧_0,物品,"实体名：金钺斧
实体描述：
- 魏主曹睿赐予司马懿一对金钺斧，许其便宜行事。",三国演义
三国演义_物品_金银_0,物品,"实体名：金银
实体描述：
- 袁术许诺之物，孙策以金帛答谢百姓。",三国演义
三国演义_物品_金银_1,物品,"实体名：金银
实体描述：
- 张世平、苏双赠刘备金银五百两。",三国演义
三国演义_物品_金银一万两_0,物品,"实体名：金银一万两
实体描述：
- 袁术许诺给吕布的金银。",三国演义
三国演义_物品_金银器皿_0,物品,"实体名：金银器皿
实体描述：
- 曹爽建造的奢侈器物，用巧匠数百人昼夜工作。",三国演义
三国演义_物品_金锁_0,物品,"实体名：金锁
实体描述：
- 锁住朱红小匣的锁。",三国演义
三国演义_物品_金锁甲_0,物品,"实体名：金锁甲
实体描述：
- 黄忠所披铠甲，诗中描述重披金锁甲。",三国演义
三国演义_物品_金麻礼物_0,物品,"实体名：金麻礼物
实体描述：
- 刘备拜献诸葛亮金麻礼物，以表寸心，诸葛亮方受。",三国演义
三国演义_物品_金鼓_0,物品,"实体名：金鼓
实体描述：
- 孔明留于空寨中打更，迷惑魏军。",三国演义
三国演义_物品_銮驾_0,物品,"实体名：銮驾
实体描述：
- 后主排銮驾出郭迎接孔明，为皇帝车驾。",三国演义
三国演义_物品_钢刀_0,物品,"实体名：钢刀
实体描述：
- 许褚所用的武器。",三国演义
三国演义_物品_钢刀_1,物品,"实体名：钢刀
实体描述：
- 兵器，武士各执钢刀列于宫门。",三国演义
三国演义_物品_钢刀_2,物品,"实体名：钢刀
实体描述：
- 董荼那手执的武器，用于杀孟获。",三国演义
三国演义_物品_钢叉_0,物品,"实体名：钢叉
实体描述：
- 藤甲军使用的兵器。",三国演义
三国演义_物品_钢斧_0,物品,"实体名：钢斧
实体描述：
- 曹操手提钢斧，绕寨私行。",三国演义
三国演义_物品_钢鞭_0,物品,"实体名：钢鞭
实体描述：
- 文鸯腰悬的武器，打死数名魏将。",三国演义
三国演义_物品_钱_0,物品,"实体名：钱
实体描述：
- 赏钱五千万，悬赏曹操首级。",三国演义
三国演义_物品_钱_1,物品,"实体名：钱
实体描述：
- 货币，五千万钱赐予关羽，并用于开仓赈济。",三国演义
三国演义_物品_铁枪_0,物品,"实体名：铁枪
实体描述：
- 太史慈的武器，手持铁枪突围连搠数人，后与张飞双枪并举。",三国演义
三国演义_物品_铁棒_0,物品,"实体名：铁棒
实体描述：
- 刘备梦中神人所执铁棒，击其右臂。",三国演义
三国演义_物品_铁棒_1,物品,"实体名：铁棒
实体描述：
- 何曼的武器，手提铁棒出战，自称截天夜叉。",三国演义
三国演义_物品_铁炮_0,物品,"实体名：铁炮
实体描述：
- 孔明火攻所用的火炮，地雷的一种，在盘蛇谷中飞起杀伤蛮兵。",三国演义
三国演义_物品_铁环连锁_0,物品,"实体名：铁环连锁
实体描述：
- 庞统所献连环计中的工具，用铁环将大船小船连锁，上铺阔板。",三国演义
三国演义_物品_铁甲_0,物品,"实体名：铁甲
实体描述：
- 贾充所引禁兵穿戴的铁甲。",三国演义
三国演义_物品_铁索_0,物品,"实体名：铁索
实体描述：
- 庞统计策，将曹操战船连锁，使渡江如履平地，但难避火攻。",三国演义
三国演义_物品_铁索_1,物品,"实体名：铁索
实体描述：
- 吴国所造，长数百丈，重环，沿江横截以阻晋船。",三国演义
三国演义_物品_铁胎弓_0,物品,"实体名：铁胎弓
别名：雕弓
实体描述：
- 黄忠所持之弓，诗云“力趁雕弓发”。
- 黄忠所用弓，文中称其臂开二石之弓，即铁胎弓。",三国演义
三国演义_物品_铁脊蛇矛_0,物品,"实体名：铁脊蛇矛
别名：铁脊矛
实体描述：
- 程普所用兵器，铁脊蛇矛。
- 程普所用的武器，一矛刺死吕公。",三国演义
三国演义_物品_铁蒺藜_0,物品,"实体名：铁蒺藜
实体描述：
- 蜀军撒于路上的障碍物。",三国演义
三国演义_物品_铁蒺藜骨朵_0,物品,"实体名：铁蒺藜骨朵
实体描述：
- 沙摩柯所用兵器，铁制带刺的骨朵。",三国演义
三国演义_物品_铁车_0,物品,"实体名：铁车
实体描述：
- 羌兵战车，用铁叶裹钉，装载粮食军器，骆驼或骡马驾车，号铁车兵。可首尾相连如城池，弓弩齐发。",三国演义
三国演义_物品_铁链_0,物品,"实体名：铁链
实体描述：
- 甘宁手执的武器，攻打皖城时用此打倒朱光。",三国演义
三国演义_物品_铁锤_0,物品,"实体名：铁锤
实体描述：
- 越吉元帅所用武器，手挽铁锤，曾打中关兴马胯。",三国演义
三国演义_物品_铁锥_0,物品,"实体名：铁锥
实体描述：
- 吴国所造，长丈余，置于水中以破晋船。",三国演义
三国演义_物品_铁鞭_0,物品,"实体名：铁鞭
实体描述：
- 黄盖所用兵器。",三国演义
三国演义_物品_铜刀_0,物品,"实体名：铜刀
实体描述：
- 东吴精兵所执武器，用于砍断艨艟大索。",三国演义
三国演义_物品_铜锤_0,物品,"实体名：铜锤
实体描述：
- 马超暗器，与张飞交战时诈败暗掣铜锤打张飞，被张飞闪过。",三国演义
三国演义_物品_铜雀_0,物品,"实体名：铜雀
实体描述：
- 曹操从金光处掘出的铜雀，被视为吉祥之兆，并因此建铜雀台。",三国演义
三国演义_物品_铜雀台赋_0,物品,"实体名：铜雀台赋
实体描述：
- 曹植所作之赋，孔明记诵并用以激怒周瑜，中有“揽二乔于东南”句。",三国演义
三国演义_物品_铜龙凤_0,物品,"实体名：铜龙凤
实体描述：
- 魏主铸成的铜龙和铜凤，龙高四丈，凤高三丈余，立在殿前。",三国演义
三国演义_物品_铠甲_0,物品,"实体名：铠甲
实体描述：
- 士兵所穿护甲，被箸笠遮盖。",三国演义
三国演义_物品_银碗_0,物品,"实体名：银碗
实体描述：
- 甘宁以银碗斟酒自吃两碗，激励百人。",三国演义
三国演义_物品_锣锅_0,物品,"实体名：锣锅
实体描述：
- 军中炊具。曹操军士带得锣锅，于葫芦口埋锅造饭。",三国演义
三国演义_物品_锦囊_0,物品,"实体名：锦囊
实体描述：
- 诸葛亮给赵云的三个锦囊，内藏三条妙计，依次拆开执行，保刘备平安返回荆州。",三国演义
三国演义_物品_锦囊_1,物品,"实体名：锦囊
实体描述：
- 藏于妇人尸首项下，内有朱红小匣。",三国演义
三国演义_物品_锦囊_2,物品,"实体名：锦囊
实体描述：
- 孔明给姜维、廖化的锦囊，内书计策：若司马懿围王平、张翼至急，可分兵袭司马懿之营。",三国演义
三国演义_物品_锦囊_3,物品,"实体名：锦囊
实体描述：
- 诸葛亮授予杨仪的锦囊，内藏斩魏延之计，临阵开之。
- 诸葛亮临终遗下的锦囊，内藏计策，嘱咐若魏延造反临阵对敌时开拆，杨仪依计而行，最终斩杀魏延。",三国演义
三国演义_物品_锦墩_0,物品,"实体名：锦墩
实体描述：
- 锦缎坐墩，后主赐张温坐于殿左。",三国演义
三国演义_物品_锦幔舟_0,物品,"实体名：锦幔舟
实体描述：
- 甘宁的船，诗句中称长江锦幔舟。",三国演义
三国演义_物品_锦袄_0,物品,"实体名：锦袄
实体描述：
- 曹操解身上锦袄赐给典韦。",三国演义
三国演义_物品_锦袍_0,物品,"实体名：锦袍
实体描述：
- 孙策自释太史慈之缚，将自己锦袍衣之。",三国演义
三国演义_物品_锦袍_1,物品,"实体名：锦袍
实体描述：
- 献帝所赐，与玉带一同赐予董承。曹操曾借穿。",三国演义
三国演义_物品_锦袍_2,物品,"实体名：锦袍
实体描述：
- 曹操所赠一领锦袍，关公用青龙刀尖挑披于身上。",三国演义
三国演义_物品_锦袍_3,物品,"实体名：锦袍
实体描述：
- 诗中所提曹操脱下的锦袍，与红袍类似。",三国演义
三国演义_物品_锦袍金甲_0,物品,"实体名：锦袍金甲
实体描述：
- 魏主曹睿赐给王双的衣物。",三国演义
三国演义_物品_镔铁_0,物品,"实体名：镔铁
实体描述：
- 张世平、苏双赠刘备镔铁一千斤，以资器用。",三国演义
三国演义_物品_镰刀_0,物品,"实体名：镰刀
实体描述：
- 割麦工具，三万蜀军执之。",三国演义
三国演义_物品_长戟_0,物品,"实体名：长戟
实体描述：
- 兵器，武士各执长戟。",三国演义
三国演义_物品_长枷_0,物品,"实体名：长枷
实体描述：
- 刑具，吉平被钉着长枷拖至阶下受审拷打。
- 刑具，司马懿用长枷钉了何晏等五人。",三国演义
三国演义_物品_长索_0,物品,"实体名：长索
实体描述：
- 孔明命将二十只船用长索相连，径望北岸进发。",三国演义
三国演义_物品_门旗_0,物品,"实体名：门旗
实体描述：
- 蜀军阵前旗帜，闪出四轮车。",三国演义
三国演义_物品_降书_0,物品,"实体名：降书
实体描述：
- 刘琮令宋忠潜地往曹操处投献的文书。",三国演义
三国演义_物品_降书_1,物品,"实体名：降书
实体描述：
- 谯周所作投降文书，后主遣人送至邓艾处。",三国演义
三国演义_物品_陶谦遗表_0,物品,"实体名：陶谦遗表
实体描述：
- 陶谦留下的奏表，申奏朝廷。",三国演义
三国演义_物品_雕弓羽箭_0,物品,"实体名：雕弓羽箭
实体描述：
- 姜维所用的弓箭，暗取射邓忠，被邓忠躲过。",三国演义
三国演义_物品_雕弓长箭_0,物品,"实体名：雕弓长箭
实体描述：
- 武官们所带弓箭，用于比试。",三国演义
三国演义_物品_雪刃_0,物品,"实体名：雪刃
实体描述：
- 黄忠的刀，诗云“风迎雪刃挥”。",三国演义
三国演义_物品_霹雳车_0,物品,"实体名：霹雳车
实体描述：
- 曹操根据刘晔进献的车式连夜造的发石车，用于攻击土山上的袁军弓箭手，袁军称之为“霹雳车”。",三国演义
三国演义_物品_青囊_0,物品,"实体名：青囊
实体描述：
- 华佗臂挽的药囊。",三国演义
三国演义_物品_青囊书_0,物品,"实体名：青囊书
实体描述：
- 华佗所著医书，临终前赠与吴押狱，被吴妻烧毁，仅剩一两叶，所传者止阉鸡猪等小法。",三国演义
三国演义_物品_青布为幔_0,物品,"实体名：青布为幔
实体描述：
- 船上用作遮挡的青布，孔明借箭所用。",三国演义
三国演义_物品_青梅_0,物品,"实体名：青梅
实体描述：
- 煮酒论英雄时盘中所置，引发曹操回忆望梅止渴故事。",三国演义
三国演义_物品_青罗伞_0,物品,"实体名：青罗伞
实体描述：
- 孙权赐周泰，令出入张盖以为显耀。",三国演义
三国演义_物品_青釭剑_0,物品,"实体名：青釭剑
实体描述：
- 曹操宝剑之一，砍铁如泥，令夏侯恩佩之。被赵云夺走，剑靶上有金嵌‘青釭’二字。
- 赵云所佩宝剑，在船上用以拨箭、分开枪搠，助其跳上吴船夺阿斗。",三国演义
三国演义_物品_青龙偃月刀_0,物品,"实体名：青龙偃月刀
别名：偃月青龙刀，大刀，大砍刀，宝刀，青龙刀
实体描述：
- 关羽打造的大刀，又名冷艳锯，重八十二斤。
- 关羽所用兵器，重八十二斤。
- 关羽的武器，关羽战管亥时青龙刀起，劈管亥于马下。
- 关羽的武器，左手倒提宝刀，右手擒王忠。
- 关羽使用的武器，又称青龙偃月刀。关羽提青龙刀斩颜良、文丑，辞曹时手提青龙刀。
- 关公武器，青龙偃月刀，用刀尖挑锦袍披身，斩杀敌将。
- 关羽所用大刀，又称青龙偃月刀，手执青龙刀。
- 关羽使用的宝刀，又称青龙偃月刀。关羽提青龙刀截住华容道。
- 关羽所用武器，周仓所捧，关羽夺刀提刀赴宴。
- 关羽的武器，又称青龙偃月刀，曾言“可惜我青龙刀斩汝鼠贼”。
- 关羽所用兵器，又称青龙偃月刀。诗中提及“仗青龙偃月”。
- 关兴所用兵器，为家传大砍刀。
- 关羽所用宝刀，后为潘璋所得，关兴杀潘璋后夺回此刀。
- 关兴使用的兵器，手挽人头。
- 关羽所用武器，即青龙偃月刀。关公显圣时提此刀。",三国演义
三国演义_物品_青龙牙旗_0,物品,"实体名：青龙牙旗
别名：青牙旗
实体描述：
- 黄盖约定船头插青牙旗为记号，表示来降。
- 黄盖火船上插的旗帜，作为诈降信号。",三国演义
三国演义_物品_鞍马_0,物品,"实体名：鞍马
实体描述：
- 马鞍和战马，军马自相践踏，丢下鞍马无数。",三国演义
三国演义_物品_飞刀_0,物品,"实体名：飞刀
实体描述：
- 祝融夫人的武器，背插五口，百发百中。曾击伤张嶷。",三国演义
三国演义_物品_飞叉_0,物品,"实体名：飞叉
实体描述：
- 陈应所用的武器，可投掷。",三国演义
三国演义_物品_飞炮_0,物品,"实体名：飞炮
实体描述：
- 曹操攻打南郑时使用的攻城器械，与云梯并用。",三国演义
三国演义_物品_飞锤_0,物品,"实体名：飞锤
实体描述：
- 羌兵惯使的兵器之一，可投掷。",三国演义
三国演义_物品_饮食一盒_0,物品,"实体名：饮食一盒
实体描述：
- 曹操送给荀彧的食盒，上有亲笔封记，开盒空无一物，暗示赐死，荀彧会意服毒。",三国演义
三国演义_物品_馒头_0,物品,"实体名：馒头
实体描述：
- 孔明命行厨以面和剂塑成人头，内以牛羊等肉代之，名为馒头，用于祭泸水冤魂。",三国演义
三国演义_物品_香帛奠仪_0,物品,"实体名：香帛奠仪
实体描述：
- 东吴遣使携带的祭奠物品，入川致祭诸葛亮。",三国演义
三国演义_物品_香木雕形_0,物品,"实体名：香木雕形
实体描述：
- 用香木雕成董卓身形，安凑皮骨，用王者衣冠棺椁迁葬。",三国演义
三国演义_物品_香案_0,物品,"实体名：香案
实体描述：
- 孔明在泸水岸上设香案，用于祭祀。",三国演义
三国演义_物品_香罗_0,物品,"实体名：香罗
实体描述：
- 貂蝉擦拭眼泪的罗帕。",三国演义
三国演义_物品_马_0,物品,"实体名：马
实体描述：
- 坐骑，多次出现，如孙策的马被程普收得。",三国演义
三国演义_物品_马_1,物品,"实体名：马
实体描述：
- 战马，张飞、张郃、黄忠等骑乘作战；张郃败后马不堪行，弃马上山。",三国演义
三国演义_物品_马五百匹_0,物品,"实体名：马五百匹
实体描述：
- 袁术许诺给吕布的马匹。",三国演义
三国演义_物品_马匹_0,物品,"实体名：马匹
实体描述：
- 宋宪、魏续奉吕布命往山东买得三百余匹好马，回至沛县界首被张飞劫去一半。",三国演义
三国演义_物品_马匹_1,物品,"实体名：马匹
实体描述：
- 战马资源，黄忠夺其粮食马匹，借寨屯辎重。",三国演义
三国演义_物品_马匹_2,物品,"实体名：马匹
实体描述：
- 马，孙韶、丁奉夺得马匹无数。",三国演义
三国演义_物品_马鞍_0,物品,"实体名：马鞍
实体描述：
- 许褚左手举马鞍遮护曹操。",三国演义
三国演义_物品_马鞭_0,物品,"实体名：马鞭
实体描述：
- 曹操所持，惊得坠地。",三国演义
三国演义_物品_驮绳_0,物品,"实体名：驮绳
实体描述：
- 捆绑麦子所用绳索。",三国演义
三国演义_物品_驴_0,物品,"实体名：驴
实体描述：
- 黄承彦骑驴踏雪而来。",三国演义
三国演义_物品_驴_1,物品,"实体名：驴
实体描述：
- 孙权牵出戏弄诸葛瑾，后赐给诸葛恪的牲口。",三国演义
三国演义_物品_驷马车_0,物品,"实体名：驷马车
实体描述：
- 诸葛亮乘坐的马车，由四匹马拉动，左右众将簇拥。",三国演义
三国演义_物品_骏马_0,物品,"实体名：骏马
实体描述：
- 马超的坐骑，以及曹操赐给典韦的骏马雕鞍。",三国演义
三国演义_物品_骏马雕鞍_0,物品,"实体名：骏马雕鞍
实体描述：
- 曹操赐给典韦的骏马和雕鞍。",三国演义
三国演义_物品_魏兵衣甲_0,物品,"实体名：魏兵衣甲
实体描述：
- 缴获的魏军衣甲，孔明令蜀兵穿戴扮作魏兵劫寨。",三国演义
三国演义_物品_鱼油_0,物品,"实体名：鱼油
实体描述：
- 鱼油，灌于芦苇中用于火攻。",三国演义
三国演义_物品_鲁肃荐书_0,物品,"实体名：鲁肃荐书
实体描述：
- 鲁肃写给刘备推荐庞统的书信，称庞统非百里之才，若以貌取之恐负所学。张飞带回荆州，刘备拆视。",三国演义
三国演义_物品_鸡肋_0,物品,"实体名：鸡肋
实体描述：
- 鸡汤中的鸡肋骨，曹操以此作为夜间口号，杨修解为“食之无肉，弃之有味”，预示退兵。",三国演义
三国演义_物品_鸩酒_0,物品,"实体名：鸩酒
实体描述：
- 李儒用以毒杀少帝的毒酒。",三国演义
三国演义_物品_《鸳行鹭序簿》_0,物品,"实体名：《鸳行鹭序簿》
实体描述：
- 记载官员名册的簿子，马腾取来检看刘氏宗族。",三国演义
三国演义_物品_鹊画弓_0,物品,"实体名：鹊画弓
实体描述：
- 孙坚所用弓，因用力太猛拽折。",三国演义
三国演义_物品_鹤氅_0,物品,"实体名：鹤氅
实体描述：
- 于吉身披的道袍。",三国演义
三国演义_物品_鹰嘴抹绿靴_0,物品,"实体名：鹰嘴抹绿靴
实体描述：
- 孟获的靴子，脚穿鹰嘴抹绿靴。",三国演义
三国演义_物品_鹿脯_0,物品,"实体名：鹿脯
实体描述：
- 赵颜携往南山求寿，进献南斗北斗。",三国演义
三国演义_物品_鹿角_0,物品,"实体名：鹿角
实体描述：
- 四冢寨外围的防御工事，有十重之多。",三国演义
三国演义_物品_鹿角_1,物品,"实体名：鹿角
实体描述：
- 陈仓城防设施，遍排鹿角。",三国演义
三国演义_物品_鹿角_2,物品,"实体名：鹿角
实体描述：
- 辽隧防御工事，环绕鹿角，甚是严密。",三国演义
三国演义_物品_鹿角_3,物品,"实体名：鹿角
实体描述：
- 蜀军寨外所排的防御工事。",三国演义
三国演义_物品_麈尾_0,物品,"实体名：麈尾
实体描述：
- 普净手中所持，用以击户呼唤关羽英魂。",三国演义
三国演义_物品_麈尾_1,物品,"实体名：麈尾
实体描述：
- 诸葛亮身旁童子手执之麈尾。",三国演义
三国演义_物品_麦三十斛_0,物品,"实体名：麦三十斛
实体描述：
- 袁术粮绝后仅剩的粮食，分派军士后家人多饿死。",三国演义
三国演义_物品_麻肺汤_0,物品,"实体名：麻肺汤
实体描述：
- 华佗发明的麻醉药剂，饮之令人如醉死，便于剖腹洗脏腑。",三国演义
三国演义_物品_黄旗_0,物品,"实体名：黄旗
实体描述：
- 张角私造黄旗，约期举事。",三国演义
三国演义_物品_黄旗_1,物品,"实体名：黄旗
实体描述：
- 插于酒车上，大书“军前公用美酒”，为魏延解酒所用。",三国演义
三国演义_物品_黄旗_2,物品,"实体名：黄旗
实体描述：
- 司马懿布阵时手执的令旗。",三国演义
三国演义_物品_黄旗_3,物品,"实体名：黄旗
实体描述：
- 上书‘汉丞相诸葛武侯’的旗帜，在四轮车旁展开。",三国演义
三国演义_物品_黄祖首级_0,物品,"实体名：黄祖首级
实体描述：
- 甘宁斩杀黄祖所得，孙权以木匣盛贮，准备祭献亡父。",三国演义
三国演义_物品_黄罗销金伞盖_0,物品,"实体名：黄罗销金伞盖
实体描述：
- 刘备的仪仗伞盖，出现在阵前。",三国演义
三国演义_物品_黄金_0,物品,"实体名：黄金
实体描述：
- 曹操所赠一盘黄金，关公未受，留赏将士。",三国演义
三国演义_物品_黄金_1,物品,"实体名：黄金
实体描述：
- 李肃说服吕布时带来的礼物之一，计一千两。",三国演义
三国演义_物品_黄金_2,物品,"实体名：黄金
实体描述：
- 贵重财物，刘备遣使赐关羽黄金五百斤，并用于赏赐。",三国演义
三国演义_物品_黄金_3,物品,"实体名：黄金
实体描述：
- 郿坞中所蓄的黄金数十万。",三国演义
三国演义_物品_黄金五百两_0,物品,"实体名：黄金五百两
实体描述：
- 刘璋赐张松之物。",三国演义
三国演义_物品_黄金钺斧_0,物品,"实体名：黄金钺斧
实体描述：
- 御赐仪仗，陈列于孔明帐前。",三国演义
三国演义_物品_黄金锁子甲_0,物品,"实体名：黄金锁子甲
实体描述：
- 刘备脱身上所赐予严颜的铠甲。",三国演义
三国演义_物品_黄钺_0,物品,"实体名：黄钺
实体描述：
- 司马师假黄钺，以示威权。",三国演义
三国演义_物品_黄骠马_0,物品,"实体名：黄骠马
实体描述：
- 忙牙长的坐骑，一匹黄骠马。",三国演义
三国演义_物品_黄鬃马_0,物品,"实体名：黄鬃马
实体描述：
- 刘备坐骑，骤黄鬃马助战。",三国演义
三国演义_物品_黑油柜车_0,物品,"实体名：黑油柜车
实体描述：
- 孔明军中的车辆，内装地雷、火药等，用于盘蛇谷火攻。",三国演义
三国演义_物品_黑牛白羊_0,物品,"实体名：黑牛白羊
实体描述：
- 旧时祭猖神所用祭品，需七七四十九颗人头并黑牛白羊祭之。",三国演义
三国演义_物品_鼓_0,物品,"实体名：鼓
实体描述：
- 战鼓，张郃山头擂鼓为助，张飞令军士大开旗鼓而饮。",三国演义
三国演义_物品_龙凤汗衫_0,物品,"实体名：龙凤汗衫
实体描述：
- 曹芳咬破指尖写血诏所用的衣物。",三国演义
三国演义_物品_龙凤辇_0,物品,"实体名：龙凤辇
实体描述：
- 袁术称帝后乘坐的车辇。",三国演义
三国演义_物品_龙床_0,物品,"实体名：龙床
实体描述：
- 后主宫中龙床，师婆坐于其上。",三国演义
三国演义_物品_龙肝_0,物品,"实体名：龙肝
实体描述：
- 左慈画龙从龙腹中提出，鲜血尚流。",三国演义
三国演义_物品_龙舟_0,物品,"实体名：龙舟
实体描述：
- 皇帝乘坐的大船，魏造龙舟十只，长二十余丈，可容二千余人，曹丕乘龙舟至广陵，后被火着。",三国演义
三国演义_物品_龙袍_0,物品,"实体名：龙袍
实体描述：
- 皇帝袍服，江水溅湿龙袍。",三国演义
三国演义_组织_东吴军_0,组织,"实体名：东吴军
别名：南军
实体描述：
- 江东的军队，习练精熟，善于水战。
- 孙权的军队，文中称“江东之兵”。",三国演义
三国演义_组织_中营_0,组织,"实体名：中营
实体描述：
- 孙綝所管的中营精兵，共一万五千，出屯武昌。",三国演义
三国演义_组织_义兵_0,组织,"实体名：义兵
实体描述：
- 曹操招募的军队，各地响应讨董的义军。后组成诸侯联军。",三国演义
三国演义_组织_乌桓_0,组织,"实体名：乌桓
实体描述：
- 北方民族，袁绍与之有恩，袁熙、袁尚投奔之。曹操西击乌桓，蹋顿为乌桓首领。",三国演义
三国演义_组织_五虎大将_0,组织,"实体名：五虎大将
实体描述：
- 刘备麾下五位顶级将领：关羽、张飞、赵云、马超、黄忠。文中感叹已亡三人。",三国演义
三国演义_组织_仲氏_0,组织,"实体名：仲氏
实体描述：
- 袁术僭称的帝号，建立朝廷，立台省等官。",三国演义
三国演义_组织_八番部_0,组织,"实体名：八番部
实体描述：
- 带来洞主担任部长的部落组织。",三国演义
三国演义_组织_公孙瓒军_0,组织,"实体名：公孙瓒军
实体描述：
- 公孙瓒率领的军队，多为白马，在磐河与袁绍交战，后得赵云、刘备等助战。",三国演义
三国演义_组织_刘备军_0,组织,"实体名：刘备军
别名：大汉，川兵，汉，荆州军，蜀，蜀兵，蜀军，蜀国，蜀汉
实体描述：
- 刘备的军队，止有五千余人，勉强出县布阵。后投曹操，得兵三千进兵屯小沛。
- 刘备的军队，由关羽、张飞等率领，分守徐州、小沛、下邳等地。
- 刘备率领的军队，包括三千余军马及十余万百姓，后得关羽江夏军和刘琦军相助。
- 刘备率领的军队，孤身江夏，与东吴结盟共抗曹操。
- 刘备统领的军队，包括刘封、关平、张飞、赵云等。孔明与玄德共赞方略，教练军士，准备北伐。
- 刘备的军队，文中称“荆襄之众”。
- 刘备势力，占据西川，与东吴争荆州，被曹操视为未承王命者之一。
- 蜀汉军队，张飞、黄忠等率领，与魏军交战，多称蜀兵或蜀军。；指四川地区的军队，黄忠所部，夏侯德认为川兵远涉疲困。
- 刘备率领的军队，又称蜀兵、蜀营。在汉水、定军山等地与曹军交战，多智谋，最终获胜。
- 刘备建立的势力，又称蜀汉，以汉中王为首，都城成都，有关羽、张飞等五虎大将。
- 刘备所建立的势力，关公为其麾下大将。
- 刘备建立的政权，亦称蜀汉。与魏、吴鼎立。
- 刘备建立的政权，又称蜀汉，此次伐吴的蜀方势力。
- 刘备建立的政权，又称蜀汉、川。此次伐吴的军队主体。
- 刘备建立的政权，又称蜀国。刘备托孤于诸葛亮，后主刘禅即位。
- 蜀汉军队，孔明率领的征南大军，共五十万川兵。
- 诸葛亮率领的蜀汉军队，包括马岱、王平、赵云、魏延等部。
- 蜀汉政权，又称汉室、蜀，诸葛亮受先帝托孤，承圣旨平蛮，欲重安汉室。
- 诸葛亮率领的蜀汉军队，包括赵云、魏延、马岱等将领，多次与南蛮交战并最终平定南方。
- 蜀汉政权自称，孔明在祭文中称""我大汉皇帝""，在《出师表》中称""兴复汉室""。；三国之一，刘备所建，又称蜀汉。孔明北伐对象为魏，蜀为自身。；蜀汉军队，文中多次出现，如渡泸水、安然尽渡等。
- 三国之一，蜀汉政权，诸葛亮率蜀军北伐，赵云等为蜀将。
- 蜀汉，诸葛亮所辅佐的政权，又称蜀、炎汉，与曹魏对立。
- 刘备建立的政权，孔明称吾主乃大汉皇帝，蜀军北伐曹魏。
- 三国之一，君主刘禅（未出场），丞相诸葛亮率军北伐，与魏国争夺街亭等地。
- 三国之一，刘备建立，自称大汉。孔明为丞相，后主为皇帝。
- 蜀汉政权，由刘备建立，诸葛亮辅佐后主，与魏、吴对峙。
- 蜀国，孔明所属政权，亦称汉。诏书中提及蜀汉建兴七年，孔明为丞相。
- 蜀汉政权，孔明所辅之国，自称汉。
- 蜀国政权，孔明所辅之国，又称蜀、汉室。
- 三国之一，刘备所建，又称汉。本回中诸葛亮率军出祁山伐魏。
- 蜀汉政权，丞相诸葛亮，后主刘禅，北伐魏国。
- 三国之一，刘备所建，后主刘禅继位，诸葛亮为丞相，文中与东吴、魏国并立。
- 刘备建立的政权，诸葛孔明曾与司马懿相拒。
- 三国之一，刘备所建，后主刘禅在位，姜维继承诸葛亮遗志北伐。又称汉室。
- 三国之一，姜维所仕之国，起兵伐魏。
- 三国之一，后主刘禅在位，姜维主战伐魏。
- 刘备建立的政权，后主刘禅在位，姜维等将领所属。
- 三国之一，蜀汉政权，后主为主，姜维为大将军。
- 蜀汉政权，后主刘禅统治。朝政混乱，贤人退小人进。
- 蜀汉政权，后主所治，被魏所灭。
- 蜀汉政权，已为魏所灭。
- 蜀汉政权，已亡。",三国演义
三国演义_组织_北军_0,组织,"实体名：北军
实体描述：
- 曹操的北方军队，不惯乘舟，后连锁战船。",三国演义
三国演义_组织_北番_0,组织,"实体名：北番
实体描述：
- 北方番邦，左贤王为北番王子，拒绝高干救援。",三国演义
三国演义_组织_卓军_0,组织,"实体名：卓军
实体描述：
- 董卓率领的军队，分守汜水关和虎牢关，包括吕布、华雄、李傕、郭汜等部。",三国演义
三国演义_组织_南蛮_0,组织,"实体名：南蛮
别名：南人，蛮兵，蛮军
实体描述：
- 南方少数民族势力，蛮王孟获。受曹丕官诰赏赐起蛮兵犯益州四郡。
- 南方少数民族势力，孟获为首，起兵攻四郡。
- 南方少数民族势力，以孟获为首，反抗蜀汉。
- 孟获统领的南蛮军队，包括各洞酋长所引之兵，约有十余万骑。
- 孟获及南蛮各洞的军队，包括洞兵、藤甲军等，与蜀军对抗。
- 南方少数民族群体，孔明祭文中提及南人亡者，孟获所领诸部落。",三国演义
三国演义_组织_发丘中郎将_0,组织,"实体名：发丘中郎将
别名：摸金校尉
实体描述：
- 曹操特置的官职，专门负责盗墓，所过隳突，无骸不露。；曹操特置的官职，与发丘中郎将同为盗墓之职。",三国演义
三国演义_组织_司马氏_0,组织,"实体名：司马氏
实体描述：
- 司马懿家族，诛杀曹爽宗族，专权魏国。夏侯令女夫家被司马氏诛戮已尽。
- 司马昭家族，重权已归司马氏久矣。
- 司马懿、司马师、司马昭、司马炎等家族势力，掌控魏国朝政。",三国演义
三国演义_组织_各洞酋长_0,组织,"实体名：各洞酋长
实体描述：
- 南蛮各洞的部落首领，被孟获会集，部分曾受诸葛亮活命之恩。",三国演义
三国演义_组织_合淝军_0,组织,"实体名：合淝军
实体描述：
- 张辽驻守合淝的军队，为曹操供给粮草。",三国演义
三国演义_组织_吕布军_0,组织,"实体名：吕布军
实体描述：
- 吕布率领的精兵，在虎牢关前扎寨，与八路诸侯交战。
- 吕布的军队，随吕布点兵起程救刘备，后攻小沛，以及张辽、宋宪、魏续等部。
- 吕布率领的军队。本篇中先后守沛城、徐州、下邳，因内部叛离而败亡。",三国演义
三国演义_组织_吴军_0,组织,"实体名：吴军
别名：吴，吴国
实体描述：
- 东吴的军队，周瑜、程普等统帅。参与赤壁之战及攻南郡之战。
- 孙权率领的军队，又称吴兵，攻皖城及合淝。
- 孙权建立的势力，又称东吴，与魏联合欲取荆州，与刘备有姻亲及荆州之仇。
- 孙权建立的政权，亦称东吴。
- 孙权建立的政权，又称东吴，本次与蜀交战的吴方势力。
- 孙权建立的东吴政权，陆逊统领其军大破刘备。
- 三国之一，诸葛亮担心吴国趁机侵犯，是蜀汉的敌国。
- 三国之一，孙权所建。孔明檄李严等守川口以拒东吴。
- 东吴政权，由孙权建立，后称帝，与蜀同盟伐魏。
- 东吴政权，与蜀、魏鼎足而立。
- 东吴政权，君主孙权，陆逊为大都督，三路入寇魏国。
- 孙权建立的政权，曾遣使封公孙渊为燕王。
- 三国之一，孙权所建，孙权死后孙亮即位，诸葛恪、孙峻相继掌权。又称东吴。
- 东吴政权，孙权所建，历经孙亮、孙休等君主。
- 三国之一，东吴政权，姜维发书入吴令起兵问罪。
- 东吴政权，与蜀同盟，孙休遣兵救蜀。
- 东吴政权，与蜀唇齿相依，后加强防御。
- 孙吴政权，孙皓为主，后被晋所灭。",三国演义
三国演义_组织_大汉_0,组织,"实体名：大汉
别名：国家，汉朝
实体描述：
- 自高祖斩白蛇起义，一统天下，后光武中兴，传至献帝遂分为三国。
- 汉朝，孔融自称大汉之臣，守大汉之地；刘备为汉室宗亲，陶谦言王纲不振。
- 刘氏江山，贾诩劝皇帝怜汉朝。
- 刘氏皇朝，又称汉室、大汉。气数将终，献帝被曹操挟持。
- 刘氏建立的王朝，曹操奉天子明诏以征伐天下，董承、吉平等忠于汉朝，欲除曹操恢复汉室。
- 刘氏天下，刘备与刘璋皆汉朝骨肉。
- 指东汉朝廷，以献帝为皇帝。
- 刘氏皇室，曹操挟天子以令诸侯，自称兴义兵匡扶汉室，荀彧亦以匡扶汉室为志。
- 汉朝，刘备为皇叔，张鲁欲自立汉宁王，杨松称刘备可保奏汉宁王。
- 历史上的汉朝，雍齿为什方侯。
- 汉朝，刘氏王朝，至桓灵二帝时衰微，后分三国。诸葛亮奉炎汉之统，讨伐曹魏。",三国演义
三国演义_组织_孙坚军_0,组织,"实体名：孙坚军
别名：坚军
实体描述：
- 孙坚率领的军队，包括程普、黄盖、韩当、祖茂等。为先锋攻汜水关，后因缺粮败于华雄。
- 孙坚率领的江东军队，包括程普、黄盖、韩当、孙策等，跨江击刘表。",三国演义
三国演义_组织_幕府_0,组织,"实体名：幕府
实体描述：
- 袁绍的军事幕僚机构，檄文中自称幕府董统鹰扬，扫除凶逆。",三国演义
三国演义_组织_平北将军_0,组织,"实体名：平北将军
实体描述：
- 马岱的军职旗号。",三国演义
三国演义_组织_张绣军_0,组织,"实体名：张绣军
实体描述：
- 张绣的军队，分为四寨，刻期举事，夜袭曹操，后两路杀至，被于禁等击败，投刘表。",三国演义
三国演义_组织_御林兵_0,组织,"实体名：御林兵
实体描述：
- 东吴禁卫军，陆逊统御林大兵，摄行王事。",三国演义
三国演义_组织_御林军_0,组织,"实体名：御林军
实体描述：
- 何进点御林军五千，袁绍全身披挂，入宫扶立新君。
- 保护皇帝的禁卫军，有数百持戟护送。
- 袁术的禁卫军，渡淮而走。
- 曹操拨心腹人三千充御林军，令曹洪统领，以防外戚宗族入宫，加强宫禁。
- 曹操的禁卫军，由王必总督，后曹休总督。
- 刘备亲自统领的精锐军队，引御林军直至猇亭。
- 刘备的禁卫军，由张苞引领奔走救驾。
- 魏国禁军，曹丕亲引御林军接应三路兵马。
- 皇帝的禁卫军，左右排开布列严整。
- 皇帝禁卫军队，曹睿领御林军十万到安邑；蜀汉向宠总督御林军马。
- 曹爽兄弟统领的禁军，曹羲、曹训各引三千御林军。
- 皇家禁军，曹爽随带御林军出城，后诸葛恪令张约、朱恩掌御林军，孙峻原掌御林军。
- 吴国禁军，拨与陶濬上流迎敌。",三国演义
三国演义_组织_御林虎贲禁军_0,组织,"实体名：御林虎贲禁军
实体描述：
- 受禅坛下集三十余万，护卫曹丕受禅。",三国演义
三国演义_组织_掘子军_0,组织,"实体名：掘子军
实体描述：
- 邓艾麾下的工兵部队，共五百人，从地道掘进攻击蜀营。",三国演义
三国演义_组织_晋_0,组织,"实体名：晋
实体描述：
- 司马氏建立的政权，先封晋王，后司马炎称帝国号大晋。
- 司马炎所建政权，即西晋，最终灭吴统一三国。",三国演义
三国演义_组织_曹操军_0,组织,"实体名：曹操军
别名：操军，曹兵，曹军，曹魏，魏，魏兵，魏军，魏国
实体描述：
- 曹操率领的军队。包括夏侯惇、夏侯渊、曹仁、曹洪、李典、乐进等部。曾追击董卓至荥阳大败。
- 曹操率领的军队，讨张绣时军马至淯水，分军三路，后有青州兵、于禁部等。
- 曹操率领的军队。本篇中攻打下邳，围城两月，决水淹城，最终擒获吕布等人。
- 曹操统领的军队。包括许褚、张辽等部，以及旗号衣甲统一的部队。
- 曹操的军队，包括马步军，由刘岱、王忠等率领，曹操自引大军二十万进黎阳。
- 曹操统领的军队，兵力强大，善于用兵。文中曹操起二十万大军分五路下徐州，并设八面埋伏击败刘备、张飞。
- 曹操统领的军队，包括曹兵、曹军等。围困土山，攻破下邳，与袁绍军交战。
- 曹操的军队，文中多次出现，如张飞指认的军马、蔡阳所率之众。
- 曹操统领的军队，包括曹洪、徐晃、张辽、许褚等部。亦称曹军、操军。
- 曹操的军队，文中多次出现，如曹仁所领大军、败军等。
- 曹操率领的军队，分五队南征，后被诸葛亮火攻水淹大败。
- 曹操率领的大军，包括北地之众，有水军、步军、马军，总兵力八十三万，诈称百万。
- 曹操的军队，号称百万之众，上将千员，但远来疲惫且不习水战。
- 曹操统领的百万大军，屯于汉上，欲南征东吴。
- 曹操率领的北方军队，包括青徐之兵和荆州降军，又称北军。
- 曹操率领的军队，又称“曹兵”“操军”。
- 曹操率领的北方军队，号称百万雄师，包括水旱两军。
- 曹操率领的军队，又称魏军、曹兵。赤壁之战大败，后由曹仁守南郡。；曹魏政权，与东吴争斗。诗云“魏吴争斗决雌雄”。
- 曹操领导的军队，将领有张辽、李典、乐进等，与东吴在合淝交战。
- 曹操统领的军队，包括曹洪、许褚、夏侯渊、徐晃、荀攸等。曹操聚众谋士议南征，后杀马腾并其军。
- 曹操率领的军队，初期三十万，后与西凉军交战。
- 曹操统领的军队，包括北方各军。
- 曹操势力，曹操封魏公、欲进魏王，威震朝廷，准备征讨吴蜀。
- 曹操率领的军队，又称曹兵，征战汉中及合淝。
- 曹魏军队，张郃、曹洪、夏侯尚等率领，与蜀兵对峙，亦称为魏军或曹军。
- 曹操率领的军队，又称魏军、曹兵。兵力雄厚，但因多疑屡败，最终退兵斜谷。
- 曹操建立的势力，又称曹魏，与吴、蜀对立，曾派兵救樊城。
- 曹操所代表的势力，与东吴联合对抗关公。
- 曹操建立的势力，后曹丕继位称王。曹操以厚礼葬关羽，欲观吴蜀胜负。
- 曹丕所建国家，国号大魏，改元黄初，称皇帝。受汉禅，代汉而立。
- 曹丕建立的政权，亦称曹魏。
- 曹魏政权，文中提及共图灭魏，为蜀吴潜在对手。
- 曹丕建立的曹魏政权，曹仁、曹休、曹真三路出兵欲袭东吴。
- 曹丕建立的政权，又称魏国。欲伐蜀吴，遣五路大军攻蜀。
- 曹丕建立的政权，又称魏。起兵伐吴，后大败。
- 曹丕的政权，新败于蜀。
- 三国之一，诸葛亮担心魏国趁机侵犯，是蜀汉的敌国。
- 三国之一，曹丕所建，又称魏国、大魏。曹睿即位为大魏皇帝。；魏国军队，泛指。
- 三国之一，曹魏政权，曹睿为魏主，夏侯楙统领魏军拒敌。
- 曹魏，魏国，曹睿所统治的中原政权，又称大魏，与蜀汉交战。
- 曹丕建立的政权，魏主曹睿，司马懿、曹真等为将，与蜀汉敌对。
- 三国之一，君主曹睿，有司马懿、张郃、曹真等名将，与蜀汉交战。
- 三国之一，曹操建立，又称魏国。曹睿为皇帝，司马懿、曹真等为大将。
- 曹魏政权，由曹操奠基，曹睿在位，与蜀、吴交战。
- 魏国，司马懿、曹真所属政权，与蜀汉交战，魏主下令伐蜀。
- 曹魏政权，司马懿、曹真所属之国。
- 魏国政权，司马懿、曹睿所属，与蜀汉对立。
- 三国之一，曹魏政权，君主曹睿，司马懿为大都督，与蜀汉对峙。
- 曹魏政权，皇帝曹睿，司马懿为大将，与蜀、吴对立。
- 三国之一，曹魏，曹睿在位，司马懿为太尉，魏主大兴土木，后公孙渊造反。
- 曹魏政权，司马懿、曹爽辅佐曹芳。
- 三国之一，曹氏所建，司马懿父子掌权，后曹芳封司马懿为丞相。
- 三国之一，司马师、司马昭专权之国。
- 三国之一，曹髦为君，司马昭掌权，与蜀汉、东吴交战。
- 曹魏政权，司马昭掌权，邓艾、司马望等为魏将。
- 三国之一，曹魏政权，司马昭父子掌权。
- 曹魏政权，司马昭掌权。伐蜀，派邓艾、钟会统兵。
- 曹魏政权，伐蜀之国，文中多称‘魏’。
- 曹魏政权，被司马炎篡代。
- 曹魏政权，已被司马炎篡夺。",三国演义
三国演义_组织_曹氏_0,组织,"实体名：曹氏
实体描述：
- 曹爽家族，魏国皇族，被司马懿诛灭三族。夏侯令女守节为曹氏后。",三国演义
三国演义_组织_曹氏宗族_0,组织,"实体名：曹氏宗族
实体描述：
- 曹操家族成员，在铜雀台比武时俱穿红袍。",三国演义
三国演义_组织_曹贼_0,组织,"实体名：曹贼
实体描述：
- 对曹操势力的蔑称，诸葛亮和刘备共同对抗的目标，赤壁之战后曹操欲报恨攻荆州。",三国演义
三国演义_组织_朝廷_0,组织,"实体名：朝廷
实体描述：
- 中央政府，以皇帝为首，处理朝政，如诏封朱儁为车骑将军等。
- 中央政府，李傕、郭汜掌权后朝廷官员由其升降。
- 汉朝中央政权，陶谦遗表申奏朝廷，荀彧言“朝廷喜”。
- 汉朝中央政府的统称，李傕、郭汜横行无忌，朝廷无人敢言。
- 中央政权。曹操表奏玄德军功，百官悚惧，满朝公卿食汉禄。
- 汉朝朝廷，曹操托名汉相，徐母称曹操背叛朝廷。
- 东汉朝廷，曹操以朝廷为名南征北讨。
- 汉朝中央政府，曹操借天子之名以征四方。
- 汉朝中央政府，曾徵曹操为典军校尉。
- 蜀汉政权，后主所在的朝廷，孔明入朝奏事。
- 中央政府，文中魏国朝廷、蜀汉朝廷。
- 蜀汉中央政府，后主听信黄皓，屡不从姜维之谏。",三国演义
三国演义_组织_桃园结义_0,组织,"实体名：桃园结义
实体描述：
- 刘备、关羽、张飞三人结义，不求同生但愿同死。
- 刘备、关羽、张飞三人的结义盟约，张飞责问关公“岂忘了桃园结义耶”。
- 刘备、关羽、张飞三人在桃园结为兄弟，誓同生死。关羽死后刘备誓为其报仇。",三国演义
三国演义_组织_氏_0,组织,"实体名：氏
实体描述：
- 种族名称，孔明降集氏、羌，在诏书中提及。",三国演义
三国演义_组织_水军_0,组织,"实体名：水军
实体描述：
- 曹操的水上部队，由毛玠、于禁统领，分五色旗号。",三国演义
三国演义_组织_汉中军_0,组织,"实体名：汉中军
实体描述：
- 张鲁所属的军队，细作穿汉中军号衣混入南郑。",三国演义
三国演义_组织_汉军_0,组织,"实体名：汉军
实体描述：
- 汉朝官军，与黄巾贼交战，曾大败。",三国演义
三国演义_组织_汉室_0,组织,"实体名：汉室
别名：汉
实体描述：
- 汉朝皇室，刘陶呼“可怜汉室天下，四百余年”，刘备为中山靖王之后。
- 汉朝皇室政权，王允劝吕布扶汉室。
- 东汉朝廷，曹操奉天子以令不臣。
- 汉朝。陈登自称“汉臣”，曹操称“共扶王室”。
- 汉朝朝廷或皇室。董承等人誓死保卫汉室，献帝忧心汉室将危。
- 汉朝朝廷，曹操被指孤弱汉室，汉室陵迟，纲维弛绝。
- 汉朝朝廷。关羽降汉不降曹，共扶汉室。
- 汉朝皇室，刘备声称扶助汉室，水镜先生言同扶汉室。
- 汉朝皇室，刘备自称汉室之胄，欲匡扶汉室。
- 汉朝皇室，诸葛亮称刘备为王室之胄，欲复兴汉室。
- 汉朝朝廷，曹操挟天子以令诸侯，刘备为汉室之胄。
- 汉朝正统，刘备自称汉室宗亲，诸葛亮以复兴汉室为由为刘备争取荆州。
- 汉朝朝廷。诸葛亮祭文中称“辅汉安刘”，马腾欲为国除贼，刘备言“汉室可兴矣”。
- 汉朝朝廷，刘备与马腾曾受密诏讨贼。
- 汉朝朝廷，刘备为汉室宗亲，欲匡正天朝。
- 汉朝朝廷，献帝为皇帝，被曹操控制，伏后等图谋恢复汉室。
- 汉朝朝廷，耿纪等欲扶助。
- 汉朝朝廷，刘备、关羽誓扶汉室，曹操挟天子以令诸侯。
- 汉朝王室，诸葛亮在《出师表》中称兴复汉室。
- 汉朝正统，姜维誓不使汉室终灭。",三国演义
三国演义_组织_江东文武_0,组织,"实体名：江东文武
实体描述：
- 东吴的文官武将群体，陆逊担心众人不服其统率。",三国演义
三国演义_组织_江夏之兵_0,组织,"实体名：江夏之兵
实体描述：
- 刘备驻守江夏的军队，后被移往樊口屯扎。",三国演义
三国演义_组织_江夏八俊_0,组织,"实体名：江夏八俊
实体描述：
- 刘表与七位名士结成的团体，包括陈翔、范滂、孔昱、范康、檀敷、张俭、岑咥。时号“江夏八俊”。",三国演义
三国演义_组织_泰山寇_0,组织,"实体名：泰山寇
别名：泰山诸将，泰山贼寇
实体描述：
- 泰山一带的割据势力，袁术若并刘备则北连泰山诸将以图吕布。
- 泰山一带的贼寇，首领有孙观、吴敦、尹礼、昌稀等，与陈宫、臧霸结连。
- 以孙观、吴敦、尹礼、昌豨为首的贼寇团伙，曾与吕布结连攻兖州，后四散逃避。",三国演义
三国演义_组织_洞溪汉将_0,组织,"实体名：洞溪汉将
实体描述：
- 杜路、刘宁所领之兵，助蜀伐吴。",三国演义
三国演义_组织_燕_0,组织,"实体名：燕
实体描述：
- 公孙渊在辽东自立的政权，自号燕王，改元绍汉元年，建宫殿立官职，兴兵入寇。",三国演义
三国演义_组织_白波军_0,组织,"实体名：白波军
别名：白波
实体描述：
- 由韩暹、李乐、胡才率领的原白波贼军队，被召来救驾。
- 白波军，韩暹为白波帅，杨奉亦曾属白波。",三国演义
三国演义_组织_百官_0,组织,"实体名：百官
实体描述：
- 文武官员群体，后主大会官僚，后主引百官送孔明。",三国演义
三国演义_组织_禁军_0,组织,"实体名：禁军
实体描述：
- 何进点禁军围骠骑将军董重府宅，追索印绶。",三国演义
三国演义_组织_米贼_0,组织,"实体名：米贼
实体描述：
- 张鲁在汉中创立的宗教组织，学道者助米五斗，世号“米贼”，内部有鬼卒、祭酒等称号。",三国演义
三国演义_组织_羌人部落_0,组织,"实体名：羌人部落
别名：羌人
实体描述：
- 李傕借用的羌兵，被贾诩密谕后引兵离去。
- 陇西地区的民族。马腾父亲与羌人杂处并娶羌女生马腾，马腾曾招募民兵破羌，马超统羌兵保守西凉。
- 马超增添的二万生力兵，为羌人部落。
- 西北少数民族，马超深得羌人之心。
- 西北少数民族，姜维欲结羌人为援，但聚羌兵未到。
- 西部民族，姜维欲结连以图久计，邓艾令司马望往遏羌人。",三国演义
三国演义_组织_荆州兵_0,组织,"实体名：荆州兵
实体描述：
- 原关羽麾下的荆州军队，后降吴，在江渚屯扎时军心思归。",三国演义
三国演义_组织_荆州军_0,组织,"实体名：荆州军
别名：刘表军，荆州之军
实体描述：
- 刘表率领的荆州军队，包括黄祖、蔡瑁、吕公等部，与孙坚交战。
- 刘表的军队，与张绣结连，张绣败后引兵投之。
- 刘表统领的荆州军队，刘表持观望态度，最终未降曹操也未助袁绍。
- 刘表旧部，刘琮投降后归曹操，有水军八万、马军五万、步军十五万，战船七千余只。
- 原刘表部下，后归附曹操，有二三十万。",三国演义
三国演义_组织_荆州水军_0,组织,"实体名：荆州水军
实体描述：
- 原荆州刘表的水军，后降曹，由蔡瑁张允训练。",三国演义
三国演义_组织_董丞相家将_0,组织,"实体名：董丞相家将
实体描述：
- 董卓的家将部队，被袁绍利用诈称射死公孙越。",三国演义
三国演义_组织_董卓余党_0,组织,"实体名：董卓余党
实体描述：
- 指李傕、郭汜等人，盘踞于内，刘备书信中提到。",三国演义
三国演义_组织_董卓军_0,组织,"实体名：董卓军
实体描述：
- 董卓的军队，包括其家将，曾冒充射死公孙越。",三国演义
三国演义_组织_蔡氏宗族_0,组织,"实体名：蔡氏宗族
实体描述：
- 蔡夫人、蔡瑁等组成的宗族势力，分领荆州之兵。",三国演义
三国演义_组织_藤甲军_0,组织,"实体名：藤甲军
实体描述：
- 乌戈国的军队，身穿藤甲，刀箭不能入，由兀突骨率领，后被诸葛亮火烧于盘蛇谷。",三国演义
三国演义_组织_虎卫军_0,组织,"实体名：虎卫军
实体描述：
- 曹操帐前侍卫军，以典韦、许褚统领，精壮骁勇。
- 曹操的精锐卫队，当先乱箭射马超。
- 许褚领三千虎卫军，至临淄擒曹植等。",三国演义
三国演义_组织_蛮兵_0,组织,"实体名：蛮兵
别名：五溪番兵
实体描述：
- 刘备从五溪借来的番兵五万，由沙摩柯率领。
- 沙摩柯率领的部族军队，人皆披发跣足，使弓弩长枪等。",三国演义
三国演义_组织_袁尚军_0,组织,"实体名：袁尚军
实体描述：
- 袁尚统领的军队，包括审配、逢纪、吕旷、吕翔、马延、张顗等。",三国演义
三国演义_组织_袁术军_0,组织,"实体名：袁术军
实体描述：
- 袁术的军队，以纪灵为大将，雷薄、陈兰为副将，进攻小沛。后袁术欲自提重兵亲征刘备兼讨吕布。",三国演义
三国演义_组织_袁氏_0,组织,"实体名：袁氏
实体描述：
- 袁绍家族及其势力，包括袁绍、袁谭、袁熙、袁尚等。曹操称“袁氏不能用”义士。
- 袁绍的势力，其部众被曹操收编，但多怀疑未服。",三国演义
三国演义_组织_袁熙军_0,组织,"实体名：袁熙军
实体描述：
- 袁熙统领的军队，与高干同到城外屯兵。",三国演义
三国演义_组织_袁绍军_0,组织,"实体名：袁绍军
别名：袁军，袁绍之众
实体描述：
- 袁绍率领的军队，从渤海来会盟，后为盟主。
- 袁绍率领的军队，包括颜良、文丑、麴义等部，在磐河与公孙瓒交战。
- 袁绍的军队。破公孙瓒后声势甚盛，有伏兵围城等。
- 袁绍的军队，起马军十五万、步兵十五万共精兵三十万，部下有颜良、文丑等将军。
- 袁绍统领的军队，屯兵官渡，势力强盛，但袁绍多疑不决，未能乘虚袭击许昌。
- 袁绍统领的军队，包括河北军等。颜良、文丑为先锋，与曹操交战于白马、延津。
- 原袁绍的部众，被曹操收编，有五六十万。
- 袁绍的军队，其降将马延、张顗后属曹操。",三国演义
三国演义_组织_袁谭军_0,组织,"实体名：袁谭军
实体描述：
- 袁谭统领的军队，包括郭图、辛评、汪昭、岑璧等。",三国演义
三国演义_组织_西凉人_0,组织,"实体名：西凉人
实体描述：
- 李傕军中大半是西凉人氏，被皇甫郦扬言后军心渐涣。",三国演义
三国演义_组织_西凉兵_0,组织,"实体名：西凉兵
别名：西凉兵，西凉军
实体描述：
- 马腾、韩遂率领的西凉军队，与李傕等交战。
- 马腾统领的军队，作为衣带诏的外应。
- 马腾、韩遂统领的西凉军队，共七十二万，从北杀来，是董承外援之一。
- 马腾统领的军队，包括西凉兵马、羌兵。马腾引五千兵至许昌，马超守西凉，马岱在后接应。
- 马超、韩遂率领的军队，共二十万，勇猛善战。
- 马超、韩遂统领的军队，擅长作战，曾大胜曹操。",三国演义
三国演义_组织_西凉兵_1,组织,"实体名：西凉兵
实体描述：
- 马超、韩遂统领的军队，擅长作战，曾大胜曹操。
- 韩德率领的西羌诸路兵马，共八万，素知赵云之名，在凤鸣山与蜀军交战。",三国演义
三国演义_组织_西凉兵_3,组织,"实体名：西凉兵
实体描述：
- 韩德率领的西羌诸路兵马，共八万，素知赵云之名，在凤鸣山与蜀军交战。",三国演义
三国演义_组织_西番_0,组织,"实体名：西番
别名：辽东鲜卑国
实体描述：
- 北方少数民族政权，国王轲比能，又称西番。受曹丕金帛起羌兵犯西平关。
- 西部少数民族势力，西番兵出西平关见马超不战自退。",三国演义
三国演义_组织_诸侯_0,组织,"实体名：诸侯
实体描述：
- 讨董联军，由十七镇诸侯组成，推袁绍为盟主。共议进兵，后因各怀异心而散。",三国演义
三国演义_组织_铁骑_0,组织,"实体名：铁骑
实体描述：
- 朱儁自纵铁骑二千，径取宛城东北角。",三国演义
三国演义_组织_青州兵_0,组织,"实体名：青州兵
实体描述：
- 曹操从降兵中挑选精锐所编的军队，号为“青州兵”。
- 曹操部下的军队，原为青州之兵，由夏侯惇统领。淯水败后乘势下乡劫掠民家，被于禁剿杀。",三国演义
三国演义_组织_青州军_0,组织,"实体名：青州军
实体描述：
- 曹操在兖州拥有的军队，共二十万。",三国演义
三国演义_组织_青徐之军_0,组织,"实体名：青徐之军
实体描述：
- 曹操麾下青州、徐州士兵，不习水战。",三国演义
三国演义_组织_飞熊军_0,组织,"实体名：飞熊军
实体描述：
- 董卓的心腹军队，由李傕、郭汜、张济、樊稠四人统领，董卓死后他们引军奔凉州。",三国演义
三国演义_组织_马步军_0,组织,"实体名：马步军
实体描述：
- 曹操的陆军，分前、后、左、右军，由徐晃、李典等统领。",三国演义
三国演义_组织_高干军_0,组织,"实体名：高干军
实体描述：
- 高干统领的军队，与袁熙一同支援袁尚。",三国演义
三国演义_组织_黄巾军_0,组织,"实体名：黄巾军
别名：黄巾，黄巾贼，黄巾贼党
实体描述：
- 张角所领导的起义军，四方百姓裹黄巾从反者四五十万，贼势浩大。
- 张角、张宝、张梁领导的起义军，亦称黄巾贼，后有余党赵弘等。
- 青州黄巾起义军，聚众数十万，后被曹操讨伐收降。
- 管亥所部，数万群寇，围困北海，被孔融、刘备等击败，降者无数，余党溃散。
- 黄巾余党，以何仪、黄劭、何曼等为首，劫掠州郡，被曹操击败。
- 百万黄巾，张飞曾破之，以此威慑纪灵。
- 黄巾军，廖化、卞喜原为黄巾余党。
- 张角、张宝领导的起义军，裴元绍、周仓曾为其部将，文中称“黄巾者”、“黄巾贼”。
- 东汉末年起义军，曹操曾破黄巾（提及）。
- 黄巾军，曹操曾剿黄巾。
- 黄巾，东汉末年起兵反叛的农民军，导致天下大乱。",三国演义
三国演义_组织_黄祖军_0,组织,"实体名：黄祖军
实体描述：
- 黄祖部领的江夏之兵，在江边伏击孙坚，后被击败。",三国演义
三国演义_组织_黑山贼_0,组织,"实体名：黑山贼
实体描述：
- 张燕率领的贼寇组织，有军十万，后张燕率众降曹操。",三国演义
