id,name,type,description,alias,book
西游记_人物_一秤金_0,一秤金,人物,"[{'47': '陈澄的女儿，八岁。名字因其父修桥补路等花费三十斤黄金（一秤）而来。被灵感大王选中为童女，后八戒变作她的模样代祭。'}, {'48': '陈清之女，被用作祭献灵感大王的童女，实为八戒变化代替。'}, {'99': '陈清之女，曾被用来祭赛，后为唐僧所救。本回中出来叩谢。'}]",陈一秤金,西游记
西游记_人物_七个蜘蛛精_0,七个蜘蛛精,人物,"[{'72': '盘丝洞中的七个女怪，能腰中冒出丝绳。她们捉住唐僧吊起，去濯垢泉洗澡时衣服被行者叼走，八戒下水戏弄她们，后逃回洞中唤出干儿子虫蛭迎敌。'}, {'73': '盘丝洞的七个女怪，能吐丝绳（蛛丝），与百眼魔君同堂学艺，曾欲吃唐僧肉，被孙悟空用铁棒打死。'}]",七个妖精,西游记
西游记_人物_七仙姑_0,七仙姑,人物,[{'72': '上方的七位仙姑，原是濯垢泉的主人，后让给了妖精居住。'}],[],西游记
西游记_人物_万圣公主_0,万圣公主,人物,"[{'62': '万圣龙王的女儿，花容月貌，招九头驸马为婿，偷了王母娘娘的九叶灵芝草温养宝物。'}, {'63': '万圣龙王的女儿，九头驸马的妻子，曾私入大罗天灵霄殿偷取王母娘娘的九叶灵芝草以温养舍利子，后被打死。'}]",万圣宫主,西游记
西游记_人物_万圣龙王_0,万圣龙王,人物,"[{'62': '乱石山碧波潭的龙王，三年前与九头驸马下血雨、偷舍利子佛宝，差遣奔波儿灞和灞波儿奔巡塔。'}, {'63': '乱石山碧波潭龙王，与九头驸马合谋偷走祭赛国金光寺塔顶舍利佛宝，被孙悟空一棒打死，血溅潭中。'}]",[],西游记
西游记_人物_万岁狐王_0,万岁狐王,人物,[{'60': '已死的狐王，遗下女儿玉面公主和百万家私，玉面公主因此招赘牛魔王。'}],[],西游记
西游记_人物_三宫妃后_0,三宫妃后,人物,[{'40': '乌鸡国国王的妃嫔们，与国王、太子一同送行。'}],[],西游记
西游记_人物_三宫妃后_1,三宫妃后,人物,[{'85': '钦法国国王的后妃们，随国王一同拜见唐僧。'}],[],西游记
西游记_人物_三宫皇后_0,三宫皇后,人物,[{'46': '国王的皇后，又称梓童，亲手将山河社稷袄、乾坤地理裙放入柜中，后物品变成破烂流丢一口钟，国王知情后让她退下。'}],[],西游记
西游记_人物_三王子_0,三王子,人物,"[{'88': '玉华王的三子，使用乌油黑棒子。欲拜师，后得沙僧传授神力，能举起降妖宝杖。'}, {'89': '玉华州老王子的三个儿子，拜唐僧徒弟为师学习武艺。发现兵器丢失后惊慌报告。'}, {'90': '玉华王的三王子，拜师学习武艺，被九灵元圣噙走。'}]",小王子,西游记
西游记_人物_三皇_0,三皇,人物,[{'1': '治世的圣皇，与五帝共同定伦世界。'}],[],西游记
西游记_人物_三魔_0,三魔,人物,[{'76': '即三怪。激将行者出肚，摆阵对敌，后设计调虎离山，举画杆方天戟攻击行者。曾建议老魔咬行者。'}],[],西游记
西游记_人物_上官正_0,上官正,人物,[{'87': '凤仙郡郡侯，姓上官，名正。因三年前推倒斋天素供喂狗、口出秽言冒犯天地，导致连年干旱。后听行者劝告皈依向善，启建道场，终得甘雨。'}],[],西游记
西游记_人物_上清灵宝天尊_0,上清灵宝天尊,人物,[{'7': '三清之一，赴安天大会。'}],[],西游记
西游记_人物_不坏尊王永住金刚_0,不坏尊王永住金刚,人物,"[{'61': '昆仑山金霞岭不坏尊王永住金刚，领西天大雷音寺佛老亲言把截。'}, {'77': '四大金刚之一，在灵山鹫峰下挡住孙悟空，喝斥他无礼。'}]",永住金刚,西游记
西游记_人物_世静光佛_0,世静光佛,人物,[{'100': '在结尾佛号中被提及的佛名。'}],[],西游记
西游记_人物_丘天师_0,丘天师,人物,"[{'8': '南天门的天师之一。'}, {'92': '四大天师之一，在通明殿值勤。'}]",邱天师,西游记
西游记_人物_丘弘济_0,丘弘济,人物,[{'51': '四天师之一，在灵霄殿前迎着孙悟空。'}],[],西游记
西游记_人物_东华帝君_0,东华帝君,人物,[{'79': '寿星提及的人物，曾与寿星下棋，导致白鹿逃走。'}],[],西游记
西游记_人物_东城兵马使_0,东城兵马使,人物,[{'85': '钦法国文官，与巡城总兵官一同获得贼赃，上朝请旨。'}],[],西游记
西游记_人物_东岳天齐_0,东岳天齐,人物,"[{'56': '东岳泰山神，又称东岳大帝，孙悟空称东岳天齐怖他。'}, {'69': '东岳泰山神，孙悟空说赛太岁像其手下的醮面金睛鬼，但被八戒否定。'}]",[],西游记
西游记_人物_东来佛祖_0,东来佛祖,人物,[{'66': '又称弥勒笑和尚、弥勒、佛祖，收伏黄眉大王，拥有后天袋子和敲磬槌儿，设瓜田计擒妖。'}],[],西游记
西游记_人物_东海龙王敖广_0,东海龙王敖广,人物,"[{'3': '东海龙王，孙悟空紧邻。被迫献出如意金箍棒及藕丝步云履、锁子黄金甲、凤翅紫金冠等披挂，后上表天庭告状。'}, {'41': '东海龙王，率龙子龙孙虾兵蟹将迎接孙悟空，并召来其他三海龙王助雨。'}, {'45': '四海龙王之一，被孙大圣喝问，后听从孙大圣命令下雨，并应召现出龙身于金銮殿。'}, {'69': '东海龙王，应孙悟空召唤前来助无根水。因未带雨器，便打喷嚏吐涎津，化作甘霖降下供国王下药。'}, {'87': '东海老龙王。被行者念动真言唤来，但因未奉上天御旨不敢擅自降雨，后回海点兵。'}]",敖广,西游记
西游记_人物_丫鬟_0,丫鬟,人物,[{'101': '殷温娇的心腹丫鬟，随夫人去金山寺还愿，先行通报。'}],[],西游记
西游记_人物_丹桂_0,丹桂,人物,[{'64': '丹桂树精，化作青衣女童或黄衣女童，侍奉茶点。'}],[],西游记
西游记_人物_丹青_0,丹青,人物,[{'40': '画师，被乌鸡国国王传召，画出唐僧师徒四位喜容，供养在金銮殿上。'}],[],西游记
西游记_人物_乌巢禅师_0,乌巢禅师,人物,"[{'19': '在浮屠山修行的一位禅师，住在柴草窝中。他认得猪八戒和唐僧，传授唐僧《多心经》一卷。'}, {'32': '传授《心经》的和尚，曾言“心无挂碍，无挂碍，方无恐怖”。'}, {'43': '浮屠山的禅师，曾口授唐僧《多心经》。本回中由唐僧提及。'}, {'85': '传授《多心经》给唐僧的禅师，被孙悟空提及。'}, {'93': '传授唐僧《般若心经》的禅师。唐僧时常念诵此经。'}]",乌巢和尚,西游记
西游记_人物_乌鸡国国王_0,乌鸡国国王,人物,"[{'37': '乌鸡国的君主，三年前被全真推入御花园八角琉璃井中害死，化为冤魂托梦给唐三藏，请求孙悟空降妖。又称冤魂、陛下、那人。'}, {'38': '乌鸡国国君，三年前被妖精推入御花园八角琉璃井中淹死，尸首被井龙王用定颜珠定住。后托梦给唐僧请求降妖，并给太子金厢白玉圭作为表记。'}, {'39': '乌鸡国的君主，三年前被妖精（狮猁王）推入八角琉璃井中害死，鬼魂向唐僧求救。后被孙悟空用九转还魂丹救活，重回王位。'}, {'40': '乌鸡国国王，曾被救回生，称孤道寡，感恩唐僧师徒，送行时泪汪汪。'}]","乌鸡国王,国王",西游记
西游记_人物_乌鸡国太子_0,乌鸡国太子,人物,"[{'37': '乌鸡国国王的亲生储君，三年来被妖魔隔绝与母后相见。出城打猎时被孙悟空引到宝林寺，得知父王冤情。又称殿下。'}, {'38': '乌鸡国太子，国王之子。在城外打猎时偶遇唐僧师徒，得知父王被害真相，前往后宫询问母亲，确认妖精篡位后，请求孙悟空降妖。'}, {'39': '乌鸡国的太子，在朝堂上为唐僧师徒求情，阻止妖精（狮猁王）当场杀害他们，间接帮助了孙悟空。'}, {'40': '乌鸡国太子，随国王、妃后一同送别唐僧师徒。'}]","乌鸡国王太子,太子",西游记
西游记_人物_九天应元天尊_0,九天应元天尊,人物,[{'87': '九天应元府天尊，掌管雷部。应行者请求差邓辛张陶及闪电娘子下降凤仙郡声雷。'}],[],西游记
西游记_人物_九天荡魔祖师_0,九天荡魔祖师,人物,[{'18': '被提及的神祇，猪刚鬣称曾与他做过相识，下界也不怕。'}],[],西游记
西游记_人物_九头驸马_0,九头驸马,人物,"[{'62': '万圣公主的驸马，神通广大，与万圣龙王一同下血雨、偷舍利子佛宝。'}, {'63': '又称九头虫，万圣龙王的女婿，使月牙铲，本象为九头鸟，十分凶恶，曾用口咬走猪八戒，后与二郎神交战被细犬咬下一头，负伤逃往北海。'}]",[],西游记
西游记_人物_九尾狐狸_0,九尾狐狸,人物,[{'34': '又称老奶奶、老妈妈儿，压龙山压龙洞的老怪，是老魔和二魔的母亲，拥有幌金绳。孙行者变作倚海龙将其骗出，一棍打死，原形是九尾狐狸。'}],[],西游记
西游记_人物_九曜真君_0,九曜真君,人物,[{'7': '天庭神祇，赴安天大会。'}],[],西游记
西游记_人物_九灵元圣_0,九灵元圣,人物,"[{'89': '竹节山九曲盘桓洞的老妖，黄狮精的祖翁。法力高强，知晓孙行者的来历。应黄狮精请求前往报仇。'}, {'90': '九头狮子，又称老妖、元圣儿，太乙救苦天尊的坐骑，神通广大，喊一声上通三圣下彻九泉。本回中噙走唐僧和玉华州父子，后被天尊收服。'}]",[],西游记
西游记_人物_二从者_0,二从者,人物,[{'13': '跟随三藏西行的两个仆人，在双叉岭被寅将军、熊山君、特处士等妖怪剖腹剜心吃掉。'}],[],西游记
西游记_人物_二大王_0,二大王,人物,[{'74': '狮驼洞三个魔头之二，身高三丈，卧蚕眉，丹凤眼，美人声，匾担牙，鼻似蛟龙。与人争斗时用鼻子卷人，能令铁背铜身影魂亡魄丧。'}],[],西游记
西游记_人物_二王子_0,二王子,人物,"[{'88': '玉华王的次子，使用九齿钯。欲拜师，后得猪八戒传授神力，能抡起九齿钉钯。'}, {'90': '玉华王的二王子，拜师学习武艺，被九灵元圣噙走。'}]",[],西游记
西游记_人物_二郎显圣真君_0,二郎显圣真君,人物,"[{'6': '又称显圣二郎真君、二郎、真君、小圣，玉帝外甥，居灌洲灌江口，力诛六怪，有梅山六兄弟及一千二百草头神，奉调擒拿齐天大圣，与之赌斗变化，最终在金刚琢和细犬帮助下擒住猴王。'}, {'7': '即二郎显圣、二郎显圣真君。曾与义兄弟追杀悟空，得观世音举荐。后受赏赐回灌江口。'}, {'8': '即二郎神，曾捉获孙悟空（提及）。'}, {'17': '二郎神，能与孙悟空变化斗法，硬赌跌平交。'}, {'19': '二郎神，曾擒拿孙悟空，押在斗牛宫前。'}, {'21': '二郎神，其灌州城被黄风吹得迷失。'}, {'28': '即二郎神，曾率领梅山七弟兄放火烧了花果山，导致山毁妖亡，被群猴称为“二郎菩萨”。'}, {'52': '指二郎神，曾与孙悟空相持。'}, {'60': '即二郎神，曾擒拿孙悟空，将其压赴老君处。'}, {'63': '又称真君、二郎爷爷，二郎神，与梅山六兄弟打猎归来，应孙悟空之邀助战，用金弓银弹打九头虫，其细犬咬下九头虫一头。'}, {'71': '二郎神，孙悟空自述中提及观音推荐他前来与孙悟空对战，并有梅山兄弟相助。'}]","二郎,二郎显圣,二郎真君,小圣二郎,显圣,显圣二郎神,显圣真君,灌江小圣",西游记
西游记_人物_云程万里鹏_0,云程万里鹏,人物,[{'74': '狮驼洞三大王，不是凡间怪物，行动时抟风运海，振北图南。随身有一件宝贝阴阳二气瓶。原住处狮驼国，五百年前吃了全城人，后与大大王、二大王结为兄弟，合意捉拿唐僧。'}],[],西游记
西游记_人物_云里雾_0,云里雾,人物,"[{'41': '红孩儿手下的六健将之一。'}, {'42': '火云洞六健将之一，小妖，肉眼凡胎，跪拜假牛魔王。'}]",[],西游记
西游记_人物_五城兵马官_0,五城兵马官,人物,[{'78': '奏报冷风刮去鹅笼小儿的官员。'}],[],西游记
西游记_人物_五帝_0,五帝,人物,[{'1': '定伦世界的帝王，与三皇共同治理世间。'}],[],西游记
西游记_人物_五斗星君_0,五斗星君,人物,"[{'4': '天庭星君，奉玉帝旨意送孙悟空到齐天大圣府上任，并赐御酒金花。'}, {'7': '天庭星君，赴安天大会。'}]",[],西游记
西游记_人物_五方揭谛_0,五方揭谛,人物,"[{'5': '天庭护法神，玉帝调他们下界，在花果山前扎营。'}, {'7': '如来召来监押悟空的五位揭谛神。'}, {'15': '观音菩萨差来的护法神祇之一，包括金头揭谛等五位揭谛，其中金头揭谛昼夜不离唐僧。'}, {'21': '奉菩萨法旨暗中保护唐僧的神灵，与护法伽蓝等一同点化仙庄。'}, {'29': '护法神祇，与六丁六甲等共同保着唐僧。'}, {'33': '神祇团体，包括金头揭谛等，与山神土地一同移山放出孙悟空，后被悟空喝退腾空而去。'}, {'37': '佛教护法神，随行保护唐僧。'}, {'65': '佛教护法神，保护唐僧，曾协助掀金铙，后与妖王战斗。'}, {'66': '护法神团体，奉菩萨旨意暗中保护唐僧，包括金头揭谛等。'}, {'78': '护法神将，被行者拘来，奉命救助小儿。'}, {'82': '佛教护法神，受观世音菩萨差遣保护唐僧。'}, {'90': '五方揭谛神，跪接孙大圣并护佑唐僧。'}, {'99': '佛教护法神团体，本回中向观音菩萨缴法旨。'}]",五方揭谛,西游记
西游记_人物_五气真君_0,五气真君,人物,[{'7': '天庭仙真，赴安天大会。'}],[],西游记
西游记_人物_五阎王_0,五阎王,人物,[{'76': '行者假扮勾司人时提及，说五阎王差来勾八戒。'}],[],西游记
西游记_人物_井木犴_0,井木犴,人物,"[{'65': '二十八宿之一，参与战斗。'}, {'92': '二十八宿之一，四木禽星之一，奉玉帝旨意下界降伏犀牛精，现原身咬死辟寒大王。'}]",[],西游记
西游记_人物_井龙王_0,井龙王,人物,[{'38': '御花园井底水晶宫的龙王，受上敕旨保管乌鸡国王尸首，用定颜珠定住使其不坏。猪八戒下井时，他指引八戒驮出尸首，并承诺齐天大圣会有起死回生之意。'}],[],西游记
西游记_人物_亢金龙_0,亢金龙,人物,"[{'65': '二十八宿之一，用角尖钻入金铙缝中，让孙悟空钻出，后参与战斗。'}, {'66': '二十八宿之一，曾将角透入金铙内救出孙悟空。'}]",[],西游记
西游记_人物_仙童_0,仙童,人物,[{'1': '须菩提祖师洞府中的童子，丰姿英伟，奉师命出门迎接孙悟空，带其入内。文本中亦称童子。'}],[],西游记
西游记_人物_仙童_1,仙童,人物,[{'52': '兜率宫看守童子，因误食七返火丹酣睡，致使青牛逃走。'}],[],西游记
西游记_人物_仙童_2,仙童,人物,[{'73': '黄花观道士的两个小童，负责看茶、递茶等事务，被女怪利用传递毒茶。'}],[],西游记
西游记_人物_仵官王_0,仵官王,人物,[{'10': '十代阎王之一，参与审理太宗对案。'}],[],西游记
西游记_人物_伏狸_0,伏狸,人物,[{'89': '九灵元圣的诸孙之一，随同九灵元圣前往玉华州报仇。'}],[],西游记
西游记_人物_伏狸狮_0,伏狸狮,人物,[{'90': '狮子精之一，使用钺斧，被孙大圣拿住。'}],[],西游记
西游记_人物_伏虎罗汉_0,伏虎罗汉,人物,"[{'52': '十八罗汉之一，与降龙罗汉一同告知孙悟空寻太上老君。'}, {'98': '如来座下罗汉之一，与降龙罗汉一同敲响云磬。'}]",[],西游记
西游记_人物_传言玉女_0,传言玉女,人物,[{'3': '天庭玉女，负责传递表文。'}],[],西游记
西游记_人物_伯钦父亲_0,伯钦父亲,人物,[{'13': '刘伯钦已故的父亲，在阴司苦难难脱，因三藏念经超度得脱沉沦，托梦给家人说阎王差人送他上中华富地托生。'}],[],西游记
西游记_人物_伶俐虫_0,伶俐虫,人物,"[{'33': '莲花洞的小妖，奉命拿羊脂玉净瓶去装孙悟空。与精细鬼一起被孙悟空骗换宝贝。'}, {'34': '莲花洞的小妖，与精细鬼一同执宝贝，提议用净瓶贴换假葫芦，后被孙行者骗走宝贝，回山后被二魔喝起。'}]",[],西游记
西游记_人物_伽叶_0,伽叶,人物,"[{'7': '如来佛祖的尊者，随侍佛祖，与阿傩同收供品。'}, {'8': '如来弟子，与阿傩一起布散花果。'}, {'77': '如来尊者，奉旨去峨眉山宣普贤菩萨。'}, {'98': '如来的尊者之一。与阿傩一同传经，索要人事，先传无字经，后因燃灯古佛指点，最终换有字真经。'}, {'100': '如来座下尊者，与阿傩一同传经，需索人事。'}]",迦叶,西游记
西游记_人物_住持上房长老_0,住持上房长老,人物,[{'13': '法门寺的本寺住持，带领五百余僧众迎接三藏。'}],[],西游记
西游记_人物_佑圣真君_0,佑圣真君,人物,[{'7': '天庭神将，派遣佐使王灵官及调雷将围困大圣。'}],[],西游记
西游记_人物_佛母孔雀大明王菩萨_0,佛母孔雀大明王菩萨,人物,"[{'71': '西方佛母，所生二子（雌雄孔雀）被朱紫国太子射伤，故吩咐拆凤三年，让朱紫国王身耽啾疾。'}, {'77': '佛母，大鹏之兄（或姐）。如来曾封其为佛母孔雀大明王菩萨。'}]",孔雀大明王菩萨,西游记
西游记_人物_修桃力士_0,修桃力士,人物,[{'5': '蟠桃园中的力士之一，负责修桃。土地唤其来见大圣，并随侍园中。'}],[],西游记
西游记_人物_倚海龙_0,倚海龙,人物,[{'34': '莲花洞的常随小妖，与巴山虎同去请老奶奶，被孙行者打死，孙行者变作其模样骗得幌金绳。'}],[],西游记
西游记_人物_傅奕_0,傅奕,人物,[{'11': '太史丞，上疏反对佛教，认为佛法不足为信，被太宗掷付群臣议。'}],[],西游记
西游记_人物_傲来国君王_0,傲来国君王,人物,[{'3': '傲来国的君主，被孙悟空施法惊散，闭门不出。'}],[],西游记
西游记_人物_僧官_0,僧官,人物,[{'36': '宝林寺的管理僧人，又称老院主。本回中他起初嫌弃唐僧，不愿留宿，后来被孙行者威吓，吓得躲入床下，命众僧排班迎接唐僧，并安排茶饭和禅堂安歇。'}],[],西游记
西游记_人物_元始天尊_0,元始天尊,人物,"[{'24': '道教尊神，发简帖邀请镇元子到上清天弥罗宫听讲混元道果。'}, {'44': '道教三清之一，居于三清殿中间。文本中猪八戒变作元始天尊的模样，并将原圣像推倒。'}, {'66': '曾符召荡魔天尊收降东北方黑气妖氛，弥勒佛因赴元始会而留黄眉童儿看宫。'}]",[],西游记
西游记_人物_元虚_0,元虚,人物,[{'7': '天庭灵通，赴安天大会。'}],[],西游记
西游记_人物_先锋_0,先锋,人物,[{'70': '麒麟山獬豸洞赛太岁的部下先锋，奉大王令到朱紫国取宫女，被孙悟空一棒打折长枪，败走西方。文中称赛太岁部下先锋。'}],[],西游记
西游记_人物_先锋小妖_0,先锋小妖,人物,[{'85': '老妖手下的小妖，曾从狮驼岭逃来，献分瓣梅花计擒获唐僧，被封为前部先锋。'}],[],西游记
西游记_人物_全真_0,全真,人物,"[{'37': '来自锺南山的道士，能呼风唤雨、点石成金，与乌鸡国国王结拜后将其害死，自己变作国王模样篡位。又称妖怪、那怪、道士。'}, {'38': '假扮乌鸡国王的妖精，原为一道士（全真），将真国王害死后变作其模样侵占了龙位，做了三年皇帝。太子和娘娘称其为妖精、怪物。'}]",[],西游记
西游记_人物_公主_0,公主,人物,"[{'93': '妖邪所变，冒充天竺国公主，借抛绣球招唐僧为偶，欲采取元阳真气以成太乙上仙。'}, {'94': '天竺国公主，初八日抛绣球选中唐僧为驸马，后因畏惧唐僧徒弟丑陋，请求父王打发他们出城。'}]",假公主,西游记
西游记_人物_六丁六甲_0,六丁六甲,人物,"[{'7': '天庭神将，将悟空解付老君，后与架火看炉者扯悟空。'}, {'15': '观音菩萨差来的护法神祇之一，包括六位丁神和六位甲神，轮流值日保护取经人。'}, {'21': '奉菩萨法旨暗中保护唐僧的神灵，与护法伽蓝等一同点化仙庄。'}, {'29': '护法神祇，暗中有保护唐僧，在八戒沙僧斗怪时助阵。'}, {'30': '护法神将之一，在半空中护佑唐僧不被兵器所伤。'}, {'37': '道教护法神将，随行保护唐僧，被孙悟空暗中吩咐护持师父。'}, {'44': '护法神将，夜间保护车迟国的和尚，不让他们寻死。文本中众僧说“六丁六甲、护教伽蓝，但至夜就来保护”。'}, {'65': '天庭神将，六丁神和六甲神，保护唐僧、看守金铙，后参与战斗。'}, {'78': '护法神将，被行者拘来，奉命救助小儿。'}, {'90': '六甲六丁神将，协助押解土地并护佑唐僧。'}, {'92': '六丁六甲等护法神，暗中护佑唐僧。'}, {'99': '道教护法神，本回中保护唐僧。'}]","丁甲,六丁六甲,六甲六丁神将",西游记
西游记_人物_六耳猕猴_0,六耳猕猴,人物,"[{'57': '假扮孙悟空的猴精，又称假猴王。本章中打晕唐僧，抢走包袱，并在花果山自组取经队伍，变出假唐僧、假八戒、假沙僧。'}, {'58': '假行者，与孙悟空相貌声音完全相同，善聆音，能察理，知前后，冒充孙悟空打倒唐僧抢走包袱，后被如来识破，被孙悟空打死。'}]",假行者,西游记
西游记_人物_关元帅_0,关元帅,人物,[{'51': '四大元帅之一，在南天门迎接孙悟空并邀茶。'}],[],西游记
西游记_人物_关圣爷爷_0,关圣爷爷,人物,[{'47': '即关羽，被陈清家供奉的神祇。陈清在其位下求得儿子，故名陈关保。'}],[],西游记
西游记_人物_兴烘掀_0,兴烘掀,人物,"[{'41': '红孩儿手下的六健将之一。'}, {'42': '火云洞六健将之一，小妖，出洞请老大王。'}]",[],西游记
西游记_人物_典簿_0,典簿,人物,[{'4': '御马监中的官员，负责征备草料，管理文簿。'}],[],西游记
西游记_人物_典膳官_0,典膳官,人物,[{'88': '玉华王府中负责膳食的官员，备素斋招待唐僧师徒，并引导他们至暴纱亭。'}],[],西游记
西游记_人物_冥君_0,冥君,人物,"[{'29': '阴间君主，因唐太宗阳寿未绝而放其回生。'}, {'57': '地府之主。本章中在唐僧的文牒中被提及，称“感冥君放送回生”。'}]",[],西游记
西游记_人物_净乐国王_0,净乐国王,人物,[{'66': '荡魔天尊的父亲，净乐国国王。'}],[],西游记
西游记_人物_凌空子_0,凌空子,人物,[{'64': '荆棘岭上的桧树精，十八公之友，参与联句作诗。'}],[],西游记
西游记_人物_凌虚子_0,凌虚子,人物,[{'17': '苍狼精，又称道人，与黑熊精为友，手托玻璃盘盛仙丹。孙悟空将其打死，后观音菩萨变作其模样去降伏黑熊精。'}],[],西游记
西游记_人物_刁钻古怪_0,刁钻古怪,人物,"[{'89': '豹头山的狼头怪妖之一，奉命买猪羊。被孙行者用定身法定住，其身份被猪八戒变化冒充。'}, {'90': '小妖，打红旗之一，后逃脱。'}]",[],西游记
西游记_人物_刘_0,刘,人物,[{'4': '增长天王手下天将之一，在南天门外把守。'}],[],西游记
西游记_人物_刘伯钦_0,刘伯钦,人物,"[{'13': '绰号镇山太保，双叉岭的猎户，头戴艾叶花斑豹皮帽，身穿羊绒织锦叵罗衣，腰束狮蛮带，脚穿麂皮靴，手执钢叉，腰悬弓箭。打杀猛虎救下三藏，请至家中款待，并送三藏至两界山。'}, {'14': '又称太保，两界山附近的猎户，绰号镇山太保，护送唐僧上山揭压帖，与孙悟空有交集。'}, {'27': '本回中被唐僧提及送其出长安的人物。'}]",[],西游记
西游记_人物_刘全_0,刘全,人物,[{'11': '均州人，家有万贯。因妻李翠莲自缢而死，舍命揭皇榜进瓜果到阴司，得阎王允许夫妻还魂，后借尸还魂得与李玉英身体结合。'}],[],西游记
西游记_人物_刘天将_0,刘天将,人物,[{'51': '四大天将之一，在北天门进礼邀茶。'}],[],西游记
西游记_人物_刘小二_0,刘小二,人物,[{'101': '万花店店主，张氏曾在他店中居住，后告知玄奘婆婆的下落。'}],[],西游记
西游记_人物_刘洪_0,刘洪,人物,[{'101': '洪江渡口的稍水（船夫），贪图殷温娇美色，打死陈光蕊并强占其妻，冒名赴江州上任。后被殷丞相擒获，在江边活剜心肝祭奠陈光蕊。'}],[],西游记
西游记_人物_刘洪基_0,刘洪基,人物,[{'11': '唐朝将领，在朝班中。'}],[],西游记
西游记_人物_刘洪纪_0,刘洪纪,人物,[{'9': '唐太宗朝中的武官，位列朝班，朝贺时出现。'}],[],西游记
西游记_人物_初江王_0,初江王,人物,[{'3': '十代冥王之一，阴间天子，一同迎接孙悟空。'}],[],西游记
西游记_人物_判官_0,判官,人物,"[{'3': '幽冥界掌案判官，奉命捧出生死簿子供孙悟空查看，并捧笔饱墨。'}, {'21': '地府判官，被十代阎王寻找。'}]",[],西游记
西游记_人物_刽子手_0,刽子手,人物,[{'46': '执行砍头和剖腹的刑官，将孙行者和虎力大仙捆翻在地砍头，又将孙行者肚皮割开，后因孙行者长出人头而心惊胆战。'}],[],西游记
西游记_人物_力士_0,力士,人物,[{'4': '御马监中的力士，负责刷洗马匹、扎草、饮水、煮料。'}],[],西游记
西游记_人物_功德华佛_0,功德华佛,人物,[{'100': '在结尾佛号中被提及的佛名。'}],[],西游记
西游记_人物_勾死人_0,勾死人,人物,[{'3': '幽冥界勾魂鬼差，持批文勾取孙悟空魂魄，被孙悟空打死。'}],[],西游记
西游记_人物_北海龙王敖顺_0,北海龙王敖顺,人物,"[{'46': '名敖顺，被孙行者唵字咒语唤来，说明羊力大仙的冷龙是旁门左道，主动收走冷龙，使羊力大仙死在油锅中。'}, {'77': '又称北海小龙。被孙悟空拘唤，变作冷风吹入锅下，护持唐僧师徒不被蒸坏。'}]",北海龙王,西游记
西游记_人物_十八公_0,十八公,人物,[{'64': '荆棘岭上的松树精，号劲节，假扮土地摄走唐僧，与唐僧联句作诗，并做媒欲让杏仙与唐僧成亲。'}],[],西游记
西游记_人物_千里眼_0,千里眼,人物,"[{'1': '天庭将领，奉玉帝旨意开南天门观看金光之处，回禀所见石猴情况。'}, {'3': '天庭神将，能视千里，向玉帝说明孙悟空乃三百年前天产石猴。'}]",[],西游记
西游记_人物_华光菩萨_0,华光菩萨,人物,[{'96': '火焰五光佛的徒弟，因剿除毒火鬼王降职，化做五显灵官。文本中提到华光行院供奉他。'}],[],西游记
西游记_人物_南山大王_0,南山大王,人物,"[{'85': '山中的妖精首领，能喷风嗳雾，手使铁杵，欲吃唐僧肉，被猪八戒打败后用分瓣梅花计摄走唐僧。'}, {'86': '又称老怪、艾叶花皮豹子精，隐雾山折岳连环洞的妖怪头目，自称南山大王，使用铁杵为兵器，设计分瓣梅花计捉拿唐僧，最终被猪八戒筑死。'}]",老妖,西游记
西游记_人物_南斗星_0,南斗星,人物,[{'7': '奉命令火部众神烧悟空。'}],[],西游记
西游记_人物_南无宝幢光王佛_0,南无宝幢光王佛,人物,[{'98': '即接引佛祖。在凌云渡撑无底船接引唐僧师徒过河，船到彼岸后消失。行者认出但未说破。'}],[],西游记
西游记_人物_南极星君_0,南极星君,人物,[{'101': '奉观音菩萨法旨，将玄奘送给殷温娇，并托梦告知未来团圆复仇之事。'}],[],西游记
西游记_人物_卞城王_0,卞城王,人物,"[{'3': '十代冥王之一，阴间天子，一同迎接孙悟空。'}, {'10': '十代阎王之一，参与审理太宗对案。'}]",[],西游记
西游记_人物_危月燕_0,危月燕,人物,[{'65': '二十八宿之一，参与战斗。'}],[],西游记
西游记_人物_卵二姐_0,卵二姐,人物,[{'8': '住在福陵山云栈洞，见猪悟能有武艺，让他做家长，不到一年就死了。'}],[],西游记
西游记_人物_参水猿_0,参水猿,人物,[{'65': '二十八宿之一，参与战斗。'}],[],西游记
西游记_人物_古怪刁钻_0,古怪刁钻,人物,"[{'89': '豹头山的狼头怪妖之一，与刁钻古怪同行。被孙行者定身，其身份被孙行者变化冒充。'}, {'90': '小妖，打红旗之一，后逃脱。'}]",[],西游记
西游记_人物_可韩丈人真君_0,可韩丈人真君,人物,[{'51': '可韩司的主神，奉玉帝旨意查勘满天星宿神王有无思凡下界，查后回奏并无。'}],[],西游记
西游记_人物_右弼_0,右弼,人物,[{'7': '天庭神祇，赴安天大会。'}],[],西游记
西游记_人物_吴刚_0,吴刚,人物,[{'22': '神话人物，月中伐桂之人。沙悟净介绍其宝杖来历时提到“月里梭罗派，吴刚伐下一枝来”。'}],[],西游记
西游记_人物_吴道子_0,吴道子,人物,[{'12': '图神写圣的画师，奉太宗旨意描画观世音菩萨真像。'}],[],西游记
西游记_人物_和尚_0,和尚,人物,[{'67': '前年被请到驼罗庄捉妖的僧人，披袈裟，念《孔雀》《法华》，与妖怪斗败，被打得光头似烂西瓜。'}],[],西游记
西游记_人物_哪吒三太子_0,哪吒三太子,人物,"[{'4': '托塔李天王之子，被封为三坛海会大神。与孙悟空交战，使用六般兵器，变作三头六臂，被孙悟空打伤左膊败阵。'}, {'5': '李天王之子，作为前部先锋参与围剿花果山，与大圣交战。'}, {'6': '李天王之子，与父王立在空中擎照妖镜。'}, {'7': '即哪吒太子。曾与李天王擒拿悟空未获。后随天王参加安天大会。'}, {'17': '托塔天王之子，曾与孙悟空交战，负痛领兵逃。'}, {'21': '哪吒三太子，其匣中剑被黄风吹得难取。'}, {'33': '天庭神将，向玉帝奏请助孙悟空，往北天门借皂雕旗在南天门展开，遮闭日月星辰，助孙悟空装天。'}, {'42': '托塔李天王之子，木叉之弟，取出三十六把天罡刀。'}, {'51': '李天王第三子，曾降九十六洞妖魔，善能变化，持斩妖剑等六般兵器与兕怪交战，兵器被圈子套走，赤手逃生。'}, {'52': '又称三太子、太子。李天王之子，其六件神兵（包括砍妖刀等）被兕大王套去。'}, {'61': '哪吒三太子，奉玉帝旨意助孙悟空，用斩妖剑砍牛头，以火轮儿烧牛，用缚妖索牵牛。'}, {'71': '托塔天王之子（哪吒），孙悟空自述中提及与托塔天王一同迎战孙悟空。'}, {'83': '又称哪吒、三太子。李天王之子，曾割肉还母、剔骨还父，后被如来以碧藕荷叶复活。奉旨与父王降服金鼻白毛老鼠精。'}]","哪吒,哪吒太子,太子",西游记
西游记_人物_唐三藏_0,唐三藏,人物,"[{'11': '又称江流儿、玄奘法师。父亲陈光蕊，外公殷开山。自幼为僧，持斋受戒，精通佛法。被选为水陆大会高僧，受封左僧纲、右僧纲、天下大阐都僧纲之职。'}, {'12': '大阐法师，又称玄奘、三藏、御弟圣僧、江流儿、金蝉子，主持水陆大会，被太宗赐予锦襕袈裟和九环锡杖，后发愿前往西天取经。'}, {'13': '本名陈玄奘，又称玄奘、法师、圣僧、长老，大唐驾下钦差往西天拜佛求经的和尚，曾在化生寺对佛设下洪誓大愿。在双叉岭被寅将军等妖怪捉住，后被太白金星搭救，又得刘伯钦款待并护送。'}, {'14': '又名陈玄奘、唐僧、三藏、长老，东土大唐派往西天取经的和尚，俗家姓陈，海州弘农郡聚贤庄人氏，被太宗赐号御弟三藏。收孙悟空为徒，性格慈悲但有些迂腐。'}, {'15': '又称三藏、唐御弟、长老、师父、金蝉子等，东土大唐派往西天取经的圣僧，性格慈悲但有些软弱，面对失去白马而落泪，后得到龙马继续西行。'}, {'16': '东土大唐来的钦差法师，前往雷音寺拜佛求经，又称唐僧、长老、师父。为人谨慎，担心惹祸，有紧箍咒可以约束孙悟空。'}, {'17': '唐三藏，又称三藏法师、御弟，孙悟空的师父，前往西天取经的僧人。本回中在观音院等候悟空寻回袈裟。'}, {'18': '即唐僧，又称御弟圣僧、长老、师父，东土大唐派往西天拜佛求经的圣僧，骑着白马，持有锡杖和袈裟。'}, {'19': '又称唐僧、师父、圣僧，东土大唐驾下御弟，奉旨往西天拜佛求经。文本中他路过高老庄，收猪八戒为徒，在浮屠山遇到乌巢禅师，受《多心经》。他严守戒律，不饮酒不吃荤。'}, {'20': '东土大唐的和尚，又称玄奘法师、唐僧、长老。奉旨上西天雷音寺拜佛求经，常念《多心经》。被黄风怪部下虎先锋擒去。'}, {'21': '又称三藏法师、师父，东土大唐前往西天取经的圣僧。本回中被黄风怪捉去绑在定风桩上，后得救。'}, {'22': '取经团队的核心人物，又称三藏、师父。本回中带领徒弟们西行取经，路遇流沙河无法渡过，最终在观音菩萨帮助下收服沙悟净并渡河。'}, {'23': '东土大唐来的和尚，奉旨西天拜佛求经，又称三藏、师父。在本回中面对富贵美色不动心，坚守出家之志。'}, {'24': '东土大唐前往西天拜佛求经的圣僧，道号三藏，本为金蝉子转世，是西方圣老如来佛第二个徒弟。五百年前在兰盆会上亲手传茶给镇元子。在五庄观中因不认得人参果而拒绝食用。'}, {'25': '东土大唐前往西天取经的和尚，又称唐僧、三藏、长老。被镇元大仙抓住绑在柱上，埋怨徒弟们惹祸。'}, {'26': '又称三藏。孙悟空之师，被镇元大仙擒拿，给孙悟空三日之限求医树之方，否则念紧箍咒。'}, {'27': '取经团队的核心人物，前世为金蝉子（十世修行的原体）。本回中因肚饥命悟空化斋，先后三次被白骨精所变的人形迷惑，听信八戒谗言，念紧箍儿咒惩罚悟空，最终写下贬书逐走悟空。妖精提及他本是金蝉子化身，吃其肉可长生不老。'}, {'28': '又称三藏、长老、御弟三藏，奉大唐皇帝敕命前往西天取经，因听信狡性纵放心猿，在松林独自行走时误入碗子山波月洞，被黄袍怪擒获绑在定魂桩上。'}, {'29': '东土大唐前往西天取经的僧人，又称三藏、玄奘、长老。被黄袍怪捉住绑在定魂桩上，后得百花羞公主解救，并受托携带家书至宝象国。'}, {'30': '大唐来的取经僧人，又称三藏、长老。被老妖变作猛虎，锁在朝房铁笼中。'}, {'31': '孙悟空的师父，又称三藏、长老。在宝象国被黄袍怪施法变成老虎，后被孙悟空救回。'}, {'32': '东土大唐派往西天取经的和尚，又称三藏、师父、长老，前世为金蝉长老，十世修行的好人，一点元阳未泄，吃其肉可延寿长生。本回中在平顶山前遇到樵夫报信，后由孙悟空保护前行，有些胆小但意志坚定。'}, {'33': '取经僧，又称三藏、长老，金蝉长老临凡，十世修行的好人，慈悲好善。被二魔摄去莲花洞吊在中间。'}, {'34': '东土大唐的取经僧人，孙行者的师父，被平顶山莲花洞的魔头擒获，准备蒸吃延寿。'}, {'35': '即唐三藏，孙大圣的师父，被妖魔吊在莲花洞中，后被孙大圣救出，继续西行取经。'}, {'36': '东土大唐驾下差往西天拜佛求经的和尚，又称唐僧、三藏、师父、长老。本回中他骑马行路，畏惧山势，感叹路途艰难，进入宝林寺借宿，因容貌被僧官轻视而伤感，后得悟空相助，在寺中安歇，对月怀归，作诗抒怀，又从悟空处解悟月相之理。'}, {'37': '东土大唐的和尚，奉旨上西天拜佛求经，在宝林寺禅堂中夜读经卷，后受乌鸡国国王托梦，与孙悟空等商议降妖。又称唐僧、三藏、长老。'}, {'38': '又称三藏、长老。东土大唐来的取经圣僧，慈悲为怀。被孙悟空和猪八戒说服，同意救治乌鸡国王，后念紧箍儿咒逼迫孙悟空救人。'}, {'39': '又称三藏、长老，唐王御弟，西天取经的法师，会念紧箍儿咒。夜坐宝林寺时遇见乌鸡国国王鬼魂求救，命孙悟空阳世间医救国王。'}, {'40': '东土大唐前往西天取经的圣僧，又称三藏、长老、师父，金蝉长老转世，十世修行的好人，心慈耳软。'}, {'41': '又称三藏、师父，被红孩儿摄走，捆在后院，准备蒸吃。孙悟空等人全力营救。'}, {'42': '又称东土大唐和尚、唐师父、金蝉子，十世修行之人，西天取经的法师，被红孩儿摄去。'}, {'43': '又称三藏、师父，东土大唐前往西天取经的僧人。本回中被黑水河鼍龙摄走，赤条条捆在水府中，后被沙僧和河神救出，最终在河神开路下渡过黑水河。'}, {'44': '东土大唐前往西天取经的圣僧，又称唐僧、三藏。在文本中师徒们过了黑水河，一路西行，听到和尚们扯车的响声后心惊，后由孙悟空打探情况，最终被众僧请入智渊寺安歇。'}, {'45': '又称唐僧、三藏、师父，东土大唐前往西天取经的和尚，在车迟国被国王召见，后登上祭坛默念《密多心经》祈祷求雨。'}, {'46': '又称三藏、长老、师父，唐朝僧人，奉旨西天取经，会坐禅，能定性存神坐二三个年头，在赌赛中由孙行者送上禅台，虽被臭虫叮咬但坚持坐禅获胜，后多次猜物成功。'}, {'47': '又称三藏、圣僧、长老。东土大唐前往西天取经的僧人，慈悲为怀，收孙悟空、猪八戒、沙僧为徒。本回中在陈家庄听闻灵感大王要吃童男童女，流泪感叹，并同意让悟空和八戒去救孩子。'}, {'48': '又称三藏、唐长老，东土大唐圣僧，奉钦差西天取经，十世修行好人，慈悲为怀，被灵感大王捉入水府。'}, {'49': '又称三藏、师父，东土大唐前往西天拜佛求经的圣僧，被灵感大王困在通天河底石匣中，后得观音解救。'}, {'50': '东土大唐前往西天拜佛求经的和尚，本回中因饥寒误入妖魔点化的楼阁，被独角兕大王擒获。又称三藏、长老、师父。'}, {'51': '孙悟空的师父，被兕怪抓入金皘洞中，面临被蒸煮晒的命运。'}, {'52': '又称长老、金蝉长老。被兕大王摄入金皘洞中捆住，后得救。'}, {'53': '东土大唐来的御弟法师，唐僧，又称三藏、圣僧、师父。误饮子母河水后腹疼成胎，后得落胎泉水解胎。'}, {'54': '东土大唐的御弟圣僧，法号玄奘，俗称唐僧，奉唐王之命前往西天拜佛求经。丰姿英伟，相貌轩昂，吃素但未戒酒，坚守佛家德行，不愿丧元阳。在本回中被西梁女国女王求亲，最终听从孙悟空之计假意应允，借机脱身。'}, {'55': '唐朝来的和尚，取经人，被蝎子精摄去，坚持禅心不破色戒，又称唐御弟、长老、唐僧。'}, {'56': '东土大唐前往西天取经的僧人，本回中又称三藏、长老、师父。被强盗吊在树上，后因孙悟空打死多人而念紧箍儿咒赶走孙悟空。'}, {'57': '又称唐僧、三藏、长老、师父、陈玄奘、金蝉长老等，东土大唐前往西天取经的圣僧。本章中因孙悟空打死草寇而将其赶走，后被假行者打晕并抢走包袱。'}, {'58': '又称三藏、唐御弟，西天取经的法师，孙悟空等人的师父，会念紧箍儿咒。'}, {'59': '东土大唐前往西天取经的和尚，师徒四人之师。又称三藏、唐僧。'}, {'60': '孙悟空等的师父，前往西天取经。路阻火焰山，需借芭蕉扇扇灭火焰方能通过。'}, {'61': '又称三藏。西天取经的师父，坐在途中等候。'}, {'62': '东土大唐派往西天取经的圣僧，法名玄奘，号三藏，俗称唐僧。师徒四众之一，在祭赛国金光寺扫塔，解救受冤僧人，并派孙悟空捉妖取宝。'}, {'63': '又称三藏、师父，取经僧，慈悲为怀，夜扫金光寺塔发现冤情，命徒弟降妖索宝，被祭赛国王称为老佛。'}, {'64': '师徒四人之师，又称三藏、圣僧、长老，受唐皇之命西天取经，在荆棘岭木仙庵与树精们谈诗论道，面对杏仙求偶坚拒不从。'}, {'65': '唐僧，师徒取经的领导者，虔诚拜佛，误入小雷音寺遭难，被妖王捆绑，后得孙悟空解救。'}, {'66': '又称三藏，孙悟空师父，被黄眉大王抓住吊在宝殿廊下。'}, {'67': '唐僧，又称长老、师父，东土大唐前往西天取经的僧人，本回中因稀柿衕恶秽而发愁。'}, {'68': '东土大唐的法师，唐王御弟，又称三藏、长老。带领徒弟们去西天取经，入朝倒换关文。'}, {'69': '又称三藏、法师。孙悟空之师，被国王留在文华殿作当头，待医病后酬谢送行。戒酒戒荤，为人谨慎，担忧医不好病会丧命。'}, {'70': '东土大唐前往西天取经的和尚，孙悟空的师父，朱紫国国王称其为神僧。在本回中，他与孙悟空一同在避妖楼躲避妖怪，后被孙悟空请出。文中又称三藏、师父。'}, {'71': '孙悟空之师，西天取经的和尚。在本回末尾提议拜别朱紫国继续西行。'}, {'72': '东土大唐前往西天取经的和尚，又称唐僧、长老。在本回中，他欲自去化斋，误入盘丝洞，被七个女怪吊起，险些被蒸吃。'}, {'73': '东土大唐前往西天取经的和尚，又称唐僧、三藏法师、长老，是孙悟空的师父，被百眼魔君用毒药茶毒倒。'}, {'74': '东土大唐前往西天拜佛求经的和尚，又称三藏、长老。胆小怕惧，见到高山妖魔传言便惊慌失措，需徒弟保护。'}, {'75': '又称三藏、长老、师父，取经领导者，担忧孙大圣安危，曾撮土为香祷告，后听说孙大圣被吞，唬倒在地放声大哭。'}, {'76': '又称三藏、师父、唐老爷。被妖魔抬香藤轿相送，肉眼凡胎不知是计，最后被抬上金銮殿。曾因悟空被吞而痛哭。'}, {'77': '又称唐长老、三藏、师父。取经团队核心，被三个魔头擒获，险些被蒸熟，后被孙悟空救出。伏于行者身边哭诉，被抬上铁笼蒸煮，最终被救出。'}, {'78': '又称三藏、长老、师父，东土大唐前往西天取经的僧人，慈悲为怀，为比丘国孩童受害而伤心落泪，后听取行者计策救小儿。'}, {'79': '又称三藏、法师、唐朝御弟，孙悟空等人的师父。被孙悟空变化保护，后复还原身，精神爽利。'}, {'80': '东土大唐的和尚，本回中带领徒弟西行取经，慈悲心肠，肉眼凡胎，不辨妖邪。又称三藏、长老、师父等。'}, {'81': '唐僧，又称三藏、长老、师父，是金蝉长老转世，奉旨西天取经。本回中在镇海禅林寺生病，被毛姹女摄走。'}, {'82': '陈玄奘，又称三藏、长老、师父。被陷空山无底洞的女妖精摄去，妖精要与他成亲。他坚守戒律，与孙悟空配合脱身。曾暗祝护法诸天等神明。'}, {'83': '又称三藏、师父、唐僧。西天取经的僧人，被金鼻白毛老鼠精摄进无底洞逼婚，后被孙悟空等救出。'}, {'84': '取经团队的核心人物，又称唐僧、三藏、唐长老、唐大官儿，固守元阳，前往西天取经。在灭法国前被劝返，后听从孙悟空建议扮作俗人进城，最终被锁入柜中遭遇劫匪和官军。'}, {'85': '东土大唐前往西天取经的和尚，又称三藏、长老。在钦法国被国王拜为门下，后路遇高山被妖精摄去。'}, {'86': '又称师父、长老、唐老爷，东土大唐前往西天取经的和尚，本回中被南山大王捉去绑在树上，后被孙行者救出，继续西行。'}, {'87': '东土大唐前往天竺国大雷音寺拜佛求经的和尚，又称三藏。在凤仙郡劝善求雨，与孙悟空、猪八戒、沙僧一同西行。'}, {'88': '东土大唐前往西天拜佛求经的僧人，又称三藏、长老、师父。在玉华县受到玉华王礼遇，收三个小王子为徒孙。'}, {'89': '东土大唐前往西天取经的圣僧，又称三藏、师父。在玉华州被王子留住，其三个徒弟的兵器被黄狮精偷走。'}, {'90': '唐三藏，孙悟空的师父，本回中被九灵元圣噙走，后被救出。'}, {'91': '又名唐三藏、陈玄奘，中华唐朝来的行脚僧，奉唐王圣旨往灵山拜佛求经。俗名陈玄奘，自幼在金山寺为僧，后蒙唐皇敕赐在长安洪福寺为僧官，因观世音菩萨指化赐号三藏，倚唐为姓。有三个徒弟孙悟空、猪八戒、沙僧。在金平府金灯桥上见妖精假扮的佛像便下拜，被妖精摄走。'}, {'92': '又称师父、唐老爷，唐朝僧人，前往西天取经，被犀牛精摄走，后被救出。'}, {'93': '东土大唐派往西天拜佛求经的僧人，又称三藏、唐僧、长老。四十五岁，徒弟有孙悟空、猪八戒、沙僧。随身携带《般若心经》和袈裟，奉旨取经。在天竺国被公主绣球打中，招为驸马。'}, {'94': '唐僧，又称三藏、圣僧、驸马，东土大唐前往西天取经的僧人，被天竺国国王招为驸马，在御花园中和诗，内心忧虑。'}, {'95': '取经僧人，又称三藏、长老、圣僧。忧愁跟随国王至后宫，被假公主欲配为配偶，后与国王一同寻回真公主。'}, {'96': '东土大唐派往西天拜佛求经的僧人，又称三藏、长老、唐长老、师父。带领孙悟空、猪八戒、沙僧三个徒弟。本回中行至铜台府地灵县，受到寇员外斋僧半月，不贪富贵，坚持继续西行。'}, {'97': '东土唐朝的罗汉，取经团队的师父，本回中因寇家劫案被冤枉入狱，后得孙悟空解救。又称三藏。'}, {'98': '东土大唐派往西天取经的圣僧，又称玄奘、三藏、长老、圣僧。在本回中到达灵山脚下，经玉真观金顶大仙迎接，沐浴更衣后登灵山，过凌云渡，最终到达雷音寺拜见如来求取真经。'}, {'99': '唐僧前世为金蝉子，因遭贬转世，历经九九八十一难，最终成佛。本回中他脚踏凡地，与徒弟们渡通天河，被白鼋淬水落河，后至陈家庄晒经，深夜悄悄离开。'}, {'100': '本名金蝉子，转世为玄奘法师，又称三藏、御弟、圣僧，被如来封为旃檀功德佛。从东土大唐前往西天取经，收孙悟空、猪八戒、沙和尚、白龙马为徒。'}, {'101': '小名江流，法名玄奘，陈光蕊与殷温娇之子。被法明长老救起抚养，十八岁剃度修行。得知身世后寻母、寻外婆，助外公擒贼复仇。后入洪福寺修行。'}]","三藏,三藏法师,唐僧,玄奘,金蝉子,陈玄奘",西游记
西游记_人物_唐太宗_0,唐太宗,人物,"[{'9': '即唐太宗，唐朝皇帝，名李世民。登基改元贞观，此时已登极十三年。梦到泾河龙王前来求救，自称“真龙”，求皇帝救其免于魏征处斩。太宗梦醒后念念在心，设朝时不见魏征，听徐世勣建议将魏征留在宫中，与魏征对弈。'}, {'10': '即李世民，又称太宗、世民、大唐皇帝。与魏征对弈，梦中许诺救泾河龙王，但龙王被魏征梦斩。后魂魄入地府，经崔判官相助，添阳寿二十年，还阳回世。'}, {'11': '即李世民，又称唐王、陛下、李陛下。唐朝皇帝，因泾河龙冤魂告状而魂游地府，还阳后下令举办水陆大会，放赦罪人，出宫女，并派刘全进瓜果谢阎王。'}, {'12': '即唐王，大唐皇帝，虔诚敬佛，主持水陆大会，购买袈裟锡杖赐予玄奘，并与玄奘结为兄弟，支持其西天取经。'}, {'13': '大唐皇帝，降敕封并送出长安关外，派遣三藏西行取经。'}, {'23': '东土大唐的君主，派遣唐僧西天取经。八戒称他们是奉了唐王的旨意，不敢违君命。'}, {'29': '大唐国皇帝，派遣唐僧西行取经，并颁发通关文牒。'}, {'36': '东土大唐的君王，即唐太宗。文本中提及唐僧受唐王的恩宥，差遣上西天取经。'}, {'39': '即李世民，东土大唐的皇帝，赐唐僧御弟身份及通关文牒，支持西天取经。'}, {'48': '东土大唐的君主，曾御手擎杯奉饯唐僧西行取经。'}, {'54': '东土大唐的皇帝，赐唐僧为御弟。唐僧念念不忘其嘱托，担心不去西天取经会望坏大唐帝王。'}, {'56': '东土大唐的皇帝，差遣唐僧前往西天取经。又称唐王、东土唐王。'}, {'57': '东土大唐的皇帝，即唐太宗李世民。本章中出现在通关文牒上，原文为“东土大唐王皇帝李”。'}, {'62': '东土大唐的君主，有疾而选高僧取经。'}, {'68': '东土大唐的君主，即李世民，又称当今世民、我王。因梦斩龙王得病，又因魏徵和崔判官增寿。'}, {'98': '东土大唐的君王，曾亲手赐予唐僧紫金钵盂。唐僧承诺回朝奏上唐王厚谢尊者。'}, {'99': '唐朝皇帝，即唐太宗。本回末尾提及“怎生见那唐王”。'}, {'100': '即太宗皇帝李世民，大唐君主，自贞观十三年送唐僧出城，建望经楼接经，亲迎唐僧师徒，作《圣教序》答谢，并命人誊写真经。'}, {'101': '大唐皇帝，登基十三年，改元贞观。开立选场选拔贤士，亲赐陈光蕊状元，后准殷开山奏请发兵剿贼。'}]","唐天子,唐王,大唐太宗文皇帝,大唐王,大唐王皇帝李,太宗",西游记
西游记_人物_善游步佛_0,善游步佛,人物,[{'100': '在结尾佛号中被提及的佛名。'}],[],西游记
西游记_人物_善胜皇后_0,善胜皇后,人物,[{'66': '荡魔天尊的母亲，梦吞日光而生祖师。'}],[],西游记
西游记_人物_善财龙女_0,善财龙女,人物,"[{'22': '观音菩萨的随侍，在普陀山宝莲池畔与菩萨一起扶栏看花。'}, {'42': '观音身边的龙女，貌美，菩萨曾想派她与孙悟空同去。'}, {'49': '观音身边的龙女，手捧宝珠，在普陀崖上迎接孙悟空。'}, {'58': '观音菩萨身边的龙女。'}]","捧珠龙女,龙女",西游记
西游记_人物_喇嘛和尚_0,喇嘛和尚,人物,[{'80': '镇海禅林寺的和尚，头戴绒锦帽，摇播郎鼓，迎接唐僧师徒。又称院主。'}],[],西游记
西游记_人物_四值功曹_0,四值功曹,人物,"[{'5': '天庭值年、月、日、时的神祇，玉帝调他们下界参与围剿。'}, {'15': '观音菩萨差来的护法神祇之一，包括值年、值月、值日、值时功曹，轮流值日听候。'}, {'21': '奉菩萨法旨暗中保护唐僧的神灵，与护法伽蓝等一同点化仙庄。'}, {'29': '护法神祇，空中助战八戒沙僧。'}, {'30': '护法神将之一，在半空中护佑唐僧。'}, {'32': '天庭的值日神祇，变化为樵夫在绿莎坡上报信，告知平顶山莲花洞有妖魔，后又被孙悟空识破。其樵夫形象头戴老蓝毡笠，身穿毛皂衲衣，手持钢斧。'}, {'37': '值年、值月、值日、值时之神，随行保护唐僧。'}, {'66': '奉菩萨旨意暗中保护唐僧，告知孙悟空请小张太子救援，并指点地窖所在。'}, {'78': '护法神将，被行者拘来，奉命救助小儿。'}, {'82': '值年、值月、值日、值时之神，也是保护唐僧的神灵。'}, {'92': '天庭的值日神，传报青龙山玄英洞的信息给孙悟空。'}, {'99': '道教护法神，值年、值月、值日、值时，本回中与五方揭谛等同在。'}]","功曹,四值功曹,日值功曹",西游记
西游记_人物_四健将_0,四健将,人物,"[{'4': '花果山孙悟空手下的四个健将，在孙悟空反下天宫后，与众猴迎接并操演兵卒，后奉命置办写有“齐天大圣”的旌旗。'}, {'5': '花果山猴王的四位健将，包括崩将、巴将等。大圣回山后他们叩拜迎接，后与群猴深藏水帘洞底，大圣得胜后他们又哭又笑。'}]",四健将,西游记
西游记_人物_四海龙王_0,四海龙王,人物,"[{'28': '大圣向其借甘霖仙水，用以洗青花果山，使山复绿。'}, {'41': '包括东海敖广、南海敖钦、北海敖闰、西海敖顺，主司雨泽，但需玉帝旨意才能降雨。在此回中应孙悟空请求，率水族助雨灭火。'}, {'42': '东洋大海等四海龙王，被请来助雨灭三昧真火，但未能取胜。'}]",四海龙王,西游记
西游记_人物_回禄大神_0,回禄大神,人物,[{'16': '火神，诗中形容大火时提到回禄大神施法力。'}],[],西游记
西游记_人物_国丈_0,国丈,人物,"[{'78': '本是道人打扮的老人，进献美后，受封国丈，实为妖邪，献计用小儿心肝做药引，后欲取唐僧心肝延寿。'}, {'79': '本为白鹿精，南极老人星的脚力。化作国丈进献美女，蛊惑国王杀害小儿，善使蟠龙拐杖，后被寿星收服。'}]",[],西游记
西游记_人物_土地_0,土地,人物,[{'24': '五庄观花园的土地神，被行者以唵字咒拘来，告知人参果遇土而入的特性。'}],[],西游记
西游记_人物_土地_1,土地,人物,[{'27': '当坊土地，本回中被悟空念咒唤来在半空中作证，以防白骨精逃走。'}],[],西游记
西游记_人物_土地_10,土地,人物,[{'72': '盘丝岭当地土地老儿，被行者拘来问话，告知盘丝洞和濯垢泉的来历，以及七个妖精的情况。'}],[],西游记
西游记_人物_土地_11,土地,人物,[{'78': '被行者拘来，奉命救助小儿的基层神祇之一。'}],[],西游记
西游记_人物_土地_2,土地,人物,[{'32': '掌管土地的神祇，孙悟空说要着山神土地递解妖魔。'}],[],西游记
西游记_人物_土地_3,土地,人物,"[{'33': '此山土地神，被妖魔拘唤当值，移山压孙悟空。后与山神等移开山放出大圣。'}, {'81': '本回中与山神一同出现，向悟空说明妖精所在。'}]",[],西游记
西游记_人物_土地_4,土地,人物,[{'38': '乌鸡国境内的土地神，与山神一同被孙悟空拘来，听命收集飞禽走兽，帮助太子。'}],[],西游记
西游记_人物_土地_5,土地,人物,[{'40': '钻头号山的土地，共三十名，与山神一同受苦，请求孙大圣剿除红孩儿。'}],[],西游记
西游记_人物_土地_6,土地,人物,[{'50': '金皘山的土地，化为僮仆形象，与山神一同化为老翁和僮仆指引孙悟空。'}],僮仆,西游记
西游记_人物_土地_7,土地,人物,[{'5': '蟠桃园的土地神，引大圣查勘桃园，介绍桃树株数和成熟周期。后与力士等把守园门，遇到七衣仙女时告知需禀报大圣。'}],[],西游记
西游记_人物_土地_9,土地,人物,[{'63': '祭赛国本地土地神，被孙悟空唤出负责给龙婆送饮食。'}],[],西游记
西游记_人物_土地众神_0,土地众神,人物,[{'42': '本山土地神众，被观音唤出打扫方圆三百里。'}],[],西游记
西游记_人物_土地神祇_0,土地神祇,人物,[{'46': '本坊土地神，受鹿力大仙五雷法咒语驱使，按住孙行者被砍下的头使其无法长回，后孙行者自行长出新头。'}],[],西游记
西游记_人物_土地神祗_0,土地神祗,人物,"[{'7': '如来召来监押五行山下的悟空，给他铁丸铜汁。'}, {'8': '五行山下的土地神，与山神、天将一同监押孙悟空；后长安城土地庙祠的土地也被观音借住。'}, {'14': '监押孙悟空的神祇，负责看管并供给铁丸铜汁，在孙悟空难满后收回压帖回见如来。'}]","土地,土神",西游记
西游记_人物_土地老儿_0,土地老儿,人物,[{'73': '黄花观一带的土地神，被孙悟空拘来告知七个蜘蛛精的本相为蜘蛛精，吐丝为蛛丝。'}],[],西游记
西游记_人物_地藏王菩萨_0,地藏王菩萨,人物,"[{'3': '幽冥教主，十代冥王向其禀报孙悟空大闹幽冥界之事，并商议启表上天。'}, {'58': '地藏菩萨，居幽冥翠云宫，命谛听辨别真假孙悟空。'}, {'97': '翠云宫的主人，收留寇洪为掌善缘簿案长，应孙悟空请求延寇洪阳寿一纪。'}]",[],西游记
西游记_人物_城隍_0,城隍,人物,[{'63': '祭赛国城隍神，被孙悟空唤出负责给龙婆送饮食。'}],[],西游记
西游记_人物_城隍_1,城隍,人物,"[{'78': '本回中被行者拘来，奉命将城中鹅笼小儿连笼摄出城外的神祇之一。'}, {'79': '暗中护持鹅笼的神祇之一，与其他神众一起送回小儿。'}]",[],西游记
西游记_人物_城隍_2,城隍,人物,[{'8': '长安城的城隍神，与社令等神来参见菩萨。'}],[],西游记
西游记_人物_城隍_3,城隍,人物,[{'90': '玉华州城隍之神，迎拜孙大圣并守护城池。'}],[],西游记
西游记_人物_城隍土地_0,城隍土地,人物,[{'101': '洪州城隍土地，奉龙王牒文将陈光蕊魂魄交给夜叉。'}],[],西游记
西游记_人物_增长天王_0,增长天王,人物,"[{'4': '南天门的天将，率领庞、刘、苟、毕、邓、辛、张、陶等天丁阻挡孙悟空进入天门。'}, {'25': '东天门的天王，孙行者曾与他猜枚耍子赢得瞌睡虫儿。'}, {'55': '东天门的天王，遇见孙悟空问其何往。'}, {'92': '西天门的天王，与太白金星及四大灵官讲话。'}]",[],西游记
西游记_人物_壁水獝_0,壁水獝,人物,[{'65': '二十八宿之一，参与战斗。'}],[],西游记
西游记_人物_多闻天王_0,多闻天王,人物,[{'51': '北天门的天王，当日轮值巡视，遇见孙悟空并询问去向。'}],[],西游记
西游记_人物_夜叉_0,夜叉,人物,[{'3': '东海龙宫的巡海夜叉，在海底拦住孙悟空并通报龙宫。'}],[],西游记
西游记_人物_夜叉_1,夜叉,人物,[{'38': '井龙王麾下的巡水夜叉，发现猪八戒落井后急忙报告龙王，后奉命将国王尸首抬出水晶宫。'}],[],西游记
西游记_人物_夜叉_2,夜叉,人物,[{'56': '神话中的鬼怪，老者形容沙僧像夜叉，孙悟空称夜叉是他重孙。'}],[],西游记
西游记_人物_夜叉_3,夜叉,人物,[{'9': '泾河水府的巡水夜叉，在泾河边听到渔翁张稍与樵子李定的对话，急忙回水晶宫报告龙王，称卖卦先生算准方位会打尽水族。'}],[],西游记
西游记_人物_夜游神_0,夜游神,人物,"[{'33': '神祇，与日游神同被孙悟空唤去奏玉帝。'}, {'37': '神祇，用神风将乌鸡国国王的冤魂送入宝林寺禅堂，并告知其三年水灾已满，可拜谒唐僧师徒。'}, {'38': '奉上敕旨的神祇，去取乌鸡国王魂灵拜见唐僧，请齐天大圣降妖。井龙王口中提及。'}]",[],西游记
西游记_人物_大力天王_0,大力天王,人物,[{'83': '南天门守将之一，对孙悟空控背躬身不敢拦阻。'}],[],西游记
西游记_人物_大力王菩萨_0,大力王菩萨,人物,[{'44': '和尚们扯车时齐喊的菩萨名号。文本中和尚们一齐着力打号，齐喊“大力王菩萨”，惊动了唐僧。'}],[],西游记
西游记_人物_大力金刚_0,大力金刚,人物,[{'61': '须弥山摩耳崖毗卢沙门大力金刚，奉如来密令捕获牛魔王。'}],[],西游记
西游记_人物_大力鬼王_0,大力鬼王,人物,"[{'6': '奉李天王之命与木叉太子上天启奏求助，后又赍调二郎神的旨意去灌江口。'}, {'7': '向玉帝启奏悟空无法伤损。'}]",[],西游记
西游记_人物_大势至菩萨_0,大势至菩萨,人物,[{'100': '在结尾佛号中被提及的菩萨名。'}],[],西游记
西游记_人物_大圣国师王菩萨_0,大圣国师王菩萨,人物,[{'66': '又称国师王菩萨，驻锡泗洲大圣禅寺，曾降伏水母娘娘，因镇守水猿大圣不能亲去，派小张太子和四大神将相助。'}],[],西游记
西游记_人物_大慈光佛_0,大慈光佛,人物,[{'100': '在结尾佛号中被提及的佛名。'}],[],西游记
西游记_人物_大慧力王佛_0,大慧力王佛,人物,[{'100': '在结尾佛号中被提及的佛名。'}],[],西游记
西游记_人物_大王子_0,大王子,人物,"[{'88': '玉华王的长子，使用齐眉棍。欲拜孙悟空等人为师，后得孙悟空传授神力，能拿起如意金箍棒。'}, {'90': '玉华王的大王子，拜师学习武艺，被九灵元圣噙走。'}]",[],西游记
西游记_人物_大禹_0,大禹,人物,[{'88': '古代神人，曾铸造如意金箍棒用于治水，后此棒流落东海。'}],[],西游记
西游记_人物_大通光佛_0,大通光佛,人物,[{'100': '在结尾佛号中被提及的佛名。'}],[],西游记
西游记_人物_大鹏金翅雕_0,大鹏金翅雕,人物,"[{'75': '又称三魔、三怪、三大王，右手下坐者，金翅鲲头，星睛豹眼，刚强勇敢，为云程九万的大鹏雕。识破孙大圣假扮小钻风，并主张用宝瓶装孙大圣。'}, {'77': '又称三魔、三怪、大鹏。神通广大，一翅九万里，擒获孙悟空。提议将唐僧藏在锦香亭铁柜中。最后被如来佛祖收服，在光焰上做护法。与如来有亲（孔雀大明王菩萨之弟）。'}]",大鹏雕,西游记
西游记_人物_天佑_0,天佑,人物,[{'7': '天庭神将，与天蓬同请如来。'}],[],西游记
西游记_人物_天将_0,天将,人物,[{'8': '监押大圣的天将，后得玉帝命令释放玉龙。'}],[],西游记
西游记_人物_天竺国王_0,天竺国王,人物,"[{'93': '天竺国国王，爱山水花卉，改元靖宴，在位二十八年。公主抛绣球招驸马。'}, {'94': '天竺国国王，招唐僧为驸马，对唐僧师徒敬畏又畏惧，在御花园设宴款待，安排公主婚事。'}, {'95': '天竺国君主，因公主被调换而忧愁，后随唐僧等寻回真公主，改山名并封赏寺院。'}]","国王,怡宗皇帝",西游记
西游记_人物_天竺皇后_0,天竺皇后,人物,[{'95': '天竺国国王的正宫皇后，与国王一同认出真公主，后随驾去布金寺迎接。'}],[],西游记
西游记_人物_天蓬_0,天蓬,人物,[{'7': '天庭神将，急出灵霄宝殿请如来等待玉帝。'}],[],西游记
西游记_人物_太上老君_0,太上老君,人物,"[{'5': '又称老君、道祖。居于兜率天宫离恨天。与燃灯古佛在三层高阁讲道，其丹房内有五个葫芦盛放九转金丹，被大圣偷吃。后向玉帝奏报金丹被盗。'}, {'6': '又称老君，在灵霄殿与玉帝、王母同在，用金钢琢助二郎神打中猴王天灵。'}, {'7': '三清之一，又称老君、太清道德天尊。居于兜率宫。向玉帝建议将悟空放入八卦炉煅炼，后悟空蹬倒炉子逃脱；曾抛金钢琢打中悟空。赴安天大会。'}, {'8': '即太上老君，曾用火锻炼孙悟空（提及）。'}, {'17': '又称道祖、老君，天庭仙祖，曾助二郎神用金刚琢打中孙悟空，并将孙悟空放入八卦炉中炼烧。'}, {'19': '曾将孙悟空放入八卦炉中锻炼，炼成火眼金睛、铜头铁臂。文本中提及他用神火锻炼孙悟空。'}, {'21': '太上老君，其炼丹炉被黄风吹得难顾。'}, {'24': '道教仙祖，曾在天宫炼丹，行者提及在其门首未曾见过大话。'}, {'31': '兜率宫的主人。奎木狼被贬到兜率宫与太上老君烧火。'}, {'34': '被提及的神仙，曾将孙行者放在八卦炉中炼了四十九日，炼成铜头铁背、火眼金睛。'}, {'35': '又称李老君，化为瞽者讨还宝贝，指出金角、银角是看炉童子，受观音菩萨借去托化妖魔，收走五件宝贝并复活二童子。'}, {'36': '即太上老君。文本中提及菩萨借童子、老君收去宝贝之事，未直接出场。'}, {'39': '又称老君、道祖，居于三十三天之上离恨天兜率宫中，炼制九转还魂丹。五百年前曾将孙悟空放入丹炉炼四十九日，后给孙悟空一粒九转还魂丹救乌鸡国国王。'}, {'44': '道教三清之一，居于三清殿右边。文本中猪八戒将其圣像拱下台，并变作其模样。'}, {'52': '又称老君。居于离恨天兜率宫，其青牛偷金刚琢下界为妖，老君持芭蕉扇收服青牛。'}, {'53': '又称老君，降伏青牛精的神仙。'}, {'60': '太上老君，兜率宫主人，将孙悟空放入八卦炉煅炼，后炉砖落此间化为火焰山。'}, {'63': '被提及的神仙，因孙悟空大闹天宫而害怕。'}, {'69': '即老君，其炼丹炉灰被孙悟空列为药引之一（虚拟）。'}, {'71': '又称道祖、太清仙君，孙悟空自述中提及他奏请玉帝，并用八卦炉煅炼孙悟空。其八卦炉中炼出金铃。'}, {'78': '国丈自称阐扬“太上之正教”，指太上老君或道教最高神。'}, {'86': '即太上老君，开天辟地之祖，被孙行者提及以驳斥南山大王自称南山的狂妄。'}]","太上,太清道德天尊,李老君,老君",西游记
西游记_人物_太乙救苦天尊_0,太乙救苦天尊,人物,[{'90': '东极妙岩宫的主人，九灵元圣的主人，收服九灵元圣。'}],[],西游记
西游记_人物_太后_0,太后,人物,[{'10': '唐太宗之母，召医官入宫用药，又宣徐茂功、护国公、尉迟公见驾，传旨召众臣商议殡殓后事。'}],[],西游记
西游记_人物_太子_0,太子,人物,[{'11': '东宫太子，唐太宗之子，在白虎殿举哀，准备登基。'}],[],西游记
西游记_人物_太子_3,太子,人物,[{'93': '舍卫国祇园的原主人，要求黄金布满园地才肯出售，后卖给给孤独长者。'}],[],西游记
西游记_人物_太白金星_0,太白金星,人物,"[{'3': '即太白金星，奉玉帝招安圣旨下界请孙悟空上天，建议招安以收仙有道。'}, {'4': '天庭使者，奉玉帝旨意两度招安孙悟空。带领孙悟空进入天宫，后建议玉帝封孙悟空为齐天大圣（有官无禄）。'}, {'6': '曾启奏玉帝招安妖猴，封为弼马温。'}, {'13': '西天太白金星，化作手持拄杖的老叟，搭救三藏并留下颂子简帖，提示前行自有神徒助。'}, {'19': '太白金星，在玉皇前为天蓬元帅说情，改刑为重责二千锤，贬下天关。'}, {'21': '又称李长庚，西方太白金星。本回中化作老公公为孙悟空指路去小须弥山，并留下简帖。'}, {'44': '天庭神仙，常托梦给车迟国众僧，告知孙悟空的模样和来救之事。文本中众僧提到梦中见太白金星教诲。'}, {'71': '天庭星官，孙悟空自述中提及曾捧诏来请孙悟空上天，后又奏请招安。'}, {'74': '天庭星官，又称李长庚。变作一个拄拐杖的老者（公公）向唐僧师徒报信，提醒狮驼岭妖魔厉害。后现出真身与悟空交谈。'}, {'83': '又称老星、金星。受玉帝旨意宣李天王见驾，曾劝说孙悟空，并调解天王与行者之间的纠纷。'}, {'92': '又称长庚星，天庭星官，指点孙悟空四木禽星可降伏犀牛精。'}]","太白李金星,太白长庚星,老叟,长庚星",西游记
西游记_人物_太阴星君_0,太阴星君,人物,[{'95': '月宫之主，又称太阴。带领姮娥仙子前来收服玉兔，告知孙悟空关于素娥与玉兔的因果。'}],[],西游记
西游记_人物_奎木狼_0,奎木狼,人物,"[{'28': '又称黄袍老怪、老妖，居住在碗子山波月洞，青靛脸、白獠牙，持一口钢刀（追魂取命刀），捉住唐僧欲吃，又与猪八戒、沙僧大战数十回合不分胜负。'}, {'29': '碗子山波月洞的妖魔，又称黄袍郎、老怪。强占宝象国三公主百花羞为妻十三年，生有二子，后被八戒沙僧寻斗。'}, {'30': '碗子山波月庄的妖怪，自称三驸马，凶恶残忍。曾捉唐僧，变作俊俏文人入宝象国，将唐僧变作猛虎。使用钢刀、满堂红等兵器。'}, {'31': '即黄袍怪，原是天上二十八宿之一的奎星（奎木狼）。因与披香殿侍香玉女私通，下界为妖，占碗子山波月洞，摄宝象国公主为妻十三年。后被孙悟空上天庭告发，玉帝贬其去兜率宫烧火。'}, {'65': '二十八宿之一，参与战斗。'}, {'92': '二十八宿之一，四木禽星之一，奉玉帝旨意下界降伏犀牛精，扫荡群牛并救出唐僧师徒。'}]","老妖,黄袍怪",西游记
西游记_人物_奔波儿灞_0,奔波儿灞,人物,[{'62': '鲇鱼怪，乱石山碧波潭万圣龙王差来巡塔的妖精，被孙悟空在塔顶捉住，供出偷宝之事。'}],[],西游记
西游记_人物_女土蝠_0,女土蝠,人物,[{'65': '二十八宿之一，参与战斗。'}],[],西游记
西游记_人物_女怪_0,女怪,人物,[{'82': '两个打水的女妖精，头上戴篾丝鬏髻。被八戒叫声妖怪后打了他三四杠子。后告知八戒其老夫人摄了唐僧，并打阴阳交媾的好水。'}],[],西游记
西游记_人物_如意真仙_0,如意真仙,人物,[{'53': '聚仙庵的道人，牛魔王的兄弟，守护落胎泉水，不愿白给，与孙悟空交战。'}],[],西游记
西游记_人物_如来佛祖_0,如来佛祖,人物,"[{'7': '即释迦牟尼尊者，西方极乐世界教主。应玉帝邀请前来收伏齐天大圣，与悟空打赌将其压于五行山下，并召开安天大会。又称佛祖、如来。'}, {'8': '即佛祖，居住于灵山大雷音宝刹，曾降伏孙悟空，举办盂兰盆会，有三藏真经，派观音去东土寻取经人。又称我佛如来、佛祖。'}, {'12': '又称如来佛，居于大西天天竺国大雷音寺，拥有大乘佛法三藏，派遣观世音菩萨到长安寻访取经人。'}, {'14': '又称我佛如来、佛祖，将孙悟空压在五行山下，并留下金字压帖。'}, {'17': '我佛如来，法力无边，将大闹天宫的孙悟空压在五行山下。'}, {'21': '如来佛祖，灵吉菩萨受其法令镇押黄风怪，最后将黄毛貂鼠带去灵山见如来。'}, {'24': '又称如来佛，西方佛教的教主，是金蝉子的师父，唐僧的前世师祖。'}, {'27': '本回中被提及将悟空压在两界山，又称‘我佛’。'}, {'34': '西天佛祖，孙行者曾拜过。'}, {'39': '如来佛祖，佛教教主，差遣狮猁王下凡惩罚乌鸡国国王，以报文殊菩萨三日水灾之恨。'}, {'42': '我佛如来，赐给观音金紧禁三个箍儿。'}, {'43': '佛教的教主，文中提及“与佛祖司钟”的徒劳龙。'}, {'52': '又称我佛。指示孙悟空去兜率宫寻太上老君，并派十八罗汉携金丹砂助战。'}, {'53': '佛祖，暗示罗汉告知孙悟空青牛精的根源。'}, {'57': '又称佛祖，西天灵山教主。本章中在孙悟空提及要去求他念松箍儿咒时出现。'}, {'58': '又称如来，居雷音寺，识破六耳猕猴真身，用金钵盂将其盖住。'}, {'59': '佛教的佛祖，赐予灵吉菩萨定风丹和飞龙杖。'}, {'62': '我佛如来，唐僧取经的目标，唐僧扫塔时祈祷的对象。'}, {'63': '佛祖，曾将孙悟空压在五行山下，被提及在孙悟空大闹天宫时降伏之。'}, {'65': '佛祖，被妖王假扮败坏清德，唐僧提及经上三千诸佛，如来为其中之一。'}, {'71': '如来佛，孙悟空自述中提及佛祖将其压在天涯（五行山下）。'}, {'77': '又称如来、佛爷。端坐九品宝莲台讲经，答应孙悟空收服妖魔，认出三魔来历，派文殊普贤前来，亲手降服大鹏。'}, {'78': '前回中孙大圣请来收服众怪，解脱三藏师徒之难，本回开头提及。'}, {'83': '又称如来。在西方极乐世界讲经，曾以碧藕荷叶重塑哪吒肉身，并赐李天王黄金宝塔解冤。'}, {'86': '即如来佛祖，治世之尊，被孙行者提及以对比南山大王的称号。'}, {'88': '指如来佛祖，唐僧师徒西天拜佛求经的目标对象。'}, {'93': '即佛祖释迦牟尼，曾在给孤独园讲经说法。'}, {'96': '西天灵山的佛陀，唐僧师徒要拜见求取真经。文本中提及“拜佛祖”“得见佛祖”。'}, {'98': '即如来佛祖。在雷音寺大雄宝殿召见唐僧师徒，讲述东土罪孽，命阿傩、伽叶传经。后得知无字经之事，指出经不可轻传，命二尊者换有字真经。最后召集诸佛圣众，传经后遣八大金刚送唐僧回东土。'}, {'99': '佛教教主，又称佛祖。本回中间接提及，唐僧曾拜见如来取经。'}, {'100': '即释迦牟尼佛，灵山佛祖，赐予唐僧真经，封唐僧为旃檀功德佛、孙悟空为斗战胜佛、猪八戒为净坛使者、沙和尚为金身罗汉、白龙马为八部天龙马。'}]","世尊,佛如来,佛祖,如来,如来至尊释迦牟尼文佛,西方圣老如来佛,释伽",西游记
西游记_人物_妖精_0,妖精,人物,[{'80': '林中绑在树上的女子，实为妖怪。会变化，巧言善辩，企图骗取唐僧同情。又称那怪、女菩萨。本回中未现原形。'}],[],西游记
西游记_人物_妙音声佛_0,妙音声佛,人物,[{'100': '在结尾佛号中被提及的佛名。'}],[],西游记
西游记_人物_姚太尉_0,姚太尉,人物,[{'6': '梅山六兄弟之一，即姚，随二郎神出战花果山。'}],[],西游记
西游记_人物_姜乾一_0,姜乾一,人物,[{'97': '刺史姜坤三的伯父，已故，画像在家中，被孙悟空假扮显魂，劝刺史释放唐僧。又称伯考姜公乾一。'}],[],西游记
西游记_人物_姜坤三_0,姜坤三,人物,[{'97': '铜台府刺史，正直贤良，误信寇家状词抓捕唐僧师徒，后受伯父显魂和浪荡游神警告而释放他们。'}],[],西游记
西游记_人物_娄金狗_0,娄金狗,人物,[{'65': '二十八宿之一，参与战斗。'}],[],西游记
西游记_人物_婆婆_0,婆婆,人物,[{'56': '老杨的妻子，又称妈妈。端茶给唐僧，并携五六岁小孩出场。'}],[],西游记
西游记_人物_婆留那佛_0,婆留那佛,人物,[{'100': '在结尾佛号中被提及的佛名。'}],[],西游记
西游记_人物_媳妇_0,媳妇,人物,[{'13': '刘伯钦的妻子，与婆婆一同为三藏准备洁净茶饭。'}],[],西游记
西游记_人物_嫦娥_0,嫦娥,人物,"[{'8': '天宫仙子，天蓬元帅因带酒戏弄她而被贬。'}, {'19': '广寒宫的风流仙子，天蓬元帅调戏她而被贬下凡。'}, {'94': '嫦娥，月宫仙子，八戒因在蟠桃会上戏弄嫦娥而被贬下凡。'}, {'95': '月宫中的嫦娥仙子，被猪八戒抱住想要嬉耍。'}]",霓裳仙子,西游记
西游记_人物_孔圣人_0,孔圣人,人物,[{'86': '即孔子，儒教之尊，被孙行者提及以示南山大王不足称尊。'}],[],西游记
西游记_人物_孔氏_0,孔氏,人物,[{'98': '指孔子，在东土立下仁义礼智之教。'}],[],西游记
西游记_人物_孙悟空_0,孙悟空,人物,"[{'1': '本为花果山上仙石所产石卵因风化作的石猴，五官俱全四肢皆备，目运金光射冲斗府。后在水帘洞被众猴拜为美猴王，享乐天真三五百载。为求长生不老，飘洋过海南赡部洲、西牛贺洲，最终在灵台方寸山斜月三星洞拜须菩提祖师为师，得法名孙悟空。文本中又称石猴、美猴王。'}, {'2': '美猴王，又称悟空、猴王、大王，从菩提祖师学道，习得七十二般变化、筋斗云等神通，后回花果山打败混世魔王。'}, {'3': '花果山水帘洞天生圣人，自称美猴王，又称悟空、老孙。精通七十二变、筋斗云等神通，强取东海龙宫如意金箍棒，大闹幽冥界勾销生死簿，后受玉帝招安上天。'}, {'4': '本回主角，又称美猴王、悟空、猴王、齐天大圣、弼马温。原为花果山妖仙，被太白金星招安至天宫，先被封为弼马温，后因嫌官小反下天宫，自称齐天大圣。会筋斗云、三头六臂等神通，手持如意金箍棒。'}, {'5': '本回主角，即孙悟空，又称大圣、猴王、老孙、美猴王。因无事闲游，玉帝命其权管蟠桃园。他偷吃蟠桃，又偷喝仙酒、盗取金丹，后反下天宫，在花果山与天兵天将交战。他拥有金箍棒，会定身法、筋斗云、分身法、隐身法等神通。'}, {'6': '又称大圣、猴王、妖猴、孙大圣、美猴王、老孙。本为东胜神洲傲来国花果山石卵化生，曾封弼马温，后自封齐天大圣，偷吃蟠桃、仙丹、御酒，与天兵及二郎神斗法，会分身法、法天象地、隐身法等变化，最终被擒。'}, {'7': '即孙悟空，又称猴王、大圣、妖猴、老孙。因偷蟠桃、御酒、仙丹，被太上老君八卦炉煅炼四十九日，反跳出炉，大乱天宫，后被如来佛祖压于五行山下。拥有火眼金睛、七十二般变化、筋斗云、三头六臂等神通，使如意金箍棒。'}, {'8': '又称齐天大圣、大圣、妖猴，曾被如来压在五行山下，后愿皈依佛教，等待取经人救他。'}, {'14': '又称孙行者、齐天大圣、孙大圣、猴王、悟空、老孙，五百年前大闹天宫被佛祖压于五行山下，后经观音菩萨劝善，保护唐僧西天取经。会筋斗云、七十二变等神通，武器为如意金箍棒。'}, {'15': '又称行者、孙大圣、猴王、老孙、美猴王等，唐僧的大徒弟，本领高强，有火眼金睛、翻江搅海等神通，使用金箍铁棒，性格急躁但忠心保护唐僧西行。在此回中因白马被龙所吃而愤怒寻龙。'}, {'16': '唐僧的大徒弟，本为齐天大圣，又称行者、老孙、孙外公。神通广大，会筋斗云和变化之术，性格急躁但机智，保护唐僧西行。'}, {'17': '孙悟空，又称行者、大圣、悟空、齐天大圣、弼马温，唐僧的大徒弟，神通广大，擅长变化，手持金箍棒，曾大闹天宫，被压五行山下，后保唐僧西天取经。在本回中，他前往黑风山寻找被黑熊精偷走的袈裟。'}, {'18': '即孙悟空，又称悟空、老孙、孙老爷、齐天大圣、弼马温等，从东土来的和尚，善使金箍铁棒，会变化，有火眼金睛，受唐僧之命去降妖，曾请菩萨降服黑风洞妖怪。'}, {'19': '又称行者、大圣、老孙、悟空、弼马温，原为花果山水帘洞美猴王，大闹天宫后被压五行山下，后保护唐僧西天取经。文本中他随唐僧至高老庄，与猪刚鬣大战，最终收其为徒。他手持金箍棒，有火眼金睛、铜头铁臂等神通。'}, {'20': '三藏的大徒弟，又称悟空、齐天大圣、美猴王、老孙。原住花果山水帘洞，曾大反天宫。保唐僧西天取经，手持金箍铁棒，有抓风之法等神通。'}, {'21': '又称孙行者、大圣、毛脸和尚、齐天大圣等，唐僧的大徒弟，善使如意金箍棒，会七十二变、筋斗云等神通。在本回中与黄风怪交战，被三昧神风吹伤眼睛，后请灵吉菩萨降妖。'}, {'22': '唐僧的大徒弟，又称行者、大圣、老孙、孙行者。本回中协助八戒与流沙河妖怪交战，因不擅水战而多次让八戒下水，后去南海请观音菩萨帮忙。'}, {'23': '即孙悟空，又称行者、悟空。保护唐僧西行，善使金箍棒，识破菩萨点化，戏弄猪八戒。'}, {'24': '即孙悟空，又称行者、悟空、老孙。擅长使用金箍棒，会隐身法、唵字咒等技能。曾大闹天宫，偷蟠桃、御酒、灵丹。在五庄观偷取人参果，并与土地对话。'}, {'25': '唐僧的大徒弟，又称孙悟空、大圣、猴王、毛脸雷公嘴。偷吃并推倒人参果树，会毫毛变化、解锁法等神通，多次被镇元大仙擒获。'}, {'26': '又称行者、老孙、猴王、大圣。本是天仙，保护唐僧西天取经，因偷吃人参果并推倒果树，与镇元大仙发生冲突，后主动承诺医活果树，前往三岛十洲求方。'}, {'27': '唐僧的大徒弟，又称行者、悟空、猴王。本回中识破白骨精三次变化，先后打死其假身，但被唐僧误解并念咒惩罚，最终被逐回花果山水帘洞。拥有火眼金睛、筋斗云等神通。'}, {'28': '即齐天大圣、美猴王、行者，被唐僧逐赶后返回花果山，见山被烧毁、群妖凋零，作法用狂风飞石打死千余猎户，重振花果山，树旗“重修花果山复整水帘洞齐天大圣”。'}, {'30': '唐僧的大徒弟，又称行者、猴王、大圣。因打死白骨精被唐僧贬回花果山，后猪八戒来请他。'}, {'31': '唐僧的大徒弟，又称行者、大圣、猴王、老孙。神通广大，善能降妖，五百年前大闹天宫。因打死妖怪被唐僧逐回水帘洞，后经猪八戒激将，前往宝象国降服黄袍怪（奎木狼），救回唐僧。'}, {'32': '唐僧的大徒弟，又称行者、老孙、大圣、美猴王、弼马温。神通广大，会变化，有火眼金睛。本回中识破樵夫为日值功曹，变成蟭蟟虫和啄木虫捉弄猪八戒，设计让八戒去巡山，并保护唐僧过平顶山。'}, {'33': '又称行者、大圣、猴王、孙行者，齐天大圣，神通广大，使如意金箍棒，皈依正果保唐僧西天取经。被二魔遣三座大山压住，后得山神土地放出，变作老真人骗换宝贝。'}, {'34': '又称行者、大圣、孙大圣、猴王、老孙、弼马温、者行孙，神通广大，会七十二变，拥有金箍棒和如意佛宝。本回中变假葫芦骗走精细鬼和伶俐虫的宝贝，变苍蝇跟踪小妖，打杀巴山虎、倚海龙，变作九尾狐狸骗得幌金绳，又变倚海龙偷回葫芦和净瓶，与二魔交战，被幌金绳扣住后脱身，最终夺回所有宝贝。'}, {'35': '即孙悟空，又称行者、老孙、行者孙、者行孙，本回中与金角银角大王争斗，盗取葫芦、净瓶、扇子等宝贝，解救师父唐僧，拥有七十二变化、筋斗云、避火诀、身外身法等神通。'}, {'36': '唐僧的大徒弟，又称行者、孙大圣、悟空、老孙。本回中他执铁棒开路，劝师父定性存神，以青天日月为喻化解八戒退缩之言，探得宝林寺为寺院，展法身高长二丈余去尘看寺名，进寺后威吓僧众，打碎石狮子，迫使众僧迎接唐僧，后又为师父讲解月相采炼之意。'}, {'37': '唐三藏的大徒弟，神通广大，能降妖捉怪，曾为齐天大圣。变作白兔引太子到宝林寺，又变作小和尚钻入红匣，自称立帝货。又称行者、悟空孙行者、大圣、老孙、弼马温。'}, {'38': '又称孙悟空、行者、大圣、猴王。唐僧的大徒弟，神通广大，善降妖。他设计让太子回城问母，又拘山神土地助太子捕获猎物，夜间带八戒入御花园捞取国王尸首。'}, {'39': '又称孙大圣、行者、老孙，唐僧的大徒弟，会筋斗云、定身法等神通，曾大闹天宫偷吃太上老君仙丹，后保唐僧西天取经。在乌鸡国救活被害国王，并降伏狮猁王。'}, {'40': '唐僧的大徒弟，又称行者、悟空、猴王、老孙，曾大闹天宫，火眼金睛，善使金箍棒，本领高强，保护唐僧西天取经。'}, {'41': '又称孙悟空、行者、齐天大圣，五百年前大闹天宫，与牛魔王等结为七弟兄，排行第七。使用金箍棒，会七十二般变化、筋斗云、避火诀等神通，不怕火但怕烟。在此回中与红孩儿交战，被三昧真火所伤，后请龙王助雨未果，又被烟火熏伤，最终差八戒去请观音菩萨。'}, {'42': '又称行者、大圣、老孙、孙行者、猴王，原为齐天大圣，后归正道保唐僧西天取经，神通广大，会七十二般变化、筋斗云，使用金箍棒。在本回中变作牛魔王哄骗红孩儿，后请观音菩萨降妖。'}, {'43': '又称行者、孙大圣、美猴精、齐天大圣，唐僧的大徒弟，保护唐僧西天取经。本回中请来观音菩萨降服了黑水河前的童子，又识破黑水河妖孽的诡计，打死送请帖的黑鱼精，前往西海龙王处问罪，并协助摩昂太子捉住鼍洁，救出唐僧和猪八戒。'}, {'44': '唐僧的大徒弟，又称孙行者、齐天大圣、大圣、孙大圣。本领高强，使用金箍棒，能变化神通。文本中他变作云水全真打探消息，打杀了两个道士，用毫毛护佑众僧，并带领八戒沙僧去三清观偷吃供品。'}, {'45': '又称行者、大圣、猴王，保护唐僧西天取经的大徒弟，具有神通变化之术，在车迟国与三位妖道斗法，假冒三清戏弄道士，后显法求雨，战胜虎力大仙等。'}, {'46': '又称行者、大圣、老孙、心猿等，唐僧的大徒弟，擅长七十二般变化和各种神通，性格机灵好动，不喜坐禅，在赌赛中多次施展法术破解道士们的诡计，如变作蟭蟟虫探听、变蜈蚣叮道士、变黄犬衔头、变饿鹰抓脏腑等，最终战胜虎力、鹿力、羊力三仙。'}, {'47': '即孙悟空，又称行者、孙大圣、老孙。本领高强，会筋斗云、火眼金睛、七十二变等神通。在本回中，他识破车迟国妖道，救下众僧，后随唐僧西行至通天河，变作陈关保欲代祭灵感大王。'}, {'48': '又称行者、悟空，东土大唐圣僧三藏的徒弟，西天取经团队之一，本领高强，能变化，善战斗，曾假变童男与灵感大王对抗。'}, {'49': '又称孙大圣、行者、美猴王齐天大圣，唐僧的大徒弟，善于变化，使用铁棒，有火眼金睛，不会水但可捻避水诀，曾大闹天宫，保唐僧西天取经。'}, {'50': '唐僧的大徒弟，原为五百年前大闹天宫的齐天大圣，擅长使金箍棒，本回中化斋后回来发现师父失踪，与独角兕大王交战，金箍棒被其圈子套走。又称孙行者、行者、大圣、孙大圣、齐天大圣。'}, {'51': '齐天大圣，自称老孙，又称行者、大圣。保护唐僧西天取经，因金箍棒被兕怪抢去，先后求助于玉帝、火德星君、水德星君等，与兕怪多次交战，使用分身法、筋斗云等神通。'}, {'52': '又称行者、大圣、美猴王、齐天大圣、老孙、猴王。本回中持金箍棒大战兕大王，变化进入金皘洞，偷回兵器，后请如来、太上老君相助，最终降服青牛。'}, {'53': '唐僧的大徒弟，又称孙大圣、行者、悟空。为救师父去解阳山求落胎泉水，与如意真仙交战。'}, {'54': '唐三藏的大徒弟，又称行者、孙大圣，神通广大，善使定身法。本回中出谋划策，提出“假亲脱网之计”，让师父假意与女王成亲，骗得通关文牒后定住君臣，趁机西行。'}, {'55': '又称孙大圣、行者，唐僧的大徒弟，本领高强，会筋斗云、变化之术，被蝎子精的倒马毒扎伤头疼。'}, {'56': '唐僧的大徒弟，本名孙悟空，又称行者、悟空、大圣、老孙等。使用如意金箍棒，打死多个强盗，包括杨老儿的儿子，后被唐僧念咒赶走。'}, {'57': '又称孙大圣、行者、悟空等，原为花果山水帘洞美猴王，保护唐僧西天取经。本章中因打死草寇被唐僧赶走，前往落伽山向观音菩萨诉苦，后与假行者发生冲突。'}, {'58': '又称大圣、行者、齐天大圣、真悟空，保护唐僧西天取经，手持如意金箍棒，会筋斗云，头上戴金箍，受紧箍儿咒约束。'}, {'59': '唐僧的大徒弟，又称行者、孙行者、大圣。神通广大，善使金箍棒，会筋斗云、七十二变等。'}, {'60': '又称行者、大圣、齐天大圣，保护唐僧西天取经。五百年前大闹天宫，被如来佛祖压在五行山下，后解脱天灾。会七十二变，使用金箍棒。曾与牛魔王结拜为兄弟。为过火焰山，二调芭蕉扇，变作牛魔王骗得真扇。'}, {'61': '即孙悟空，又称行者、齐天大圣。与牛魔王争斗，骗得芭蕉扇，又与之赌变化，最后请来众神降服牛魔王。'}, {'62': '又称行者、悟空、孙大圣。唐僧的大徒弟，神通广大，使用金箍棒。在金光寺塔顶捉住奔波儿灞和灞波儿奔，审问出偷宝妖怪为万圣龙王及九头驸马。'}, {'63': '又名孙大圣、孙行者、老孙，曾大闹天宫，使一条金箍棒，被如来压于五行山下，后受观音劝解保护唐僧西天取经，在本回中与猪八戒一同前往乱石山碧波潭索要祭赛国金光寺塔顶宝贝，大战九头驸马，打死万圣龙王，并请二郎显圣助战，最终夺回佛宝和九叶灵芝草。'}, {'64': '唐僧的大徒弟，又称行者、大圣，本领高强，识破十八公等树精的伪装，最终让八戒筑倒众树精。'}, {'65': '又称行者、孙行者、齐天大圣、老孙。保护唐僧西天取经，识破小雷音寺假象，被金铙困住，后得二十八宿救出，与黄眉怪交战，被搭包装走，最终逃脱求救。'}, {'66': '又称孙大圣、行者，保护唐僧西天取经，使用金箍棒，会筋斗云，曾请荡魔天尊和弥勒相助，与黄眉大王交战。'}, {'67': '唐僧的大徒弟，自称美石猴，又称悟空、老孙等，本领高强，使用铁棒，能降妖除魔，变化无穷。本回中主动要求为驼罗庄捉妖。'}, {'68': '唐僧的大徒弟，又称行者、孙行者、孙长老、老孙、大圣。会隐身法、悬丝诊脉等技能，揭了皇榜要为朱紫国王治病。'}, {'69': '即孙悟空，亦称行者、老孙。本领高强，善医术，为唐僧大徒弟。此回中用金线诊脉，以大黄、巴豆、锅灰、马尿制成乌金丹，并唤东海龙王降甘雨，治愈国王忧疑之疾。后主动提出为国王降妖救回金圣宫。'}, {'70': '东土大唐取经僧唐僧的大徒弟，自称齐天大圣，本领高强，使用金箍棒，会筋斗云和变化之术。在本回中，他来到朱紫国，为救金圣娘娘，与麒麟山獬豸洞的赛太岁及其部下争斗，打死小妖有来有去，变化潜入洞中，盗取紫金铃。文中又称孙行者、大圣、齐天大圣孙悟空。'}, {'71': '又称行者、孙大圣、孙长老、齐天大圣、老孙、悟空，本是五百年前大闹天宫的齐天大圣，后保唐僧西天取经。在本回中变作苍蝇潜入赛太岁洞府，盗取金铃，与赛太岁对战，最终请来观音菩萨收伏妖怪，并救回金圣宫娘娘。'}, {'72': '孙悟空，又称大圣、齐天大圣、老孙。保护唐僧西行，本回中变作麻苍蝇跟踪女怪，又变作饿老鹰叼走妖精衣服，后放出毫毛变七样鹰消灭虫蛭。'}, {'73': '唐僧的大徒弟，又称孙大圣、行者、美猴王、齐天大圣，善使金箍棒，会筋斗云、分身法、唵字真言等神通。'}, {'74': '唐僧的大徒弟，又称行者、孙行者、悟空、大圣、美猴王。祖居傲来国花果山水帘洞，曾做过妖精，本领高强，会七十二变、筋斗云等神通，使用金箍棒。性格自信乐观，常安慰师父。变作小钻风探路。'}, {'75': '又称行者、大圣、美猴王、齐天大圣、弼马温，取经团队核心人物，本领高强，会七十二般变化，使用金箍棒，此次潜入狮驼洞假扮小钻风，被识破后装入阴阳二气瓶，靠救命毫毛钻瓶脱身，后又与老魔斗法，最终被老魔吞入腹中。'}, {'76': '即孙悟空，又称行者、大圣、齐天大圣、猴王。在老魔肚中支吾，拔毫毛变绳拴妖魔心肝，降服众妖。曾用金箍棒试咬，变蟭蟟虫，假扮勾司人诈八戒银子。'}, {'77': '又称大圣、行者、孙大圣、猴王、老孙。拥有筋斗云、变化法等神通。与三魔争斗，被大鹏抓获，后脱身。用毫毛变假身，拘唤北海龙王护住蒸笼。救出师父师弟，后赴灵山求见如来，最终收服妖魔。'}, {'78': '又称行者、悟空、老孙，本回中变化蜜蜂探查鹅笼，拘请城隍土地等众神将城中小儿连笼摄出，后与唐僧互换身份以保护师父。'}, {'79': '又称孙大圣、行者，唐僧的大徒弟，会七十二变、筋斗云等神通。在本回中变作假唐僧入朝，识破国丈为妖精，与之大战，并最终降服白鹿精和白面狐狸。'}, {'80': '唐僧的大徒弟，本名孙悟空，又称行者、老孙、猴头等。本领高强，使用金箍棒，会筋斗，曾大闹天宫，能识破妖邪。本回中识破林中妖精的诡计。'}, {'81': '行者，又称孙大圣、老孙、悟空。本回中识破毛姹女，与斗法，师父被摄走后寻至陷空山。'}, {'82': '孙悟空，又称行者、美猴王、老孙。唐僧的大徒弟，保护唐僧西天取经。本回中变化成苍蝇、饿老鹰、红桃等，钻入妖精腹中救师父。劝诫八戒温柔待人，设计里应外合。'}, {'83': '本为齐天大圣、美猴王，又称行者、心猿。使用金箍棒，曾大闹天宫。此次随唐僧西天取经，为救师父三藏，与金鼻白毛老鼠精争斗，两次进入无底洞，后寻得妖精供养的牌位，上天庭告御状，最终与托塔李天王、哪吒三太子一同降妖救出师父。'}, {'84': '又称行者、孙二官儿、齐天大圣，火眼金睛，能辨识观音菩萨。会七十二变，变为扑灯蛾、老鼠、蝼蚁等，施展大分身普会神法，拔毫毛变瞌睡虫和小行者，用金箍棒变剃头刀，将皇宫内院及官员全部剃成光头。'}, {'85': '唐僧的大徒弟，又称行者、大圣。神通广大，会变化之术，使用金箍棒。曾大闹天宫，在此回中设计哄骗猪八戒去斗妖精，并暗中相助。'}, {'86': '又称孙大圣、行者、猴头、外公等，唐僧的大徒弟，神通广大，善使金箍棒，会分身法、瞌睡虫等法术，本回中与猪八戒、沙僧一同寻找被妖怪捉走的唐僧，最终识破分瓣梅花计，救出唐僧并打死南山大王。'}, {'87': '唐僧的大徒弟，又称行者、大圣、老孙。会筋斗云、翻江搅海、唤雨呼风等神通。主动为凤仙郡求雨，两次上天宫请旨，并劝郡侯归善。'}, {'88': '唐僧的大徒弟，又称行者、悟空、老孙、大圣、猴精。法力高强，使用如意金箍棒，会筋斗云等神通。在玉华县传授大王子武艺，并吹入仙气赋予神力。'}, {'89': '唐僧的大徒弟，又称行者、猴王、孙大圣。神通广大，五百年前大闹天宫。在本回中与八戒、沙僧一起设计夺回兵器，打败黄狮精，并识破九灵元圣。'}, {'90': '孙悟空，又称行者、齐天大圣，唐僧的大徒弟，使用金箍棒，会身外身之法、筋斗云等神通。本回中与狮子精战斗，救回师父和玉华州王子。'}, {'91': '又称孙行者、齐天大圣，唐僧的大徒弟，五百年前大闹天宫。眼红，手持铁棒，能驾筋斗云。识破妖精假佛，追赶至青龙山玄英洞，与三个犀牛精斗战。'}, {'92': '又称孙大圣、行者、老孙、悟空、齐天大圣，唐僧的大徒弟，会七十二般变化，善使金箍棒，曾大闹天宫，保唐僧西天取经。'}, {'93': '唐僧的大徒弟，又称行者、猴头。能变化神通，曾使身高长三丈、弄出丑脸吓退众人。解《心经》无言语文字之真解。陪同唐僧入朝辨别真假公主。'}, {'94': '孙悟空，又称行者、悟空、老孙、齐天大圣，祖居东胜神洲傲来国花果山水帘洞，曾大闹天宫，被如来佛祖压于五行山下，后保唐僧西天取经，拥有火眼金睛，变作蜜蜂打探公主虚实。'}, {'95': '保护唐僧的徒弟，又称行者、悟空、老孙、大圣。识破假公主，与之战斗，使用金箍棒和筋斗云，请太阴星君收服玉兔，并指引寻回真公主。'}, {'96': '唐僧的大徒弟，又称行者、大师兄。会法术，曾使法力阻住布金寺僧。本回中提醒猪八戒，并因唐僧生气而跪下求饶免念紧箍儿咒。'}, {'97': '唐僧的大徒弟，擅长变化和定身法，本回中制服强盗，假扮寇员外显魂、假扮浪荡游神等解救师父。有筋斗云、定身法等神通。曾假扮浪荡游神警告县官释放取经佛子。'}, {'98': '唐僧的大徒弟，又称悟空、行者。本回中识得金顶大仙、接引佛祖，引导唐僧过凌云渡，火眼金睛辨认无底船上的佛祖，并识破阿傩、伽叶传无字经之事，与如来交涉后换得有字真经。'}, {'99': '唐僧大徒弟，又称行者、悟空、大圣，本领高强，善使铁棒。本回中他识破少一难，护持经书，使解锁法开门，笑称天地不全。'}, {'100': '又称孙行者、大圣，出身东胜神洲傲来国花果山水帘洞，五百年前大闹天宫，被佛祖压在五行山下，后保唐僧取经，封斗战胜佛。'}]","大圣,孙大圣,孙行者,浪荡游神,行者,齐天大圣,齐天大圣孙悟空",西游记
西游记_人物_孤直公_0,孤直公,人物,[{'64': '荆棘岭上的柏树精，十八公之友，与唐僧谈诗，曾提议保亲。'}],[],西游记
西游记_人物_守山大神_0,守山大神,人物,[{'49': '观音身边的守山神，在普陀崖上迎接孙悟空。'}],[],西游记
西游记_人物_宋帝王_0,宋帝王,人物,"[{'3': '十代冥王之一，阴间天子，一同迎接孙悟空。'}, {'10': '十代阎王之一，参与审理太宗对案。'}]",[],西游记
西游记_人物_宝光佛_0,宝光佛,人物,[{'100': '在结尾佛号中被提及的佛名。'}],[],西游记
西游记_人物_宝幢王佛_0,宝幢王佛,人物,[{'100': '在结尾佛号中被提及的佛名。'}],[],西游记
西游记_人物_宝月光佛_0,宝月光佛,人物,[{'100': '在结尾佛号中被提及的佛名。'}],[],西游记
西游记_人物_宝象国国王_0,宝象国国王,人物,"[{'29': '百花羞公主的父亲。接到家书后大哭，恳请唐僧师徒降妖救女，并愿与唐僧结为兄弟。'}, {'30': '宝象国的君主，三公主的父亲。被老妖欺骗，将唐僧当作虎精捉拿。'}, {'31': '宝象国的国王，公主的父亲。请唐僧师徒降妖，后得孙悟空救回公主。'}]","国王,宝象国王",西游记
西游记_人物_室火猪_0,室火猪,人物,[{'65': '二十八宿之一，参与战斗。'}],[],西游记
西游记_人物_家僮_0,家僮,人物,[{'101': '陈光蕊的家仆，随主赴任，在洪江渡口被刘洪、李彪杀死，尸首顺水流去。'}],[],西游记
西游记_人物_寅将军_0,寅将军,人物,[{'13': '双叉岭的魔王，是个老虎精，相貌凶恶：雄威身凛凛，猛气貌堂堂，电目飞光艳，雷声振四方，锯牙凿齿，锦绣围身。将三藏与二从者绑缚，并听从熊山君、特处士建议吃了二从者。'}],[],西游记
西游记_人物_寇栋_0,寇栋,人物,"[{'96': '寇洪的次子，秀才。同样拜见并恳请留住。'}, {'97': '寇洪的次子，与兄长一同告状。'}]",[],西游记
西游记_人物_寇梁_0,寇梁,人物,"[{'96': '寇洪的长子，秀才。知老师下降前来拜见，并愿供养老爷半月。'}, {'97': '寇洪的长子，听信母亲诬告，递失状状告唐僧师徒，后父亲显魂后递解状。'}]",[],西游记
西游记_人物_寇洪_0,寇洪,人物,"[{'96': '铜台府地灵县的员外，字大宽，人称寇员外。年六十四岁，自四十岁起许愿斋万僧，已斋九千九百九十六员，遇到唐僧师徒正好圆满。热情款待，恳留多住。'}, {'97': '铜台府地灵县的寇员外，斋僧二十四年，被强盗踢死，后经孙悟空到地府求情，被地藏王菩萨延寿一纪。又称寇员外、老员外。'}, {'98': '本回开头提到已得回生，并重新整理幢幡鼓乐送行唐僧师徒。'}]",寇员外,西游记
西游记_人物_寇铭_0,寇铭,人物,[{'97': '寇洪的父亲，曾拥有田地，早逝。'}],[],西游记
西游记_人物_寿星_0,寿星,人物,"[{'7': '即南极老人。赴安天大会，献紫芝瑶草、碧藕金丹。长头大耳短身躯。'}, {'21': '南极仙翁，其龙须扇被黄风吹走。'}, {'26': '蓬莱仙境的三老之一，与福星、禄星对弈，询问孙悟空的来意并告知人参果的功效。'}, {'79': '又称南极老人星。赶来收服逃走的白鹿，用寒光罩住妖怪，后随行者入朝，赠国王三枚枣儿祛病。'}]",[],西游记
西游记_人物_尉迟敬德_0,尉迟敬德,人物,[{'10': '又称敬德、尉迟公、胡公。与秦叔宝把守宫门，后画像贴于门上镇鬼。'}],[],西游记
西游记_人物_小张太子_0,小张太子,人物,[{'66': '大圣国师王菩萨的弟子，使一条楮白枪，帅四大神将助孙悟空战黄眉大王，被后天袋子装去。'}],[],西游记
西游记_人物_小钻风_0,小钻风,人物,"[{'74': '狮驼洞巡山小妖，身上带着金漆牌儿，上书“小钻风”。被孙悟空变作的总钻风盘问，如实告知三个大王的底细，后被行者打死。'}, {'75': '洞中小妖，负责巡山敲梆铃。孙大圣将其打杀后变化成他的模样混入洞中。'}]",[],西游记
西游记_人物_小鬼_0,小鬼,人物,[{'101': '城隍土地麾下的小鬼，负责交付陈光蕊魂魄。'}],[],西游记
西游记_人物_少年男子_0,少年男子,人物,[{'59': '推红车卖糕的男子，告知铁扇仙的芭蕉扇可灭火。'}],[],西游记
西游记_人物_尾火虎_0,尾火虎,人物,[{'65': '二十八宿之一，参与战斗。'}],[],西游记
西游记_人物_山神_0,山神,人物,[{'27': '本处山神，与土地一同被悟空唤来作证。'}],[],西游记
西游记_人物_山神_1,山神,人物,[{'32': '掌管山的神祇，孙悟空说要着山神土地递解妖魔。'}],[],西游记
西游记_人物_山神_2,山神,人物,[{'33': '此山之神，被妖魔念咒拘唤当值，移山压孙悟空。后与土地等移开山放出大圣。'}],[],西游记
西游记_人物_山神_3,山神,人物,[{'38': '乌鸡国境内的山神，被孙悟空用真言拘来，奉命收集獐鹿兔等野物摆在路旁，助太子回城交差。'}],[],西游记
西游记_人物_山神_4,山神,人物,[{'40': '钻头号山的山神，共三十名，被红孩儿欺压，衣不充身，向孙大圣告状。'}],[],西游记
西游记_人物_山神_5,山神,人物,[{'50': '金皘山的山神，化为老翁指引孙悟空，后现出本相。'}],[],西游记
西游记_人物_山神_6,山神,人物,[{'8': '五行山的山神，与土地一起拜接菩萨。'}],[],西游记
西游记_人物_山神_7,山神,人物,[{'81': '本回中孙悟空打出来的山神，告知悟空师父被摄往陷空山无底洞。'}],[],西游记
西游记_人物_崔珪_0,崔珪,人物,"[{'10': '又称崔判官、判官。酆都掌案判官，生前为礼部侍郎，与魏征八拜为交。接太宗书信后助其还阳，添阳寿二十年，引太宗过阴山、奈河桥、枉死城。'}, {'11': '判官，又称崔判官。乌帽皂袍，在阴司接见唐太宗，为其增加阳寿，并引导太宗返回阳间，叮嘱其举办水陆大会超度孤魂。'}, {'68': '酆都城判官，魏徵写信给他，他改了唐王的文书加寿。又称崔判官。'}]",崔玨,西游记
西游记_人物_崩将军_0,崩将军,人物,"[{'3': '花果山四健将之一，原为通背猿猴，被孙悟空封为将军，与芭将军共掌军务。'}, {'5': '花果山四健将之一，与巴将并称崩巴二将。大圣回山后，他们献上椰酒，并称大圣在天宫吃了仙酒故觉椰酒不好吃。'}, {'6': '崩巴二将之一，齐天大圣麾下，被二郎神阵势使不得刀剑。'}]",崩将,西游记
西游记_人物_州判_0,州判,人物,[{'101': '江州州判官，与同知一同协助殷丞相擒贼。'}],[],西游记
西游记_人物_巡城总兵官_0,巡城总兵官,人物,"[{'84': '巡城总兵，闻报强盗劫柜，率兵出城夺回柜子和白马，骑白马回城，将柜抬入总府封存。'}, {'85': '钦法国武官，巡城时获得装有唐僧师徒的柜子和白马，上朝奏报。'}]",总兵,西游记
西游记_人物_巡海夜叉_0,巡海夜叉,人物,[{'101': '洪江口的巡海夜叉，发现陈光蕊尸首并上报龙王，后传送牒文和祭文。'}],[],西游记
西游记_人物_巡视灵官_0,巡视灵官,人物,[{'7': '报告如来大圣伸出头来。'}],[],西游记
西游记_人物_左辅_0,左辅,人物,[{'7': '天庭神祇，赴安天大会。'}],[],西游记
西游记_人物_巨灵神_0,巨灵神,人物,"[{'4': '托塔李天王部下先锋，手持宣花斧，先与孙悟空交战，被悟空打断斧柄败逃。也称巨灵天将。'}, {'61': '天庭神将，随同李天王前来。'}, {'83': '天庭神将，在云楼宫庭下摆列，曾奉命用缚妖索捆绑孙悟空。'}]",巨灵神将,西游记
西游记_人物_巴将军_0,巴将军,人物,"[{'3': '花果山四健将之一，原为通背猿猴，被孙悟空封为将军，与崩将军共掌军务。'}, {'5': '花果山四健将之一，与崩将并称崩巴二将。大圣回山后，他们献上椰酒。'}, {'6': '崩巴二将之一，齐天大圣麾下。'}]","巴将,芭将军",西游记
西游记_人物_巴山虎_0,巴山虎,人物,[{'34': '莲花洞的常随小妖，被二魔差遣去请老奶奶带幌金绳，路上被孙行者打死，孙行者变作其模样。'}],[],西游记
西游记_人物_巽二郎_0,巽二郎,人物,[{'45': '掌管风的神仙，与风婆婆一同听令，被孙大圣要求收风和放风。'}],[],西游记
西游记_人物_布金寺老僧_0,布金寺老僧,人物,"[{'93': '布金禅寺的老僧，年一百零五岁。将真公主锁在空房中，每日送饭，曾嘱托唐僧辨明真假。'}, {'94': '给孤布金寺的长老，曾提及相关信息，让孙悟空想起去检验公主真假。'}, {'95': '给孤布金寺的百岁老僧，收留并藏匿真公主，告知唐僧公主的遭遇。'}]","给孤布金寺长老,老院主",西游记
西游记_人物_布雾郎君_0,布雾郎君,人物,[{'45': '掌管布雾的神仙，被孙大圣要求收雾，后听从孙大圣号令布雾。'}],[],西游记
西游记_人物_常光幢佛_0,常光幢佛,人物,[{'100': '在结尾佛号中被提及的佛名。'}],[],西游记
西游记_人物_平等王_0,平等王,人物,"[{'3': '十代冥王之一，阴间天子，一同迎接孙悟空。'}, {'10': '十代阎王之一，参与审理太宗对案。'}]",[],西游记
西游记_人物_广主严佛_0,广主严佛,人物,[{'100': '在结尾佛号中被提及的佛名。'}],[],西游记
西游记_人物_广智_0,广智,人物,[{'16': '观音禅院的小和尚，出主意用枪刀杀死唐僧师徒以谋取袈裟。'}],[],西游记
西游记_人物_广目天王_0,广目天王,人物,"[{'16': '天庭的天王，孙行者向他借辟火罩，又称天王。'}, {'51': '南天门的天王，当日轮值巡视南天门，与孙悟空相遇并询问去向。'}, {'58': '四大天王之一，镇守南天门，率四大天将阻挡真假孙悟空。'}, {'90': '东天门的天王，见孙大圣前往妙岩宫。'}]",[],西游记
西游记_人物_广谋_0,广谋,人物,[{'16': '观音禅院的小和尚，广智的师弟，提出放火烧死唐僧师徒的计策。'}],[],西游记
西游记_人物_庞_0,庞,人物,[{'4': '增长天王手下天将之一，在南天门外把守。'}],[],西游记
西游记_人物_庞天将_0,庞天将,人物,[{'51': '四大天将之一，在北天门进礼邀茶。'}],[],西游记
西游记_人物_康太尉_0,康太尉,人物,[{'6': '梅山六兄弟之一，即康，随二郎神出战花果山。'}],[],西游记
西游记_人物_引奏仙童_0,引奏仙童,人物,[{'3': '天庭仙童，负责接引奏表。'}],[],西游记
西游记_人物_引礼官_0,引礼官,人物,[{'88': '玉华王府前的官员，负责接待来访者，为唐僧传奏。'}],[],西游记
西游记_人物_张_0,张,人物,"[{'4': '增长天王手下天将之一，在南天门外把守。'}, {'87': '雷部将官，与邓、辛、陶一同受天尊派遣，随行者到凤仙郡声雷。'}]",[],西游记
西游记_人物_张士衡_0,张士衡,人物,[{'11': '中书令，被太宗询问佛事营福之应，回答佛为三教至尊不可废。'}],[],西游记
西游记_人物_张天师_0,张天师,人物,"[{'4': '天庭仙卿，引御马监监丞、监副在丹墀下拜奏玉帝，告知孙悟空反下天宫。'}, {'8': '南天门的天师之一。'}, {'92': '四大天师之一，在通明殿值勤。'}]",[],西游记
西游记_人物_张太尉_0,张太尉,人物,[{'6': '梅山六兄弟之一，即张，随二郎神出战花果山。'}],[],西游记
西游记_人物_张月鹿_0,张月鹿,人物,[{'65': '二十八宿之一，参与战斗。'}],[],西游记
西游记_人物_张氏_0,张氏,人物,[{'101': '陈光蕊的母亲，在万花店因病留下，后因思念儿子哭瞎双眼，靠乞讨度日，最终被孙儿玄奘舔眼复明。'}],[],西游记
西游记_人物_张氏_1,张氏,人物,[{'11': '相良之妻，又称相婆。与丈夫一同经营，斋僧布施。'}],[],西游记
西游记_人物_张氏穿针儿_0,张氏穿针儿,人物,[{'97': '寇洪的妻子，小名穿针儿，因怨恨唐僧师徒，诬陷他们打劫杀人，后被告诫。又称妈妈。'}],[],西游记
西游记_人物_张班_0,张班,人物,[{'4': '工干官之一，与鲁班一同在蟠桃园右首建造齐天大圣府。'}],[],西游记
西游记_人物_张稍_0,张稍,人物,[{'9': '渔翁，与樵子李定在长安城外泾河岸边相遇，以诗词对答比较水秀与山青的优劣。每日送一尾金色鲤给卖卦先生袁守诚，换得袖传一课，依方位下网捕鱼，百下百着。'}],[],西游记
西游记_人物_张紫阳_0,张紫阳,人物,[{'71': '又称张伯端、紫阳真人，大罗天上紫云仙。三年前赴佛会路过朱紫国，恐妖王玷辱皇后，将旧棕衣变作新霞裳送给皇后穿上，使其生毒刺自保。后前来解魇，收走棕衣。'}],[],西游记
西游记_人物_张良_0,张良,人物,[{'14': '汉朝谋士，曾为黄石公三次进履，后辅佐刘邦建功立业，最终弃职归山修仙。'}],[],西游记
西游记_人物_张蕃_0,张蕃,人物,[{'51': '雷公之一，奉玉帝旨意与邓化同下界助阵。'}],[],西游记
西游记_人物_张道源_0,张道源,人物,[{'11': '太仆卿，被太宗询问佛事营福之应，回答佛为三教至尊不可废。'}],[],西游记
西游记_人物_张道陵_0,张道陵,人物,"[{'51': '四天师之一，在灵霄殿前迎着孙悟空，为其传奏玉帝。'}, {'87': '四大天师之一，参与引奏并带行者看米山面山金锁。'}]",[],西游记
西游记_人物_弥勒尊佛_0,弥勒尊佛,人物,[{'100': '在结尾佛号中被提及的佛名。'}],[],西游记
西游记_人物_当坊土地_0,当坊土地,人物,[{'15': '鹰愁涧本处的土地神，被孙悟空唤出，告知玉龙来历及请菩萨降服的方法。'}],[],西游记
西游记_人物_当殿官_0,当殿官,人物,[{'88': '玉华王府的殿上官员，奉命去请唐僧的三位徒弟进府同斋。'}],[],西游记
西游记_人物_当驾太师_0,当驾太师,人物,[{'54': '西梁女国的太师，奉女王之命为求亲的媒人，前往迎阳驿与唐三藏说合。见长老相貌轩昂，心中暗喜，促成亲事。'}],[],西游记
西游记_人物_徐世勣_0,徐世勣,人物,[{'9': '唐太宗朝中的文官，被唐太宗召上殿询问梦境，回答“此梦告准，须臾魏征来朝，陛下不要放他出门。过此一日，可救梦中之龙。”'}],[],西游记
西游记_人物_徐茂功_0,徐茂功,人物,"[{'10': '又称茂功。与秦叔宝一同呈上龙头，提议魏征护卫后门，受托孤之任。'}, {'11': '唐朝开国功臣，正直有胆量，在唐太宗还魂时与魏征等扶着棺材，护驾。'}]",[],西游记
西游记_人物_心月狐_0,心月狐,人物,[{'65': '二十八宿之一，参与战斗。'}],[],西游记
西游记_人物_忤官王_0,忤官王,人物,[{'3': '十代冥王之一，阴间天子，一同迎接孙悟空。'}],[],西游记
西游记_人物_快如风_0,快如风,人物,"[{'41': '红孩儿手下的六健将之一。'}, {'42': '火云洞六健将之一，小妖，撞进洞报信。'}]",[],西游记
西游记_人物_急如火_0,急如火,人物,"[{'41': '红孩儿手下的六健将之一。'}, {'42': '火云洞六健将之一，小妖，撞进洞报信。'}]",[],西游记
西游记_人物_意见欲_0,意见欲,人物,[{'14': '六个剪径毛贼之一，代表意根之欲，被孙悟空打死。'}],[],西游记
西游记_人物_慈力王佛_0,慈力王佛,人物,[{'100': '在结尾佛号中被提及的佛名。'}],[],西游记
西游记_人物_慧幢胜王佛_0,慧幢胜王佛,人物,[{'100': '在结尾佛号中被提及的佛名。'}],[],西游记
西游记_人物_慧炬照佛_0,慧炬照佛,人物,[{'100': '在结尾佛号中被提及的佛名。'}],[],西游记
西游记_人物_房日兔_0,房日兔,人物,"[{'6': '二十八宿之一，在天罗地网营中传话。'}, {'65': '二十八宿之一，参与战斗。'}]",[],西游记
西游记_人物_房玄龄_0,房玄龄,人物,"[{'9': '唐太宗朝中的文官，位列朝班，朝贺时出现。'}, {'11': '唐朝宰相，在朝班中。'}]",[],西游记
西游记_人物_才光佛_0,才光佛,人物,[{'100': '在结尾佛号中被提及的佛名。'}],[],西游记
西游记_人物_才光明佛_0,才光明佛,人物,[{'100': '在结尾佛号中被提及的佛名。'}],[],西游记
西游记_人物_才功德佛_0,才功德佛,人物,[{'100': '在结尾佛号中被提及的佛名。'}],[],西游记
西游记_人物_打扫力士_0,打扫力士,人物,[{'5': '蟠桃园中的力士之一，负责打扫。土地唤其来见大圣，并随侍园中。'}],[],西游记
西游记_人物_托塔李天王_0,托塔李天王,人物,"[{'4': '即李靖，天庭元帅，被封为降魔大元帅，率领哪吒、巨灵神等下界讨伐孙悟空，后败回天宫。'}, {'5': '托塔天王，又称李托塔。玉帝差其协同哪吒太子、四大天王等率天兵下界捉拿大圣，在中军掌号。'}, {'6': '托塔李天王，又称李托塔，奉玉帝旨意率天兵收伏妖猴，命木叉出战，后写表求助，战后向小圣贺喜。'}, {'7': '即托塔李天王。曾奉旨擒拿悟空。后与哪吒一同赴会。'}, {'8': '木吒的父亲，提及。'}, {'17': '李靖，天庭元帅，率天兵降伏孙悟空，被战退。'}, {'21': '托塔李天王，其手心塔被黄风吹落（不见）。'}, {'42': '即李天王、父王，天宫云楼宫殿之主，惠岸之父，借出天罡刀。'}, {'51': '李天王，奉玉帝旨意率天兵下界助孙悟空擒魔，与兕怪交战，后见圈子败阵。'}, {'52': '托塔李天王，奉玉帝之命助孙悟空擒妖，兵器被金刚琢套去。'}, {'56': '指托塔李天王，孙悟空称天王随得他。'}, {'58': '李天王，奉玉帝旨意用照妖镜照真假孙悟空。'}, {'61': '李天王，哪吒之父，持照妖镜相助。'}, {'71': '李靖，天庭元帅，孙悟空自述中提及曾与太子率兵征讨孙悟空。'}, {'83': '又称李天王。天庭元勋，手持黄金宝塔，有三子一女。因金鼻白毛老鼠精供其牌位被孙悟空告御状，后与哪吒下界收妖。'}]","天王,托塔天王,李天王",西游记
西游记_人物_抟象_0,抟象,人物,[{'89': '九灵元圣的诸孙之一，随同九灵元圣前往玉华州报仇。'}],[],西游记
西游记_人物_抟象狮_0,抟象狮,人物,[{'90': '狮子精之一，使用钢枪，被孙大圣拿住。'}],[],西游记
西游记_人物_护国公_0,护国公,人物,[{'10': '太宗召见的众臣之一，与徐茂功、尉迟公一同见驾。'}],[],西游记
西游记_人物_护国天王_0,护国天王,人物,[{'77': '北天门的天王，孙悟空曾与他猜枚赢得瞌睡虫。'}],[],西游记
西游记_人物_护国天王_1,护国天王,人物,[{'83': '南天门守将之一，与大力天王一同迎接孙悟空。'}],[],西游记
西游记_人物_护国天王_2,护国天王,人物,"[{'87': '西天门的护国天王，带领天丁力士。迎接行者并告知凤仙郡冒犯天地之事，后指引行者去九天应元府借雷神。'}, {'95': '镇守西天门的护国天王，率领庞刘苟毕四大元帅阻拦妖邪逃走。'}]",[],西游记
西游记_人物_护教伽蓝_0,护教伽蓝,人物,"[{'29': '一十八位护教伽蓝，护法神祇，协助八戒沙僧。'}, {'37': '一十八位护教伽蓝神，随行保护唐僧，守护寺院。'}, {'44': '佛教护法神，与六丁六甲一同保护受难的和尚，劝解他们不要寻死，等待孙悟空来救。'}, {'61': '一十八位护教伽蓝，佛门护法神，参与围剿牛魔王。'}, {'63': '金光寺的护法伽蓝神，被孙悟空唤出负责给龙婆送饮食。'}, {'65': '佛教护法神，十八位，前后照察，后参与战斗。'}, {'66': '佛教护法神，与揭谛一同保护唐僧，也被黄眉大王装去。'}, {'78': '护法神祇，被行者拘来，奉命救助小儿。'}, {'92': '护法神，暗中护佑唐僧。'}, {'99': '佛教护法神，本回中保护唐僧。'}]","伽蓝,护教伽蓝",西游记
西游记_人物_拂云叟_0,拂云叟,人物,[{'64': '荆棘岭上的竹精，十八公之友，与唐僧论道谈诗，曾做媒。'}],[],西游记
西游记_人物_掀烘兴_0,掀烘兴,人物,"[{'41': '红孩儿手下的六健将之一。'}, {'42': '火云洞六健将之一，小妖，出洞请老大王。'}]",[],西游记
西游记_人物_接引归真佛_0,接引归真佛,人物,[{'100': '在结尾佛号中被提及的佛名。'}],[],西游记
西游记_人物_推云童子_0,推云童子,人物,"[{'9': '司云之神，受泾河龙王点札，参与长安城行雨。'}, {'45': '掌管布云的神仙，被孙大圣命令停止为道士布云，后按孙大圣号令布云。'}]",云童,西游记
西游记_人物_摩尼幢佛_0,摩尼幢佛,人物,[{'100': '在结尾佛号中被提及的佛名。'}],[],西游记
西游记_人物_摩昂_0,摩昂,人物,"[{'43': '又称摩昂太子，西海龙王敖顺的太子。本回中奉父王之命率虾鱼壮兵擒拿鼍洁，用三棱简击败并绑缚了鼍龙，押至行者面前。'}, {'92': '西海龙王敖顺的太子，率水兵围住辟尘儿，并协助擒拿其他犀牛精。'}]",[],西游记
西游记_人物_救生药师佛_0,救生药师佛,人物,[{'78': '唐僧、八戒、沙僧念诵的佛号“南无救生药师佛”，祈求救度孩童。'}],[],西游记
西游记_人物_敖钦_0,敖钦,人物,"[{'3': '南海龙王，敖广之弟。应召至东海，献出凤翅紫金冠给孙悟空。'}, {'41': '南海龙王，应敖广之召前来助孙悟空降雨。'}, {'45': '四海龙王之一，与敖广等同来，听从孙大圣命令下雨。'}]",[],西游记
西游记_人物_敖闰_0,敖闰,人物,"[{'3': '西海龙王，敖广之弟。应召至东海，献出锁子黄金甲给孙悟空。'}, {'41': '北海龙王，应敖广之召前来助孙悟空降雨。'}, {'45': '四海龙王之一，与敖广等同来，听从孙大圣命令下雨。'}]",[],西游记
西游记_人物_敖顺_0,敖顺,人物,[{'3': '北海龙王，敖广之弟。应召至东海，献出藕丝步云履给孙悟空。'}],[],西游记
西游记_人物_敖顺_1,敖顺,人物,"[{'41': '西海龙王，应敖广之召前来助孙悟空降雨。'}, {'43': '西海龙王，鼍洁的舅爷。本回中因外甥作恶被行者责问，慌忙赔罪，并派太子摩昂领兵捉拿鼍洁，最终处置了鼍龙。'}, {'45': '四海龙王之一，与敖广等同来，被孙大圣要求助力下雨，其子曾缚怪搭救师父。'}, {'92': '西海龙王，派太子摩昂率水兵相助孙悟空擒拿犀牛精。'}]",[],西游记
西游记_人物_文曲星官_0,文曲星官,人物,[{'3': '天庭星官，奉旨修写招安诏书。'}],[],西游记
西游记_人物_文殊_0,文殊,人物,"[{'21': '文殊菩萨，其坐骑青毛狮被黄风吹走。'}, {'65': '文殊菩萨，唐僧提及在五台道场。'}]",[],西游记
西游记_人物_文殊菩萨_0,文殊菩萨,人物,"[{'23': '本回中与黎山老母、观音、普贤化作美女（可能为三个女儿之一），测试唐僧师徒。'}, {'39': '佛教菩萨，坐骑狮猁王奉佛旨下凡将乌鸡国国王推入井中浸三年，以报自己曾被国王浸水三日之仇。后亲自前来用照妖镜收服狮猁王。'}, {'40': '菩萨，曾降魔收怪，帮助乌鸡国国王。'}, {'77': '佛菩萨，狮王的主人。奉如来旨意从五台山来，念动真言喝令青狮皈正，抛莲花台跨坐收服。'}, {'100': '在结尾佛号中被提及的菩萨名。'}]",[],西游记
西游记_人物_斑衣鳜婆_0,斑衣鳜婆,人物,"[{'48': '又称鳜婆，通天河水族，为灵感大王献策冻结通天河捉拿唐僧，后被拜为兄妹。'}, {'49': '又称斑衣鳜婆，灵感大王的属下，识得孙悟空来历，曾提醒大王避战。'}]",鳜婆,西游记
西游记_人物_斗木獬_0,斗木獬,人物,"[{'65': '二十八宿之一，参与战斗。'}, {'92': '二十八宿之一，四木禽星之一，奉玉帝旨意下界降伏犀牛精，扫荡群牛并救出唐僧师徒。'}]",[],西游记
西游记_人物_旃檀光佛_0,旃檀光佛,人物,[{'100': '在结尾佛号中被提及的佛名。'}],[],西游记
西游记_人物_无量寿佛_0,无量寿佛,人物,[{'100': '在结尾佛号中被提及的佛名。'}],[],西游记
西游记_人物_日月光佛_0,日月光佛,人物,[{'100': '在结尾佛号中被提及的佛名。'}],[],西游记
西游记_人物_日月珠光佛_0,日月珠光佛,人物,[{'100': '在结尾佛号中被提及的佛名。'}],[],西游记
西游记_人物_日游神_0,日游神,人物,[{'33': '神祇，被孙悟空念咒唤去奏玉帝借天，后急降耳边通报哪吒来助。'}],[],西游记
西游记_人物_明月_0,明月,人物,"[{'24': '五庄观的仙童，镇元子的弟子，一千二百岁。与清风一同看家，接待唐僧，用丹盘接人参果。'}, {'25': '五庄观镇元大仙的弟子，道童。与清风一起看守观门，被孙行者用瞌睡虫弄睡。'}]",[],西游记
西游记_人物_星日马_0,星日马,人物,"[{'6': '二十八宿之一，在天罗地网营中传话。'}, {'65': '二十八宿之一，参与战斗。'}]",[],西游记
西游记_人物_春娇_0,春娇,人物,[{'71': '金圣宫娘娘的贴身侍婢，原是一只玉面狐狸精。被孙悟空用瞌睡虫弄睡后，孙悟空变作其模样，骗得赛太岁的金铃。'}],[],西游记
西游记_人物_昴日星官_0,昴日星官,人物,"[{'55': '天庭星官，住在光明宫，本相是双冠子大公鸡，能降伏蝎子精，又称星官。'}, {'73': '毗蓝婆菩萨的儿子，本相是公鸡，其日眼里炼出了绣花针，能降蜈蚣精。'}]",[],西游记
西游记_人物_昴日鸡_0,昴日鸡,人物,"[{'6': '二十八宿之一，在天罗地网营中传话。'}, {'65': '二十八宿之一，参与战斗。'}]",[],西游记
西游记_人物_普贤_0,普贤,人物,"[{'21': '普贤菩萨，其白象被黄风吹走。'}, {'65': '普贤菩萨，唐僧提及在峨眉道场。'}]",[],西游记
西游记_人物_普贤菩萨_0,普贤菩萨,人物,"[{'23': '本回中与黎山老母、观音、文殊化作美女（可能为三个女儿之一），测试唐僧师徒。'}, {'77': '佛菩萨，象王的主人。奉如来旨意从峨眉山来，念动真言收服白象。'}, {'100': '在结尾佛号中被提及的菩萨名。'}]",[],西游记
西游记_人物_智慧胜佛_0,智慧胜佛,人物,[{'100': '在结尾佛号中被提及的佛名。'}],[],西游记
西游记_人物_有来有去_0,有来有去,人物,[{'70': '赛太岁的心腹小校，奉命去朱紫国下战书。路上被孙悟空打死，孙悟空变作他的模样潜入洞中。腰间有牙牌写明“心腹小校一名，有来有去”。'}],[],西游记
西游记_人物_木叉行者_0,木叉行者,人物,"[{'6': '观音菩萨的大徒弟，又名木叉，李天王第二太子。奉师命下天宫到花果山打探军情，与齐天大圣交战五六十合败阵。'}, {'12': '又称惠岸，观世音菩萨的弟子，陪同菩萨在长安售卖袈裟和锡杖，后随菩萨现身于法会。'}, {'15': '观音菩萨弟子，在落伽山紫竹林中为金头揭谛通报。'}, {'22': '观音菩萨的弟子，又称惠岸、木叉。奉菩萨之命带着红葫芦来到流沙河，唤出悟净并指导他用骷髅与葫芦结作法船，帮助唐僧渡河。'}, {'42': '即木叉，托塔李天王第二太子，观音的徒弟，称护法惠岸行者，借天罡刀助观音降妖。'}, {'49': '观音身边的护法，在普陀崖上迎接孙悟空。'}, {'57': '观音菩萨的弟子，又称木叉。本章中在落伽山迎接孙悟空和沙僧。'}, {'58': '观音菩萨的弟子，曾帮助菩萨分辨真假孙悟空。'}, {'83': '李天王次子，在南海随观世音做徒弟。'}]","惠岸,惠岸行者,木叉,木叉惠岸",西游记
西游记_人物_木吒_0,木吒,人物,[{'8': '又名惠岸行者，托塔天王二太子，手持浑铁棍，随观音左右，保护师父，与妖魔战斗。文本中亦称木呼。'}],[],西游记
西游记_人物_木德星君_0,木德星君,人物,[{'4': '又称木德星官，玉帝差遣他送孙悟空去御马监到任。'}],[],西游记
西游记_人物_本处山神_0,本处山神,人物,[{'15': '鹰愁涧本处的山神，与土地一同被孙悟空唤出，说明鹰愁涧名称由来及玉龙事情。'}],[],西游记
西游记_人物_朱太尉_0,朱太尉,人物,"[{'10': '十阎王差遣送太宗还魂的太尉，执引魂幡引路，并给散金银给枉死城饿鬼。'}, {'11': '太尉，奉阎王之命送唐太宗还阳，在渭水河边将太宗推下马使其还魂。'}]",[],西游记
西游记_人物_朱灵官_0,朱灵官,人物,[{'92': '四大灵官之一，在西天门与太白金星讲话。'}],[],西游记
西游记_人物_朱紫国王_0,朱紫国王,人物,"[{'68': '朱紫国的国王，久病不愈，出榜招医。又称国王、寡人、朕、万岁爷爷。'}, {'69': '朱紫国国君，患惊恐忧思之疾（双鸟失群之证），三年不愈。被孙悟空诊脉并用乌金丹治愈。因三年前金圣宫被赛太岁摄走而忧思。病愈后愿让江山，后引行者看避妖楼。'}, {'70': '朱紫国的君主，其皇后金圣宫被赛太岁摄走，他因此患病。孙悟空治好了他的病，并答应救回皇后。他提供了黄金宝串作为信物。文中又称国王、君王。'}, {'71': '朱紫国君主，曾为东宫太子时射伤孔雀大明王菩萨之子，被罚拆凤三年，失去皇后。后得孙悟空相助，与金圣宫娘娘重谐夫妻。'}]",国王,西游记
西游记_人物_李元吉_0,李元吉,人物,[{'10': '故弟，太宗之弟。与建成一同揪打索命。'}],[],西游记
西游记_人物_李右衙_0,李右衙,人物,[{'101': '江州衙门的官吏，与王左衙一同催办僧鞋。'}],[],西游记
西游记_人物_李太尉_0,李太尉,人物,[{'6': '梅山六兄弟之一，即李，随二郎神出战花果山。'}],[],西游记
西游记_人物_李定_0,李定,人物,[{'9': '樵子，与渔翁张稍在泾河岸边对答诗词，认为山青胜过水秀。二人相别时因张稍叮嘱小心遇虎而发怒。'}],[],西游记
西游记_人物_李建成_0,李建成,人物,[{'10': '先兄，太宗之兄。在幽冥地府与元吉揪打索命，被鬼使喝退。'}],[],西游记
西游记_人物_李彪_0,李彪,人物,[{'101': '洪江渡口的稍水，与刘洪合谋杀害陈光蕊，后管理船只。被江州同知擒获，押至法场剐了千刀。'}],[],西游记
西游记_人物_李淳风_0,李淳风,人物,[{'11': '唐朝术士，在朝班中。'}],[],西游记
西游记_人物_李渊_0,李渊,人物,[{'10': '先主，唐太宗之父。在幽冥地府街边上前说“世民来了”。'}],[],西游记
西游记_人物_李玉英_0,李玉英,人物,[{'11': '唐御妹，又称宫主、唐御妹。阳寿当尽，被阎王安排借尸还魂，让李翠莲的灵魂进入其身体。'}],[],西游记
西游记_人物_李翠莲_0,李翠莲,人物,[{'11': '刘全之妻，因在门首拔金钗斋僧被丈夫责骂而自缢。死后借唐御妹李玉英尸首还魂，与刘全团聚。'}],[],西游记
西游记_人物_李老儿_0,李老儿,人物,[{'67': '驼罗庄的住户，姓李，又称老者、李施主、老李，向唐僧师徒讲述七绝山稀柿衕的污秽和妖怪害人之事，并请求行者拿妖。'}],[],西游记
西游记_人物_杏仙_0,杏仙,人物,[{'64': '杏树精，美貌仙女，执杏花来访，吟诗表达对唐僧的爱慕之情，欲求配偶。'}],[],西游记
西游记_人物_杜如晦_0,杜如晦,人物,"[{'9': '唐太宗朝中的文官，位列朝班，朝贺时出现。'}, {'11': '唐朝宰相，在朝班中。'}]",[],西游记
西游记_人物_柳土獐_0,柳土獐,人物,[{'65': '二十八宿之一，参与战斗。'}],[],西游记
西游记_人物_柳林坡土地_0,柳林坡土地,人物,[{'79': '当地土地神，被孙悟空拘出，告知清华洞的入口方法，并协助搬柴烧洞。'}],[],西游记
西游记_人物_桥梁使者_0,桥梁使者,人物,[{'10': '阴司鬼卒，执幢幡在奈河桥前跪接太宗，后被判官喝令起去。'}],[],西游记
西游记_人物_梓橦_0,梓橦,人物,[{'21': '梓橦帝君，其骡子的飘韂被黄风吹走。'}],[],西游记
西游记_人物_梢婆_0,梢婆,人物,[{'53': '子母河渡口撑船的妇人，头裹锦绒帕，足踏皂丝鞋，身穿百纳绵裆袄，腰束千针裙布衫。'}],[],西游记
西游记_人物_楚江王_0,楚江王,人物,[{'10': '十代阎王之一，与秦广王等十王出森罗殿迎迓太宗。'}],[],西游记
西游记_人物_樵夫_0,樵夫,人物,[{'1': '在西牛贺洲山中砍柴的樵子，头戴箬笠、身穿布衣，歌唱满庭芳，告知孙悟空灵台方寸山及须菩提祖师所在。文本中亦称樵汉、樵子。'}],[],西游记
西游记_人物_樵夫_1,樵夫,人物,[{'59': '翠云山上的樵夫，告知孙悟空芭蕉洞位置及铁扇公主身份。'}],[],西游记
西游记_人物_樵子_0,樵子,人物,"[{'85': '本山中的樵夫，被老妖绑在后园三日，与唐僧相遇，哭诉家有八十三岁老母无人奉养。'}, {'86': '山中的樵夫，与唐僧先后被南山大王捉住绑在树上，后被孙行者解救，带师徒四人到家中用野菜招待，并指路西行。'}]",[],西游记
西游记_人物_正宫娘娘_0,正宫娘娘,人物,"[{'37': '乌鸡国国王的正妻，太子的母亲，国王托梦希望她与太子相认。未直接出场。'}, {'38': '乌鸡国王的正宫皇后，太子之母。她四更时梦见国王水淋淋地托梦，告知被害之事，后太子出示金厢白玉圭，她认出国王之宝，支持降妖。'}]",正宫皇后,西游记
西游记_人物_武曲星君_0,武曲星君,人物,[{'4': '天庭仙卿，在玉帝询问何处缺官时，奏报御马监缺正堂管事，导致孙悟空被封为弼马温。'}],[],西游记
西游记_人物_段志贤_0,段志贤,人物,"[{'9': '唐太宗朝中的武官，位列朝班，朝贺时出现。'}, {'11': '唐朝文武官员之一，在唐太宗还魂后随班朝见。'}]",[],西游记
西游记_人物_殷夫人_0,殷夫人,人物,[{'101': '殷开山的妻子，殷温娇的母亲，梦见女儿回家，最终与女儿、外孙团圆。'}],[],西游记
西游记_人物_殷开山_0,殷开山,人物,"[{'9': '唐太宗朝中的武官，位列朝班，朝贺时出现。'}, {'11': '唐朝总管，当朝一路总管，陈玄奘的外公。'}, {'101': '唐朝丞相，殷温娇的父亲。得知女婿被害后奏请唐王，统兵擒获刘洪、李彪，为陈光蕊报仇。'}]",[],西游记
西游记_人物_殷温娇_0,殷温娇,人物,[{'101': '又名满堂娇，殷开山之女，陈光蕊之妻。被水贼刘洪强占，忍辱生下玄奘，后将儿子置于木板推入江中。最终与丈夫、儿子团圆，后从容自尽。'}],[],西游记
西游记_人物_殷灵官_0,殷灵官,人物,[{'92': '四大灵官之一，在西天门与太白金星讲话。'}],[],西游记
西游记_人物_母后_0,母后,人物,[{'31': '宝象国王后，公主的母亲。公主回朝后参拜。'}],[],西游记
西游记_人物_毒火鬼王_0,毒火鬼王,人物,[{'96': '被华光菩萨剿除的鬼王。'}],[],西游记
西游记_人物_比丘国王_0,比丘国王,人物,"[{'78': '比丘国君主，因贪恋美后而病弱，听信国丈之言欲取小儿心肝为药引，后欲取唐僧心肝。'}, {'79': '又称昏君、主公，比丘国的君主。因贪欢染病，听信国丈之言欲取小儿心肝为药引，后醒悟并感谢唐僧师徒。'}]",国王,西游记
西游记_人物_比丘圣僧_0,比丘圣僧,人物,[{'100': '如来弟子，曾下山为赵长者家诵经。'}],[],西游记
西游记_人物_比丘尼_0,比丘尼,人物,[{'52': '灵山比丘尼尊者，引领孙悟空见如来。'}],[],西游记
西游记_人物_毕_0,毕,人物,[{'4': '增长天王手下天将之一，在南天门外把守。'}],[],西游记
西游记_人物_毕天将_0,毕天将,人物,[{'51': '四大天将之一，在北天门进礼邀茶。'}],[],西游记
西游记_人物_毕月乌_0,毕月乌,人物,[{'65': '二十八宿之一，参与战斗。'}],[],西游记
西游记_人物_毗卢尸佛_0,毗卢尸佛,人物,[{'100': '在结尾佛号中被提及的佛名。'}],[],西游记
西游记_人物_毗蓝婆菩萨_0,毗蓝婆菩萨,人物,[{'73': '紫云山千花洞中的圣贤，又称毗蓝婆，有绣花针法宝，能破百眼魔君的金光，并赐解毒丹救活唐僧师徒，是昴日星官的母亲。'}],[],西游记
西游记_人物_毛女_0,毛女,人物,[{'59': '芭蕉洞中伺候铁扇公主的侍女，负责通报和倒茶。'}],女童,西游记
西游记_人物_毛颖山土地_0,毛颖山土地,人物,[{'95': '毛颖山的土地神，被孙悟空唤出，指引寻找妖邪的洞穴。'}],[],西游记
西游记_人物_毛颖山山神_0,毛颖山山神,人物,[{'95': '毛颖山的山神，与土地一同被孙悟空唤出，协助寻找妖邪。'}],[],西游记
西游记_人物_氐土貉_0,氐土貉,人物,[{'65': '二十八宿之一，参与战斗。'}],[],西游记
西游记_人物_水德星君_0,水德星君,人物,"[{'51': '居乌浩宫，受孙悟空邀请派黄河水伯助阵，欲以水灌金皘洞。'}, {'52': '又称水伯。曾放水渰兕大王未果，兵器未被套走。'}]",[],西游记
西游记_人物_水母娘娘_0,水母娘娘,人物,[{'66': '昔年被大圣国师王菩萨降伏的妖魔。'}],[],西游记
西游记_人物_水猿大圣_0,水猿大圣,人物,[{'66': '被大圣国师王菩萨新收服的妖魔，遇水即兴，需菩萨镇守。'}],[],西游记
西游记_人物_江州同知_0,江州同知,人物,[{'101': '江州官员，奉殷丞相之命提兵相助，并派哨兵擒获李彪。'}],[],西游记
西游记_人物_沙悟净_0,沙悟净,人物,"[{'8': '原为灵霄殿卷帘大将，因失手打碎玻璃盏被贬流沙河，吃人度日，后受观音点化，法名沙悟净，等待取经人。'}, {'22': '流沙河中的妖怪，原为天庭卷帘大将，又称卷帘将、卷帘大将、那怪、妖精、沙和尚。因失手打破玉玻璃被贬下界，在流沙河吃人为生。后被观音劝化，拜唐僧为师，法名沙悟净。'}, {'23': '又称沙悟净、沙和尚。原为卷帘大将，随唐僧西行，忠厚老实，本回中拒绝招赘，坚持西行。'}, {'24': '即沙悟净，唐僧的三徒弟。曾为卷帘大将，见过人参果但未曾吃过。在五庄观与行者、八戒分食人参果。'}, {'25': '唐僧的三徒弟，又称沙僧、悟净。陪唐僧受绑，提醒师父还有陪绑的。'}, {'26': '唐僧弟子，对孙悟空的行为表示疑惑。'}, {'27': '唐僧的三徒弟，又称悟净。本回中随侍唐僧左右，在悟空被逐时受其叮嘱要留心八戒言语，保护师父。'}, {'28': '又称沙和尚，唐僧的徒弟，使降妖宝杖，在松林看守行李，后叫醒猪八戒，二人同寻师父，于碗子山波月洞前与黄袍怪厮杀。'}, {'29': '唐僧的三徒弟，法名悟净，又称沙僧。使降妖宝杖，与八戒一起保护唐僧，后随八戒去波月洞捉妖，被黄袍怪抓住。'}, {'30': '唐僧的二徒弟，又称沙僧。被老妖捆住，为保护公主谎称无书信。'}, {'31': '唐僧的三徒弟，又称沙和尚。在波月洞被黄袍怪捉住，后由公主释放，与孙悟空、猪八戒一起降妖。'}, {'32': '唐僧的三徒弟，又称沙僧。本回中与八戒、唐僧一同前行，言语不多。'}, {'33': '又称沙和尚，唐僧徒弟，使降妖棒，挑担。与二魔交战败阵，被挟至莲花洞吊在西边。'}, {'34': '唐僧的三徒弟，与猪八戒一同被吊在莲花洞中。'}, {'35': '唐僧三徒弟，举降妖杖打退群妖，协助孙大圣制服妖魔。'}, {'36': '唐僧的三徒弟，又称沙僧。本回中他拢着马头，听师兄说大堂屋时笑答，后又从旁解说水火相搀、土母为配的道理，助师父开悟。'}, {'37': '唐三藏的三徒弟，提议开门查看白玉圭。又称沙和尚。'}, {'38': '唐僧的三徒弟，与唐僧在禅堂等候，曾与唐僧讲论行者哄八戒久去不回之事。'}, {'39': '又称沙和尚、沙悟净，唐僧的三徒弟，使用降妖宝杖。在乌鸡国取水给孙悟空灌丹，并一同围堵狮猁王。'}, {'40': '唐僧的三徒弟，又称沙和尚，使宝杖，忠诚稳重，劝解师兄们不要散伙。'}, {'41': '又称沙和尚、卷帘将军，与八戒在松林等候，后从水中救起孙悟空，并建议以相生相克之理降妖。'}, {'42': '沙和尚，唐僧弟子，看守行李马匹，等待孙悟空请菩萨。'}, {'43': '又称沙和尚、悟净，唐僧的三徒弟。本回中手持降妖宝杖，独自下水与鼍龙争斗三十回合不分胜负，后引出河神求助，最终救出唐僧和八戒。'}, {'44': '唐僧的三徒弟，又称沙和尚、悟净。文本中随行者与八戒去三清观，变作灵宝道君，一同受用供品。'}, {'45': '又称沙僧、悟净，唐僧的三徒弟，为人沉稳，随师兄们保护师父，在车迟国参与斗法，也曾撒尿冒充圣水。'}, {'46': '又称沙僧，唐僧的三徒弟，性格稳重，常与八戒一同旁观赌赛，提醒师父注意头风，后陪唐僧祭奠孙行者。'}, {'47': '即沙和尚，又称沙师弟。唐僧的三徒弟，本回中随行至通天河，后负责保护唐僧。'}, {'48': '又称悟净、沙僧，唐僧徒弟，原为流沙河内出身，能知水性，手持降妖宝杖，协助保护唐僧西行。'}, {'49': '又称沙和尚、悟净，唐僧的三徒弟，原是天庭上将，惯水，使用降妖真宝杖，与八戒共战妖怪。'}, {'50': '唐僧的三徒弟，晦气色脸，本回中与八戒一同穿背心被擒。'}, {'52': '又称沙僧。与唐僧、八戒一同被捆在金皘洞中。'}, {'53': '唐僧的三徒弟，又称沙僧。协助孙悟空取落胎泉水。'}, {'54': '唐三藏的三徒弟，又称沙僧，为人持重。本回中装吓虎维持秩序，照顾白马，最终抢出师父上马，并用宝杖打跑摄走唐僧的女子。'}, {'55': '又称沙和尚，唐僧的三徒弟，看守行李马匹。'}, {'56': '唐僧的三徒弟，又称沙和尚、沙悟净。挑担子，本回中与唐僧一起行动，劝解师兄。'}, {'57': '又称沙悟净、悟净、沙和尚，唐僧的三徒弟。本章中前往花果山讨要包袱，发现假行者及其变出的假取经队伍，后到南海告菩萨。'}, {'58': '又称沙和尚、悟净，唐僧的三徒弟，手持降妖宝杖，曾多次往返花果山与南海。'}, {'59': '唐僧的三徒弟，又称沙和尚。'}, {'60': '唐僧徒弟，保护师父西行。孙悟空去借扇时，吩咐他与八戒保护师父。'}, {'61': '又称沙流精、悟净。唐僧三徒弟，陪同师父等待。'}, {'62': '又称沙僧、沙和尚。唐僧的三徒弟，负责看守行李马匹，保护师父。'}, {'63': '又称卷帘大将，唐僧徒弟，自称无法力但略通擒妖缚怪，在祭赛国陪伴国王并讲述师兄事迹。'}, {'64': '唐僧的三徒弟，又称沙和尚，挑行李随行，曾提议放火烧荆棘。'}, {'65': '又称沙和尚、悟净。唐僧徒弟，劝师父前行，后遭妖王擒拿，多次被捆。'}, {'66': '唐僧徒弟，与唐僧一同被黄眉大王捉拿。'}, {'67': '唐僧的三徒弟，又称沙和尚，负责挑担，本回中护持唐僧。'}, {'68': '唐僧的三徒弟，又称沙和尚。在会同馆安排茶饭。'}, {'69': '又称沙师弟。孙悟空三师弟，协助制药，曾质疑马尿入药，后一同查看龙马。性格稳重，劝八戒休多话。'}, {'70': '唐僧的三徒弟，与八戒一同护持唐僧。文中又称沙和尚。'}, {'72': '唐僧弟子，在路旁看守行李马匹，后与行者、八戒一同救师父。'}, {'73': '唐僧的三徒弟，又称沙和尚，与师父一同被毒药茶毒倒。'}, {'74': '唐僧的第三个徒弟，又称沙和尚。使用降妖宝杖，劝师父放心，有大师兄神通广大。'}, {'75': '又称沙和尚，取经团队成员，与唐僧一同在山坡下等候，被八戒劝分行李时拒绝。'}, {'76': '又称悟净。与八戒解包袱分行李，后与妖魔交战，使降妖杖。'}, {'77': '又称沙僧、悟净。使用宝杖，被二怪用鼻子卷住擒拿，捆在殿下。后与八戒一同被救，挑行李。'}, {'78': '唐僧徒弟，提议国丈可能是妖精，与八戒一同守护假行者。'}, {'79': '又称沙僧，唐僧的三徒弟。在金亭馆驿护持唐僧，后随同入朝。'}, {'80': '唐僧的三徒弟，沙和尚。本回中挑担牵马，言语不多。'}, {'81': '沙和尚，本回中与悟空、八戒一起守护师父并寻找唐僧。'}, {'82': '沙和尚，唐僧的三徒弟。与八戒一起在洞口守候，后接应师父。使用杖作为兵器。'}, {'83': '又称沙和尚。使用宝杖，与猪八戒一同助战，曾言“放屁添风”，后与众人一起救出唐僧。'}, {'84': '又称沙和尚、沙四官儿，与唐僧等一同扮作俗人，牵马挑担，在柜中保守行李。'}, {'85': '唐僧的三徒弟，又称沙僧。使用禅杖，在此回中保护唐僧，与妖精战斗。'}, {'86': '又称沙僧，唐僧的三徒弟，本回中看守行李马匹，与孙行者、猪八戒一起哭拜假人头，后随唐僧上路。'}, {'87': '唐僧的三徒弟，又称沙僧。在凤仙郡跟随行者做羽翼，护持师父，劝行者求雨以成正果。'}, {'88': '唐僧的三徒弟，又称沙和尚、灶君。使用降妖宝杖，性格稳重。在玉华县传授三王子武艺。'}, {'89': '唐僧的三徒弟，又称沙僧。使用降妖宝杖。在本回中扮作贩猪羊的客人，与师兄弟一同夺回兵器。'}, {'90': '沙和尚，唐僧的三徒弟，使用降妖杖。本回中与孙大圣一同战斗狮子精。'}, {'91': '又称沙悟净和尚、卷帘大将临凡，唐僧的三徒弟。脸黑，负责看守行李马匹。'}, {'92': '又称沙和尚、卷帘大将，唐僧的三徒弟，使用降妖宝杖。'}, {'93': '唐僧的三徒弟，又称沙僧、悟净。稳重细心，曾暗捏八戒提醒“斯文”。认为孙悟空只会弄棒不懂讲经。'}, {'94': '沙悟净，又称沙僧、悟净，原是卷帘大将，因失手打破玻璃盏被贬流沙河，后保唐僧西天取经，指河为姓。'}, {'95': '唐僧的徒弟，又称沙僧。与八戒一同保护唐僧。'}, {'96': '唐僧的三徒弟，又称沙和尚。稳重谨慎，本回中提议先问再进寇家，并笑八戒被打。'}, {'97': '又称沙僧，唐僧的三徒弟，本回中与师父一同被冤枉入狱，性格稳重。'}, {'98': '唐僧的三徒弟，又称悟净、卷帘。本回中随唐僧同行，过凌云渡，取经时护持经担，并取出紫金钵盂作为人事送给阿傩。'}, {'99': '唐僧三徒弟，又称沙和尚。本回中他认出通天河，提议驾师父过河，后守护经担。'}, {'100': '又称沙悟净、沙僧，原是卷帘大将，因蟠桃会上打碎玻璃盏，贬落流沙河，后保唐僧取经，封金身罗汉。'}]","沙僧,沙和尚",西游记
西游记_人物_法明长老_0,法明长老,人物,"[{'11': '海岛金山的和尚，收养了江流儿（陈玄奘）。'}, {'101': '金山寺长老，又称法明和尚。在江边救起玄奘并抚养长大，收为徒弟，取法名玄奘，后助其母子相认。'}]",迁安和尚,西游记
西游记_人物_法胜王佛_0,法胜王佛,人物,[{'100': '在结尾佛号中被提及的佛名。'}],[],西游记
西游记_人物_泰山王_0,泰山王,人物,"[{'3': '十代冥王之一，阴间天子，一同迎接孙悟空。'}, {'10': '十代阎王之一，参与审理太宗对案。'}]",[],西游记
西游记_人物_泼法金刚_0,泼法金刚,人物,[{'61': '五台山秘魔岩神通广大泼法金刚，奉佛祖命阻拦牛魔王。'}],[],西游记
西游记_人物_泾河龙王_0,泾河龙王,人物,"[{'9': '泾河水府的主人，八河都总管，司雨大龙神。因听到渔翁张稍提及卖卦先生百下百着，担心水族被尽打，变作白衣秀士去寻卦师。与袁守诚打赌降雨时辰和雨数，后接到玉帝敕旨与袁守诚判断毫发不差，却听从鲥军师之计故意改时辰、克点数，犯下天条。最终被判由人曹官魏征处斩，向唐太宗求救。'}, {'10': '即老龙、那龙。因犯天条被魏征梦斩，提首级向唐太宗索命，后被观音喝退，往阴司告状。'}, {'29': '被唐天子失救的泾河龙王，在唐太宗文牒中被提及。'}, {'39': '泾河龙宫的龙王，被魏徵梦斩。'}, {'43': '鼍洁的父亲，因错行风雨被魏征梦中斩首。本回中由敖顺提及，舍妹（鼍洁之母）孀居，前年病故。'}, {'68': '泾河龙神，刻减甘雨被魏徵梦斩。'}]",泾河老龙,西游记
西游记_人物_流元帅_0,流元帅,人物,"[{'3': '花果山四健将之一，原为赤尻马猴，被孙悟空封为元帅，与马元帅共掌军务。'}, {'6': '马流元帅之一，齐天大圣麾下。'}]",[],西游记
西游记_人物_海主_0,海主,人物,[{'32': '海里的主宰，蛟精解与海主。'}],[],西游记
西游记_人物_海德光明佛_0,海德光明佛,人物,[{'100': '在结尾佛号中被提及的佛名。'}],[],西游记
西游记_人物_混世魔王_0,混世魔王,人物,"[{'2': '住在水脏洞的妖魔，自称混世魔王，曾欺压花果山众猴，抢走家火，最终被孙悟空杀死。'}, {'3': '被孙悟空剿灭的魔王，其大刀被孙悟空夺走。'}]",[],西游记
西游记_人物_清净喜佛_0,清净喜佛,人物,[{'100': '在结尾佛号中被提及的佛名。'}],[],西游记
西游记_人物_清净大海众菩萨_0,清净大海众菩萨,人物,[{'100': '在结尾佛号中被提及的菩萨名。'}],[],西游记
西游记_人物_清风_0,清风,人物,"[{'24': '五庄观的仙童，镇元子的弟子，一千三百二十岁。与明月一同看家，接待唐僧，敲下人参果奉给唐僧。'}, {'25': '五庄观镇元大仙的弟子，道童。发现人参果被偷后与明月一起责骂唐僧师徒，后被孙行者用瞌睡虫弄睡。'}]",[],西游记
西游记_人物_温元帅_0,温元帅,人物,[{'51': '四大元帅之一，在南天门迎接孙悟空并邀茶。'}],[],西游记
西游记_人物_游弈灵官_0,游弈灵官,人物,[{'7': '奉玉帝旨往西方请佛老。'}],[],西游记
西游记_人物_灞波儿奔_0,灞波儿奔,人物,[{'62': '黑鱼精，乱石山碧波潭万圣龙王差来巡塔的妖精，与奔波儿灞一同被捉，供认偷宝细节。'}],[],西游记
西游记_人物_火德星君_0,火德星君,人物,"[{'32': '南方火德星君，南方妖魔解与火德。'}, {'51': '又称荧惑火德星君，居彤华宫。受孙悟空邀请率火部众神放火烧兕怪，但火龙火马等均被圈子套去。'}, {'52': '又称火德。率火部助战，火具被金刚琢套去。'}]",火德,西游记
西游记_人物_火焰五光佛_0,火焰五光佛,人物,[{'96': '华光菩萨的师父，佛教人物。'}],[],西游记
西游记_人物_火焰山土地_0,火焰山土地,人物,"[{'59': '火焰山的土地神，献斋给唐僧师徒，指出假芭蕉扇。'}, {'60': '火焰山土地，原为兜率宫守炉的道人，因失守被老君降下此间。告知孙悟空火焰山的来历及牛魔王的去向。'}, {'61': '火焰山的土地神，指引并助孙悟空等人。'}]",土地,西游记
西游记_人物_灵吉菩萨_0,灵吉菩萨,人物,"[{'21': '住在小须弥山的菩萨，如来赐他定风丹和飞龙宝杖，负责镇押黄风怪。本回中应孙悟空请求，用飞龙杖降服黄毛貂鼠。'}, {'59': '佛教菩萨，曾助孙悟空降服黄风怪，赠予定风丹。居住在小须弥山。'}, {'99': '佛教菩萨，难簿中记载“请求灵吉十四难”。'}]",[],西游记
西游记_人物_灵宝道君_0,灵宝道君,人物,[{'44': '道教三清之一，居于三清殿左边。文本中沙僧变作灵宝道君，原圣像被推倒。'}],[],西游记
西游记_人物_灵感大王_0,灵感大王,人物,"[{'47': '通天河中的妖怪，每年要吃陈家庄一对童男童女，保当地风调雨顺。本回中被提及但未正式出场。'}, {'48': '又称怪物、妖邪，通天河中的妖怪，每年要求陈家庄献祭童男女，有呼风唤雨等神通，后被行者八戒击败，捉走唐僧。'}, {'49': '又称妖邪、怪物，原为观音莲花池中的金鱼，每日浮头听经修成手段，手执九瓣赤铜锤，占据通天河水鼋之第，吃童男童女，摄走唐僧。'}]",[],西游记
西游记_人物_熊山君_0,熊山君,人物,[{'13': '一条黑汉，是个熊罴精，雄豪多胆量，轻健夯身躯，涉水逞凶，跑林逞威。到寅将军处做客，建议食其二留其一。'}],[],西游记
西游记_人物_熊罴怪_0,熊罴怪,人物,"[{'16': '黑风山黑风洞的妖精，趁观音禅院火灾盗走锦襕袈裟，又称黑怪。'}, {'17': '黑熊精，又称黑汉、黑大王、黑风王，住在黑风山黑风洞的妖怪，偷走唐僧的锦襕佛衣，欲办佛衣会。后被观音菩萨收伏，成为落伽山守山大神。'}]",黑大王,西游记
西游记_人物_燃灯上古佛_0,燃灯上古佛,人物,[{'100': '在结尾佛号中被提及的佛名。'}],[],西游记
西游记_人物_燃灯古佛_0,燃灯古佛,人物,"[{'5': '古佛，与太上老君在朱陵丹台上讲道，众仙童、仙将等侍立听讲。'}, {'98': '宝阁上的古佛。听闻阿傩、伽叶传无字经，笑东土众僧愚迷，派白雄尊者夺回无字经，让唐僧再来求取有字真经。'}]",[],西游记
西游记_人物_牛头鬼_0,牛头鬼,人物,"[{'3': '幽冥界鬼卒，被孙悟空吓得东躲西藏。'}, {'21': '地府牛头，被黄风吹得追马面。'}]",牛头,西游记
西游记_人物_牛金牛_0,牛金牛,人物,[{'65': '二十八宿之一，参与战斗。'}],[],西游记
西游记_人物_牛魔王_0,牛魔王,人物,"[{'3': '孙悟空的结义兄弟之一，七大圣之首，与孙悟空等讲文论武。'}, {'4': '孙悟空六弟兄之一，在孙悟空自称齐天大圣后，也自称平天大圣。'}, {'40': '红孩儿之父，曾与孙大圣结为七兄弟，被称为大哥。'}, {'41': '红孩儿之父，自称平天大圣，是孙悟空结拜七兄弟中的大哥。'}, {'42': '即老大王，孙悟空的结拜兄弟，原为邪魔，本回中被孙悟空假扮。'}, {'53': '如意真仙的兄长，孙悟空的旧日结拜兄弟，曾托信给如意真仙说孙悟空害了红孩儿。'}, {'59': '铁扇公主的丈夫，大力牛魔王，曾与孙悟空结拜为兄弟。'}, {'60': '又称大力王、牛王，是铁扇公主的丈夫，玉面公主的招赘夫君。使用混铁棍，坐骑辟水金睛兽。与孙悟空有旧交，但因孙悟空害其子牛圣婴及欺妻灭妾之事反目。在积雷山摩云洞居住，后赴碧波潭筵席。'}, {'61': '又称大力王、牛王。孙悟空的结拜兄弟，拥七十二变，与孙悟空争斗，最终被哪吒降服归顺佛家。'}, {'62': '被提及的妖怪，前日曾请万圣龙王赴会，结交九头驸马等。'}]",[],西游记
西游记_人物_牧童_0,牧童,人物,[{'71': '看守观音菩萨坐骑金毛犼的童子，因盹睡导致金毛犼咬断铁索下凡。'}],[],西游记
西游记_人物_特处士_0,特处士,人物,[{'13': '一条胖汉，是个野牛精，嵯峨双角冠，端肃耸肩背，性服青衣，蹄步迟滞。与熊山君同来寅将军处，笑问能否待客。'}],[],西游记
西游记_人物_犀牛_0,犀牛,人物,[{'99': '妖怪，难簿中记载“赶捉犀牛七十七难”。'}],[],西游记
西游记_人物_狐阿七大王_0,狐阿七大王,人物,[{'35': '老魔的舅舅，即老舅爷，狐狸精，率兵助阵，被猪八戒从背后一钯筑死。'}],[],西游记
西游记_人物_独角兕大王_0,独角兕大王,人物,"[{'50': '金皘山金皘洞的妖魔，头生独角，手持点钢枪，善用一个白色圈子套取兵器，擒拿了唐僧师徒。又称魔王、老怪、妖魔、兕大王。'}, {'51': '金皘洞的魔王，又称妖魔、怪物。神通广大，有一个白森森的圈子能套走各种兵器法宝，先后抢走孙悟空的金箍棒、哪吒的六般兵器以及火德星君的火具等。'}, {'52': '又称妖魔、怪物、老魔、兕怪、泼魔。本相为太上老君的青牛，手持长枪，拥有法宝金刚琢，能套取各种兵器水火，摄走唐僧、八戒、沙僧。'}]","兕大王,兕怪",西游记
西游记_人物_独角鬼王_0,独角鬼王,人物,"[{'4': '花果山外的鬼王，听闻孙悟空授天录得意荣归，特献赭黄袍，被孙悟空封为前部总督先锋，并建议孙悟空自称齐天大圣。'}, {'5': '花果山的鬼王，大圣命其领帅七十二洞妖王出阵迎战九曜星，后被天兵捉拿。'}]",[],西游记
西游记_人物_狮奴_0,狮奴,人物,[{'90': '太乙救苦天尊的狮奴，因偷吃轮回琼液导致九头狮子走失，后被责打。'}],[],西游记
西游记_人物_狮驼岭大王_0,狮驼岭大王,人物,[{'85': '狮驼岭狮驼洞的妖怪首领，先锋小妖曾在其麾下，因要吃唐僧被孙悟空打败。'}],[],西游记
西游记_人物_狮驼王_0,狮驼王,人物,"[{'3': '孙悟空的结义兄弟之一，七大圣之一。'}, {'4': '孙悟空六弟兄之一，在孙悟空自称齐天大圣后，自称移山大圣。'}, {'41': '称为移山大圣，是孙悟空结拜七兄弟中的四哥。'}]",狮狔王,西游记
西游记_人物_狻猊_0,狻猊,人物,[{'89': '九灵元圣的诸孙之一，随同九灵元圣前往玉华州报仇。'}],[],西游记
西游记_人物_狻猊狮_0,狻猊狮,人物,[{'90': '狮子精之一，使用闷棍，被孙大圣捉住。'}],[],西游记
西游记_人物_猕猴王_0,猕猴王,人物,"[{'3': '孙悟空的结义兄弟之一，七大圣之一。'}, {'4': '孙悟空六弟兄之一，在孙悟空自称齐天大圣后，自称通风大圣。'}, {'41': '称为通风大圣，是孙悟空结拜七兄弟中的五哥。'}]",[],西游记
西游记_人物_猪八戒_0,猪八戒,人物,"[{'8': '原为天蓬元帅，因戏弄嫦娥被贬下凡，错投猪胎，占据福陵山云栈洞，后受观音点化，法名猪悟能，等待取经人。'}, {'18': '即猪八戒，住在福陵山云栈洞的妖精，自称姓猪，官名猪刚鬣，生得黑脸短毛、长喙大耳，会使风，有九齿钉钯，会天罡数变化，曾与九天荡魔祖师相识，被行者假扮翠兰探出底细。'}, {'19': '原为天蓬元帅，因酒醉调戏嫦娥被贬下凡，错投猪胎，俗名猪刚鬣，住福陵山云栈洞。后受观音菩萨劝善，被唐僧收为徒弟，法名悟能，别名八戒。他使用九齿钉钯，曾与孙悟空大战，后烧毁云栈洞，跟随唐僧西行。'}, {'20': '三藏的二徒弟，又称八戒、呆子、老猪。原在高老庄，受菩萨戒行，保唐僧西天取经。使用九齿钉钯，相貌丑陋，长嘴大耳。'}, {'21': '又称八戒、呆子，唐僧的二徒弟，原为天蓬元帅，使九齿钉耙。本回中与孙悟空一起寻找师父，看守马匹行李，提醒孙悟空感恩太白金星。'}, {'22': '唐僧的二徒弟，又称八戒、呆子、天蓬元帅、天蓬帅。本回中主动下水与沙悟净大战三次，使用诈败计引怪上岸，最终与行者、木叉一同收服悟净。'}, {'23': '又称八戒、呆子。原为天蓬元帅，后随唐僧西行，好色懒惰，本回中贪恋美色富贵，被菩萨用珍珠篏锦汗衫儿惩罚。'}, {'24': '即猪八戒，又称呆子。唐僧的二徒弟，食肠大，贪吃。在五庄观怂恿行者偷人参果，并囫囵吞下一枚。'}, {'25': '唐僧的二徒弟，又称八戒、呆子。怂恿孙行者偷人参果，被绑后试图用钉钯筑破袖子。'}, {'26': '又称八戒。唐僧弟子，认为孙悟空医树是脱身之计。'}, {'27': '唐僧的二徒弟，又称呆子、悟能。本回中贪恋美色，被白骨精所变女子迷惑，并在唐僧面前进谗言，怂恿念咒，导致悟空被逐。'}, {'28': '又称八戒、呆子，唐僧的徒弟，使九齿钉钯，在松林外出化斋时因困倦睡觉，后与沙僧一同寻找师父，在碗子山波月洞前与黄袍怪交战。'}, {'29': '唐僧的二徒弟，法名悟能，又名八戒，原为天蓬元帅。使九齿钉钯，会三十六般变化，曾与沙僧联手斗黄袍怪，后受宝象国国王之邀去降妖。'}, {'30': '唐僧的三徒弟，又称八戒。曾因孙悟空被赶走而撺掇念紧箍儿咒，后受小白龙之托去请孙大圣。'}, {'31': '唐僧的二徒弟，又称八戒、呆子。受白龙马之托去花果山请孙悟空救唐僧，并用激将法骗孙悟空说黄袍怪骂他，成功激怒孙悟空。'}, {'32': '唐僧的二徒弟，又称八戒、呆子、木母、猪祖宗、猪外公。原为天蓬元帅，手持钉钯。本回中被孙悟空派去巡山，却偷懒睡觉并编谎话，后被识破，再巡山时遭遇银角大王，战败被擒入莲花洞。'}, {'33': '又称八戒、悟能、呆子，唐僧徒弟。被二魔拿住，浸在后边净水池中，后吊在东廊。'}, {'34': '又称八戒、呆子，唐僧的二徒弟，被吊在洞中梁上，认出孙行者变化的假老奶奶，因看到猴尾巴而说破。'}, {'35': '唐僧二徒弟，被吊在梁上，多话险些被蒸，后参与战斗，用九齿钉钯筑死狐阿七大王。'}, {'36': '唐僧的二徒弟，又称八戒。本回中他挑着行李，听行者说天地如敞厅便想转回去，见众僧磕头接唐僧，笑师父不济事，晚斋时要求煮一石米，对月自嘲缺憾，劝师父莫听乱讲误了睡觉。'}, {'37': '唐三藏的二徒弟，原为天蓬元帅，在禅堂中被唐僧叫醒后抱怨辛苦。又称八戒。'}, {'38': '又称八戒、呆子、天蓬元帅。唐僧的二徒弟，身粗力大。被孙悟空哄骗去偷宝贝，实则下井背出乌鸡国王尸首，途中暗恼行者，撺唆唐僧念紧箍儿咒。'}, {'39': '又称八戒、呆子，唐僧的二徒弟，原是天蓬元帅，使用九齿钉钯。在乌鸡国配合孙悟空救国王，并出主意让唐僧念紧箍儿咒辨认真假师父。'}, {'40': '唐僧的二徒弟，又称呆子，原为天蓬元帅，使钉钯，贪吃懒散，但有时也跟随降妖。'}, {'41': '又称猪八戒、猪悟能、呆子，长嘴大耳，使用九齿钯。与孙悟空一同寻战红孩儿，被红孩儿假扮观世音骗入洞中，装入如意皮袋。后经孙悟空救应，并用按摩禅法救活了被冷水激晕的孙悟空。'}, {'42': '又称猪悟能，唐僧弟子，曾与红孩儿交战，被假观音赚入洞中吊在如意袋里。'}, {'43': '又称呆子，唐僧的二徒弟。本回中与唐僧一同被鼍龙骗上小船，连船带人摄走，被捆在水府中准备蒸食，后被沙僧和河神救出。'}, {'44': '唐僧的二徒弟，又称八戒、呆子。贪吃好睡，文本中与孙悟空、沙僧一同去三清观偷吃供品，变作太上老君，并将三清圣像扛入厕所。'}, {'45': '又称八戒、悟能，唐僧的二徒弟，性格贪吃好色，随孙大圣一同戏弄道士，在求雨时协助师父，曾撒尿冒充圣水。'}, {'46': '又称呆子，唐僧的二徒弟，性格贪吃好动，常与孙行者斗嘴，在赌赛中旁观并调侃，后因孙行者假死而骂其“弼马温”。'}, {'47': '即猪八戒，又称悟能、呆子。原为天蓬元帅，会三十六般变化，性贪吃懒惰。本回中在陈家庄吃饭食量大，后变作一秤金，与悟空同去祭赛灵感大王。'}, {'48': '又称呆子、猪八戒，原为天蓬元帅，唐僧徒弟，手持钉钯，性格贪吃懒惰但有时机智，曾参与祭赛并协助捉妖。'}, {'49': '又称八戒、呆子，唐僧的二徒弟，原是天蓬元帅，惯水，使用钉钯，曾变作一秤金，与沙僧大战灵感大王。'}, {'50': '唐僧的二徒弟，长嘴大耳，本回中因偷穿纳锦背心被妖魔捆绑擒获。又称呆子、悟能。'}, {'52': '又称八戒。与沙僧、唐僧一同被捆在金皘洞中。'}, {'53': '唐僧的二徒弟，又称八戒、呆子。误饮子母河水后同样腹疼成胎，后解胎。'}, {'54': '唐三藏的二徒弟，法号猪八戒，又名八戒、呆子，生得长嘴大耳，食肠宽大。本回中自称“销猪”，以丑相吓退围观妇女，在女王求亲时曾开玩笑想留下招赘，宴席上大吃大喝。'}, {'55': '又称八戒、呆子，唐僧的二徒弟，使用钉钯，被蝎子精扎伤嘴唇。'}, {'56': '唐僧的二徒弟，又称八戒、呆子、猪悟能。使用钉钯，本回中卖弄精神赶马，埋尸体时用嘴拱土。'}, {'57': '又称八戒、呆子，唐僧的二徒弟。本章中为师父化斋，变作食痨病黄胖和尚，后与沙僧一起发现师父被打晕。'}, {'58': '又称八戒、呆子，唐僧的二徒弟，曾去花果山寻找包袱。'}, {'59': '唐僧的二徒弟，又称八戒、呆子。'}, {'60': '又称八戒，唐僧徒弟，保护师父西行。孙悟空去借扇时，吩咐他与沙僧保护师父。'}, {'61': '又称八戒、呆子、猪精。唐僧二徒弟，助孙悟空与牛魔王战斗，筑死玉面公主。'}, {'62': '又称八戒、猪悟能。唐僧的二徒弟，性格贪吃，使用钉钯。与孙悟空一同押送妖贼，并协助擒妖。'}, {'63': '又名八戒、呆子、木母、天蓬元帅，曾掌管天河八万水兵，后皈依唐僧取经。本回中随孙悟空前往碧波潭，被九头虫捉入龙宫，后得救，用钉钯大闹龙宫，打死龙子，协助孙悟空夺回宝贝。'}, {'64': '唐僧的二徒弟，又称八戒、悟能、呆子，用钉钯分开荆棘开路，并筑倒松柏桧竹等树精。'}, {'65': '又称八戒。唐僧徒弟，随师父进入小雷音寺被擒，后被孙悟空解救，参与战斗，又被搭包装走。'}, {'66': '又称八戒，唐僧徒弟，被黄眉大王擒获，后得救，使用钉钯。'}, {'67': '唐僧的二徒弟，又称呆子、悟能，使用九齿钯，会三十六般变化。本回中变作大猪拱开稀柿衕。'}, {'68': '唐僧的二徒弟，又称八戒、呆子。相貌丑陋，被行者戏弄，怀中揣了皇榜。'}, {'69': '又称八戒、呆子。孙悟空二师弟，贪吃贪睡，协助制药（取巴豆、锅灰等），曾想踢马取尿。后随行者入朝赴宴，差点说漏马尿之事。'}, {'70': '唐僧的二徒弟，在朱紫国金銮殿前护持王师，曾想抢功打妖尸。文中又称八戒。'}, {'71': '唐僧徒弟，号八戒。在本回中嘲笑国王被金圣宫娘娘毒刺蛰倒，并提议让行者去扯。'}, {'72': '猪八戒，又称呆子、天蓬元帅悟能八戒。本回中自告奋勇化斋未果，后入濯垢泉变作鲇鱼精戏弄女怪，被丝绳绊倒跌伤，最后放火烧了盘丝洞。'}, {'73': '唐僧的二徒弟，长嘴大耳朵，使用九齿钉钯，曾与蜘蛛精在濯垢泉争斗，也被毒药茶毒倒。'}, {'74': '唐僧的第二个徒弟，法名悟能，又称八戒、呆子。使用九齿钉钯。性格老实但也胆小，听说妖魔众多时吓得要各自顾命。'}, {'75': '又称八戒、呆子，取经团队成员，随孙大圣前往洞口叫战，曾想分行李散伙，后见老魔张口吞人便钻入草中躲避。'}, {'76': '又称八戒、呆子、悟能。被二魔用鼻子卷住擒拿，浸于池塘，后行者救出。攒有四钱六分银子私房，被行者诈去。用钉钯作战。'}, {'77': '又称八戒、呆子。使用钉钯，被老魔咬住擒拿，捆在金銮殿。蒸笼中被放在底下一格，后与沙僧一同被救。抱怨行者，最终被解救。'}, {'78': '又称呆子，唐僧徒弟，劝师父莫管闲事，后和泥协助行者变化。'}, {'79': '又称猪悟能、呆子，唐僧的二徒弟，使用九齿钉钯。随行者降妖，协助刨树、筑狐狸，贪吃但勇猛。'}, {'80': '唐僧的二徒弟，猪八戒，又称呆子。贪吃好色，本回中被唐僧叫去解救树上女子，被孙悟空阻止。'}, {'81': '八戒，又称呆子。本回中陪伴师父，后与悟空等一同寻师。'}, {'82': '猪八戒，又称呆子，唐僧的二徒弟。下山寻路时遇到两个女怪，被其打伤。后变化成黑胖和尚去套话，得知师父被妖精抓走。提出分行李散伙，最终与行者等配合救师父。'}, {'83': '又称八戒、呆子。原为天蓬元帅，使用钉钯。与沙僧一同助孙悟空打妖精，曾提议再进洞救师父，后与天兵会合。'}, {'84': '又称八戒、呆子、朱三官儿，性格贪睡贪吃，头大戴不得头巾，由行者将两顶缝做一顶。在柜中被行者捻腿，醒来后参与取经。'}, {'85': '唐僧的二徒弟，又称八戒、呆子。原为天蓬元帅，使用九齿钉钯，会三十六般变化。被孙悟空哄去前村斋僧，结果撞入妖精阵地，苦战得胜。'}, {'86': '又称八戒、呆子，唐僧的二徒弟，使用钉钯，本回中与孙行者一同打妖怪，误将假人头当成唐僧的头而痛哭，后与孙行者一起打破洞府，助战杀敌。'}, {'87': '唐僧的二徒弟，又称八戒。性格村愚贪吃，提议变出法身吃掉米山面山，在求雨过程中辅助行者。'}, {'88': '唐僧的二徒弟，又称八戒、呆子、猪魈。使用九齿钉钯，好食懒做但有时也施展神通。在玉华县传授二王子武艺。'}, {'89': '唐僧的二徒弟，又称八戒、呆子、天蓬。使用九齿钉钯，性格鲁夯。在本回中变作刁钻古怪，协助夺回兵器。'}, {'90': '猪八戒，又称呆子，唐僧的二徒弟，使用九齿钯。本回中被狮子精捉住，后被孙大圣救出。'}, {'91': '又称猪悟能、天蓬大元帅转世，唐僧的二徒弟。嘴长，性格诙谐，提议锯犀牛角卖钱。'}, {'92': '又称八戒、呆子、天蓬元帅，唐僧的二徒弟，使用钉钯，性格贪吃懒惰。'}, {'93': '唐僧的二徒弟，又称八戒、呆子。贪吃好色，嘴脸丑陋，曾言“皮肉粗糙，骨格坚强”。被沙僧嘲笑肚子空空。'}, {'94': '猪八戒，又称八戒、悟能、呆子，原是天蓬元帅，因蟠桃酒醉戏弄嫦娥被贬下凡，错投猪胎，住在福陵山，后保唐僧西天取经，贪吃贪睡，财色心重。'}, {'95': '唐僧的徒弟，又称八戒、呆子。保护唐僧，见到霓裳仙子时动了欲心，被孙悟空制止。'}, {'96': '唐僧的二徒弟，又称八戒、呆子。贪吃懒惰，本回中多次抱怨走路，想多留住几日吃斋，被唐僧喝斥。'}, {'97': '又称八戒，唐僧的二徒弟，本回中与唐僧一同被冤枉入狱，性格絮叨。'}, {'98': '唐僧的二徒弟，又称悟能、天蓬。本回中随唐僧登灵山，畏难不敢走凌云渡独木桥，后乘无底船过河，取经时挑经担，发现无字经后嚷着告状。'}, {'99': '唐僧二徒弟，又称八戒，贪吃懒惰。本回中他抱怨金刚作弊，提议去陈家庄晒经，后脾胃变弱吃不下太多。'}, {'100': '又称猪悟能、八戒，原是天河水神天蓬元帅，因蟠桃会上酗酒戏仙娥，贬下界投胎为猪妖，在福陵山云栈洞作怪，后保唐僧取经，封净坛使者。'}]","八戒,猪刚鬣,猪悟能",西游记
西游记_人物_猱狮_0,猱狮,人物,"[{'89': '九灵元圣的诸孙之一，随同九灵元圣前往玉华州报仇。'}, {'90': '狮子精之一，使用铁蒺藜，被孙大圣拖倒活捉。'}]",[],西游记
西游记_人物_玉兔_0,玉兔,人物,[{'95': '广寒宫捣玄霜仙药的玉兔，又称妖精、妖邪。私自下界，变作假公主，欲配唐僧破其元阳，使用捣药杵为兵器，后被太阴星君收服。'}],[],西游记
西游记_人物_玉兰_0,玉兰,人物,[{'18': '高太公的二女儿，从小配与本庄人家。'}],[],西游记
西游记_人物_玉华王_0,玉华王,人物,"[{'88': '天竺国皇帝之宗室，封为玉华王，治理玉华县。贤达敬僧，接待唐僧师徒，并允许三个儿子拜师学艺。'}, {'89': '玉华州的君主，已传位五代。为人贤明，招待唐僧师徒，并听从孙行者建议防守城池。'}, {'90': '玉华州老王，又称老王，其三个王子拜唐僧师徒为师，本回中被九灵元圣噙走，后被救出。'}]",老王子,西游记
西游记_人物_玉圣_0,玉圣,人物,[{'71': '朱紫国宫中妃嫔之一，与银圣一起扶起因触动毒刺而跌倒在地的国王。'}],[],西游记
西游记_人物_玉圣宫_0,玉圣宫,人物,[{'69': '国王的东宫王后，现仍在宫中。'}],[],西游记
西游记_人物_玉清元始天尊_0,玉清元始天尊,人物,[{'7': '三清之一，赴安天大会拜献如来。'}],[],西游记
西游记_人物_玉皇大帝_0,玉皇大帝,人物,"[{'1': '即玉帝，高天上圣大慈仁者，驾座金阙云宫灵霄宝店，被石猴目运金光惊动，垂赐恩慈称下方之物不足为异。文本中亦称玉帝。'}, {'3': '天庭最高统治者，又称玉帝，高天上圣大慈仁者，驾坐金阙云宫灵霄宝殿，听取东海龙王与冥界奏表，准太白金星招安之策。'}, {'4': '天庭的最高统治者，又称玉皇。垂帘听政，听从太白金星建议封孙悟空为弼马温，后因孙悟空反叛，派托塔李天王讨伐，最终接受太白金星建议封孙悟空为齐天大圣。'}, {'5': '天庭的统治者，早朝时接受许旌阳真人建议，让齐天大圣管蟠桃园。后得知大圣偷桃偷酒盗丹，派四大天王、李天王等率十万天兵下界捉拿。'}, {'6': '玉皇大帝，在通明殿、灵霄宝殿处理妖猴作乱之事，调遣天兵，接受观音举荐二郎神，后传旨将妖猴押至斩妖台。'}, {'7': '天庭之主，称万岁、玉皇上帝。因悟空大乱天宫，传旨请如来降伏。后设宴谢如来，称大天尊。'}, {'8': '天庭之主，又称五帝，曾请如来安天，惩罚卷帘大将和天蓬元帅等。'}, {'9': '天庭的玉皇大帝，降下敕旨命泾河龙王明日施雨普济长安城，并命魏征梦斩泾河龙王。'}, {'15': '天庭之主，曾判玉龙三太子死罪，后由观音求情赦免。'}, {'16': '天庭的主宰，观音菩萨曾来见玉帝借神将保护唐僧。'}, {'17': '天庭之主，曾在孙悟空大闹天宫时传宣诏封其为齐天大圣，后又派天兵天将降伏孙悟空。'}, {'19': '天庭之主，又称玉皇大帝。曾设宴款待群仙，敕封天蓬元帅，后因天蓬调戏嫦娥，依律问罪，经太白金星说情改刑贬下凡。'}, {'22': '天庭之主，又称玉皇。曾加封卷帘将为卷帘大将，后因其失手打破玉玻璃而将其贬下凡间。'}, {'31': '天庭的玉皇大帝。孙悟空上天庭告状，玉帝命查得奎木狼下界，将其贬去兜率宫烧火。'}, {'32': '天庭统治者，孙悟空说天魔解与玉帝。'}, {'33': '玉皇大帝，天庭之主，准许哪吒三太子助孙悟空，依卿所奏。'}, {'42': '天宫之主，曾差十万天兵捉拿孙悟空。'}, {'43': '天庭的最高统治者。本回中由敖顺提及守擎天华表之事，河神欲启奏玉帝而未得。'}, {'45': '天庭主宰，虎力大仙通过五雷法发文书惊动玉帝，玉帝掷下旨意令雷神助雨。'}, {'51': '又称玉帝、玉皇天尊。灵霄宝殿的主宰，听闻孙悟空奏报后降旨查勘思凡下界者，并派遣托塔李天王、哪吒太子及雷公等助阵。'}, {'52': '又称玉皇大帝、玉皇张大帝。差遣李天王等助孙悟空。'}, {'56': '天庭的主宰，孙悟空自称玉帝认得他，曾封孙悟空为弼马温。'}, {'58': '玉皇大帝，天界之主，曾命托塔李天王用照妖镜辨别真假孙悟空。'}, {'63': '天庭主宰，被提及因孙悟空大闹天宫而心惊。'}, {'65': '玉皇大帝，天庭之主，应五方揭谛奏请，差二十八宿下界救孙悟空。'}, {'66': '又称玉皇，曾降敕旨令荡魔天尊威镇北方。'}, {'69': '其戴破的头巾被孙悟空列为药引之一（虚拟）。'}, {'71': '天庭主宰，孙悟空自述中提及曾传宣旨意，请孙悟空上天做官。'}, {'83': '又称玉帝。天庭主宰，受理孙悟空的御状，批准太白金星与孙悟空去宣李天王，后降恩免究。'}, {'85': '天庭的玉皇大帝，猪八戒自述中提及被玉皇贬下凡间。'}, {'87': '玉皇大天尊。因凤仙郡侯上官正冒犯上天，立米山、面山、黄金大锁三事，待三事倒断才肯降雨。后见善念，传旨降雨三尺零四十二点。'}, {'92': '天庭玉皇大帝，听取孙悟空求救后下旨派四木禽星下界降妖。'}, {'94': '玉皇大帝，又称玉帝，天庭之主，曾授八戒天蓬元帅、沙僧卷帘大将等官职。'}]","玉帝,玉皇,玉皇上帝,玉皇大天尊玄穹高上帝",西游记
西游记_人物_玉面公主_0,玉面公主,人物,"[{'60': '万岁狐王之女，拥有百万家私，招赘牛魔王为夫，居住在积雷山摩云洞。因铁扇公主派人来请牛魔王而发怒，被孙悟空吓骂。'}, {'61': '牛魔王爱妾，原是玉面狸精，被猪八戒筑死。'}]",[],西游记
西游记_人物_王妃_0,王妃,人物,[{'90': '玉华王的王妃，请求孙大圣救回王子和唐僧。'}],[],西游记
西游记_人物_王小二_0,王小二,人物,[{'84': '开饭店的店家，店名王小二店。行者从其店中偷了衣服头巾，后行者显身份告知借衣冠。'}],[],西游记
西游记_人物_王小二婆婆_0,王小二婆婆,人物,[{'84': '王小二的妻子，带着两个孩子，补衣服不睡，发现老鼠偷衣喊叫‘夜耗子成精’。'}],[],西游记
西游记_人物_王左衙_0,王左衙,人物,[{'101': '江州衙门的官吏，奉刘洪之命催办僧鞋。'}],[],西游记
西游记_人物_王母娘娘_0,王母娘娘,人物,"[{'5': '天庭女仙，在瑶池设蟠桃胜会，派七衣仙女去摘桃。后得知蟠桃被大圣偷吃，向玉帝告状。'}, {'6': '请观音菩萨赴蟠桃大会，后在灵霄殿与玉帝、太上老君等同在。'}, {'7': '即王母。引仙子仙娥献舞，并亲摘大株蟠桃奉献如来。'}, {'17': '王母娘娘，天庭女仙之首，拥有蟠桃园，孙悟空曾偷吃其蟠桃。'}, {'19': '王母娘娘，在瑶池开蟠桃会，邀众仙赴宴。天蓬元帅因醉酒闹事被贬。'}, {'21': '西王母，其裙腰钏被黄风吹断。'}, {'22': '天庭女仙之首，又称王母娘娘。曾设蟠桃宴邀请众将，卷帘将在宴会上失手打破玉玻璃。'}, {'24': '天庭的女仙，举办蟠桃宴，海外诸仙曾将人参果献给她上寿。'}, {'26': '常来蓬莱仙境，被提及曾奉祝三仙几次桃。'}, {'62': '天庭的女仙，其九叶灵芝草被万圣公主偷走。'}, {'63': '被提及的神仙，其九叶灵芝草被万圣宫主偷取。'}, {'69': '其搽脸粉被孙悟空列为药引之一（虚拟）。'}, {'71': '王母娘娘，孙悟空自述中提及在瑶台被拜见。'}, {'85': '王母娘娘，猪八戒自述中提及吃了王母的灵芝菜。'}]","王母,西池王母",西游记
西游记_人物_王灵官_0,王灵官,人物,[{'7': '佑圣真君的佐使，执殿灵霄殿。持金鞭挡住大圣，与之厮杀。又称灵官。'}],[],西游记
西游记_人物_王珪_0,王珪,人物,"[{'9': '唐太宗朝中的文官，位列朝班，朝贺时出现。'}, {'11': '唐朝官员，在朝班中。'}]",[],西游记
西游记_人物_现无愚佛_0,现无愚佛,人物,[{'100': '在结尾佛号中被提及的佛名。'}],[],西游记
西游记_人物_班_0,班,人物,[{'72': '妖精的干儿子之一，本体是班毛。'}],[],西游记
西游记_人物_电母_0,电母,人物,"[{'9': '司电之神，受泾河龙王点札，参与长安城行雨。'}, {'45': '掌管闪电的神仙，随邓天君前来，被孙大圣要求按棍子号令闪电。'}]",[],西游记
西游记_人物_白泽_0,白泽,人物,[{'89': '九灵元圣的诸孙之一，随同九灵元圣前往玉华州报仇。'}],[],西游记
西游记_人物_白泽狮_0,白泽狮,人物,[{'90': '狮子精之一，使用铜锤，被孙大圣捉住。'}],[],西游记
西游记_人物_白衣秀士_0,白衣秀士,人物,[{'17': '白花蛇精，与黑熊精、凌虚子为友，在芳草坡前与黑汉、道人谈论，后被孙悟空一棒打死，现出白花蛇原形。'}],[],西游记
西游记_人物_白雄尊者_0,白雄尊者,人物,[{'98': '奉燃灯古佛之命，驾狂风追赶上唐僧，伸手抢去马驮的经包，捽碎抛落尘埃，使唐僧发现经本无字。'}],[],西游记
西游记_人物_白骨夫人_0,白骨夫人,人物,"[{'27': '白虎岭上的妖精，又称尸魔、那怪。本回中三次变化为女子、老妇、老公公，企图捉拿唐僧以吃其肉长生不老，最终被悟空打死，现出原形为一堆粉骷髅，脊梁上有‘白骨夫人’字样。'}, {'30': '白虎岭上的白骨精，曾被孙悟空打杀。提及于猪八戒回忆中。'}]",[],西游记
西游记_人物_白鹦哥_0,白鹦哥,人物,"[{'42': '观音身边的灵禽，展翅前飞引路。'}, {'57': '观音菩萨身边的灵禽，能知菩萨呼唤。本章中在紫竹林中飞来飞去。'}, {'58': '观音菩萨身边的灵禽，随观音一同送孙悟空回唐僧处。'}]",[],西游记
西游记_人物_白鼋_0,白鼋,人物,"[{'49': '又称白鼋、癞头鼋，通天河原住水族，修行一千三百余年，被灵感大王夺走住宅，后得孙悟空和观音收复妖怪，为报答恩情，驮唐僧师徒过河，并托唐僧问佛祖何时得脱本壳。'}, {'50': '驮唐僧师徒渡过通天河的巨鼋。'}, {'99': '通天河中的大白赖头鼋，曾驮唐僧渡河，因唐僧未帮问寿数而将师徒淬入水中。本回中他自称等了几年。'}]",老鼋,西游记
西游记_人物_白龙马_0,白龙马,人物,"[{'8': '西海龙王敖闰之子，因纵火烧毁殿上明珠被玉帝吊打，后得观音相救，被送在深涧中等待变作白马作取经人脚力。又称小龙。'}, {'15': '唐僧原本的坐骑，在鹰愁涧被玉龙三太子连鞍辔一口吞下。'}, {'16': '唐僧的坐骑，被辟火罩保护。'}, {'20': '三藏的坐骑，驮行李的白马。'}, {'23': '原为西海龙王敖闰之子，因纵火烧明珠被罚，经观音菩萨点化变为白龙马，驮唐僧西行。本回中被孙悟空用金箍棒惊吓而快跑。'}, {'25': '唐僧的坐骑，连同行李被镇元仙用袖子笼住。'}, {'28': '唐僧的坐骑，白色马匹，拴在松林树上。'}, {'30': '原为西海龙宫太子，因犯天条变作白马驮唐僧取经，又称小龙、白龙马。曾变作宫娥与老妖相斗，被满堂红打伤后腿。'}, {'31': '唐僧的坐骑，原是龙身。曾夜现龙身去寻师父，变作宫娥欲砍黄袍怪，反被打伤马腿，后让猪八戒去请孙悟空。'}, {'32': '唐僧的坐骑，本回中唐僧骑白马前行。'}, {'33': '即白龙马，唐僧的坐骑，原是龙。被二魔摄去送在槽上。'}, {'34': '唐僧的坐骑，白龙马，有独立意识，与行李一同被魔头扣押。'}, {'36': '唐僧的坐骑。本回中唐僧攀鞍上马，沙和尚拢着马头，行者牵马，众僧喂马，后拴在禅堂里。'}, {'40': '唐僧的坐骑，原为西海龙王三太子，在狂风中被吓得战兢发喊。'}, {'43': '唐僧的坐骑，本回中驮行李，后过河时骑乘。'}, {'48': '原为西海龙孙，唐僧的坐骑，能知水性，在冰河上行走时随唐僧落入水中。'}, {'50': '唐僧的坐骑，被一同牵入洞中。'}, {'53': '唐僧的坐骑，白色骏马。'}, {'54': '唐僧的坐骑，原为龙马。沙僧伏侍唐僧上马西行。'}, {'56': '唐僧的坐骑，原为白龙马，本回中唐僧欲将龙马送人。又称白马、蛟龙。'}, {'65': '唐僧的坐骑，白马，被拴在后边，未参与战斗。'}, {'66': '唐僧的坐骑，被喂饱后继续西行。'}, {'69': '唐僧的坐骑，本是西海飞龙（西海龙王三太子），因犯天条被观音菩萨救下，锯角退鳞变作马。能口吐人言，其尿有奇效，过水鱼食成龙，过山草变灵芝。此回中被八戒踢起，努出少半盏马尿用于制药。'}, {'77': '又称龙马。唐僧的坐骑，原是龙王之子，被孙悟空悄悄牵出。'}, {'80': '唐僧的坐骑，白马。本回中唐僧乘马，八戒牵马。'}, {'81': '原是龙子出身，驮行李踏风雾随行。'}, {'82': '唐僧的坐骑，原为龙。八戒提到要回大海成龙。'}, {'83': '唐僧的坐骑，原为龙身，被妖精连同唐僧一起摄走，后获救。'}, {'84': '唐僧的坐骑，原为白龙马。在此回中被当作贩马的货物，样子为‘鬃分银线，尾軃玉条’，被总兵骑乘。'}, {'85': '唐僧的坐骑，被贼偷出后被总兵缴获，猪八戒认领。'}, {'93': '唐僧的坐骑，牵入会同馆驿。'}, {'97': '唐僧的坐骑，本回中被强盗觊觎，后被官府扣留又归还。'}, {'99': '唐僧坐骑，原为西海龙王三太子，能通人性。本回中它被白鼋驮渡，落水后随众上岸，深夜会意离开。'}, {'100': '又称小白龙、八部天龙马，原为西海龙王之子，因违逆父命犯不孝之罪，化作白马驮唐僧取经，后封八部天龙广力菩萨，在化龙池恢复龙身，盘绕于擎天华表柱上。'}]","小龙,敖闰龙王玉龙三太子,玉龙,白马,西海小龙王,马,龙马,龙马三太子",西游记
西游记_人物_百眼魔君_0,百眼魔君,人物,[{'73': '黄花观道士，又称多目怪，本相为七尺长短的大蜈蚣精，两胁下有一千只眼能放金光（千眼金光），用毒药茶毒害唐僧师徒，后被毗蓝婆菩萨收伏。'}],[],西游记
西游记_人物_百花羞_0,百花羞,人物,"[{'29': '宝象国三公主，乳名百花羞。十三年前被黄袍怪摄去为妻，后遇唐僧，修家书托其送至父王，请求派兵救自己回朝。'}, {'30': '宝象国国王的第三个女儿，被老妖掳走作压寨夫人，曾暗中修书救唐僧。'}, {'31': '宝象国公主，被黄袍怪摄走做了十三年夫妻。曾修家书托唐僧寄给父王，后得孙悟空解救回国。'}]","三公主,宝象国王第三个公主",西游记
西游记_人物_皂衣仙女_0,皂衣仙女,人物,[{'5': '王母娘娘差遣的七衣仙女之一，前往蟠桃园摘桃，被大圣定身法困住。'}],[],西游记
西游记_人物_皇后_0,皇后,人物,[{'11': '唐太宗的皇后，在白虎殿举哀，后得知御妹李玉英跌死。'}],[],西游记
西游记_人物_监丞_0,监丞,人物,[{'4': '御马监中的官员，辅佐催办事务，曾与孙悟空欢饮并告知弼马温官衔大小。'}],[],西游记
西游记_人物_监副_0,监副,人物,[{'4': '御马监中的官员，辅佐催办事务，参与宴请孙悟空。'}],[],西游记
西游记_人物_监斩官_0,监斩官,人物,[{'46': '负责监督行刑的官员，多次向国王报告砍头、剖腹、油锅等赌赛结果，后被孙行者一棒打作肉团。'}],[],西游记
西游记_人物_盘古_0,盘古,人物,[{'1': '破开鸿蒙、开天辟地的神祇，使混沌分清浊。'}],[],西游记
西游记_人物_直健_0,直健,人物,[{'6': '梅山六兄弟之一，二将军之一，随二郎神出战花果山。'}],[],西游记
西游记_人物_直符使者_0,直符使者,人物,[{'87': '捧送道家文书、僧家关牒到天门的符使，向行者施礼并称劝善之功。'}],[],西游记
西游记_人物_相良_0,相良,人物,"[{'10': '河南开封府人氏，在阴司寄放十三库金银。太宗出名借用一库给散饿鬼。'}, {'11': '河南开封府人，卖水为生，与妻张氏贩卖乌盆瓦器，好善斋僧布施，在阴司积有金银。太宗还魂后命胡敬德还债，相良不敢受。'}]",[],西游记
西游记_人物_真公主_0,真公主,人物,[{'93': '天竺国国王的亲生公主，前年在御花园赏花时被妖邪摄去。'}],[],西游记
西游记_人物_真官_0,真官,人物,[{'78': '被行者拘来，奉命救助小儿的基层神祇之一。'}],[],西游记
西游记_人物_真武_0,真武,人物,"[{'21': '真武大帝，其龟蛇被黄风吹得失群。'}, {'32': '北方真武大帝，北方妖魔解与真武。'}, {'33': '又称真武祖师，北天门之神，将皂雕旗借给哪吒三太子。'}]",[],西游记
西游记_人物_眼看喜_0,眼看喜,人物,[{'14': '六个剪径毛贼之一，代表眼根之欲，被孙悟空打死。'}],[],西游记
西游记_人物_社令_0,社令,人物,"[{'8': '土地神的一种，长安城各庙神祇之一。'}, {'78': '被行者拘来，奉命救助小儿的基层神祇之一。'}]",[],西游记
西游记_人物_祭赛国王_0,祭赛国王,人物,"[{'62': '祭赛国的国君，因金光寺宝塔失光而怀疑寺僧偷宝，后得知真相，宴请唐僧师徒，请他们捉妖取宝。'}, {'63': '祭赛国君主，因金光寺塔宝失窃冤枉僧人，后得唐僧师徒相助，敬称唐僧为老佛，沙僧等为菩萨，最终设宴酬谢并改寺名为伏龙寺。'}, {'64': '祭赛国的国王，曾感谢唐僧师徒获宝擒怪之恩，并赠送衣物干粮，送师徒出城。'}]",国王,西游记
西游记_人物_禄星_0,禄星,人物,[{'26': '蓬莱仙境的三老之一，与福星、寿星对弈。'}],[],西游记
西游记_人物_福星_0,福星,人物,[{'26': '蓬莱仙境的三老之一，与禄星、寿星对弈，被孙悟空询问医树之方，表示无方，但建议他去他处寻求。'}],[],西游记
西游记_人物_禺狨王_0,禺狨王,人物,"[{'3': '孙悟空的结义兄弟之一，七大圣之一。'}, {'4': '孙悟空六弟兄之一，在孙悟空自称齐天大圣后，自称驱神大圣。'}, {'41': '称为驱神大圣，是孙悟空结拜七兄弟中的六哥。'}]",獝狨王,西游记
西游记_人物_秦叔宝_0,秦叔宝,人物,"[{'9': '唐太宗朝中的武官，位列朝班，朝贺时出现。'}, {'10': '又称叔宝。与徐茂功等将血淋龙头掷于帝前，后与敬德把守宫门，成为门神。'}, {'11': '又称秦琼。唐朝武将，有胆量，与徐茂功等一同扶棺护驾。'}]",[],西游记
西游记_人物_秦广王_0,秦广王,人物,"[{'3': '十代冥王之一，阴间天子，被孙悟空大闹森罗殿后与地藏王菩萨商议启表。'}, {'10': '十代阎王之一，第一殿秦广大王。差鬼使催请太宗三曹对案，在森罗殿上言泾河鬼龙告状之事。'}]",[],西游记
西游记_人物_程咬金_0,程咬金,人物,"[{'9': '唐太宗朝中的武官，位列朝班，朝贺时出现。'}, {'11': '唐朝开国功臣，在朝班中。'}]",[],西游记
西游记_人物_童儿_0,童儿,人物,[{'46': '又称道童，虎力大仙的徒弟，被藏在柜中与唐僧猜枚，孙行者变成老道士为他剃头并换上直裰，教他念阿弥陀佛后钻出柜子，导致道士们失败。'}],[],西游记
西游记_人物_竹节山土地_0,竹节山土地,人物,[{'90': '竹节山的土地神，告知孙大圣九灵元圣的来历及主人公太乙救苦天尊。'}],[],西游记
西游记_人物_箕水豹_0,箕水豹,人物,[{'65': '二十八宿之一，参与战斗。'}],[],西游记
西游记_人物_精细鬼_0,精细鬼,人物,"[{'33': '莲花洞的小妖，奉命拿紫金红葫芦去装孙悟空。被孙悟空变成的老真人骗换宝贝。'}, {'34': '莲花洞的小妖，与伶俐虫一同执宝贝去拿孙行者，被孙行者以假葫芦骗走真葫芦和净瓶，后因害怕受罚而回山。'}]",[],西游记
西游记_人物_精进善佛_0,精进善佛,人物,[{'100': '在结尾佛号中被提及的佛名。'}],[],西游记
西游记_人物_素娥仙子_0,素娥仙子,人物,[{'95': '天竺国真公主，原为蟾宫中的素娥，因打玉兔一掌而思凡下界，投胎为公主，被玉兔抛于荒野，藏于给孤布金寺。'}],[],西游记
西游记_人物_素衣仙女_0,素衣仙女,人物,[{'5': '王母娘娘差遣的七衣仙女之一，前往蟠桃园摘桃，被大圣定身法困住。'}],[],西游记
西游记_人物_紫衣仙女_0,紫衣仙女,人物,[{'5': '王母娘娘差遣的七衣仙女之一，前往蟠桃园摘桃，被大圣定身法困住。'}],[],西游记
西游记_人物_纠察灵官_0,纠察灵官,人物,[{'19': '天庭神将，奏报玉皇天蓬元帅闹事。'}],[],西游记
西游记_人物_红孩儿_0,红孩儿,人物,"[{'40': '号山火云洞的魔王，牛魔王与罗刹女之子，乳名红孩儿，号圣婴大王，在火焰山修行三百年，炼成三昧真火，善于变化，摄走唐僧。'}, {'41': '又称圣婴大王、魔王、妖王，面如傅粉，唇若涂朱，使用丈八火尖枪，会三昧真火，腰间束锦绣战裙，赤脚。牛魔王之子，住在号山枯松涧火云洞。能推出五辆小车按五行布阵，口鼻喷火喷烟。曾假扮观世音骗捉八戒，并有如意皮袋。'}, {'42': '又称圣婴大王、妖王、童子，是牛魔王与铁扇公主之子，住在号山枯松涧火云洞，会三昧真火，曾捉唐僧，假变观音骗猪八戒，后被观音收为善财童子。'}, {'43': '即善财童子，原为红孩儿，被观音菩萨收服。本回中因被戴上金箍疼痛而恼怒，后被菩萨法力合掌不能开，最终归正果，五十三参拜观音。'}, {'49': '即红孩儿，被观音收留，早晚不离左右，专侍莲台之下，在普陀崖迎接孙悟空。'}, {'53': '号山枯松涧火云洞的妖怪，绰号圣婴大王，是牛魔王的儿子，后被观音菩萨收为善财童子。'}, {'57': '观音菩萨身边的童子，曾为妖怪被菩萨收伏。本章中在落伽山与孙悟空说笑。'}, {'58': '观音菩萨身边的童子。'}, {'59': '牛魔王与铁扇公主之子，号圣婴大王，曾被观音菩萨收为善财童子。'}, {'60': '牛魔王与铁扇公主之子，曾捉唐僧欲食其肉，后被观音菩萨收为善财童子，即红孩儿。'}, {'84': '观音菩萨右手下搀着的小孩儿，与观音一同现身。'}]","假观世音,善财童子,牛圣婴,童子",西游记
西游记_人物_红衣仙女_0,红衣仙女,人物,[{'5': '王母娘娘差遣的七衣仙女之一，与素衣、青衣、皂衣、紫衣、黄衣、绿衣仙女同去蟠桃园摘桃，被大圣定身法困住。'}],[],西游记
西游记_人物_红鳞大蟒_0,红鳞大蟒,人物,[{'67': '驼罗庄的妖怪，本相为一条红鳞大蟒，眼如灯笼，鼻喷朝雾，身披红鳞，能呼风驾雾，吞食人畜，最终被行者钻入腹中杀死。'}],[],西游记
西游记_人物_给孤独长者_0,给孤独长者,人物,[{'93': '又名须达多、檀那。曾用黄金布地买下祇园请佛讲经，因此得名给孤园。布金禅寺即由此故事得名。'}],[],西游记
西游记_人物_绿衣仙女_0,绿衣仙女,人物,[{'5': '王母娘娘差遣的七衣仙女之一，前往蟠桃园摘桃，被大圣定身法困住。'}],[],西游记
西游记_人物_羊力大仙_0,羊力大仙,人物,"[{'44': '车迟国三位国师之一，道士，号羊力大仙。与虎力大仙、鹿力大仙一同惑君灭僧。文本中在三清观禳星。'}, {'45': '车迟国三位国师之一，道士，与虎力大仙、鹿力大仙一同兴道，曾尝出圣水有猪溺臊气，后与孙大圣斗法。'}, {'46': '车迟国三个国师之一，会冷龙护体之术，与孙行者赌滚油锅洗澡，因冷龙被北海龙王收走，最终骨脱皮焦肉烂死在油锅中。'}, {'47': '车迟国的妖道之一，本体是羚羊。与虎精、鹿精一同被孙悟空打死，尸骸现出原形。'}]",羊力,西游记
西游记_人物_美后_0,美后,人物,"[{'78': '国丈进贡的一十六岁女子，容貌娇俊，被国王宠幸，号为美后，导致国王病弱。'}, {'79': '本为白面狐狸精，国丈之女（名义上），进献给国王为妃。后被八戒筑死，现出狐狸本相。'}]",[],西游记
西游记_人物_羿_0,羿,人物,[{'72': '古代善射之人，曾射落九乌，导致天地间有九处汤泉。'}],[],西游记
西游记_人物_翊圣真君_0,翊圣真君,人物,[{'7': '与游弈灵官同往请如来。'}],[],西游记
西游记_人物_翠兰_0,翠兰,人物,[{'18': '高太公的三女儿，被妖精猪刚鬣关在后宅半年，容貌憔悴，云鬓乱堆，玉容未洗。'}],[],西游记
西游记_人物_翰林院大学士_0,翰林院大学士,人物,[{'29': '宝象国的学士，奉命在殿上朗读百花羞公主的家书。'}],[],西游记
西游记_人物_翼火蛇_0,翼火蛇,人物,[{'65': '二十八宿之一，参与战斗。'}],[],西游记
西游记_人物_老军_0,老军,人物,[{'78': '比丘国城门处向阳墙下打盹的老兵，被行者惊醒，告知此地原为比丘国今改小子城。'}],[],西游记
西游记_人物_老夫人_0,老夫人,人物,[{'82': '陷空山无底洞的妖精，又称夫人、妖精。摄来唐僧欲成亲，安排素筵席。被孙悟空钻入腹中制服，被迫背出唐僧。'}],[],西游记
西游记_人物_老妈妈_0,老妈妈,人物,[{'20': '老王的妻子，被八戒相貌吓到，后经老王安抚。'}],[],西游记
西游记_人物_老妪_0,老妪,人物,[{'13': '刘伯钦的母亲，安排素斋款待三藏，并请三藏为亡夫念经超度。'}],[],西游记
西游记_人物_老妪_1,老妪,人物,[{'86': '樵子的母亲，倚门哭泣思念儿子，得知儿子被救后拜谢唐僧师徒，安排素斋款待。'}],[],西游记
西游记_人物_老妪_2,老妪,人物,[{'96': '寇员外的妻子，又称员外妈妈。见唐僧师徒后虽然害怕行者三人模样，但仍愿斋老师父半月。'}],[],西游记
西游记_人物_老婆婆_0,老婆婆,人物,[{'53': '西梁女国村舍中的老妇人，告知子母河、落胎泉等信息，并招待唐僧师徒。'}],[],西游记
西游记_人物_老杨_0,老杨,人物,[{'56': '路旁庄院的老者，姓杨，七十四岁，与妻子收留唐僧师徒借宿。其子为强盗之一，被孙悟空打死。又称杨老儿、老者。'}],[],西游记
西游记_人物_老杨的儿子_0,老杨的儿子,人物,[{'56': '老杨的逆子，专好打家截道，是强盗团伙成员。本回中被孙悟空割下首级。又称那厮、逆子、穿黄的。'}],[],西游记
西游记_人物_老渔_0,老渔,人物,[{'15': '鹰愁涧中的水神，撑枯木筏子渡唐僧师徒过涧，不收钱钞，行者称其为水神。'}],[],西游记
西游记_人物_老王_0,老王,人物,[{'20': '黄风岭附近路旁人家的一位老者，姓王，六十一岁。家中有老伴、两个儿子、三个孙子，热情招待唐僧师徒借宿。'}],[],西游记
西游记_人物_老者_0,老者,人物,[{'14': '两界山下的陈姓老者，一百三十岁，曾见过被压的石猴，热情接待唐僧师徒。'}],[],西游记
西游记_人物_老者_1,老者,人物,[{'50': '南庄村舍中的一位老人，行者化斋时遇到，因害怕行者而关门。又称老施主。'}],[],西游记
西游记_人物_老者_2,老者,人物,[{'59': '火焰山附近红瓦庄院的主人，为唐僧师徒提供食宿并告知火焰山情况。'}],[],西游记
西游记_人物_老者_3,老者,人物,[{'88': '玉华县城外树丛中走出的老人，手持竹杖，为唐僧指路，告知此地为玉华县及玉华王贤德。'}],[],西游记
西游记_人物_老龙精_0,老龙精,人物,[{'60': '乱石山碧波潭中的老龙，在潭底设宴款待牛魔王，席间有龙子龙孙、龙婆龙女等。'}],[],西游记
西游记_人物_耳听怒_0,耳听怒,人物,[{'14': '六个剪径毛贼之一，代表耳根之怒，被孙悟空打死。'}],[],西游记
西游记_人物_胃土彘_0,胃土彘,人物,[{'65': '二十八宿之一，参与战斗。'}],[],西游记
西游记_人物_胜至金刚_0,胜至金刚,人物,[{'61': '峨眉山清凉洞法力无量胜至金刚，奉佛旨擒拿牛魔王。'}],[],西游记
西游记_人物_胡敬德_0,胡敬德,人物,"[{'9': '唐太宗朝中的武官，位列朝班，朝贺时出现。'}, {'11': '又称尉迟公、敬德。唐朝猛将，被封为鄂国公。奉太宗之命前往河南开封府向相良还金银，并监造敕建相国寺。'}]",[],西游记
西游记_人物_腊梅_0,腊梅,人物,[{'64': '腊梅树精，化作青衣女童或黄衣女童，侍奉茶点。'}],[],西游记
西游记_人物_舌尝思_0,舌尝思,人物,[{'14': '六个剪径毛贼之一，代表舌根之思，被孙悟空打死。'}],[],西游记
西游记_人物_苟_0,苟,人物,[{'4': '增长天王手下天将之一，在南天门外把守。'}],[],西游记
西游记_人物_苟天将_0,苟天将,人物,[{'51': '四大天将之一，在北天门进礼邀茶。'}],[],西游记
西游记_人物_荡魔天尊_0,荡魔天尊,人物,"[{'65': '又称北方真武，孙悟空打算去南赡部洲武当山请他搭救师父。'}, {'66': '又称祖师、上帝祖师、真武、玄天上帝，坐镇武当山太和宫，曾奉玉帝旨意剪伐妖邪，派龟蛇二将和五龙神助孙悟空。'}]",混元教主荡魔天尊,西游记
西游记_人物_药叉将_0,药叉将,人物,"[{'4': '托塔李天王麾下将领，负责催兵。'}, {'83': '天庭神将，在云楼宫庭下摆列。'}]",药叉雄帅,西游记
西游记_人物_药师琉璃光王佛_0,药师琉璃光王佛,人物,[{'100': '在结尾佛号中被提及的佛名。'}],[],西游记
西游记_人物_莲池海会佛菩萨_0,莲池海会佛菩萨,人物,[{'100': '在结尾佛号中被提及的菩萨名。'}],[],西游记
西游记_人物_菩萨_0,菩萨,人物,"[{'18': '即观音菩萨，曾帮助行者降服黑风洞的妖怪，现出真身。'}, {'36': '指观音菩萨。文本中提及孙行者向师父备言菩萨借童子、老君收去宝贝之事，未直接出场。'}]",[],西游记
西游记_人物_萧瑀_0,萧瑀,人物,"[{'11': '唐朝宰相，主张佛法不可废，与傅奕辩论，被太宗命与魏征等选举高僧。'}, {'12': '大唐宰相，散朝时遇到卖袈裟的菩萨，将其引荐给太宗。'}, {'100': '唐朝大学士，班中闪出，奏请太宗以雁塔寺为诵经之处。'}]",[],西游记
西游记_人物_落伽山山神土地_0,落伽山山神土地,人物,[{'15': '奉观音菩萨之命变化为里社祠的老者（庙祝），赠送唐僧鞍辔、缰笼、鞭儿等物，后显圣告知身份。'}],[],西游记
西游记_人物_葛仙翁_0,葛仙翁,人物,"[{'51': '四天师之一，在灵霄殿前笑孙悟空前倨后恭。'}, {'87': '四大天师之一，与许旌阳、邱洪济、张道陵共为四真人。引行者见玉帝，并劝行者劝善解灾。'}]",[],西游记
西游记_人物_葛仙翁天师_0,葛仙翁天师,人物,[{'3': '天庭天师，启奏玉帝冥司秦广王进表。'}],[],西游记
西游记_人物_葛天师_0,葛天师,人物,[{'92': '四大天师之一，在通明殿值勤，引领孙悟空奏事。'}],[],西游记
西游记_人物_薛仁贵_0,薛仁贵,人物,[{'11': '唐朝名将，在朝班中。'}],[],西游记
西游记_人物_虎先锋_0,虎先锋,人物,"[{'20': '黄风怪部下的前路先锋，自称“吾党”。原身是斑斓猛虎，会金蝉脱壳计。使用两口赤铜刀，擒获唐僧，后被八戒筑死。'}, {'21': '又称虎怪，黄风大圣手下的先锋，被猪八戒打杀，尸体被孙悟空踩着骂战。'}]",[],西游记
西游记_人物_虎力大仙_0,虎力大仙,人物,"[{'44': '车迟国的三位国师之一，道士，号虎力大仙。与鹿力大仙、羊力大仙一同降服车迟国，呼风唤雨，使君王灭僧敬道。文本中在三清观禳星。'}, {'45': '车迟国三位国师之一，道士，与鹿力大仙、羊力大仙一同兴道灭僧，会五雷法，登坛求雨时被打令牌，后被孙大圣揭穿。'}, {'46': '又称虎力，车迟国三个国师之一，会五雷法、云梯显圣坐禅、砍头等法术，先与唐僧赌坐禅被蜈蚣叮咬失败，后赌砍头时头被孙行者变的黄犬衔走，现出无头黄毛虎原形而死。'}]",[],西游记
西游记_人物_虚日鼠_0,虚日鼠,人物,"[{'6': '二十八宿之一，在天罗地网营中传话。'}, {'65': '二十八宿之一，参与战斗。'}]",[],西游记
西游记_人物_虞世南_0,虞世南,人物,[{'11': '唐朝文武官员之一。'}],[],西游记
西游记_人物_虾臣蟹士_0,虾臣蟹士,人物,[{'9': '泾河水府中的臣属，与龙子龙孙等一同劝谏龙王，并嘲笑卖卦人必输。'}],[],西游记
西游记_人物_蚂_0,蚂,人物,[{'72': '妖精的干儿子之一，本体是蚂蜂。'}],[],西游记
西游记_人物_蛇将_0,蛇将,人物,[{'66': '武当山荡魔天尊麾下二将之一，与龟将同助孙悟空，被黄眉大王用后天袋子装去。'}],[],西游记
西游记_人物_蛟魔王_0,蛟魔王,人物,"[{'3': '孙悟空的结义兄弟之一，七大圣之一。'}, {'4': '孙悟空六弟兄之一，在孙悟空自称齐天大圣后，自称覆海大圣。'}, {'41': '称为复海大圣，是孙悟空结拜七兄弟中的二哥。'}]",[],西游记
西游记_人物_蜈蚣精_0,蜈蚣精,人物,[{'93': '百脚山上的妖精，常在路下伤人，导致行人不敢走，须待鸡鸣时过鸡鸣关。'}],[],西游记
西游记_人物_蜍_0,蜍,人物,[{'72': '妖精的干儿子之一，本体是蜍蜂。'}],[],西游记
西游记_人物_蜜_0,蜜,人物,[{'72': '妖精的干儿子之一，本体是蜜蜂。'}],[],西游记
西游记_人物_蜡_0,蜡,人物,[{'72': '妖精的干儿子之一，本体是抹蜡。'}],[],西游记
西游记_人物_蜢_0,蜢,人物,[{'72': '妖精的干儿子之一，本体是牛蜢。'}],[],西游记
西游记_人物_蜻_0,蜻,人物,[{'72': '妖精的干儿子之一，本体是蜻蜓。'}],[],西游记
西游记_人物_蝎子精_0,蝎子精,人物,"[{'55': '又称女怪、妖精，住在毒敌山琵琶洞，有倒马毒神通，曾扎伤如来，被昴日星官降伏。'}, {'56': '此前被孙悟空等打死的妖怪，本回开头提及“打死蝎子精，救出琵琶洞”。'}]",[],西游记
西游记_人物_袁天罡_0,袁天罡,人物,"[{'9': '当朝钦天监台正先生，袁守诚的侄子。仅在介绍袁守诚时提及，未直接出场。'}, {'11': '唐朝术士，在朝班中。'}]",[],西游记
西游记_人物_袁守诚_0,袁守诚,人物,[{'9': '当朝钦天监台正袁天罡的叔父，在长安城西门街上卖卦，号称“神课先生”。相貌稀奇，仪容秀丽，术冠长安。能袖传一课，准确预言天气、雨泽等。识破泾河龙王的化身，指出其违犯天条的死罪，并指点龙王向唐太宗求救。'}],[],西游记
西游记_人物_西天极乐诸菩萨_0,西天极乐诸菩萨,人物,[{'100': '在结尾佛号中被提及的菩萨群体。'}],[],西游记
西游记_人物_西梁女国女王_0,西梁女国女王,人物,"[{'54': '西梁女国的国王，娇媚动人，形容如昭君、西施。因夜梦金屏彩艳、玉镜光明，欲招大唐御弟唐三藏为夫，愿以一国之富让其为王，自己为后。本回中亲自出城迎接，与唐僧同乘凤辇，最终被孙悟空的定身法定住。'}, {'55': '西梁国君主，曾欲招唐僧为夫，后自知惭愧。'}]",西梁国女王,西游记
西游记_人物_西海龙王敖闰_0,西海龙王敖闰,人物,"[{'8': '玉龙的父亲，因儿子忤逆而表奏天庭。'}, {'15': '西海龙王，玉龙三太子之父，因儿子忤逆烧明珠而向天庭告发。'}, {'23': '龙马三太子之父，因儿子忤逆将其告上天庭，身犯天条。'}, {'100': '白龙马之父，其子因罪被观音救解，化作唐僧脚力。'}]","西海敖闰,西海龙王",西游记
西游记_人物_观世灯佛_0,观世灯佛,人物,[{'100': '在结尾佛号中被提及的佛名。'}],[],西游记
西游记_人物_观世音菩萨_0,观世音菩萨,人物,"[{'6': '又称观音菩萨、菩萨，自王母娘娘请赴蟠桃大会，见瑶池荒凉，与众仙同去见玉帝，命惠岸行者下界打探军情，后又举荐二郎神擒拿妖猴，并欲用净瓶杨柳助战。'}, {'7': '举荐二郎真君收伏悟空。文中提及。'}, {'8': '又称观世音菩萨、大慈菩萨、南海菩萨，奉如来法旨上东土寻取经人，收服沙悟净、猪悟能、玉龙、孙悟空等，持有净瓶、杨柳枝等宝物。'}, {'10': '又称女真人。住长安城都土地庙，用杨柳枝喝退泾河龙王，救脱皇帝。'}, {'12': '又称菩萨、救苦救难观世音，奉如来佛旨到长安寻访取经人，变化为疥癞僧人，将锦襕袈裟和九环锡杖送给玄奘，后现出原身，指点大乘佛法。'}, {'14': '又称菩萨、南海菩萨，奉佛旨上东土寻取经人，劝化孙悟空皈依佛法，又化为老母传授唐僧紧箍咒。'}, {'15': '又称菩萨，佛教大士，居住在南海落伽山紫竹林，曾救孙悟空出五行山，又送玉龙三太子给唐僧做脚力，赐给孙悟空三根救命毫毛。'}, {'16': '佛教菩萨，唐僧常感其恩，曾借四值功曹等保护唐僧取经。'}, {'17': '观世音菩萨，又称菩萨，南海落伽山的主人，慈悲为怀，法力无边。本回中应孙悟空请求，前往黑风山收伏熊罴怪，取回袈裟。'}, {'19': '又称观音菩萨，曾劝善猪八戒，为他摩顶受戒，起法名悟能，命他等待取经人。唐僧在高老庄礼拜菩萨恩德。'}, {'21': '观音菩萨，其经卷被黄风吹起，普陀山也被吹倒。'}, {'22': '佛教大士，又称菩萨。本回中指点孙悟空去南海求助，告知流沙河妖怪原是卷帘大将，并派木叉送去红葫芦帮助渡河。'}, {'23': '又称南海菩萨。救过龙马三太子，本回中与黎山老母等化作美女（可能为三个女儿之一），测试唐僧师徒。'}, {'25': '赐给唐僧紧箍儿咒的菩萨，孙行者头上的箍儿是其所赐。'}, {'26': '据标题“观世音甘泉活树”，推测为救活人参果树的关键人物，文本中尚未直接出现。'}, {'27': '本回中被提及给悟空受了戒行，并暗授唐僧紧箍儿咒。'}, {'29': '指点唐太宗派唐僧前往西天取经的菩萨。'}, {'34': '南海观音，孙行者曾拜过。'}, {'35': '即海上菩萨，向太上老君借了三次童子，送他们托化妖魔以考验唐僧师徒真心。'}, {'39': '南海观音，指点唐僧西天取经，传授紧箍儿咒给唐僧。'}, {'42': '又称菩萨，南海普陀山落伽崖潮音洞主，慈善缚红孩儿，使用净瓶、杨柳枝、金箍儿等法宝，收红孩儿为善财童子。'}, {'43': '又称菩萨，大慈大悲的佛教菩萨。本回开头收服了作乱的童子，用金箍和甘露将其降伏，并令其一步一拜到落伽山。后行者提及菩萨劝善孙悟空。'}, {'49': '又称菩萨，南海普陀山救苦尊，未及梳妆，手持紫竹篮儿收服金鱼精（灵感大王），显现鱼篮观音之相。'}, {'52': '南海观音，曾助战孙悟空。'}, {'53': '佛教菩萨，红孩儿随其做了善财童子。'}, {'54': '解救并点化孙悟空、猪悟能、沙悟净的神祇，使他们秉善皈依，保护唐僧西天取经。'}, {'55': '又称菩萨，化身老妈妈指点孙悟空去请昴日星官，有鱼篮之象。'}, {'57': '又称菩萨、观世音菩萨，大慈大悲，救苦救难。本章中听孙悟空诉苦，并为沙僧指明真假行者之事。'}, {'58': '又称菩萨，居南海普陀山，曾帮助辨别真假孙悟空，后奉如来之命送孙悟空回唐僧处。'}, {'59': '佛教菩萨，收服红孩儿为善财童子。'}, {'60': '佛教菩萨，救助唐僧师徒，将牛圣婴收为善财童子。'}, {'62': '为唐僧徒弟起名的菩萨，孙悟空、猪悟能、沙悟净之名皆由她所起。'}, {'65': '观音菩萨，唐僧提及在南海道场。'}, {'69': '救下西海飞龙，将其变作白马驮唐僧取经。文中被白龙马提及。'}, {'71': '又称大慈，手持净瓶杨柳，前来收伏赛太岁（金毛犼）。洒下甘露救火，并告知孙悟空有关朱紫国王拆凤之因缘。'}, {'76': '为猪八戒起法名悟能，八戒自述中提及。'}, {'82': '唐僧暗祝中提及的菩萨，曾差遣护法诸天、五方揭谛、四值功曹等暗中保护唐僧。'}, {'83': '南海普陀山观音菩萨，木叉在其处做徒弟。'}, {'84': '化作老母搀着善财童子，在路旁警告唐僧西进是死路，指灭法国杀和尚之事，后驾祥云回南海。'}, {'88': '佛教菩萨，曾在唐僧出发时于唐朝皇帝御前显身，留下颂子言明西方路程十万八千里。'}, {'94': '观音菩萨，又称观音，劝化唐僧脱天灾，指点八戒、沙僧皈依佛教，保护唐僧西天取经。'}, {'98': '又称观音菩萨。曾领佛金旨向东土寻取经人，告知金顶大仙二三年即到，实则十年后才到。本回最后向如来缴还金旨，建议在八日内完成一藏之数。'}, {'99': '佛教大菩萨，派遣诸神保护唐僧。本回中她查看灾难簿子，指出少一难，令揭谛添难。'}, {'100': '即观世音菩萨，劝善唐僧师徒皈依佛教，启奏如来关于取经期限。'}, {'101': '派遣南极星君送子给殷温娇，预示玄奘声名远大。'}]","南海普陀落伽山大慈大悲救苦救难灵感观世音菩萨,南海观世音菩萨,观世音,观音,观音菩萨",西游记
西游记_人物_角木蛟_0,角木蛟,人物,"[{'65': '二十八宿之一，参与围战黄眉怪。'}, {'92': '二十八宿之一，四木禽星之一，奉玉帝旨意下界降伏犀牛精。'}]",[],西游记
西游记_人物_觜火猴_0,觜火猴,人物,[{'65': '二十八宿之一，参与战斗。'}],[],西游记
西游记_人物_许敬宗_0,许敬宗,人物,"[{'9': '唐太宗朝中的文官，位列朝班，朝贺时出现。'}, {'11': '官员，质疑魏征所言还魂之说，认为人逝不返。'}]",[],西游记
西游记_人物_许旌阳_0,许旌阳,人物,"[{'51': '四天师之一，在灵霄殿前与孙悟空对话，后建议其选用天将。'}, {'87': '四大天师之一，带行者至灵霄殿下启奏，不让他乱谈。'}, {'92': '四大天师之一，奉玉帝旨意同孙悟空去斗牛宫点四木禽星。'}]",许天师,西游记
西游记_人物_许旌阳真人_0,许旌阳真人,人物,[{'5': '天庭官员，于玉帝早朝时启奏，建议给齐天大圣一件事管，以免闲中生事。'}],[],西游记
西游记_人物_许灵官_0,许灵官,人物,[{'92': '四大灵官之一，在西天门与太白金星讲话。'}],[],西游记
西游记_人物_谛听_0,谛听,人物,[{'58': '地藏菩萨经案下伏的神兽，能听辨四大部洲万物，识破六耳猕猴但不敢说破。'}],[],西游记
西游记_人物_贞英_0,贞英,人物,[{'83': '李天王之女，年方七岁。'}],[],西游记
西游记_人物_贤善首佛_0,贤善首佛,人物,[{'100': '在结尾佛号中被提及的佛名。'}],[],西游记
西游记_人物_赛太岁_0,赛太岁,人物,"[{'69': '麒麟山獬豸洞的妖精，自称赛太岁。三年前摄走金圣宫，后又多次来要宫娥。模样：九尺长身，环眼金灯，钢牙尖爪，赤脚蓬头。'}, {'70': '麒麟山獬豸洞的妖怪头目，自称赛太岁。他手下有先锋、有来有去等小妖。他强夺了金圣娘娘，拥有法宝紫金铃（三个金铃），能放火、放烟、放沙。本回中他欲与朱紫国交战，后被孙悟空设计偷走金铃。文中又称妖王、大王。'}, {'71': '即观音菩萨的坐骑金毛犼，因牧童盹睡咬断铁索下凡为妖，自号赛太岁。占据麒麟山獬豸洞，骗来朱紫国金圣宫娘娘，因朱紫国王曾射伤孔雀大明王菩萨之子，奉命拆凤三年。后被孙悟空击败，观音菩萨亲临收伏。'}]",[],西游记
西游记_人物_赤松子_0,赤松子,人物,[{'14': '传说中的仙人，张良退隐后跟随其游历。'}],[],西游记
西游记_人物_赤脚大仙_0,赤脚大仙,人物,"[{'5': '赴蟠桃会的仙人，路上遇见大圣，被大圣诓骗去通明殿演礼。后向玉帝奏明此事。'}, {'6': '在通明殿前迎着菩萨，曾被齐天大圣设计赚哄变其相貌入会。'}, {'7': '赴安天大会，献交梨二颗、火枣数枚。'}, {'22': '天庭仙人，又称赤脚大天仙。在卷帘将被打入杀场时越班启奏，救下其性命，改为贬至流沙河。'}]",[],西游记
西游记_人物_赤身鬼使_0,赤身鬼使,人物,[{'64': '枫树精，红须赤身，跟随十八公端蒸饼，后暴躁地劝唐僧顺从杏仙。'}],[],西游记
西游记_人物_赵元帅_0,赵元帅,人物,[{'51': '四大元帅之一，在南天门迎接孙悟空并邀茶。'}],[],西游记
西游记_人物_赵寡妇_0,赵寡妇,人物,[{'84': '赵寡妇店的店主，先夫姓赵，自称赵寡妇店。接待扮作马贩的唐僧师徒，提供上样斋饭，后安排他们睡在大柜中。'}],[],西游记
西游记_人物_赵寡妇女儿_0,赵寡妇女儿,人物,[{'84': '赵寡妇的女儿，抱着孩子，建议让客人睡在父亲留下的大柜里。'}],[],西游记
西游记_人物_赵长者_0,赵长者,人物,"[{'98': '舍卫国的一位长者。过去比丘圣僧曾为他诵经，保他家生者安全、亡者超脱，讨得三斗三升米粒黄金。'}, {'100': '舍卫国长者，比丘圣僧为其家诵经，讨得三斗三升米粒黄金。'}]",[],西游记
西游记_人物_身本忧_0,身本忧,人物,[{'14': '六个剪径毛贼之一，代表身根之忧，被孙悟空打死。'}],[],西游记
西游记_人物_车迟国国王_0,车迟国国王,人物,"[{'44': '车迟国的君王，宠信虎力、鹿力、羊力三位道士，灭僧敬道，将和尚赐给道士做苦力。文本中称为万岁君王、国王。'}, {'45': '车迟国国王，昏庸偏信道士，敬道灭僧，后见孙大圣求雨灵验，欲放唐僧西行，但又因道士争功而疑惑。'}, {'46': '车迟国国王（国名未明写），昏庸无道，听信三个国师之言，多次阻止唐僧西行，要求僧道赌赛，后见国师们现出原形，放声大哭并放行唐僧。'}, {'47': '车迟国的君主，曾受虎力、鹿力、羊力三个妖道迷惑。本回开头他醒悟后感谢唐僧师徒，并送出关文。'}]",国王,西游记
西游记_人物_转轮王_0,转轮王,人物,"[{'3': '十代冥王之一，阴间天子，一同迎接孙悟空。'}, {'10': '十代阎王之一，参与审理太宗对案，送太宗自转轮藏出身。'}]",[],西游记
西游记_人物_轸水蚓_0,轸水蚓,人物,[{'65': '二十八宿之一，参与战斗。'}],[],西游记
西游记_人物_辛_0,辛,人物,"[{'4': '增长天王手下天将之一，在南天门外把守。'}, {'87': '雷部将官，与邓、张、陶一同受天尊派遣，随行者到凤仙郡声雷。'}]",[],西游记
西游记_人物_辛天君_0,辛天君,人物,[{'55': '天庭四大元帅之一，告诉孙悟空昴日星官在观星台巡札。'}],[],西游记
西游记_人物_辟寒大王_0,辟寒大王,人物,"[{'91': '青龙山玄英洞的三个妖精之一，老大，头上戴狐裘花帽，一身昂毛，使钺斧。爱吃酥合香油，年年假扮佛像收油。'}, {'92': '犀牛精之一，又称辟寒儿，青龙山玄英洞的三妖王之一，使用钺斧。'}]",[],西游记
西游记_人物_辟尘大王_0,辟尘大王,人物,"[{'91': '青龙山玄英洞的三个妖精之一，老三，威雄声吼如雷，獠牙尖利，肩上横担扢挞藤（藤棍）。'}, {'92': '犀牛精之一，又称辟尘儿，青龙山玄英洞的三妖王之一，使用藤纥褡。'}]",[],西游记
西游记_人物_辟暑大王_0,辟暑大王,人物,"[{'91': '青龙山玄英洞的三个妖精之一，老二，身挂轻纱飞烈焰，四蹄花莹，使大刀。'}, {'92': '犀牛精之一，又称辟暑儿，青龙山玄英洞的三妖王之一，使用大刀。'}]",[],西游记
西游记_人物_过去未来现在佛_0,过去未来现在佛,人物,[{'100': '在结尾佛号中被提及的佛名。'}],[],西游记
西游记_人物_迎阳驿驿丞_0,迎阳驿驿丞,人物,[{'54': '西梁女国迎阳驿的官员，负责接待使客。拦住唐僧师徒，引他们入驿注名上簿，并进城启奏女王。后奉旨为求亲的主婚人。'}],[],西游记
西游记_人物_运水力士_0,运水力士,人物,[{'5': '蟠桃园中的力士之一，负责运水。土地唤其来见大圣，并随侍园中。'}],[],西游记
西游记_人物_通背猿猴_0,通背猿猴,人物,[{'1': '猴群中跳出的猿猴，告知美猴王佛、仙、神圣三者不伏阎王老子所管，启发猴王求道之心。'}],[],西游记
西游记_人物_道人_0,道人,人物,[{'53': '如意真仙的大徒弟，在聚仙庵看门，被沙僧打折左臂。'}],[],西游记
西游记_人物_道人_1,道人,人物,[{'59': '灵吉菩萨禅院前的道人。'}],[],西游记
西游记_人物_道人_2,道人,人物,[{'80': '镇海禅林寺中侍奉香火的道人。听见唐僧感叹钟声，用断砖打钟，后引唐僧入寺。'}],[],西游记
西游记_人物_道士_0,道士,人物,[{'67': '旧年被请到驼罗庄捉妖的道士，头戴金冠，身穿法衣，令牌敲响，符水施为，与妖怪斗败，渰死在山溪。'}],[],西游记
西游记_人物_邓_0,邓,人物,"[{'4': '增长天王手下天将之一，在南天门外把守。'}, {'87': '雷部将官，与辛、张、陶一同受天尊派遣，随行者到凤仙郡声雷。'}]",[],西游记
西游记_人物_邓化_0,邓化,人物,[{'51': '雷公之一，奉玉帝旨意与张蕃同下界助阵，欲放雷捎但未果。'}],[],西游记
西游记_人物_邓天君_0,邓天君,人物,[{'45': '南天门的天君，率领雷公电母前来助道士下雨，被孙大圣拦住后，转而协助孙大圣施雷。'}],[],西游记
西游记_人物_那罗延佛_0,那罗延佛,人物,[{'100': '在结尾佛号中被提及的佛名。'}],[],西游记
西游记_人物_邱弘济_0,邱弘济,人物,"[{'6': '四大天师之一，入灵霄宝殿启知宣观音菩萨进入。'}, {'87': '四大天师之一，与葛、许、张一同引见玉帝。'}]",邱洪济,西游记
西游记_人物_邱弘济真人_0,邱弘济真人,人物,[{'3': '天庭仙卿，启奏玉帝东海龙王敖广进表。'}],[],西游记
西游记_人物_邵康节_0,邵康节,人物,[{'1': '引用其言论描述天地阴阳变化。'}],[],西游记
西游记_人物_郡侯_0,郡侯,人物,[{'88': '凤仙郡的郡守，唐僧师徒此前离开凤仙郡时与他告别。'}],[],西游记
西游记_人物_郭申_0,郭申,人物,[{'6': '梅山六兄弟之一，二将军之一，随二郎神出战花果山。'}],[],西游记
西游记_人物_都市王_0,都市王,人物,"[{'3': '十代冥王之一，阴间天子，一同迎接孙悟空。'}, {'10': '十代阎王之一，参与审理太宗对案。'}]",[],西游记
西游记_人物_金刚不坏佛_0,金刚不坏佛,人物,[{'100': '在结尾佛号中被提及的佛名。'}],[],西游记
西游记_人物_金刚大士圣菩萨_0,金刚大士圣菩萨,人物,[{'100': '在结尾佛号中被提及的菩萨名。'}],[],西游记
西游记_人物_金华光佛_0,金华光佛,人物,[{'100': '在结尾佛号中被提及的佛名。'}],[],西游记
西游记_人物_金吒_0,金吒,人物,[{'83': '李天王长子，侍奉如来做前部护法。'}],[],西游记
西游记_人物_金圣娘娘_0,金圣娘娘,人物,"[{'69': '国王的正宫王后，三年前端阳节被麒麟山獬豸洞的赛太岁摄走，国王因此忧思成疾。'}, {'70': '朱紫国国王的皇后，三年前被赛太岁强夺至麒麟山獬豸洞。她身穿五彩仙衣，浑身生刺，使赛太岁无法近身。她思念国王，后与孙悟空合作，骗取赛太岁的金铃。文中又称金圣宫娘娘、金圣宫皇后、娘娘。'}, {'71': '朱紫国皇后，被赛太岁掳走三年，住在獬豸洞中。因张紫阳真人送了一件棕衣变作的霞裳，身上生毒刺，使得赛太岁无法沾身。后被孙悟空救回朱紫国，与国王重聚。'}]","金圣宫,金圣宫娘娘",西游记
西游记_人物_金头揭谛_0,金头揭谛,人物,"[{'15': '五方揭谛之一，昼夜不离唐僧左右，奉观音菩萨之命暗中保护取经人，后主动前往南海请菩萨来降服玉龙。'}, {'30': '护法神将之一，在半空中护佑唐僧。'}, {'33': '五方揭谛之一，告知山神土地被压的是齐天大圣孙悟空，并商议放他出来。'}, {'61': '护法神之一，围困牛魔王。'}, {'65': '五方揭谛之一，向玉帝启奏求救，曾尝试掀开金铙。'}, {'66': '五方揭谛之一，奏请玉帝派二十八宿下界救孙悟空。'}, {'90': '神将，与六甲六丁押解竹节山土地来见孙大圣。'}, {'92': '护法神，暗中护佑唐僧。'}]",揭谛,西游记
西游记_人物_金池长老_0,金池长老,人物,"[{'16': '观音禅院的老僧，已经二百七十岁，贪图唐僧的锦襕袈裟，设计放火欲烧死唐僧师徒，最后因袈裟丢失撞墙而死，又称老和尚、师祖、老死鬼。'}, {'17': '观音院的老和尚，又称老剥皮，活了二百七十岁，与黑熊精交往，学习养神服气之术。因贪图袈裟放火，反自害身亡。'}]",老院主,西游记
西游记_人物_金海光佛_0,金海光佛,人物,[{'100': '在结尾佛号中被提及的佛名。'}],[],西游记
西游记_人物_金甲神人_0,金甲神人,人物,[{'29': '公主梦中所见的神人，前来讨还公主幼时暗许的斋僧布施誓愿。'}],[],西游记
西游记_人物_金甲诸天_0,金甲诸天,人物,[{'15': '南海落伽山的护法神，托金头揭谛转达见菩萨。'}],[],西游记
西游记_人物_金皘山山神土地_0,金皘山山神土地,人物,[{'53': '捧着紫金钵盂给唐僧师徒送饭的神祇，又称土地。'}],[],西游记
西游记_人物_金衣力士_0,金衣力士,人物,[{'9': '天庭的天使，手擎玉帝敕旨，在半空中叫“泾河龙王接旨”，将旨意投往水府。'}],[],西游记
西游记_人物_金衣童子_0,金衣童子,人物,[{'97': '地藏王的侍童，引见寇洪给地藏王菩萨。'}],[],西游记
西游记_人物_金角大王_0,金角大王,人物,"[{'32': '莲花洞的两个魔头之一，与银角大王为兄弟。曾出天界，知道唐僧肉可延寿长生，派银角大王去巡山捉唐僧。随身有五件宝贝。'}, {'33': '又称老怪、大大王，莲花洞的大王，有羊脂玉净瓶等宝贝。两次说二魔错拿和尚，后喜得二魔压住孙悟空。'}, {'34': '平顶山莲花洞的大魔王，又称大王、兄长，与二魔是兄弟，有七星剑、芭蕉扇等宝贝，派小妖请老母亲带幌金绳来拿孙行者。'}, {'35': '即老魔，原是太上老君看金炉的童子，下界为妖，持有七星剑、芭蕉扇等宝贝，后被孙大圣用羊脂玉净瓶装入。'}]",老魔,西游记
西游记_人物_金顶大仙_0,金顶大仙,人物,"[{'8': '玉真观的大仙，在山脚下迎接观音，询问取经人何时到。'}, {'98': '灵山脚下玉真观的大仙，身披锦衣，手摇玉塵。受观音菩萨嘱托等候取经人，接待唐僧师徒入观沐浴安歇，并指引灵山之路。'}]",[],西游记
西游记_人物_金鼻白毛老鼠精_0,金鼻白毛老鼠精,人物,"[{'81': '即鼠精，又称女子、女菩萨、妖精、鼠老成精。本回中在镇海禅林寺吃了六个小和尚，后摄走唐僧，欲成亲。'}, {'83': '又称半截观音、地涌夫人。原是灵山偷食香花宝烛的妖精，被饶恕后拜李天王为父、哪吒为兄。在陷空山无底洞成精，摄走唐僧欲成配偶，后被捕。'}]",毛姹女,西游记
西游记_人物_钦法国国王_0,钦法国国王,人物,"[{'84': '灭法国的君主，前生结下冤仇，今世许愿杀一万个和尚，已杀九千九百九十六个。夜间被孙悟空施法剃光头发，醒来发现皇后及宫人都成了光头，流泪自责。'}, {'85': '原为灭法国国王，曾发愿杀一万和尚。后因一夜头发尽落而皈依，拜唐僧为师，改国号为钦法国。'}]",灭法国国王,西游记
西游记_人物_铁匠_0,铁匠,人物,[{'89': '玉华州王府中的工匠，奉命打造仿制兵器。因兵器被盗而受惊，后被赏银。'}],[],西游记
西游记_人物_铁扇公主_0,铁扇公主,人物,"[{'40': '红孩儿之母，即铁扇公主。'}, {'59': '又称罗刹女、铁扇仙。牛魔王的妻子，红孩儿的母亲，持有芭蕉扇，能扇灭火焰山之火。居住在翠云山芭蕉洞。'}, {'60': '又称罗刹女、罗刹，牛魔王的妻子，居住在翠云山芭蕉洞。持有宝物芭蕉扇，能扇灭火焰山之火。因孙悟空害其子牛圣婴，不愿借扇，后被孙悟空变作牛魔王骗去真扇。'}, {'61': '又称罗刹。牛魔王妻子，持有芭蕉扇，被孙悟空骗取扇子，最后献出扇子。'}]",罗刹女,西游记
西游记_人物_铁背苍狼怪_0,铁背苍狼怪,人物,[{'86': '又称先锋，南山大王手下的先锋妖怪，出谋划策用分瓣梅花计和假人头哄骗孙行者等人，后被孙行者一棒打倒，现出铁背苍狼怪本相。'}],[],西游记
西游记_人物_银圣_0,银圣,人物,[{'71': '朱紫国宫中妃嫔之一，与玉圣一起扶起因触动毒刺而跌倒在地的国王。'}],[],西游记
西游记_人物_银圣宫_0,银圣宫,人物,[{'69': '国王的西宫王后，现仍在宫中。'}],[],西游记
西游记_人物_银头揭谛_0,银头揭谛,人物,[{'65': '五方揭谛之一，参与战斗。'}],[],西游记
西游记_人物_银角大王_0,银角大王,人物,"[{'32': '莲花洞的两个魔头之一，金角大王的兄弟。本回中奉命巡山，携带影神图，认出猪八戒并与之战斗，使用七星剑，最终带领小妖擒获猪八戒。'}, {'33': '又称二大王，莲花洞的二王，会移山倒海法术，有紫金红葫芦。变作老道士骗唐僧，遣山压孙悟空，摄走唐僧、沙僧等。'}, {'34': '平顶山莲花洞的二魔王，又称二大王、贤弟，使用七星剑，与孙行者交战三十回合不分胜负，用幌金绳扣住孙行者，后用葫芦装了者行孙（孙行者假名）。'}, {'35': '即二魔，原是太上老君看银炉的童子，下界为妖，持有紫金红葫芦，被孙大圣用葫芦装入并化掉。'}]",二魔,西游记
西游记_人物_锄树力士_0,锄树力士,人物,[{'5': '蟠桃园中的力士之一，负责锄树。土地唤其来见大圣，并随侍园中。'}],[],西游记
西游记_人物_锦衣官_0,锦衣官,人物,[{'78': '奉王命来馆驿请（抓）唐僧的官员。'}],[],西游记
西游记_人物_镇元子_0,镇元子,人物,"[{'24': '五庄观的主人，道号镇元子，混名与世同君，又称镇元大仙、大仙。门下散仙不计其数，有四十八个徒弟。受元始天尊简帖邀往上清天弥罗宫听讲混元道果。'}, {'25': '五庄观的主人，又称大仙、与世同君。使用袖里乾坤神通擒拿唐僧师徒，要为人参果树报仇。'}, {'26': '又称镇元子。地仙之祖，五庄观的主人，拥有人参果树。与孙悟空赌斗，用袍袖擒拿唐僧师徒，最终与孙悟空约定若医活果树则结为兄弟。'}, {'27': '前文出现的人物，与本回开头提及与行者结为兄弟，情投意合，留唐僧师徒住了五六日。'}]","镇元仙,镇元大仙",西游记
西游记_人物_镇殿将军_0,镇殿将军,人物,[{'29': '宝象国将军，询问猪八戒变化身高的极限。'}],[],西游记
西游记_人物_闪电娘子_0,闪电娘子,人物,[{'87': '雷部女将，随邓辛张陶一同下降凤仙郡闪电。'}],[],西游记
西游记_人物_阎王_0,阎王,人物,"[{'6': '曾启奏玉帝关于妖猴自削死籍之事。'}, {'32': '地府主宰，鬼祟解与阎王。'}, {'97': '幽冥地界的十代阎君，掌管生死，接待孙悟空查询寇洪之鬼。又称十代阎君。'}]",[],西游记
西游记_人物_阎王老子_0,阎王老子,人物,[{'1': '掌管生死的地府之神，猴王担心年老血衰时被其管束，通背猿猴称佛、仙、神圣不伏阎王老子所管。文本中亦称阎君。'}],[],西游记
西游记_人物_阎罗王_0,阎罗王,人物,"[{'3': '十代冥王之一，阴间天子，一同迎接孙悟空。'}, {'10': '十代阎王之一，参与审理太宗对案，问太宗登基年数。'}]",[],西游记
西游记_人物_阴阳官_0,阴阳官,人物,[{'94': '正台阴阳官，负责择定婚期，奏报婚期吉日为本年本月十二日。'}],[],西游记
西游记_人物_阿傩_0,阿傩,人物,"[{'7': '如来佛祖的尊者，随侍佛祖，并将六字真言贴于五行山顶。'}, {'8': '如来弟子，奉命取出锦澜袈裟和九环锡杖等宝物。'}, {'77': '如来尊者，奉旨去五台山宣文殊菩萨。'}, {'98': '如来的尊者之一。与伽叶引唐僧至珍楼斋食，开宝阁取经。向唐僧索要人事未得，遂传无字经。后被行者告发，再传经时仍索要人事，得紫金钵盂后传有字真经。'}, {'100': '如来座下尊者，与伽叶一同传经，需索人事，后得紫金钵盂方传有字真经。'}]",[],西游记
西游记_人物_阿弥陀佛_0,阿弥陀佛,人物,[{'100': '在结尾佛号中被提及的佛名。'}],[],西游记
西游记_人物_陈光蕊_0,陈光蕊,人物,"[{'11': '海州状元，陈玄奘之父，官拜文渊殿大学士。'}, {'101': '本名陈萼，表字光蕊，海州弘农县人，新科状元，被授江州州主。在赴任途中于洪江渡口被水贼刘洪打死，后被龙王所救，魂魄暂居水府，最终还魂复仇。与殷温娇成婚，生子玄奘。'}]",[],西游记
西游记_人物_陈关保_0,陈关保,人物,"[{'47': '陈清的儿子，七岁。名字因在关圣爷爷位下求得而来。被灵感大王选中为童男，后悟空变作他的模样代祭。'}, {'48': '陈澄之子，被用作祭献灵感大王的童男，实为行者变化代替。'}, {'99': '陈澄之子，曾被用来祭赛，后为唐僧所救。本回中出来叩谢。'}]",[],西游记
西游记_人物_陈清_0,陈清,人物,"[{'47': '陈家庄的老者，五十八岁，陈澄之弟。儿子名陈关保，因轮到献祭儿子而苦恼，后悟空变作关保替祭。'}, {'48': '陈家庄祭主之一，陈一秤金之父，与陈澄共同接待唐僧师徒。'}, {'49': '陈家庄的老者，又称陈老儿，曾请唐僧师徒降妖，劝留唐僧未果，后见唐僧受苦，谢行者除根妖怪。'}, {'99': '陈家庄人，陈澄的兄弟，摆香案迎接唐僧，感谢救女之恩。'}]",[],西游记
西游记_人物_陈澄_0,陈澄,人物,"[{'47': '陈家庄的老者，六十三岁，女儿名一秤金。因灵感大王要吃童女，正为女儿做预修亡斋，后得悟空和八戒替身相救。'}, {'48': '陈家庄祭主之一，陈关保之父，与陈清共同接待唐僧师徒，感谢其救命之恩。'}, {'99': '陈家庄人，曾受唐僧救子之恩。本回中他带领佃户迎接唐僧，拜请至庄。'}]",[],西游记
西游记_人物_降龙罗汉_0,降龙罗汉,人物,"[{'52': '十八罗汉之一，与伏虎罗汉听从如来吩咐，告知孙悟空寻太上老君。'}, {'98': '如来座下罗汉之一，与伏虎罗汉一同敲响云磬，召集诸佛圣众。'}]",[],西游记
西游记_人物_院主_0,院主,人物,[{'16': '观音禅院的本寺院主，接待唐僧师徒，并告知黑风山有黑大王。'}],[],西游记
西游记_人物_院主_1,院主,人物,[{'81': '镇海禅林寺的喇嘛僧，负责接待唐僧师徒，告知寺中有妖精吃人之事。'}],[],西游记
西游记_人物_陶_0,陶,人物,"[{'4': '增长天王手下天将之一，在南天门外把守。'}, {'87': '雷部将官，与邓、辛、张一同受天尊派遣，随行者到凤仙郡声雷。'}]",[],西游记
西游记_人物_陶天君_0,陶天君,人物,[{'55': '天庭四大元帅之一，与辛天君等一同告知孙悟空昴日星官的去向。'}],[],西游记
西游记_人物_陶灵官_0,陶灵官,人物,[{'92': '四大灵官之一，在西天门与太白金星讲话。'}],[],西游记
西游记_人物_雪狮_0,雪狮,人物,"[{'89': '九灵元圣的诸孙之一，随同九灵元圣前往玉华州报仇。'}, {'90': '狮子精之一，使用三楞简，被孙大圣活捉。'}]",[],西游记
西游记_人物_雷公_0,雷公,人物,"[{'9': '司雷之神，受泾河龙王点札，参与长安城行雨。'}, {'21': '雷公，被黄风吹得到处寻闪电。'}, {'45': '掌管雷电的神仙，随邓天君前来，被孙大圣要求按棍子号令雷鸣。'}, {'52': '天界雷神，助孙悟空战兕大王，捎（兵器）被套去。'}, {'56': '神话中的雷神，孙悟空自称雷公是他孙子，老者形容孙悟空像雷公。'}]",[],西游记
西游记_人物_雾里云_0,雾里云,人物,"[{'41': '红孩儿手下的六健将之一。'}, {'42': '火云洞六健将之一，小妖，肉眼凡胎，跪拜假牛魔王。'}]",[],西游记
西游记_人物_青毛狮子怪_0,青毛狮子怪,人物,"[{'39': '又称魔王、妖精、全真怪，原为文殊菩萨的坐骑青毛狮子，下凡冒充乌鸡国国王三年，会呼风唤雨。后被文殊菩萨收服，现出原身。'}, {'74': '狮驼洞三个魔头之首，神通广大，曾一口吞了十万天兵，会变化，要大能撑天堂，要小就如菜子。与二大王久住狮驼岭狮驼洞。'}, {'75': '又称老魔、老妖、老怪，三个老妖之首，中间坐者，凿牙锯齿，圆头方面，声吼若雷，眼光如电，仰鼻朝天，赤眉飘焰，为青毛狮子怪。曾吞下孙大圣，后被孙大圣在腹中闹腾。'}, {'76': '即老魔、大魔。吞行者入肚受苦，求饶愿送唐僧。被行者用绳拴心，后与二魔三魔设计捉唐僧。使钢刀。'}, {'77': '又称老魔、老怪、青狮。三个魔头之首，使钢刀。与孙悟空等争斗，擒拿唐僧师徒。后被文殊菩萨以真言降服，现本相为青狮。'}]","大大王,狮猁王,狮王",西游记
西游记_人物_青脸儿_0,青脸儿,人物,"[{'89': '黄狮精手下的小妖，青脸红毛。奉命往竹节山送请帖给九灵元圣。'}, {'90': '小妖，青脸儿怪，执锦锈团花宝幢，后逃脱。'}]",[],西游记
西游记_人物_青衣仙女_0,青衣仙女,人物,[{'5': '王母娘娘差遣的七衣仙女之一，前往蟠桃园摘桃，曾用手扯下南枝上的桃子，被大圣惊醒。'}],[],西游记
西游记_人物_顺风耳_0,顺风耳,人物,"[{'1': '天庭将领，与千里眼一同奉旨观察金光之处，听辨详情。'}, {'3': '天庭神将，能听千里，与千里眼一同向玉帝禀报。'}]",[],西游记
西游记_人物_须弥光佛_0,须弥光佛,人物,[{'100': '在结尾佛号中被提及的佛名。'}],[],西游记
西游记_人物_须菩提祖师_0,须菩提祖师,人物,"[{'1': '灵台方寸山斜月三星洞中的神仙，称名须菩提祖师，门下徒弟不计其数，端坐瑶台讲道，收孙悟空为徒并赐法名。文本中亦称菩提祖师。'}, {'2': '须菩提祖师，在三星洞传授孙悟空道法，包括长生妙诀、七十二变、筋斗云等，曾以戒尺打悟空三下暗示三更传道。'}]",菩提祖师,西游记
西游记_人物_风伯_0,风伯,人物,[{'9': '司风之神，受泾河龙王点札，参与长安城行雨。'}],[],西游记
西游记_人物_风婆婆_0,风婆婆,人物,[{'45': '掌管风的神仙，被孙大圣要求停止为道士刮风，后听从孙大圣号令放风。'}],[],西游记
西游记_人物_香兰_0,香兰,人物,[{'18': '高太公的大女儿，从小配与本庄人家。'}],[],西游记
西游记_人物_马三宝_0,马三宝,人物,"[{'9': '唐太宗朝中的武官，位列朝班，朝贺时出现。'}, {'11': '唐朝文武官员之一，在唐太宗还魂后随班朝见。'}]",[],西游记
西游记_人物_马元帅_0,马元帅,人物,"[{'3': '花果山四健将之一，原为赤尻马猴，被孙悟空封为元帅，与流元帅共掌军务。'}, {'6': '又称马流元帅之一，齐天大圣麾下，被二郎神阵势唬得摇不得旌旗。'}]",[],西游记
西游记_人物_马元帅_1,马元帅,人物,[{'51': '四大元帅之一，在南天门迎接孙悟空并邀茶。'}],[],西游记
西游记_人物_马面_0,马面,人物,"[{'3': '幽冥界鬼卒，被孙悟空吓得南奔北跑。'}, {'21': '地府马面，被牛头追赶。'}, {'56': '冥界的鬼差，老者形容猪八戒像马面，孙悟空称马面是他玄孙。'}]",马面鬼,西游记
西游记_人物_驿丞_0,驿丞,人物,[{'78': '金亭馆驿的官员，接待唐僧师徒，私下告知鹅笼之事的真相，劝长老莫管闲事。'}],[],西游记
西游记_人物_驿丞_1,驿丞,人物,"[{'93': '天竺国会同馆驿的管事官员，接待唐僧师徒，见猪八戒等相貌丑陋而心惊，后得知是官差便款待。'}, {'94': '会同馆的驿丞，接待孙悟空、猪八戒、沙僧三人，看茶摆饭。'}]",[],西游记
西游记_人物_高士廉_0,高士廉,人物,[{'11': '唐朝文武官员之一。'}],[],西游记
西游记_人物_高太公_0,高太公,人物,"[{'18': '高老庄的长者，有三个女儿，因三女儿被妖精猪刚鬣所占而烦恼，又称高老、高老儿。'}, {'19': '高老庄的庄主，又称老高、高老儿。他的女儿被猪八戒强占为妻，他请求唐僧师徒降妖，最终猪八戒随唐僧西去，他设宴酬谢。'}, {'23': '乌斯藏高老儿庄的庄主，猪八戒的前岳父。八戒曾在其家做女婿，后被孙悟空降服。'}]",[],西游记
西游记_人物_高才_0,高才,人物,"[{'18': '高太公的家人，奉命四处寻访法师降妖，被行者扯住并告知实情。'}, {'19': '高太公家的仆人，曾带领唐僧师徒至高老庄。孙悟空谢他引路，赠予碎金银。'}]",[],西游记
西游记_人物_鬼使_0,鬼使,人物,[{'11': '阴司的鬼差，负责接引、送魂等事务。曾引刘全进瓜果，并帮助刘全夫妻还魂，将李翠莲灵魂推入李玉英身内。'}],[],西游记
西游记_人物_鬼金羊_0,鬼金羊,人物,[{'65': '二十八宿之一，参与战斗。'}],[],西游记
西游记_人物_魏征_0,魏征,人物,"[{'9': '唐太宗驾下丞相，同时也是人曹官。因天帝降旨命其午时三刻梦斩泾河老龙，在府中斋戒沐浴，试慧剑，运元神。后被唐太宗召入便殿对弈。'}, {'10': '唐太宗臣子，人曹官。在便殿与太宗对弈时盹睡，梦中于剐龙台斩了泾河龙王。后奉旨把守后宰门，给太宗书信一封交与阴司判官崔珪。'}, {'11': '丞相，又称魏丞相。自幼得授仙术，推算精准，断言唐太宗会还魂。在太宗还魂后安排汤药，并参与选举高僧举办水陆大会。'}, {'12': '太宗朝臣，奉旨宣召玄奘入朝接受袈裟锡杖。'}, {'39': '唐王驾下丞相，奉天条梦斩泾河老龙，导致唐王游地府，后开大开水陆道场，引出唐僧西天取经。'}, {'43': '人曹官，奉玉帝旨意梦中斩了泾河龙王。本回中由敖顺提及。'}, {'68': '唐王驾前丞相，梦斩泾河龙王，写书与崔判官。又称贤臣。'}, {'101': '唐朝丞相，建议太宗开立选场，并奏请授陈光蕊江州之职。'}]",魏徵,西游记
西游记_人物_鱼肚将_0,鱼肚将,人物,"[{'4': '托塔李天王麾下将领，负责掠后。'}, {'61': '天庭神将，随李天王同来。'}, {'83': '天庭神将，与巨灵神等一同在云楼宫庭下听令。'}]",鱼肚药叉,西游记
西游记_人物_鲁班_0,鲁班,人物,"[{'4': '工干官之一，与张班一同在蟠桃园右首建造齐天大圣府。'}, {'21': '鲁班，其金头钻被黄风吹掉。'}, {'22': '古代著名工匠。沙悟净说其宝杖由“鲁班制造工夫盖”。'}]",[],西游记
西游记_人物_鲅大尉_0,鲅大尉,人物,[{'3': '东海龙宫官员，与鳝力士共同抬出九股叉。'}],[],西游记
西游记_人物_鲇鱼精_0,鲇鱼精,人物,[{'63': '碧波潭龙宫的小妖，被孙悟空割了下唇后报信。'}],[],西游记
西游记_人物_鲤太宰_0,鲤太宰,人物,[{'9': '泾河水府中的太宰，与龙子龙孙、虾臣蟹士等一同劝谏龙王。'}],[],西游记
西游记_人物_鲤总兵_0,鲤总兵,人物,[{'3': '东海龙宫官员，与鱼便提督共同抬出画杆方天戟。'}],[],西游记
西游记_人物_鲥军师_0,鲥军师,人物,[{'9': '泾河水府中的军师，向龙王献计：行雨时差些时辰、少些点数，便可赢过卖卦先生袁守诚。'}],[],西游记
西游记_人物_鳖帅_0,鳖帅,人物,"[{'3': '东海龙宫元帅，负责擂鼓以召集三海龙王。'}, {'101': '龙宫中的元帅，奉龙王之命去请陈光蕊还魂。'}]",鳖无帅,西游记
西游记_人物_鳜少卿_0,鳜少卿,人物,[{'9': '泾河水府中的少卿，与龙子龙孙、虾臣蟹士等一同劝谏龙王不要贸然上长安诛灭卖卦人，建议变作秀士先访问一番。'}],[],西游记
西游记_人物_鳜都司_0,鳜都司,人物,[{'3': '东海龙宫官员，奉命取大捍刀献给孙悟空。'}],[],西游记
西游记_人物_鳝力士_0,鳝力士,人物,[{'3': '东海龙宫力士，与鲅大尉共同抬出九股叉。'}],[],西游记
西游记_人物_鹏魔王_0,鹏魔王,人物,"[{'3': '孙悟空的结义兄弟之一，七大圣之一。'}, {'4': '孙悟空六弟兄之一，在孙悟空自称齐天大圣后，自称混天大圣。'}, {'41': '称为混天大圣，是孙悟空结拜七兄弟中的三哥。'}]",大鹏魔王,西游记
西游记_人物_鹿力大仙_0,鹿力大仙,人物,"[{'44': '车迟国三位国师之一，道士，号鹿力大仙。与虎力大仙、羊力大仙共同掌控车迟国，使和尚为奴。文本中在三清观参与禳星。'}, {'45': '车迟国三位国师之一，道士，与虎力大仙、羊力大仙一同辅佐国王，曾向假冒三清的孙大圣等求圣水，后被戏弄。'}, {'46': '车迟国三个国师之一，会隔板知物之法，先帮助师兄虎力用臭虫害唐僧，后与唐僧赌隔板猜枚，失败后又赌剖腹剜心，被孙行者变的饿鹰抓走肝肠，现出白毛角鹿原形而死。'}]",[],西游记
西游记_人物_黄河水伯_0,黄河水伯,人物,[{'51': '水德星君部属，持白玉盂盛黄河之水，随孙悟空至金皘洞倒水，但水未灌入洞中。'}],[],西游记
西游记_人物_黄牙老象_0,黄牙老象,人物,"[{'75': '又称二魔、二老怪，左手下坐者，凤目金睛，黄牙粗腿，长鼻银毛，圆额皱眉，身躯磊磊，为藏齿修身多年的黄牙老象。'}, {'76': '即二魔、二怪。用鼻子卷住八戒，被行者用金箍棒搠鼻孔而放鼻，后揪着鼻子拉至坡下。使枪。'}, {'77': '又称二魔、二怪、白象。三个魔头之一，使长枪，能用鼻子卷人。擒拿沙僧。后被普贤菩萨降服，现本相为白象。'}]",象王,西游记
西游记_人物_黄狮精_0,黄狮精,人物,"[{'89': '豹头山虎口洞的妖王，本体是金毛狮子。偷走唐僧徒弟们的三般兵器，欲办钉钯宴。后被孙行者等打败，逃往九灵元圣处求助。'}, {'90': '金毛狮子成精，又称金毛狮怪，偷走三件神兵，后被孙大圣打死。'}]",[],西游记
西游记_人物_黄眉老佛_0,黄眉老佛,人物,"[{'65': '又称黄眉大王、黄眉爷爷、妖王、老妖、魔头。假扮如来佛祖，设小雷音寺擒拿唐僧师徒，拥有金铙和白布搭包两件宝贝，自称修行得正果，要与孙悟空打赌。'}, {'66': '又称黄眉怪、妖王、妖魔，假充佛祖占据小雷音寺，使用金铙、后天袋子和狼牙棒，原是弥勒佛面前的司磬童儿。'}]",黄眉大王,西游记
西游记_人物_黄石公_0,黄石公,人物,[{'14': '圯桥进履故事中的仙人，三次故意丢履试探张良，后授其天书。'}],[],西游记
西游记_人物_黄衣仙女_0,黄衣仙女,人物,[{'5': '王母娘娘差遣的七衣仙女之一，前往蟠桃园摘桃，被大圣定身法困住。'}],[],西游记
西游记_人物_黄门官_0,黄门官,人物,"[{'29': '宝象国朝门的大使，为唐僧转奏倒换文牒之事。'}, {'78': '朝中官员，为唐僧传奏引见国王。'}, {'79': '负责转奏朝事的官员。'}]","黄门奏事官,黄门官",西游记
西游记_人物_黄风怪_0,黄风怪,人物,"[{'20': '黄风岭黄风洞的洞主，又称黄风大王。手下有虎先锋等妖怪，欲吃唐僧肉，先将唐僧绑在定风桩上。'}, {'21': '又称老妖、黄风怪、黄毛貂鼠，本回中的妖怪，使一柄三股钢叉，能吹三昧神风。原是灵山脚下的得道老鼠，偷琉璃盏清油后逃至黄风山成精，被灵吉菩萨用飞龙杖收服。'}, {'22': '此前被孙悟空降服的妖怪。文本中提及“自从降了黄风怪”，说明其曾在黄风岭为害。'}, {'59': '妖怪，曾被灵吉菩萨降服。'}, {'99': '妖怪，难簿中记载“黄风怪阻十三难”。'}]",黄风大圣,西游记
西游记_人物_黎山老母_0,黎山老母,人物,"[{'23': '化作寡妇莫氏（娘家姓贾，夫家姓莫），与观音、普贤、文殊一起测试唐僧师徒禅心。本回中假意招赘，实则考验。'}, {'73': '指点孙悟空去请毗蓝婆菩萨的菩萨，曾假扮孝妇，以报夫仇之名告知悟空百眼魔君的来历。'}]",黎山老姆,西游记
西游记_人物_黑水河河神_0,黑水河河神,人物,"[{'43': '黑水河的真正河神，因年迈被鼍洁夺去神府。本回中向行者哭诉冤情，请求报仇，事后作法挡住上流，干出下流，开路让唐僧师徒过河。'}, {'44': '黑水河的神祇，为唐僧师徒开路，帮助渡过黑水河。文本开头提及“黑水河神开路”。'}]",黑水河神,西游记
西游记_人物_黑鱼怪_0,黑鱼怪,人物,[{'63': '碧波潭龙宫的小妖，被孙悟空割了耳朵后报信。'}],[],西游记
西游记_人物_鼍将_0,鼍将,人物,[{'3': '东海龙宫将领，负责撞钟以召集三海龙王。'}],[],西游记
西游记_人物_鼍洁_0,鼍洁,人物,[{'43': '又称小鼍龙、鼍龙、鼍怪，黑水河中的妖邪，泾河龙王第九子，西海龙王敖顺的外甥。本回中变作梢公驾船，摄走唐僧和猪八戒，欲蒸熟请舅爷暖寿。后被摩昂太子擒获，押往西海龙宫问罪。'}],[],西游记
西游记_人物_鼻嗅爱_0,鼻嗅爱,人物,[{'14': '六个剪径毛贼之一，代表鼻根之爱，被孙悟空打死。'}],[],西游记
西游记_人物_龙女_0,龙女,人物,[{'3': '东海龙王的女儿，与龙婆一同建议送出神珍铁。'}],[],西游记
西游记_人物_龙婆_0,龙婆,人物,[{'3': '东海龙王的妻子，提醒敖广将天河定底神珍铁送给孙悟空。'}],[],西游记
西游记_人物_龙婆_1,龙婆,人物,[{'63': '万圣龙王的妻子，龙子龙孙之母，后遭擒获，被穿了琵琶骨锁在金光寺塔心柱上，由土地、城隍等送食。'}],[],西游记
西游记_人物_龙子_0,龙子,人物,[{'44': '黑水河中的龙子，曾降妖帮助唐僧师徒过黑水河。文本开头提及“幸亏龙子降妖”。'}],[],西游记
西游记_人物_龙子龙孙_0,龙子龙孙,人物,[{'9': '泾河龙王的子孙，在龙王欲上长安诛灭卖卦人时出场劝谏，后又与鱼鲫蟹士等欢笑谈论打赌之事。'}],[],西游记
西游记_人物_龙尊王佛_0,龙尊王佛,人物,[{'100': '在结尾佛号中被提及的佛名。'}],[],西游记
西游记_人物_龙王_0,龙王,人物,[{'101': '洪江龙王，曾被陈光蕊放生的金色鲤鱼所化。救起陈光蕊魂魄，使其暂居水府，赐定颜珠护尸，最后送其还魂并赠宝物。'}],[],西游记
西游记_人物_龙王_1,龙王,人物,"[{'6': '曾启奏玉帝关于妖猴之事。'}, {'14': '东洋大海龙王，曾接待孙悟空，以圯桥进履故事劝其保唐僧。'}]",[],西游记
西游记_人物_龙王_2,龙王,人物,[{'21': '四海龙王，被黄风吹得到处找夜叉。'}],[],西游记
西游记_人物_龟将_0,龟将,人物,[{'66': '武当山荡魔天尊麾下二将之一，与蛇将同助孙悟空，被黄眉大王用后天袋子装去。'}],[],西游记
西游记_地点_一天门_0,一天门,地点,[{'66': '武当山仙境的天门之一，孙大圣经过之处。'}],[],西游记
西游记_地点_七宝莲台_0,七宝莲台,地点,"[{'7': '如来高坐之处。；如来座下，众神至宝莲台下启知。'}, {'58': '如来佛祖座下的莲台。'}]","七宝灵台,宝莲台",西游记
西游记_地点_七绝山_0,七绝山,地点,[{'67': '位于驼罗庄西去三十余里，山径八百里，满山柿树，因柿树有七绝而得名。稀柿衕即在此山。'}],[],西游记
西游记_地点_万寿山_0,万寿山,地点,"[{'24': '一座高山，根接昆仑脉，顶摩霄汉中，山中有五庄观，景致幽美，是仙山福地。'}, {'25': '五庄观所在的山，唐僧西行经过此地。'}, {'26': '五庄观所在的山，唐僧师徒经过此地受阻。'}]",[],西游记
西游记_地点_万花店_0,万花店,地点,[{'101': '刘小二所开客店，位于洪州西北约一千五百里。张氏曾在此染病暂住，后被玄奘寻到。'}],[],西游记
西游记_地点_三十三天_0,三十三天,地点,"[{'5': '天界的高层天，兜率宫位于三十三天之上。'}, {'39': '天庭之上的高天，离恨天兜率宫所在之处。'}]",[],西游记
西游记_地点_三十六宫_0,三十六宫,地点,[{'66': '武当山上的宫殿建筑群。'}],[],西游记
西游记_地点_三十里店_0,三十里店,地点,[{'36': '距宝林寺约四五里远的一个店铺，有卖饭的人家，僧官建议唐僧去那里借宿。'}],[],西游记
西游记_地点_三天门_0,三天门,地点,[{'66': '武当山仙境的天门之一。'}],[],西游记
西游记_地点_三山门_0,三山门,地点,[{'98': '雷音寺的山门，共有三重。唐僧取经后经过三山门一一谢过众圣。'}],[],西游记
西游记_地点_三岛十洲_0,三岛十洲,地点,"[{'26': '东洋大海中的仙境区域，孙悟空欲遍游此处访问仙翁圣老求起死回生之法。'}, {'78': '国丈声称前去采药的仙境。'}]",十洲三岛,西游记
西游记_地点_三星洞_0,三星洞,地点,"[{'1': '灵台方寸山中的洞府，须菩提祖师所在，洞门紧闭，崖头立石牌刻有“灵台方寸山，斜月三星洞”。仙童出迎，内有大觉金仙瑶台等景。；西牛贺洲中的高山，林深幽静，山中有斜月三星洞，须菩提祖师居所。孙悟空登岸偏访后到此。'}, {'2': '菩提祖师的道场，全称三星仙洞，位于西牛贺洲，悟空在此学道。'}, {'17': '孙悟空早年访道之地，山中有老仙长传授其长生之道和大品天仙诀。'}, {'52': '指菩提祖师所在之处，即斜月三星洞。；孙悟空拜师学艺之地，即灵台方寸山。'}, {'67': '行者曾身拜灵台方寸祖，指灵台方寸山斜月三星洞，菩提祖师所在之处。'}]","圣人乡,斜月三星洞,方寸地,灵台山,灵台方寸,灵台方寸山",西游记
西游记_地点_三清观_0,三清观,地点,"[{'44': '车迟国中的道观，道士们在此修醮禳星，供奉三清圣像。文本中孙悟空、八戒、沙僧趁夜进入三清观偷吃供品。'}, {'45': '车迟国中的道观，供奉三清神像，孙大圣等夜间闯入观中，偷吃供品并撒尿冒充圣水戏弄道士。'}]",[],西游记
西游记_地点_上清天弥罗宫_0,上清天弥罗宫,地点,"[{'24': '元始天尊的道场，镇元子受邀到此听讲混元道果。'}, {'25': '镇元仙参加元始天尊法会的地方，散会后返回五庄观。'}]",元始宫,西游记
西游记_地点_东关厢街口_0,东关厢街口,地点,[{'54': '西梁女国东边的街口，那里尽是妇女在做买卖，唐僧师徒到此引来众人围观。'}],[],西游记
西游记_地点_东华门_0,东华门,地点,[{'12': '长安城城门，萧瑀在此遇到卖袈裟的菩萨，后引其入朝。'}],[],西游记
西游记_地点_东华门_1,东华门,地点,[{'62': '祭赛国朝门，唐僧入朝时先到东华门。'}],[],西游记
西游记_地点_东土大唐国_0,东土大唐国,地点,"[{'15': '唐僧的故乡，奉旨派遣唐僧西天取经的国家。'}, {'46': '指唐朝所在地，国王称“东土的和尚”，唐僧来自东土。'}, {'77': '唐僧取经的出发地，如来曾想送经至此。'}, {'100': '指大唐所在地区，唐僧取经的起点。'}]",东土,西游记
西游记_地点_东天门_0,东天门,地点,"[{'25': '天界东门，孙行者在此与增长天王猜枚得瞌睡虫。'}, {'55': '天庭的东门，孙悟空去请昴日星官经过此处。'}, {'90': '东天门的入口，孙大圣从此进入妙岩宫。'}]",[],西游记
西游记_地点_东山凹_0,东山凹,地点,[{'92': '青龙山附近的凹地，斗木獬与奎木狼在此扫荡牛精。'}],[],西游记
西游记_地点_东山坡_0,东山坡,地点,[{'21': '虎先锋被孙悟空赶下的山坡。'}],[],西游记
西游记_地点_东山顶_0,东山顶,地点,[{'65': '孙悟空逃脱后落下的地方，独自嗟叹。'}],[],西游记
西游记_地点_东极妙岩宫_0,东极妙岩宫,地点,[{'90': '太乙救苦天尊的宫殿，又称妙岩宫，位于东天门外。'}],[],西游记
西游记_地点_东洋海底_0,东洋海底,地点,[{'3': '东海的海底区域，孙悟空分开水路经过此处前往龙宫。'}],[],西游记
西游记_地点_东海_0,东海,地点,"[{'2': '四大海之一，花果山附近的海域。孙悟空由此渡海前往南赡部洲，后腾云返回时经过。'}, {'14': '龙王水晶宫所在的海域，孙悟空驾筋斗云可至。'}, {'22': '木叉行者完成任务后返回的地方，原文“木叉径回东洋海”。'}, {'26': '孙悟空前往求方的必经之路，位于半空中快如掣电般越过。'}, {'27': '悟空回花果山路途中经过的大海，听到潮声引发对唐僧的思念。'}, {'28': '花果山附近的海域，大圣跨过此海返回花果山，海面烟波荡荡、巨浪悠悠。'}, {'30': '花果山附近的海洋，猪八戒驾云经过东洋大海到达花果山。'}, {'31': '花果山与西岸之间的海域。孙悟空与八戒驾云经过，孙悟空下海净身。'}, {'41': '孙悟空前往请龙王之处，包括水晶宫等海域。'}, {'49': '鳜婆曾在此处听闻老龙王说起孙悟空的名誉。'}, {'57': '又称东洋大海，花果山所在的海域。本章中沙僧飞越东海前往花果山。'}, {'87': '敖广的龙宫所在海域，行者唤龙时乌云从正东来。'}]","东洋大海,东洋海",西游记
西游记_地点_东胜神洲_0,东胜神洲,地点,"[{'1': '四大部洲之一，花果山、傲来国所在之处，孙悟空的原籍。'}, {'2': '四大部洲之一，花果山所在的大洲。'}, {'3': '四大部洲之一，花果山和傲来国所在之处，东海龙王的表文自称水元下界东胜神洲。'}, {'8': '四大部洲之一，敬天礼地。'}, {'20': '孙悟空祖贯所在的大洲，花果山水帘洞位于此洲海东傲来国。'}, {'40': '孙大圣的家乡所在的大洲。'}, {'58': '四大部洲之一，花果山所在之处。'}, {'67': '行者祖籍所在的大洲，全称东胜神洲，此处写为东胜大神洲。'}, {'86': '孙行者祖居的大洲，花果山所在之处。'}, {'96': '四大部洲之一，文本中寇梁提及。'}]",东胜大神洲,西游记
西游记_地点_东胜神洲傲来国_0,东胜神洲傲来国,地点,[{'19': '孙悟空家乡的洲和国名。文本中猪八戒称孙悟空原住此处。'}],[],西游记
西游记_地点_东阁_0,东阁,地点,[{'100': '太宗设宴酬谢唐僧师徒之处。'}],[],西游记
西游记_地点_东阁_1,东阁,地点,[{'47': '车迟国中的宫殿建筑，国王在此大排筵宴酬谢唐僧师徒。'}],[],西游记
西游记_地点_东阁_2,东阁,地点,[{'54': '西梁女国宫廷中设宴的地方，分为荤素两样筵席，女王与唐僧师徒在此会宴。'}],[],西游记
西游记_地点_东阁_3,东阁,地点,"[{'69': '国王设宴酬谢唐僧师徒之处，有素桌面和荤桌面。'}, {'71': '朱紫国皇宫中的楼阁，国王在此设宴酬谢唐僧师徒。'}]",[],西游记
西游记_地点_两界山_0,两界山,地点,"[{'7': '如来五指所化五座联山，压住悟空。山顶贴六字真言，有土地神祗监押。'}, {'8': '如来指化五行山压住孙悟空，山顶有压帖。'}, {'13': '东半边属大唐所管，西半边是鞑靼地界，刘伯钦送三藏至此而回。山下有人叫喊师父。'}, {'14': '旧名五行山，因大唐王征西定国改名两界山，山下石匣压着孙悟空。'}, {'16': '唐僧收孙悟空的地方，过了两界山收了一个小徒。'}, {'17': '如来佛祖镇压孙悟空的山，孙悟空被压五百余年。'}, {'27': '本回中被提及如来压悟空之处，唐僧在此救出悟空并收为徒弟。'}, {'33': '唐僧揭压帖救出孙悟空的地方，被悟空提及。'}, {'34': '孙行者被师父唐僧救出之处，他曾在此拜了师父四拜。'}, {'39': '孙悟空被唐僧收为大徒弟的地方，位于东土与西域交界处。'}, {'60': '如来佛祖镇压孙悟空的山，后孙悟空解脱天灾保护唐僧取经。'}, {'82': '唐僧收孙悟空的地方。'}, {'88': '孙悟空当年被唐僧解救的地方，又称五行山。'}, {'94': '如来佛祖镇压孙悟空的所在，孙悟空在此被压五百年，饥餐铁弹，渴饮铜汁。'}, {'99': '山名，难簿中记有“两界山头第八难”。'}, {'100': '又称五行山，孙悟空被佛祖压困之处，唐僧在此救出孙悟空。'}]",五行山,西游记
西游记_地点_丹墀_0,丹墀,地点,[{'4': '灵霄宝殿前的红色台阶，仙卿们在此拜奏。'}],[],西游记
西游记_地点_丹墀_1,丹墀,地点,[{'85': '钦法国宫殿前的台阶区域。'}],[],西游记
西游记_地点_丹墀_2,丹墀,地点,[{'94': '宫殿前的台阶，师徒四人到于丹墀下，呈上关文。'}],[],西游记
西游记_地点_乌斯藏_0,乌斯藏,地点,[{'23': '高老庄所在的地区，猪八戒原籍乌斯藏高老儿庄。'}],[],西游记
西游记_地点_乌斯藏国_0,乌斯藏国,地点,[{'18': '国界之地，高老庄所在的国家。'}],[],西游记
西游记_地点_乌斯藏界_0,乌斯藏界,地点,[{'19': '唐僧师徒经过的一个地域边界，过了此界便见浮屠山。'}],[],西游记
西游记_地点_乌林子_0,乌林子,地点,[{'34': '一片黑色树林，倚海龙指认说老奶奶的压龙洞就在乌林子里。'}],[],西游记
西游记_地点_乌浩宫_0,乌浩宫,地点,[{'51': '水德星君所居宫殿，位于北天门内，孙悟空至此请水德星君助阵。'}],[],西游记
西游记_地点_九天应元雷声普化天尊府_0,九天应元雷声普化天尊府,地点,[{'45': '天庭中掌管雷部的府邸，玉帝旨意径至此府，邓天君等奉旨前来助雨。'}],[],西游记
西游记_地点_九曲盘桓洞_0,九曲盘桓洞,地点,"[{'89': '竹节山中的洞府，九灵元圣的修行居所。'}, {'90': '竹节山中的洞府，九灵元圣的巢穴，后被八戒放火烧毁。'}]",[],西游记
西游记_地点_九霄空上_0,九霄空上,地点,[{'9': '高空之处。泾河龙王点札风伯、雷公、云童、电母直到长安城九霄空上，准备行雨。'}],[],西游记
西游记_地点_乱石山碧波潭_0,乱石山碧波潭,地点,"[{'60': '牛魔王赴宴之处，潭底有龙宫般建筑，老龙精设宴款待牛魔王。孙悟空变作螃蟹入内打探。'}, {'61': '牛魔王与蛟精龙精饮酒之处，潭底有龙宫。'}, {'62': '万圣龙王居住之地，位于祭赛国东南百余里，潭底龙宫藏有舍利子佛宝和九叶灵芝草。'}, {'63': '碧波潭所在的山，孙悟空与八戒在此与九头驸马交战。；乱石山下的水潭，万圣龙王的龙宫所在，九头驸马等水族居于此。'}]","乱石山,碧波潭",西游记
西游记_地点_乾方集_0,乾方集,地点,[{'89': '一个集市，刁钻古怪等前往此处买猪羊。'}],[],西游记
西游记_地点_二天门_0,二天门,地点,[{'66': '武当山仙境的天门之一。'}],[],西游记
西游记_地点_二门_0,二门,地点,[{'24': '五庄观的第二道门，上贴有春联‘长生不老神仙府，与天同寿道人家’。'}],[],西游记
西游记_地点_云栈洞_0,云栈洞,地点,"[{'8': '福陵山中的山洞，卵二姐曾住，后归猪悟能。'}, {'18': '猪刚鬣的住处，位于福陵山。'}, {'19': '猪八戒的洞府，位于福陵山。洞口有石碣上书“云栈洞”三字。猪八戒在此洞中取九齿钉钯与孙悟空交战，后放火烧毁。'}, {'100': '福陵山上的洞府，猪八戒曾在此作怪。'}]",[],西游记
西游记_地点_云楼宫_0,云楼宫,地点,"[{'42': '托塔李天王在天宫中的宫殿。'}, {'83': '托塔李天王的住宅，太白金星与孙悟空至此宣旨。'}]",云楼宫殿,西游记
西游记_地点_五凤楼_0,五凤楼,地点,[{'10': '太宗魂魄出离之处，御林军请大驾出朝采猎。'}],[],西游记
西游记_地点_五凤楼_1,五凤楼,地点,[{'37': '乌鸡国中的楼阁，太子有时在此活动，与金銮殿同为宫廷建筑。'}],[],西游记
西游记_地点_五凤楼_2,五凤楼,地点,[{'45': '车迟国宫殿的楼阁，唐僧等在此候旨，国王曾亲上五凤楼观看求雨赌胜。'}],[],西游记
西游记_地点_五凤楼_3,五凤楼,地点,[{'54': '西梁女国朝堂前的楼阁。驿丞至此见驾，猪八戒也曾在此嚷着要喜酒吃。'}],[],西游记
西游记_地点_五凤楼_4,五凤楼,地点,[{'63': '祭赛国中楼阁，用于注写唐僧师徒名号。'}],[],西游记
西游记_地点_五凤楼_5,五凤楼,地点,[{'68': '朱紫国的宫殿建筑之一，唐僧进朝时经过。'}],[],西游记
西游记_地点_五凤楼_6,五凤楼,地点,[{'85': '钦法国朝外的建筑，装唐僧的柜子被抬至此放于丹墀之下。'}],[],西游记
西游记_地点_五台山_0,五台山,地点,"[{'39': '文殊菩萨的道场，菩萨收服狮猁王后返回此处。'}, {'65': '文殊菩萨的道场，唐僧提及。'}, {'77': '文殊菩萨的道场，如来派人去此处宣文殊。'}]",五台,西游记
西游记_地点_五台山秘魔岩_0,五台山秘魔岩,地点,[{'61': '泼法金刚修行之地。'}],[],西游记
西游记_地点_五明宫_0,五明宫,地点,[{'4': '天宫三十三座天宫之一。'}],[],西游记
西游记_地点_五色琉璃塔_0,五色琉璃塔,地点,[{'62': '金光寺内的宝塔，又称黄金宝塔，有十三层，原夜放霞光，被血雨污染后失光，塔顶藏有妖精。'}],[],西游记
西游记_地点_五谷轮回之所_0,五谷轮回之所,地点,[{'44': '即厕所，孙悟空给毛坑起的道号。文本中猪八戒将三清圣像扛至此处置。'}],[],西游记
西游记_地点_人参园_0,人参园,地点,"[{'24': '五庄观内种植人参果树的园子，清风明月在此敲取人参果。'}, {'25': '五庄观内种植人参果树的园子，孙行者在此推倒果树。'}]",[],西游记
西游记_地点_仙庄_0,仙庄,地点,[{'50': '独角兕大王点化的虚幻庄宅，内有三件纳锦背心，诱使唐僧师徒进入。'}],[],西游记
西游记_地点_会同馆_0,会同馆,地点,"[{'68': '朱紫国中的衙门，天下通会通同之所，唐僧师徒在此歇息。'}, {'69': '行者师徒在朱紫国的住所，药品和制药器皿送至此处，夜间在此制药（乌金丹）。'}]",[],西游记
西游记_地点_会同馆_1,会同馆,地点,"[{'93': '天竺国都城内接待使客的驿馆，唐僧师徒在此歇宿，驿丞接待并告知公主抛绣球之事。'}, {'94': '天竺国驿馆，仪制司领三位贤亲去会同馆少坐，驿丞在此接待。'}]",会同馆驿,西游记
西游记_地点_佛殿_0,佛殿,地点,[{'81': '寺中佛殿，悟空点灯敲钟鼓引妖之处。'}],[],西游记
西游记_地点_便殿_0,便殿,地点,"[{'9': '皇宫中的偏殿。唐太宗将魏征召入便殿，先议论安邦之策，再命对弈。'}, {'10': '唐太宗与魏征对弈之处，君臣在此下棋，魏征在此盹睡梦斩泾河龙王。'}]",[],西游记
西游记_地点_元会县_0,元会县,地点,[{'47': '车迟国下属的县，陈家庄位于该县。'}],[],西游记
西游记_地点_光明宫_0,光明宫,地点,[{'55': '昴日星官在天庭的宫殿，位于东天门内。'}],[],西游记
西游记_地点_光禄寺_0,光禄寺,地点,[{'47': '车迟国中的官署，负责安排素净筵宴。'}],[],西游记
西游记_地点_兔穴_0,兔穴,地点,[{'95': '毛颖山中的洞穴，共有三处，妖精用石块挡住窟门藏身。'}],[],西游记
西游记_地点_兜率宫_0,兜率宫,地点,"[{'5': '三十三天之上的离恨天，太上老君居所。内有三层高阁朱陵丹台，老君与燃灯古佛在此讲道，丹房内有炼丹炉和盛金丹的葫芦。'}, {'7': '太上老君的宫殿，悟空被推入八卦炉处，也曾偷仙丹。'}, {'8': '太上老君的宫殿，孙悟空曾私行此处。'}, {'25': '镇元仙从元始宫散会后出离的地方，可能指兜率宫。'}, {'31': '太上老君的居所。奎木狼被贬在此烧火。'}, {'35': '太上老君的居所，文中“缥缈同归兜率院”。'}, {'39': '又称兜率院，太上老君炼丹之所，位于离恨天。孙悟空到此求得九转还魂丹。'}, {'52': '太上老君的仙宫，位于三十三天之外，青牛偷金刚琢下界。'}, {'60': '太上老君的宫殿，土地原为兜率宫守炉道人。八卦炉位于此处。'}, {'71': '又称太清兜率院，太上老君的宫殿。金铃即在此八卦炉中炼成。'}]","兜率,兜率天宫,兜率院,离恨天兜率宫",西游记
西游记_地点_八角琉璃井_0,八角琉璃井,地点,"[{'37': '御花园中的水井，全真将国王推入井内，用石板盖住并移栽芭蕉掩盖。'}, {'38': '御花园中的一口井，乌鸡国王被害后尸首沉于此井底。井中有水晶宫，井龙王居住其间。'}, {'39': '花园中的一口井，乌鸡国国王的尸首被投入其中，浸了三年，被孙悟空捞上。'}]",[],西游记
西游记_地点_六道轮回_0,六道轮回,地点,[{'11': '阴司所在，众生轮回之处。分为仙道、贵道、福道、人道、富道、鬼道。唐太宗曾至此观看。'}],[],西游记
西游记_地点_关外_0,关外,地点,[{'12': '长安城外，太宗与百官送玄奘至此并践行。'}],[],西游记
西游记_地点_兵器馆_0,兵器馆,地点,[{'3': '傲来国武库内存放兵器的场所，有刀枪剑戟等无数器械。；傲来国兵器馆所在，储存各类兵器。'}],武库,西游记
西游记_地点_净乐国_0,净乐国,地点,[{'66': '荡魔天尊的出生之国，其父为净乐国王。'}],[],西游记
西游记_地点_净水池_0,净水池,地点,[{'33': '莲花洞后边的水池，猪八戒被浸在其中，说要浸退毛衣腌着。'}],[],西游记
西游记_地点_凌云渡_0,凌云渡,地点,"[{'70': '孙悟空自述本领时提到的一个渡口，他能够打过。'}, {'98': '灵山前的一道活水，宽阔汹涌，上有独木桥名为凌云渡。无底船在此渡人过河，脱去凡胎。'}, {'99': '灵山脚下的渡口，唐僧在此脱胎成道。难簿中记有“凌云渡脱胎八十难”。'}]",[],西游记
西游记_地点_凌虚殿_0,凌虚殿,地点,[{'4': '天宫七十二重宝殿之一。'}],[],西游记
西游记_地点_凤仙郡_0,凤仙郡,地点,"[{'87': '天竺国外郡，连年干旱，郡侯上官氏治理此地。行者劝善后降雨，并建甘霖普济寺。'}, {'88': '此前唐僧师徒经过的地方，孙悟空曾在那里求雨施恩。'}, {'99': '郡县，难簿中记有“凤仙郡求雨七十二难”。'}, {'100': '西行路上的郡，通关文牒上有其印信。'}]",[],西游记
西游记_地点_函关_0,函关,地点,[{'52': '太上老君化胡之处。'}],[],西游记
西游记_地点_剐龙台_0,剐龙台,地点,"[{'9': '处斩犯天条之龙的地方。袁守诚警告泾河龙王，其违犯天条，恐难免在剐龙台上一刀。'}, {'10': '天兵绑缚泾河龙王之处，魏征梦中在此斩龙。'}]",[],西游记
西游记_地点_剥皮亭_0,剥皮亭,地点,"[{'70': '獬豸洞中的一座八窗明亮的亭子，赛太岁常在亭中端坐。孙悟空在此盗取金铃。'}, {'71': '獬豸洞中的亭子，赛太岁在此点聚群妖、发号施令，并在此与金圣宫娘娘会面。'}]",[],西游记
西游记_地点_剥皮亭_1,剥皮亭,地点,[{'86': '隐雾山折岳连环洞内的亭子，存放吃不了的人头，小妖从中挑选真人头用于哄骗孙行者。'}],[],西游记
西游记_地点_化生寺_0,化生寺,地点,"[{'11': '长安城内的寺院，陈玄奘在此聚集僧众，打造禅榻，准备举办水陆大会。'}, {'12': '长安城内的寺庙，水陆大会举办地，玄奘与一千二百名高僧在此开演诸品妙经。'}]",[],西游记
西游记_地点_化龙池_0,化龙池,地点,[{'100': '灵山后崖的池子，白龙马被推入其中化为真龙。'}],[],西游记
西游记_地点_北俱芦洲_0,北俱芦洲,地点,[{'1': '四大部洲之一，文本中提及但未具体展开。'}],[],西游记
西游记_地点_北天门_0,北天门,地点,"[{'33': '天庭北门，哪吒去此处向真武借皂雕旗。'}, {'51': '天庭的北门，多闻天王在此巡视，孙悟空由此入乌浩宫。'}, {'77': '天庭的北门，孙悟空曾在此与护国天王猜枚。'}]",[],西游记
西游记_地点_北岸_0,北岸,地点,[{'101': '江州北岸，殷丞相兵马在此下营。'}],[],西游记
西游记_地点_北巨芦洲_0,北巨芦洲,地点,[{'8': '性拙情流，无多作践。'}],[],西游记
西游记_地点_北海_0,北海,地点,"[{'2': '四大海之一，腾云示例中提及朝游北海暮苍梧。'}, {'63': '九头虫负伤后逃往的方向。'}]",[],西游记
西游记_地点_十八层地狱_0,十八层地狱,地点,[{'10': '阴山背后的一十八层地狱，包括吊筋狱、幽枉狱、火坑狱、酆都狱、拔舌狱、剥皮狱、磨捱狱、碓捣狱、车崩狱、寒冰狱、脱壳狱、抽肠狱、油锅狱、黑暗狱、刀山狱、血池狱、阿鼻狱、秤杆狱。各狱有不同刑罚。'}],[],西游记
西游记_地点_十字街头_0,十字街头,地点,[{'10': '长安城内，千步廊附近，龙头从云端落下之处。'}],[],西游记
西游记_地点_十里长亭_0,十里长亭,地点,[{'96': '寇员外送别唐僧师徒至此处，设宴饯别。'}],[],西游记
西游记_地点_千步廊_0,千步廊,地点,[{'10': '长安城内地点，十字街头南边，云端里落下龙头之处。'}],[],西游记
西游记_地点_千花洞_0,千花洞,地点,[{'73': '毗蓝婆菩萨的洞府，位于紫云山中，洞外有青松翠柏、奇花异草。'}],[],西游记
西游记_地点_华光行院_0,华光行院,地点,"[{'96': '路旁一座倒塌的牌坊和行院，唐僧师徒在此避雨。原为供奉华光菩萨之处。'}, {'97': '唐僧师徒夜雨存身的破屋，位于城外。又称华光破屋。'}]",[],西游记
西游记_地点_华夷楼_0,华夷楼,地点,[{'95': '天竺国中的楼阁，国王命丹青图下圣僧四众喜容供养在此。'}],[],西游记
西游记_地点_南天门_0,南天门,地点,"[{'1': '天庭之门，玉帝命千里眼、顺风耳开南天门观看下界金光。'}, {'3': '天庭的正门，太白金星领旨从此出天界前往花果山。'}, {'4': '天宫的正门，碧沉沉琉璃造就，明幌幌宝玉妆成。增长天王率天将把守，孙悟空两次由此出入。'}, {'6': '天宫之门，玉帝与众仙至此遥观下界战斗。'}, {'8': '天庭的大门，观音与木吒曾到此见玉帝。'}, {'16': '天庭的门户，孙行者一筋斗跳上南天门借辟火罩。'}, {'17': '天庭的正门，道祖观音同玉帝曾在此观看降妖。'}, {'22': '天庭的正门。卷帘将曾自称“南天门里我为尊”。'}, {'25': '天界南门，孙行者称指一指就能打开。'}, {'31': '天庭的正门。孙悟空打到南天门，众神不敢拦阻。'}, {'33': '天庭正门，玉帝所在。哪吒在此展开皂雕旗遮闭星辰，孙悟空事后跳至此谢哪吒。'}, {'39': '天庭的正门，孙悟空进入天庭的入口。他从此处进入，到三十三天兜率宫求丹，后又从此返回凡间。'}, {'42': '天宫的门户，惠岸进入之处。'}, {'45': '天庭的门户，邓天君领着雷公电母从南天门到空中。'}, {'51': '天庭的正门，广目天王及四大元帅巡视之处，孙悟空多次进出此处。'}, {'52': '天宫入口，孙悟空进出天庭之门。'}, {'58': '天庭的正门，由广目天王等天将把守。'}, {'65': '天庭入口，金头揭谛闯入此处上达灵霄宝殿。'}, {'70': '天庭的门户，文中描述烟熏着南天门外柱。'}, {'74': '天宫之门。当年大大王吞天兵时，吓得众天兵不敢交锋，关了南天门。'}, {'76': '三魔激将行者时提及，说他在南天门外施威。'}, {'83': '天庭的门户，大力天王与护国天王把守，孙悟空由此进入天庭。'}]",[],西游记
西游记_地点_南山_0,南山,地点,[{'27': '本回中悟空去摘桃的地方，正南方向的一座高山，向阳处有熟透的山桃。'}],[],西游记
西游记_地点_南山_1,南山,地点,[{'28': '花果山南边，大圣令群猴将打死的猎户衣服剥来、尸首推入深潭的地方。'}],[],西游记
西游记_地点_南山_2,南山,地点,[{'57': '唐僧师徒所在处的南面山岭。本章中八戒和沙僧先后去南山涧下取水。'}],[],西游记
西游记_地点_南庄_0,南庄,地点,[{'50': '位于金皘山南面的村庄，行者在此化得斋饭。'}],[],西游记
西游记_地点_南海_0,南海,地点,"[{'8': '观音居住的海域，具体有落伽山、潮音洞等。'}, {'14': '观音菩萨的道场所在地，文中称南海菩萨。'}, {'15': '观音菩萨居住的海域，金头揭谛前往此处请菩萨。'}, {'17': '观世音菩萨的道场所在地，汪洋海远，水势连天，有落伽山、观音殿等胜境。'}, {'22': '观音菩萨所在的海洋区域。孙悟空前往南海请菩萨相助。'}, {'34': '观音菩萨的道场，孙行者曾去南海拜观音。'}, {'36': '观音菩萨的道场。文本中提及“倒座观音普度南海之相”，指塑像。'}, {'41': '红孩儿假扮观音所在方向，也是八戒前往请观音菩萨的路线方向。'}, {'42': '观音菩萨居住的海域，孙悟空驾筋斗云前往，菩萨吹气渡悟空过南洋苦海。'}, {'49': '观音菩萨所在的海域，孙悟空从通天河纵祥光径赴南海。'}, {'54': '南海观世音菩萨的道场所在地。'}, {'55': '观音菩萨的居住地，菩萨化作金光径回南海。'}, {'57': '又称南洋大海，观音菩萨道场所在的海域。本章中孙悟空和沙僧都曾飞越南海。'}, {'58': '观音菩萨道场所在的海域，孙悟空与沙僧曾从此处离开。'}, {'59': '观音菩萨的道场所在海域。'}, {'65': '观音菩萨的道场，唐僧提及。'}, {'71': '观音菩萨的道场。菩萨收伏金毛犼后骑犼回南海。'}, {'84': '观音菩萨驾祥云返回的宝山，即观音道场。'}]",[],西游记
西游记_地点_南赡部洲_0,南赡部洲,地点,"[{'1': '四大部洲之一，孙悟空乘筏漂流至此，穿州过府八九余年参访仙道无缘得遇。'}, {'2': '四大部洲之一，孙悟空曾云游此处八九年，学成人像。'}, {'8': '贪淫乐祸，多杀多争。'}, {'66': '孙悟空去拜武当山所经的大洲，也是荡魔天尊镇守之地。'}, {'96': '四大部洲之一，东土大唐所在洲。'}]",[],西游记
西游记_地点_南门头破瓦窑_0,南门头破瓦窑,地点,[{'101': '洪州南门头，张氏因无钱交租后居住的破窑，每日上街乞讨。'}],[],西游记
西游记_地点_卧虎石_0,卧虎石,地点,[{'20': '黄风岭山坡下的一块石头，虎先锋剥下虎皮盖在上面，伪装成自身以施展金蝉脱壳计。'}],[],西游记
西游记_地点_压龙山_0,压龙山,地点,[{'35': '老魔败阵后投奔之处，狐阿七大王所在的山。'}],[],西游记
西游记_地点_压龙山压龙洞_0,压龙山压龙洞,地点,"[{'34': '九尾狐狸（老奶奶）居住的洞府，孙行者变作倚海龙前往此处请老奶奶，并打杀了她。'}, {'35': '老魔投奔压龙山后的洞府。'}]",压龙洞,西游记
西游记_地点_厨房_0,厨房,地点,[{'24': '五庄观内做饭的地方，与道房间壁，八戒在此做饭并听见道童言语。'}],[],西游记
西游记_地点_双叉岭_0,双叉岭,地点,"[{'13': '虎狼巢穴处，三藏与从者跌落坑坎之处，寅将军、熊山君、特处士等妖怪盘踞之地。'}, {'99': '山岭，难簿中记有“双叉岭上第七难”。'}]",[],西游记
西游记_地点_古渡口_0,古渡口,地点,[{'53': '子母河边的渡口，梢婆撑船之处。'}],[],西游记
西游记_地点_号山_0,号山,地点,"[{'40': '一座高山，方圆六百里，又称号山，有山神土地，红孩儿镇守于此。'}, {'42': '红孩儿所在的山，唐僧被摄之处，距离火云洞约四百余里。'}, {'99': '山名，难簿中记有“号山逢怪二十八难”。'}]",钻头号山,西游记
西游记_地点_号山枯松涧火云洞_0,号山枯松涧火云洞,地点,"[{'40': '枯松涧边的一个洞府，红孩儿（圣婴大王）居住的洞穴。'}, {'41': '红孩儿所住的洞府，门前有石碣镌刻八个大字，洞景非凡，有回銮古道、怪石崖等。'}, {'42': '位于号山枯松涧，是红孩儿的洞府，内有群妖。'}, {'53': '红孩儿的住处，又名号山枯松涧火云洞。'}, {'59': '红孩儿曾经的洞府。'}, {'60': '牛圣婴（红孩儿）的洞府，他曾在此捉住唐僧。'}]",火云洞,西游记
西游记_地点_后园_0,后园,地点,[{'81': '寺后园子，妖精吃人后骸骨丢弃之处，也是悟空与妖精斗法之地。'}],[],西游记
西游记_地点_后园_1,后园,地点,[{'85': '老妖洞府中的后园，唐僧和樵子被绑在此处的树上。'}],[],西游记
西游记_地点_后宫_0,后宫,地点,[{'71': '獬豸洞中金圣宫娘娘的寝宫，赛太岁时常来此。'}],[],西游记
西游记_地点_后宰门_0,后宰门,地点,"[{'37': '乌鸡国的后门，孙悟空让太子从此门入宫见母后。'}, {'38': '乌鸡国皇宫的后门，太子从此门入宫见母，后来孙悟空与八戒也从此门潜入御花园。'}]",[],西游记
西游记_地点_后宰门_1,后宰门,地点,[{'77': '狮驼国的后门，有封锁和梆铃，唐僧师徒曾试图从此爬墙逃走。'}],[],西游记
西游记_地点_圆池_0,圆池,地点,[{'24': '五庄观花园内的圆形池塘，与方沼并称。'}],[],西游记
西游记_地点_土地庙_0,土地庙,地点,[{'95': '御花园中的庙宇，妖精在此取出兵器。'}],[],西游记
西游记_地点_地灵县_0,地灵县,地点,"[{'96': '铜台府后面的县，寇员外家所在。'}, {'97': '铜台府下辖的县，寇洪家居于此，有县堂。'}]",[],西游记
西游记_地点_地窖_0,地窖,地点,[{'66': '小雷音寺内关押二十八宿、五龙二将等的处所，位于地下。'}],[],西游记
西游记_地点_均州_0,均州,地点,[{'11': '又称均州城。刘全与李翠莲的家乡。'}],[],西游记
西游记_地点_坎宫之地_0,坎宫之地,地点,[{'90': '众妖精布阵的方位之地。'}],[],西游记
西游记_地点_坎源山_0,坎源山,地点,[{'2': '混世魔王居住的山，称为三界坎源山，山中有水脏洞。'}],[],西游记
西游记_地点_坛场_0,坛场,地点,[{'45': '求雨的高台，台上设有香炉、烛台、金牌、大缸、铁牌、木桩等，虎力大仙和唐僧先后登坛祈雨。'}],[],西游记
西游记_地点_多宝台_0,多宝台,地点,[{'12': '化生寺内的讲经台，玄奘在台上讲法，菩萨上前指点大乘佛法。'}],[],西游记
西游记_地点_大千甘露殿_0,大千甘露殿,地点,[{'90': '天宫中狮奴偷吃轮回琼液的地方。'}],[],西游记
西游记_地点_大圣禅寺_0,大圣禅寺,地点,[{'66': '国师王菩萨的寺院，位于蠙城内，有宝塔等建筑。'}],[],西游记
西游记_地点_大海_0,大海,地点,[{'82': '白龙马原本的归宿。'}],[],西游记
西游记_地点_大罗天_0,大罗天,地点,"[{'35': '道家天界，文中“逍遥直上大罗天”。'}, {'56': '道教天界，玉帝曾封孙悟空在大罗天御马监养马。'}]",[],西游记
西游记_地点_大雄宝殿_0,大雄宝殿,地点,[{'36': '宝林寺中的主要佛殿。唐僧在此合掌皈依、下拜，行者指着殿中三尊佛像发狠说话。'}],[],西游记
西游记_地点_大雄宝殿_1,大雄宝殿,地点,[{'98': '雷音寺内的主殿，如来佛祖升座之处。唐僧师徒在此拜见如来，奉上通关文牒，求取真经。'}],[],西游记
西游记_地点_大雄殿_0,大雄殿,地点,[{'80': '寺内的大殿，有青光。'}],[],西游记
西游记_地点_大雷音寺_0,大雷音寺,地点,"[{'12': '大西天天竺国境内的寺庙，我佛如来居所，藏有大乘佛法三藏。'}, {'14': '西天佛寺，活佛所在之处，唐僧求经的目标地。'}, {'17': '灵山雷音寺，唐僧西天取经的目的地，孙悟空皈依后转上此处。'}, {'19': '西天佛祖所在的寺庙，唐僧询问其所在，乌巢禅师回答远哩。'}, {'24': '指雷音寺，唐僧说‘若是相近雷音不远路’，沙僧说此间虽不是雷音。'}, {'27': '指灵山雷音寺，唐僧取经的目的地，本回中唐僧说‘怎么得上雷音’。'}, {'32': '雷音寺，佛王所在，唐僧诗中提到“怎得雷音见佛王”。'}, {'35': '西天雷音寺，唐僧取经的目的地，文中“上雷音”。'}, {'39': '西天拜佛求经的最终目的地，如来佛祖所在之处。'}, {'46': '指西天雷音寺，唐僧祭奠孙行者时祝愿其幽冥做鬼上雷音。'}, {'57': '西天灵山上的寺院，如来佛祖所在之处。本章中指唐僧取经的目的地。'}, {'61': '佛祖所在之处，佛老亲言传旨。'}, {'62': '灵山上的寺庙，唐僧参见如来取经之处。'}, {'72': '唐僧取经的目的地，文本中提及。'}, {'73': '唐僧取经的目的地，如来佛所在之处。'}, {'80': '位于天竺国的佛寺，唐僧取经的最终目的地。'}, {'82': '西天雷音寺，唐僧取经的目的地。'}, {'85': '天竺国中的佛教圣地，唐僧要拜活佛取真经的地方。'}, {'87': '位于灵山中的寺庙，如来佛祖住处。唐僧师徒取经的最终目标。'}, {'88': '指西天大雷音寺，佛祖所在之处，唐僧师徒取经的目的地。'}]","天竺国大雷音寺,西天大雷音,西天大雷音寺,雷音",西游记
西游记_地点_天宫_0,天宫,地点,"[{'20': '孙悟空曾大反天宫，即天庭的宫殿所在。'}, {'42': '玉皇上帝居住之处，南天门内，有云楼宫殿。'}, {'52': '天庭所在。'}, {'57': '天庭所在的宫殿。本章中孙悟空曾想投奔天宫。'}, {'71': '天庭所在，孙悟空曾大闹天宫。孙悟空自述中提及九天神将、玉龙台等。'}, {'74': '天庭，玉皇大帝所在。妖魔一纸简上天宫，十一大曜个个相钦。孙悟空也曾大闹天宫。'}, {'94': '天界天庭，玉帝居住之处，孙悟空曾大反天宫，八戒曾逍遥汉阙。'}]",[],西游记
西游记_地点_天王殿_0,天王殿,地点,[{'4': '天宫七十二重宝殿之一。'}],[],西游记
西游记_地点_天王殿_1,天王殿,地点,[{'81': '寺中殿宇，女子被安排在此处草铺睡觉。'}],[],西游记
西游记_地点_天王殿_2,天王殿,地点,[{'98': '雷音寺内的殿宇，放霞光。'}],[],西游记
西游记_地点_天界_0,天界,地点,[{'24': '镇元子带领徒弟飞升前往上清天弥罗宫的方向。'}],[],西游记
西游记_地点_天竺_0,天竺,地点,[{'99': '国家，难簿中记有“天竺招婚七十八难”。'}],[],西游记
西游记_地点_天竺国_0,天竺国,地点,"[{'14': '西天所在的国家界域，距离东土十万八千里。'}, {'62': '西天取经的目的地国，唐僧欲往大雷音寺拜佛求经。'}, {'67': '唐僧取经的目的地，老者说从小西天到大西天路途甚远。'}, {'70': '唐僧西天取经的目的地之国，文中提到“大西天天竺国”。'}, {'77': '指西天佛国，唐僧未能到达之处。'}, {'80': '西天取经的目的地国家，大雷音寺所在。'}, {'85': '唐僧取经的目的地国家，大雷音寺所在之处。'}, {'86': '西天取经的目的地，樵子指路说向西不满千里即到天竺国极乐之乡。'}, {'87': '唐僧师徒取经的目的地国，但如来灵山不在城中。凤仙郡是其外郡。'}, {'88': '佛教国家，玉华县为其下郡。唐僧师徒最终要到达雷音寺所在的国家。'}, {'93': '唐僧师徒到达的国家，都城为铁瓮金城，有十字街头、彩楼、会同馆驿等。国王为怡宗皇帝。'}, {'95': '唐僧取经途经的国家，国王、皇后、公主所在之处，皇宫中有鳷鹊宫、御花园等。'}]","大西天,天竺国界,西方胜境",西游记
西游记_地点_太和宫_0,太和宫,地点,[{'66': '武当山上的宫殿，荡魔天尊所居之处，五百灵官簇拥。'}],[],西游记
西游记_地点_太岳_0,太岳,地点,[{'43': '大山，敖顺的第八子蜃龙在此砥据。'}],[],西游记
西游记_地点_太玄宝宫_0,太玄宝宫,地点,[{'7': '天庭宫殿。'}],[],西游记
西游记_地点_太虚之宝洞_0,太虚之宝洞,地点,[{'66': '武当山上的宝洞，属仙境之一。'}],[],西游记
西游记_地点_太行山_0,太行山,地点,[{'70': '孙悟空自述本领时提到的一座山，他一个筋斗就能越过。'}],[],西游记
西游记_地点_太阳宫_0,太阳宫,地点,[{'4': '天宫三十三座天宫之一。'}],[],西游记
西游记_地点_奈河桥_0,奈河桥,地点,"[{'10': '阴司之桥，寒风滚滚，血浪滔滔，桥下奔流浩浩之水，桥边神将凶顽，河内孽魂苦恼，铜蛇铁狗争餐。'}, {'97': '幽冥地界的桥，本回描述中鬼超生。'}]",[],西游记
西游记_地点_婆罗双林_0,婆罗双林,地点,[{'8': '灵山仙境中的树林，诸佛接引如来之处。'}],[],西游记
西游记_地点_子母河_0,子母河,地点,"[{'53': '西梁女国境内的河流，又称清水河，饮其水会腹痛成胎。'}, {'55': '西梁国境内的河流，饮水后会怀孕，唐僧曾饮其水。'}]",[],西游记
西游记_地点_宝光殿_0,宝光殿,地点,[{'4': '天宫七十二重宝殿之一。'}],[],西游记
西游记_地点_宝华山_0,宝华山,地点,"[{'93': '布金禅寺所在的山，上有蜈蚣精伤人，山下有鸡鸣关，须鸡鸣时才能过去。'}, {'95': '原名百脚山，位于天竺国给孤布金寺所在之处。近有蜈蚣成精，黑夜伤人。国王听后改山名为宝华山，并敕建宝华山给孤布金寺，选雄鸡千只撒放山中降伏毒虫。'}]",百脚山,西游记
西游记_地点_宝莲台_0,宝莲台,地点,[{'57': '观音菩萨坐下的莲台。本章中菩萨端坐莲台，孙悟空侍立于台下。'}],[],西游记
西游记_地点_宝象国_0,宝象国,地点,"[{'29': '西方一国，距百花羞被摄之处三百余里，唐僧师徒至此倒换文牒并送家书。国中有朝门、白玉阶、金阶等建筑。'}, {'30': '西牛贺洲的一个国家，三公主的父王统治的地方。唐僧曾在此倒换关文。'}, {'31': '唐僧师徒经过的国家，公主被摄，国王请降妖。'}, {'32': '唐僧师徒之前经过的国家，曾救公主，承君臣送出城西。'}, {'54': '唐僧师徒途经的国家，其国印出现在通关文牒上。'}, {'99': '国家，难簿中记有“宝象国捎书二十二难”。'}, {'100': '西行路上的国家，唐僧通关文牒上有其印信。'}]",[],西游记
西游记_地点_宝阁_0,宝阁,地点,"[{'98': '存放经卷的阁楼，在珍楼之内。经柜宝箧贴有红签，楷书经卷名目。燃灯古佛在阁上听闻传经之事。'}, {'100': '灵山内的建筑，传经之处。'}]",[],西游记
西游记_地点_宝阁_1,宝阁,地点,[{'66': '小雷音寺内的阁楼，黄眉大王聚众怪于此。'}],[],西游记
西游记_地点_寇员外家_0,寇员外家,地点,"[{'96': '位于地灵县南北街虎坐门楼，门前有万僧不阻之牌。唐僧师徒在此受斋半月。'}, {'97': '寇洪的住宅，被强盗打劫，后唐僧送还财物。又称寇员外家。'}]",寇家,西游记
西游记_地点_寿星台_0,寿星台,地点,[{'4': '天宫中的高台，上有千千年不卸的名花。'}],[],西游记
西游记_地点_小茅山_0,小茅山,地点,[{'46': '羊力大仙学来大开剥法术的地方，他炼成冷龙护住油锅。'}],[],西游记
西游记_地点_小西天_0,小西天,地点,"[{'65': '黄眉老佛自称此处，天赐宝阁珍楼，山名为小西天。'}, {'66': '山名，内有小雷音寺，黄眉大王假佛成精之处。'}, {'67': '唐僧师徒离开小西天继续前行，此处离大西天甚远，且有七绝山稀柿衕难以通过。'}]",[],西游记
西游记_地点_小雷音寺_0,小雷音寺,地点,"[{'65': '妖王假设的寺院，山门上有四个字，内有如来大殿、宝台等，唐僧误认为是灵山。'}, {'66': '黄眉大王占据的寺庙，内有宝阁、珍楼等，唐僧师徒被困于此。'}, {'99': '寺院，黄眉怪所化，难簿中记有“小雷音遇难五十三难”。'}]",小雷音,西游记
西游记_地点_小须弥山_0,小须弥山,地点,"[{'21': '灵吉菩萨讲经的道场所在之山，有禅院。'}, {'59': '灵吉菩萨的道场，孙悟空被芭蕉扇扇至此地。'}]",[],西游记
西游记_地点_山川坛_0,山川坛,地点,[{'11': '长安城中的祭坛，魏征、萧瑀等人在此查选高僧。'}],[],西游记
西游记_地点_山门_0,山门,地点,[{'24': '五庄观的大门，左边有一通碑，上刻‘万寿山福地，五庄观洞天’。'}],[],西游记
西游记_地点_山门_1,山门,地点,[{'37': '宝林寺的大门，太子追赶白兔到此，见门槛上插着雕翎箭，上有“敕建宝林寺”五字。'}],[],西游记
西游记_地点_峨眉_0,峨眉,地点,[{'65': '普贤菩萨的道场，唐僧提及。'}],[],西游记
西游记_地点_峨眉山_0,峨眉山,地点,"[{'33': '二魔遣来压孙悟空的第二座山，被悟空挑在右肩背上。'}, {'77': '普贤菩萨的道场，如来派人去此处宣普贤。'}]",[],西游记
西游记_地点_峨眉山清凉洞_0,峨眉山清凉洞,地点,[{'61': '胜至金刚修行之地。'}],[],西游记
西游记_地点_巩州城_0,巩州城,地点,[{'13': '三藏师徒行了数日到达的城池，有巩州合属官吏人等迎接。'}],[],西游记
西游记_地点_布金禅寺_0,布金禅寺,地点,"[{'93': '位于舍卫国界，又名给孤布金寺、祇园。山门上有“布金禅寺”大字，悬扁“上古遗迹”。原为给孤独长者祇园，因金砖布地得名。寺后还有祇园基址。；即祇树给孤独园，布金禅寺后门外的空地，有碎石墙脚，是给孤独长者请佛讲经的基址。'}, {'95': '离天竺国六十里的寺院，又称布金寺，真公主被藏于后房，后国王改山名为宝华山并敕建该寺。'}]","给孤园,给孤布金寺",西游记
西游记_地点_平顶山_0,平顶山,地点,"[{'32': '径过六百里远近的山，十分险峻，有巍巍峻岭、削削尖峰，山中有一洞名莲花洞，住着金角大王和银角大王。'}, {'35': '金角、银角大王与孙大圣拒敌的地方，连日在平顶山争斗。'}, {'99': '山名，难簿中记有“平顶山逢魔二十四难”。'}]",[],西游记
西游记_地点_幽冥_0,幽冥,地点,"[{'58': '地府，又称阴司，掌管生死，有森罗宝殿、翠云宫等。'}, {'68': '冥司地府所在，崔判官任职之处。又称冥司。'}, {'81': '地府，孙悟空曾打入此地。'}, {'97': '阴间，孙悟空筋斗云所至，包括森罗殿等。'}]","幽冥地界,酆都城",西游记
西游记_地点_幽冥关隘_0,幽冥关隘,地点,"[{'3': '阴间地府的大门，城上有铁牌刻字，孙悟空被勾魂至此并打入城中。'}, {'10': '幽冥地府之门，城门上挂着“幽冥地府鬼门关”七个大金字。'}, {'11': '阴司的关口，鬼使把守，刘全进瓜果从此进入。'}, {'58': '地府的关隘，真假孙悟空离开后鬼使关闭了此处。'}]","幽冥界,鬼门关",西游记
西游记_地点_广寒宫_0,广寒宫,地点,"[{'19': '嫦娥所居的月宫。天蓬元帅曾闯此宫调戏嫦娥。'}, {'95': '月宫，又称蟾宫，玉兔和素娥原居此处，太阴星君居所。'}]",[],西游记
西游记_地点_庄院_0,庄院,地点,[{'59': '火焰山路边的一座红瓦红砖庄院，唐僧师徒借宿问路之处。'}],[],西游记
西游记_地点_庄院_1,庄院,地点,[{'72': '盘丝洞前的村庄模样，实为妖精所居，有石桥、茅屋等。'}],[],西游记
西游记_地点_府堂_0,府堂,地点,[{'92': '金平府的官署大堂，犀牛精被押至此审究。'}],[],西游记
西游记_地点_建章宫_0,建章宫,地点,[{'62': '祭赛国宫殿中的宫室，国王再请唐僧师徒定计捕贼。'}],[],西游记
西游记_地点_开封府_0,开封府,地点,[{'11': '河南开封府，相良居住并经营生意的地点，胡敬德奉旨到此还债。'}],[],西游记
西游记_地点_弱水_0,弱水,地点,[{'8': '流沙河界的弱水，难以渡过。'}],[],西游记
西游记_地点_彤华宫_0,彤华宫,地点,[{'51': '火德星君所居宫殿，位于南天门内，孙悟空至此请火德星君助阵。'}],[],西游记
西游记_地点_彩楼_0,彩楼,地点,"[{'93': '天竺国十字街头的楼，公主在此抛绣球招驸马，八窗玲珑，左右有五七十胭娇绣女。'}, {'94': '公主抛打绣球选亲的彩楼，唐僧曾被孙悟空引去看，惹出招亲之事。'}, {'95': '天竺国中搭建的彩楼，假公主在此抛绣球招亲。'}]",[],西游记
西游记_地点_待客馆_0,待客馆,地点,[{'88': '玉华王府门前的建筑，供客人休息。唐僧的三个徒弟最初在此等候。'}],[],西游记
西游记_地点_御水河_0,御水河,地点,[{'30': '宝象国宫中的河流，小白龙受伤后钻入此河逃命。'}],[],西游记
西游记_地点_御水河_1,御水河,地点,[{'39': '乌鸡国中的河流，文殊菩萨曾变作凡僧被国王捆了丢入河中浸了三日三夜。'}],[],西游记
西游记_地点_御水河_2,御水河,地点,[{'46': '孙行者变作黄犬将虎力大仙的头衔去后丢入的河边。'}],[],西游记
西游记_地点_御花园_0,御花园,地点,"[{'37': '乌鸡国国王与全真同游之处，园中有八角琉璃井，国王被推入井中后花园被关闭三年。'}, {'38': '乌鸡国皇宫内的花园，园中有一株芭蕉树，树下八角琉璃井。孙悟空与八戒夜间潜入，在此找到井口并捞出国王尸首。'}, {'46': '国王的后花园，其中有一棵仙桃树，国王摘下碗大仙桃放入柜中用于猜枚。'}, {'69': '国王与嫔后解粽插艾、看斗龙舟之处，也是金圣宫被摄走的地方。避妖楼位于花园后。'}]",[],西游记
西游记_地点_御花园_1,御花园,地点,"[{'93': '天竺国王室的花园，前年国王带后妃、公主在此月夜赏玩，真公主被妖邪摄去。'}, {'94': '天竺国御花园，国王请驸马和徒弟们在此安歇、饮宴赏景，内有径铺彩石、槛凿雕栏、凤台龙沼、竹阁松轩等景致。'}, {'95': '天竺国皇宫中的花园，妖精在此取捣药杵与孙悟空斗战。'}]",[],西游记
西游记_地点_护法堂_0,护法堂,地点,[{'98': '雷音寺内的堂宇，喷紫焰。'}],[],西游记
西游记_地点_披香殿_0,披香殿,地点,[{'68': '朱紫国宫殿中用于摆膳的地方，国王与唐僧同享膳食。'}],[],西游记
西游记_地点_披香殿_1,披香殿,地点,[{'87': '天庭殿宇，内立有米山、面山、黄金大锁三事，玉帝以此惩罚凤仙郡侯。'}],[],西游记
西游记_地点_摩云洞_0,摩云洞,地点,"[{'60': '位于积雷山，玉面公主的洞府，牛魔王在此与玉面公主同居。'}, {'61': '牛魔王在积雷山的洞府，玉面公主所居。'}]",[],西游记
西游记_地点_擎天华表柱_0,擎天华表柱,地点,[{'100': '灵山门内的柱子，天龙马化龙后盘绕其上。'}],[],西游记
西游记_地点_救生寺_0,救生寺,地点,[{'99': '陈家庄百姓为感谢唐僧救命之恩修建的寺院，内塑唐僧四众之象。'}],[],西游记
西游记_地点_敕建宝林寺_0,敕建宝林寺,地点,[{'36': '一座寺院，山门上写有“敕建宝林寺”五个大字。寺内有山门、二层山门、金刚、四大天王、大雄宝殿、倒座观音、方丈、禅堂、钟鼓楼、万佛阁、如来殿、朝阳楼、大雄门、伽蓝舍、弥勒殿、大慈厅、看山楼、步虚阁、松关竹院、说法坛、妙高台等建筑。唐僧师徒在此借宿。'}],[],西游记
西游记_地点_敕建相国寺_0,敕建相国寺,地点,[{'11': '又称大相国寺。唐太宗用偿还相良的金银在开封府修建的寺院，由胡敬德监造。'}],[],西游记
西游记_地点_教场_0,教场,地点,[{'101': '京城教场，殷丞相在此点兵六万。'}],[],西游记
西游记_地点_文华殿_0,文华殿,地点,"[{'46': '虎力大仙被蜈蚣叮咬摔下禅台后，由当驾太师领往文华殿梳洗的地方。'}, {'69': '国王留唐僧住宿之处，有阁老陪侍。'}]",[],西游记
西游记_地点_文殊殿_0,文殊殿,地点,[{'80': '寺内的殿宇，结采飞云。'}],[],西游记
西游记_地点_斗牛宫_0,斗牛宫,地点,"[{'7': '悟空欲夺斗牛宫，文中提及。'}, {'19': '天庭宫殿，孙悟空曾被押在此处受刑。'}, {'21': '天宫中的宫殿，被黄风吹动（碧天振动斗牛宫）。'}, {'31': '天庭的宫殿，二十八宿所在之处。'}, {'39': '天庭宫殿之一，孙悟空不进斗牛宫，径直到兜率宫。'}, {'52': '天宫宫阙，孙悟空未入。'}, {'55': '天庭宫殿，四大元帅与星官同下之处。'}, {'63': '天宫宫殿，孙悟空曾大闹此处。'}, {'92': '二十八宿星官所在宫殿，位于斗牛宫外。'}]",[],西游记
西游记_地点_斩妖台_0,斩妖台,地点,"[{'6': '玉帝传旨将妖猴押至此碎剁其尸。'}, {'7': '悟空被押去处，绑在降妖柱上受刑。'}]",[],西游记
西游记_地点_斯哈哩国_0,斯哈哩国,地点,[{'59': '西方日落处的国家，俗呼为天尽头。'}],[],西游记
西游记_地点_方丈_0,方丈,地点,[{'16': '观音禅院中老院主居住的房间，袈裟曾放在此处，火灾中未被烧。'}],[],西游记
西游记_地点_方丈_1,方丈,地点,[{'36': '宝林寺中僧官居住的房间。唐僧在此与僧官交涉，后僧官被行者威吓，躲在方丈内，最终众僧在方丈中安排座次。'}],[],西游记
西游记_地点_方丈_2,方丈,地点,"[{'80': '镇海禅林寺中住持的居室，唐僧被引至此。'}, {'81': '寺庙中的方丈室，唐僧师徒安歇之处。'}]",[],西游记
西游记_地点_方沼_0,方沼,地点,[{'24': '五庄观花园内的方形池塘，与圆池并称。'}],[],西游记
西游记_地点_无底洞_0,无底洞,地点,"[{'81': '陷空山中的洞穴，妖精的洞府，唐僧被摄至此。'}, {'82': '妖精的洞府，牌楼上有此六字。洞内深三百余里，有日色风声，花草果木，还有二滴水的门楼、草亭、东廊、花园等。'}, {'83': '陷空山上的妖精洞穴，周围三百余里，内有多重窠穴，后妖精将唐僧搬到东南角小洞逼住成亲。'}, {'99': '山洞，难簿中记有“无底洞遭困六十九难”。'}]",陷空山无底洞,西游记
西游记_地点_旻天县_0,旻天县,地点,[{'92': '金平府下辖的县，慈云寺所在之处。'}],[],西游记
西游记_地点_昆仑山_0,昆仑山,地点,"[{'35': '混沌初分时，太上老祖解化女娲补天，于昆仑山脚下仙藤上结得紫金红葫芦。'}, {'59': '芭蕉扇的来历之地，自混沌开辟以来天地产成。'}]",[],西游记
西游记_地点_昆仑山金霞岭_0,昆仑山金霞岭,地点,"[{'61': '永住金刚修行之地。'}, {'77': '不坏尊王永住金刚的驻守之地。'}]",[],西游记
西游记_地点_昆仑脉_0,昆仑脉,地点,[{'24': '万寿山的山根所接的山脉。'}],[],西游记
西游记_地点_昭阳宫_0,昭阳宫,地点,[{'70': '朱紫国后宫中的宫殿，金圣娘娘的住处，其中有梳妆阁。'}],[],西游记
西游记_地点_昭阳宫_1,昭阳宫,地点,[{'94': '天竺国后宫，三宫皇后、六院嫔妃引领着公主在此谈笑，国王进内坐下。'}],[],西游记
西游记_地点_晒经石_0,晒经石,地点,[{'99': '通天河岸的高崖上，唐僧在此晒晾经书，经尾被沾破，石上留有字迹。'}],[],西游记
西游记_地点_普陀_0,普陀,地点,"[{'8': '观音的道场，木吒曾在此为护法。'}, {'15': '观音菩萨返回的方向，称为普陀，即普陀山。'}]",[],西游记
西游记_地点_普陀山_0,普陀山,地点,"[{'6': '观音菩萨的道场。'}, {'8': '观音的道场，又称南海普陀落伽山。'}, {'12': '观世音菩萨的修行道场，菩萨自此处领佛旨前往长安。'}, {'15': '观音菩萨的道场，山中有紫竹林，菩萨在此修行。'}, {'17': '观音菩萨修行之地，位于南海，山中有竹林、宝莲台等，菩萨在此处收伏熊罴怪后带回做守山大神。'}, {'21': '观音菩萨的道场，被黄风吹倒。'}, {'22': '南海观音菩萨的道场。孙悟空驾筋斗云至此求见菩萨。'}, {'42': '又称普陀岩、落伽崖、潮音洞，观音菩萨的道场，位于南海。'}, {'43': '观音菩萨的道场。菩萨令童子一步一拜至此山。'}, {'49': '观音菩萨的道场，位于南海，孙悟空曾到此求见菩萨。'}, {'57': '又称普陀崖，观音菩萨的道场，位于南海。本章中孙悟空和沙僧先后到此拜见菩萨。'}, {'58': '观音菩萨的道场，又称落伽山、普陀崖，有潮音洞。'}]","南海普陀山,普陀落伽山,落伽山",西游记
西游记_地点_普陀岩_0,普陀岩,地点,[{'43': '观音菩萨的道场之一，文中提及“普陀岩大慈大悲观音菩萨”。'}],[],西游记
西游记_地点_普陀崖_0,普陀崖,地点,[{'49': '落伽山上的崖壁，观音菩萨常在此处，有翠岩、竹林，孙悟空在崖前等候菩萨。'}],[],西游记
西游记_地点_智渊寺_0,智渊寺,地点,"[{'44': '车迟国中未被拆毁的寺院，为先王太祖御造，内有先王神像。文本中众僧请唐僧师徒在此安歇。'}, {'45': '车迟国中的寺庙，唐僧师徒的住处，行者等驾祥光回转此处方丈，将行囊马匹交与寺僧看守。'}, {'47': '车迟国中的寺庙，唐僧师徒曾被安歇于此。'}]",[],西游记
西游记_地点_暴纱亭_0,暴纱亭,地点,"[{'88': '玉华王府内的亭子，供唐僧师徒吃斋、安宿。三个小王子在此拜师，后来孙悟空等人在此传授神力。'}, {'89': '玉华州王府中的一处亭子，唐僧师徒居住和学习武艺的地方。'}, {'90': '玉华州城楼上唐僧师徒安歇的地方。'}]",[],西游记
西游记_地点_望经楼_0,望经楼,地点,[{'100': '太宗在西安关外所建，用于迎接取经人。'}],[],西游记
西游记_地点_朝会殿_0,朝会殿,地点,[{'4': '天宫七十二重宝殿之一。'}],[],西游记
西游记_地点_朝圣楼_0,朝圣楼,地点,[{'4': '天宫中的楼阁，有绛纱衣、芙蓉冠等装饰。'}],[],西游记
西游记_地点_朝房_0,朝房,地点,[{'30': '宝象国朝堂的厢房，唐僧被变作猛虎后锁在铁笼里收于朝房之内。'}],[],西游记
西游记_地点_木仙庵_0,木仙庵,地点,"[{'64': ""荆棘岭中的一处石屋，环境如仙境，门上有'木仙庵'三字，是树精们的聚会之所，十八公等将唐僧抬到此地。""}]",烟霞石屋,西游记
西游记_地点_木槿台_0,木槿台,地点,[{'24': '五庄观花园内的台景，相连芍药圃。'}],[],西游记
西游记_地点_木香亭子_0,木香亭子,地点,[{'72': '盘丝洞内茅屋中的亭子，亭下有三个女子踢气球。'}],[],西游记
西游记_地点_未央宫_0,未央宫,地点,[{'62': '祭赛国都城中的宫殿，描述中有“未央宫外长春树”。'}],[],西游记
西游记_地点_朱陆之灵台_0,朱陆之灵台,地点,[{'66': '武当山上的灵台。'}],[],西游记
西游记_地点_朱陵丹台_0,朱陵丹台,地点,[{'5': '兜率天宫内的三层高阁，太上老君与燃灯古佛在此讲道。'}],[],西游记
西游记_地点_杀场_0,杀场,地点,[{'46': '执行砍头和剖腹的场所，羽林军三千摆列于此，孙行者和虎力大仙先后在此被砍头，孙行者在此剖腹洗脏腑。'}],[],西游记
西游记_地点_村舍_0,村舍,地点,[{'53': '西梁女国路旁的村庄，老婆婆的家，唐僧师徒在此借宿并解胎。'}],[],西游记
西游记_地点_松柏林_0,松柏林,地点,[{'23': '唐僧师徒醒来后所在之处，原为菩萨点化的庄院，后变回松柏林，古柏树上挂着简帖儿。'}],[],西游记
西游记_地点_极乐世界_0,极乐世界,地点,"[{'56': '佛教极乐世界，本回开篇诗句“坐享西方极乐城”提及。'}, {'66': '弥勒佛返回的佛国净土。'}, {'83': '如来佛祖讲经之处，哪吒灵魂曾到此告佛。'}, {'100': '佛教净土，集祥云。'}]","极乐世界,西方极乐世界,西方极乐城",西游记
西游记_地点_枉死城_0,枉死城,地点,"[{'10': '阴司之处，有六十四处烟尘、七十二处草寇等枉死冤业，无收无管，孤寒饿鬼。太宗借金银给散后方得过。'}, {'11': '阴司中关押冤魂的城池，唐太宗经过时看到无数冤魂拦路。'}, {'97': '幽冥地界的城池，本回描述中魑魅化。'}]",[],西游记
西游记_地点_枯松涧_0,枯松涧,地点,"[{'40': '号山中的一条山涧，涧边有火云洞，红孩儿的住处。'}, {'41': '孙悟空与八戒跳过的涧水，位于火云洞附近，又名号山枯松涧。'}, {'42': '号山中的涧，火云洞所在之地。'}]",[],西游记
西游记_地点_桃树林_0,桃树林,地点,[{'82': '花园中的桃树林，有红桃青桃。孙悟空变作红桃，被妖精吃下。'}],[],西游记
西游记_地点_梳妆阁_0,梳妆阁,地点,[{'70': '昭阳宫内的阁楼，金圣娘娘的黄金宝串原本放在此处。'}],[],西游记
西游记_地点_棘林_0,棘林,地点,[{'99': '荆棘丛林，难簿中记有“棘林吟咏五十二难”。'}],[],西游记
西游记_地点_森罗殿_0,森罗殿,地点,"[{'3': '幽冥界十代冥王的正殿，孙悟空在此查看生死簿并勾销猴属名号。'}, {'10': '又称森罗宝殿。十代阎王所在之处，太宗入内与十王礼毕，分宾主坐定，对案审理。'}, {'11': '又称森罗宝殿。阴司阎王审理亡魂的大殿，十代阎王在此坐堂。'}, {'21': '地府中的殿堂，被黄风刮倒（争些刮倒森罗殿）。'}, {'56': '地府阎王的殿堂，唐僧祷告时称强盗可到森罗殿下兴词。'}, {'58': '地府十殿阎王的大殿，真假孙悟空曾到此查生死簿。'}, {'74': '阴司地府的大殿。孙悟空曾几乎掀翻森罗殿，吓得十阎王佥名画字。'}, {'97': '阎王审理鬼魂的殿堂，孙悟空到此查询寇洪。'}]",森罗宝殿,西游记
西游记_地点_正殿_0,正殿,地点,[{'24': '五庄观的正殿，供奉‘天地’二字，有黄金炉瓶和方便整香。'}],[],西游记
西游记_地点_正阳门_0,正阳门,地点,"[{'37': '乌鸡国的正门，孙悟空告诫太子不要从此门进城，以免走漏消息。'}, {'38': '乌鸡国皇宫的正门，孙悟空与八戒未从此门进入，因前后门皆紧急，改走后宰门。'}]",[],西游记
西游记_地点_正阳门_1,正阳门,地点,[{'77': '狮驼国的前门，门上锁贴封皮，有梆铃防守。'}],[],西游记
西游记_地点_武当山_0,武当山,地点,"[{'65': '荡魔天尊所在之处，位于南赡部洲，孙悟空打算去请救兵。'}, {'66': '位于南赡部洲，荡魔天尊的仙境，有太和宫、一天门、二天门、三天门等胜景。'}]",[],西游记
西游记_地点_殷丞相府_0,殷丞相府,地点,[{'101': '位于皇城东街，殷开山的府邸，陈光蕊在此与殷温娇成婚，玄奘寻外公到此。'}],[],西游记
西游记_地点_毒敌山琵琶洞_0,毒敌山琵琶洞,地点,"[{'55': '蝎子精的洞府，位于西梁国附近，门上有“毒敌山琵琶洞”六字。'}, {'56': '蝎子精的洞府，此前唐僧被囚于此，后被孙悟空等救出。'}, {'99': '山洞，难簿中记有“琵琶洞受苦四十四难”。'}]",琵琶洞,西游记
西游记_地点_比丘国_0,比丘国,地点,"[{'78': '原国名，今改称小子城，国王无道，欲取小儿心肝炼丹。'}, {'79': '本回故事发生的主要国家，国王昏庸，受妖邪蛊惑，后得唐僧师徒解救。'}, {'80': '唐僧师徒离开的国家，君臣送行二十里。'}, {'88': '此前唐僧师徒经过的国家，孙悟空曾救下一千一百一十一个小儿。'}, {'99': '指比丘国，难簿中记有“比丘救子六十五难”。'}, {'100': '西行路上的国家，通关文牒上有其印信。'}]",比丘,西游记
西游记_地点_毗沙宫_0,毗沙宫,地点,[{'4': '天宫三十三座天宫之一。'}],[],西游记
西游记_地点_毛颖山_0,毛颖山,地点,[{'95': '正南方的一座大山，又称五环福地，有三处兔穴，妖精败逃后藏匿于此。'}],[],西游记
西游记_地点_水帘洞_0,水帘洞,地点,"[{'1': '花果山中的洞天福地，瀑布飞泉之后有铁板桥，桥那边有石房石碣，镌着“花果山福地，水帘洞洞天”。众猴随石猴进入，拜其为美猴王。'}, {'2': '花果山中的洞府，孙悟空及其猴群的居住地，曾被混世魔王强占。'}, {'3': '花果山内的洞府，孙悟空与众猴居住之处，有铁板桥通东海龙宫。'}, {'4': '花果山内的洞府，孙悟空称王之所，洞天深处有宝位。巨灵神与哪吒曾到此挑战。'}, {'5': '花果山中的洞府，大圣与众猴居住之处。天兵围困时，四健将与群猴深藏在水帘洞底。'}, {'6': '花果山内的洞府，齐天大圣的营盘所在地，猴群排成蟠龙阵势。'}, {'7': '悟空在花果山的家业。'}, {'17': '花果山中的洞府，孙悟空带领群妖居住之地。'}, {'19': '孙悟空的老家，位于东胜神洲傲来国。猪八戒提及孙悟空曾住此处。'}, {'20': '孙悟空的故乡，位于东胜神洲傲来国海东。'}, {'27': '悟空的故乡，本回结尾悟空被逐后纵筋斗云径回此处。'}, {'28': '花果山中的洞府，群妖藏身之处，大圣回山后重树旗帜“重修花果山复整水帘洞齐天大圣”。'}, {'30': '花果山上的洞府，孙大圣的居所。'}, {'31': '孙悟空在花果山的住处，众猴居住。孙悟空被逐回后住在此处。'}, {'35': '孙大圣的祖贯，位于花果山上。'}, {'52': '花果山上的洞府，孙悟空称王时所居。'}, {'57': '花果山上的洞府，孙悟空及众猴的居所。本章中假行者在此念通关文牒并召集众猴。'}, {'58': '花果山内的洞府，瀑布飞泉遮挂洞门，为孙悟空及群猴居所。'}, {'63': '花果山上的洞府，孙悟空自幼修行的场所。'}, {'74': '孙悟空祖居之地，位于傲来国。孙悟空自称曾在那里做过妖精，干过大事。'}, {'94': '孙悟空的故乡和洞府，他祖居于此，曾在此啸聚洞天福地。'}, {'100': '花果山上的洞府，孙悟空早期居所。'}]","东胜神洲傲来国花果山水帘洞,花果山水帘洞",西游记
西游记_地点_水府_0,水府,地点,[{'48': '灵感大王在水下的宫殿，众水族聚居处，唐僧被关押于宫后石匣中。'}],[],西游记
西游记_地点_水晶宫_0,水晶宫,地点,"[{'3': '东海龙王敖广的宫殿，位于东洋海底，孙悟空在此索要兵器披挂。'}, {'14': '东洋大海龙王的宫殿，孙悟空曾去讨茶并见到圯桥进履的画。'}, {'41': '东海龙王的宫殿，巡海夜叉在此通报，敖广在此接见孙悟空。'}]",[],西游记
西游记_地点_水晶宫_1,水晶宫,地点,[{'38': '八角琉璃井底的龙宫，井龙王的居所。廊庑下横着乌鸡国王尸首，猪八戒曾入内与龙王对话。'}],[],西游记
西游记_地点_水晶宫_2,水晶宫,地点,"[{'43': '西海龙王的宫殿，位于西洋大海底。行者至此递送简帖，龙王率众出迎。'}, {'92': '西海龙王的宫殿，位于西洋大海中。'}]",[],西游记
西游记_地点_水晶宫_3,水晶宫,地点,[{'9': '泾河水府中的宫殿，巡水夜叉急转此地报告龙王，龙王在此接到玉帝敕旨，并与众水族商议。'}],[],西游记
西游记_地点_水脏洞_0,水脏洞,地点,[{'2': '坎源山中的洞府，混世魔王的巢穴，后被孙悟空放火烧毁。'}],[],西游记
西游记_地点_水鼋之第_0,水鼋之第,地点,[{'49': '通天河底的一座楼台，原是老鼋的住宅，被灵感大王占据，内有石匣关押唐僧，后妖怪被收，宅第归还老鼋。'}],[],西游记
西游记_地点_永镇华夷阁_0,永镇华夷阁,地点,[{'94': '御花园中的阁楼，国王与唐僧同坐饮宴之处，壁上挂着四面金屏。'}],[],西游记
西游记_地点_江州_0,江州,地点,[{'101': '陈光蕊被授任的州郡，刘洪冒名上任之地，殷温娇在此生下玄奘并抛入江中。'}],[],西游记
西游记_地点_江州私衙_0,江州私衙,地点,[{'101': '刘洪在江州的衙门，殷温娇居住处，玄奘化缘至此母子相认。'}],[],西游记
西游记_地点_江渎_0,江渎,地点,[{'43': '水神所居之地，敖顺的三子青背龙占此。'}],[],西游记
西游记_地点_池塘_0,池塘,地点,[{'76': '三魔命将八戒浸在洞后池塘里，待褪毛腌晒下酒。'}],[],西游记
西游记_地点_汨罗江_0,汨罗江,地点,[{'56': '楚国河流，本回中诗句“龙舟应吊汨罗江”提及，与端午节相关。'}],[],西游记
西游记_地点_河州卫_0,河州卫,地点,[{'13': '大唐的山河边界，有镇边总兵与本处僧道恭敬迎接御弟法师。'}],[],西游记
西游记_地点_河渎_0,河渎,地点,[{'43': '水神所居之地，敖顺的四子赤髯龙镇守于此。'}],[],西游记
西游记_地点_法场_0,法场,地点,[{'101': '江州处决罪犯的场所，刘洪、李彪被押至此受刑。'}],[],西游记
西游记_地点_法门寺_0,法门寺,地点,"[{'13': '三藏出长安后早至的寺院，本寺住持上房长老带领五百余僧众迎接。'}, {'62': '唐僧在长安时立愿的寺庙，曾发愿遇寺烧香、遇塔扫塔。'}]",[],西游记
西游记_地点_泗洲_0,泗洲,地点,[{'66': '即盱眙山蠙城所在之地，又称泗洲。'}],[],西游记
西游记_地点_泰山_0,泰山,地点,[{'33': '二魔遣来压孙悟空的第三座山，用泰山下顶之法压得悟空力软筋麻。'}],[],西游记
西游记_地点_泾河_0,泾河,地点,"[{'9': '流经长安城外的河流。张稍在此捕鱼，泾河水府亦位于此河。'}, {'29': '泾河老龙所在河流，在文牒中被提及。'}]",[],西游记
西游记_地点_泾河岸边_0,泾河岸边,地点,[{'9': '长安城外的泾河沿岸，渔翁张稍与樵子李定在此相遇、对答，并从此处分别。'}],[],西游记
西游记_地点_泾河湾头_0,泾河湾头,地点,[{'9': '泾河的一处河湾，卖卦先生袁守诚指点张稍在此东边下网、西岸抛钓可获满载鱼虾。'}],[],西游记
西游记_地点_洞天深处_0,洞天深处,地点,[{'4': '水帘洞内部深处，孙悟空与众猴居住、宴饮之处。'}],[],西游记
西游记_地点_洞阳玉馆_0,洞阳玉馆,地点,[{'7': '天庭宫殿。'}],[],西游记
西游记_地点_洪州_0,洪州,地点,"[{'11': '殷开山调兵剿寇之处。'}, {'101': '城隍土地所在之地，张氏在万花店附近，后玄奘寻到婆婆。'}]",[],西游记
西游记_地点_洪江_0,洪江,地点,[{'101': '位于离万花店十五里处，陈光蕊放生金色鲤鱼之处，也是他被刘洪打死抛尸之处。'}],[],西游记
西游记_地点_洪江渡口_0,洪江渡口,地点,[{'101': '洪江上的渡口，陈光蕊一家在此上船，遭遇刘洪、李彪谋害。'}],[],西游记
西游记_地点_洪福寺_0,洪福寺,地点,"[{'12': '玄奘修行的寺庙，他回寺告知徒弟们取经之愿，众僧送行至关外。'}, {'100': '唐僧旧住的寺院，位于长安，寺中松树曾作为唐僧归来的预兆。'}, {'101': '京城寺庙，玄奘后来被送入此寺修行。'}]",[],西游记
西游记_地点_流杯亭_0,流杯亭,地点,[{'24': '五庄观花园内的亭子，外有绿柳如拖烟。'}],[],西游记
西游记_地点_流沙国_0,流沙国,地点,[{'66': '小张太子祖居的西土国家，其父原为沙国王。'}],[],西游记
西游记_地点_流沙河_0,流沙河,地点,"[{'8': '弱水三千，八百里宽，沙悟净在此为妖，鹅毛不能浮。'}, {'22': '西行路上的一道大水狂澜，径过八百里，又称八百流沙界、弱水。河水鹅毛飘不起，芦花定底沉。河中住着沙悟净，唐僧师徒在此受阻。；流沙河的东侧岸边。唐僧师徒曾在东岸崖次下歇息，沙悟净最终在此上岸拜见唐僧。'}, {'23': '师徒四众此前经过的河流，过河后爬山过岭，八戒抱怨身挑重担。'}, {'32': '沙和尚原先做妖怪的地方，八戒说让沙僧回去还做妖怪。'}, {'39': '沙僧被收为三徒弟的地方。'}, {'54': '沙悟净的故乡，其原籍为流沙河人氏。'}, {'82': '沙僧原本居住的地方，八戒说分行李后他回去吃人。'}, {'94': '沙悟净被贬后的住处，他在此造孽伤生。'}, {'99': '河流，沙僧的家乡，难簿中记有“流沙难渡十五难”。'}, {'100': '沙和尚原作恶之处，后皈依唐僧。'}]","流沙河东岸,流沙河界",西游记
西游记_地点_济渎_0,济渎,地点,[{'43': '水神所居之地，敖顺的次子小骊龙居住于此。'}],[],西游记
西游记_地点_浮屠塔_0,浮屠塔,地点,[{'32': '有“玉毫斑”的塔，唐僧诗中提及。'}],[],西游记
西游记_地点_浮屠塔_1,浮屠塔,地点,[{'98': '雷音寺内的塔，显光。'}],[],西游记
西游记_地点_浮屠山_0,浮屠山,地点,"[{'19': '一座高山，山中有乌巢禅师修行。山景优美，有青松碧桧、绿柳红桃、仙鹤等。唐僧师徒路经此山。'}, {'43': '乌巢禅师居住的山，禅师在此口授唐僧《多心经》。'}]",[],西游记
西游记_地点_海州_0,海州,地点,"[{'11': '陈光蕊的籍贯。'}, {'101': '陈光蕊的家乡，其母张氏居于此地。'}]",[],西游记
西游记_地点_海心里_0,海心里,地点,[{'92': '西洋大海的深处，犀牛精钻入其中逃窜。'}],[],西游记
西游记_地点_海榴亭_0,海榴亭,地点,[{'69': '御花园内的亭子，端阳节国王与嫔后在此解粽插艾。'}],[],西游记
西游记_地点_海藏_0,海藏,地点,[{'3': '东海龙宫中的藏宝之处，天河定底神珍铁即存放在此，放金光。'}],[],西游记
西游记_地点_淮河_0,淮河,地点,[{'66': '流经盱眙山的河流，国师王菩萨曾在此收服水母娘娘。'}],[],西游记
西游记_地点_淮渎_0,淮渎,地点,[{'43': '水神所居之地，敖顺的长子小黄龙居住于此。'}],[],西游记
西游记_地点_清华洞_0,清华洞,地点,[{'79': '实际妖洞所在，位于南岸九叉头杨树根下，需左转右转并扑树叫门方可进入，内有清华仙府。；位于柳林坡南岸，有九条叉枝，是进入清华洞的关键位置，八戒曾将其刨倒。；位于比丘国城南七十里处，有千千万万杨柳，妖邪谎称住在此处的清华庄。；清华洞内的府邸，石屏上刻有四个大字，老怪与美女在此居住。'}],"九叉杨树,柳林坡,清华仙府",西游记
西游记_地点_渤海岸_0,渤海岸,地点,[{'33': '孙悟空哄骗小妖说装天后此处是渤海岸，若塌脚落下海去不得归家。'}],[],西游记
西游记_地点_渭水河_0,渭水河,地点,[{'11': '长安附近的河流，唐太宗还魂时被朱太尉推下马跌落河中。'}],[],西游记
西游记_地点_潮音洞_0,潮音洞,地点,"[{'8': '落伽山上的洞，观音居住处。'}, {'22': '普陀山上的洞府，观音菩萨居住之处。诸天至潮音洞口通报孙悟空来访。'}, {'57': '落伽山上的洞府，观音菩萨的居所。本章中木叉引孙悟空至此。'}, {'58': '观音菩萨在普陀山居住的洞府。'}]",[],西游记
西游记_地点_濯垢泉_0,濯垢泉,地点,"[{'72': '天生热水池，原是七仙姑的浴池，后被妖精占据用于洗澡，位于盘丝洞正南三里处。；濯垢泉旁的建筑，有门墙、亭子、衣架，池水五丈余阔十丈多长。'}, {'73': '七个蜘蛛精洗澡的泉水，猪八戒曾在此与她们争斗。'}]",浴池,西游记
西游记_地点_瀛洲_0,瀛洲,地点,[{'57': '传说中的仙山，位于东海。本章中沙僧望见仙山渡过瀛洲。'}],[],西游记
西游记_地点_灌江口_0,灌江口,地点,"[{'6': '二郎显圣真君居住之地，有真君之庙，齐天大圣曾变作二郎模样入庙点查香火。'}, {'7': '二郎真君居住处，谢恩后回灌江口。'}, {'21': '二郎神杨戬所居之城，被黄风吹得迷失。'}, {'63': '二郎显圣的驻地，战后率众回灌口。'}]","灌口,灌州城",西游记
西游记_地点_火池_0,火池,地点,[{'52': '火海，兕大王自称带金刚琢可赴火池不焚。'}],[],西游记
西游记_地点_火焰山_0,火焰山,地点,"[{'40': '红孩儿曾在此修行三百年的地方。'}, {'59': '西方路上的一座山，八百里火焰，四季炎热，寸草不生。是西行必经之路。'}, {'60': '由孙悟空蹬倒八卦炉落下的砖块余火所化，八百里火焰，阻挡唐僧师徒西行之路。'}, {'61': '唐僧师徒西行路上火山，需芭蕉扇熄灭火焰。'}, {'99': '火山，难簿中记有“路阻火焰山四十七难”。'}]",[],西游记
西游记_地点_灭法国_0,灭法国,地点,"[{'84': '西行路上的一个国家，国王要杀一万个和尚。城头有祥光喜气，被认为是真天子之地。城中街道繁华，有十字街、九重殿等。'}, {'85': '原为灭法国，国王因发愿杀和尚，后改号钦法国。唐僧师徒在此倒换关文后西行。'}, {'99': '国家，难簿中记有“灭法国难行七十难”。'}, {'100': '西行路上的国家，通关文牒上有其印信。'}]",钦法国,西游记
西游记_地点_灵官殿_0,灵官殿,地点,[{'4': '天宫七十二重宝殿之一。'}],[],西游记
西游记_地点_灵屑殿_0,灵屑殿,地点,[{'52': '天宫殿堂，孙悟空未入。'}],[],西游记
西游记_地点_灵山塔_0,灵山塔,地点,[{'85': '灵山上的塔，孙悟空引用的颂子中提到。'}],[],西游记
西游记_地点_灵感大王庙_0,灵感大王庙,地点,"[{'47': '位于通天河岸边，离石碑约一里。陈家庄人祭赛灵感大王的地方。'}, {'48': '陈家庄供奉灵感大王的庙宇，内设牌位，行者八戒在此假扮童男女等待妖怪。'}]",灵感庙,西游记
西游记_地点_灵霄宝殿_0,灵霄宝殿,地点,"[{'1': '玉皇大天尊玄穹高上帝驾座之处，众仙卿聚集之地。文本中写“灵霄宝店”，为天庭宫殿。'}, {'3': '玉皇大天尊玄穹高上帝朝会的正殿，位于金阙云宫内，众仙卿在此议事。'}, {'4': '天庭玉帝的朝堂，又称灵霄殿。金钉攒玉户，彩凤舞朱门，殿内有琉璃盘、太乙丹、玛瑙瓶、珊瑚树等。'}, {'6': '玉帝处理政务的殿堂，天师邱弘济启知宣入菩萨，玉帝与众仙在此讲话。'}, {'7': '玉帝朝殿，悟空在殿前与王灵官厮杀。又称灵霄殿。'}, {'8': '天庭的殿堂，卷帘大将曾侍銮舆。'}, {'17': '天庭的宫殿，孙悟空曾大闹此处。'}, {'19': '天庭玉皇的大殿，天蓬元帅被押赴此处问罪。又称“灵霄”。'}, {'22': '天庭的主殿，玉皇大帝朝会之处。卷帘将曾称“灵霄殿前吾称上”。'}, {'31': '天庭玉帝的殿堂。孙悟空打入通明殿后至灵霄殿。'}, {'33': '玉帝朝堂，日游神在此启奏玉帝借天之事。'}, {'34': '天庭的殿堂，精细鬼念咒时提及“上灵霄殿上，动起刀兵”。'}, {'39': '又称灵霄宝殿，天庭中玉皇大帝的朝堂，孙悟空不入此地。'}, {'43': '天庭的宫殿，沙僧曾为灵霄殿外的卷帘大将。本回中在杀敌描述提及。'}, {'51': '又称灵霄宝殿。玉皇大帝朝会之所，四天师、南斗北斗等在此迎候孙悟空。'}, {'58': '玉帝的宫殿，真假孙悟空曾在此请玉帝分辨。'}, {'62': '大罗天上的宫殿，王母娘娘的居所，万圣公主曾在此偷九叶灵芝草。'}, {'63': '大罗天上的宫殿，万圣宫主偷九叶灵芝草的地方。'}, {'65': '玉帝朝堂，金头揭谛在此向玉帝启奏。'}, {'70': '天庭的宫殿，文中描述烟燎着灵霄殿上梁。'}, {'76': '三魔提及，说行者曾在灵霄殿下逞势。'}, {'83': '玉帝升殿之处，孙悟空在此呈上状子，玉帝批阅圣旨。'}, {'87': '玉帝朝堂，四大天师引行者启奏请旨之处。'}, {'92': '玉帝朝会的大殿，孙悟空在此奏请降妖。'}]","灵霄殿,金阙云宫灵霄宝店",西游记
西游记_地点_灵鹫峰_0,灵鹫峰,地点,"[{'77': '灵山下的山峰，四大金刚在此守卫。'}, {'100': '灵山上的山峰，聚霞彩。'}]",鹫峰,西游记
西游记_地点_炼药炉_0,炼药炉,地点,[{'4': '天宫中的炼丹炉，边有万万载常青的绣草。'}],[],西游记
西游记_地点_烂桃山_0,烂桃山,地点,[{'2': '三星洞后山的一处山岭，孙悟空常去那里吃桃，七年吃了七次。'}],[],西游记
西游记_地点_焦山寺_0,焦山寺,地点,[{'101': '江州境内的另一寺院，刘洪提及可供还愿之处。'}],[],西游记
西游记_地点_照胎泉_0,照胎泉,地点,"[{'53': '迎阳馆驿外的泉水，女子吃子母河水后三日到此照影，若双影则降生孩儿。'}, {'54': '西梁女国的一处泉水，据传可照出双影验证怀孕。沙僧曾开玩笑让猪八戒去照照。'}]",[],西游记
西游记_地点_牡丹亭_0,牡丹亭,地点,[{'24': '五庄观花园内的亭子，与荼蘼架相映。'}],[],西游记
西游记_地点_狮驼_0,狮驼,地点,[{'99': '指狮驼国，难簿中记有“路阻狮驼六十一难”。'}],[],西游记
西游记_地点_狮驼国_0,狮驼国,地点,"[{'74': '离狮驼岭西下四百里远近的一座城。五百年前被云程万里鹏吃尽国王、文武官僚及满城男女，如今尽是妖怪。'}, {'77': '又称狮驼城。三个魔头占据的城池，内有金銮殿、锦香亭等。大鹏在此称王，最终被如来收服。'}, {'78': '师徒此前离开的城市，经文“离狮驼城西行”。'}, {'100': '西行路上的国家，通关文牒上有其印信。'}]",狮驼城,西游记
西游记_地点_狮驼岭_0,狮驼岭,地点,"[{'74': '一座高山，峰插碧空，摩星碍日，方圆八百里。山上有一伙妖魔，是西行路上的险阻。太白金星在此报信。'}, {'77': '三个魔头所在的山，唐僧师徒在此遭遇争斗。'}, {'85': '先锋小妖曾经的住处，狮驼洞所在的山岭。'}]",狮驼山,西游记
西游记_地点_狮驼洞_0,狮驼洞,地点,"[{'74': '位于狮驼岭中间的洞府，洞里有三个魔头和众多小妖。洞外有万数小妖排列枪刀剑戟，分为多层营寨。'}, {'77': '三个魔头的洞府，位于狮驼山。'}, {'85': '狮驼岭上的妖怪洞府，先锋小妖曾在此居住。'}]",[],西游记
西游记_地点_獬豸洞_0,獬豸洞,地点,"[{'69': '赛太岁的洞府，位于麒麟山。'}, {'70': '位于麒麟山中的妖洞，赛太岁的洞府。洞内有剥皮亭、后宫等建筑。'}, {'71': '赛太岁的洞府，内有剥皮亭、后宫等建筑。孙悟空在此盗取金铃，最终救出金圣宫娘娘并打死群妖。'}]",[],西游记
西游记_地点_玄英洞_0,玄英洞,地点,"[{'92': '位于青龙山的洞府，辟寒、辟暑、辟尘三大王的巢穴。'}, {'99': '山洞，难簿中记有“玄英洞受苦七十六难”。'}]",[],西游记
西游记_地点_玉京金阙_0,玉京金阙,地点,[{'7': '天庭宫殿，大开请如来高坐。'}],[],西游记
西游记_地点_玉华县_0,玉华县,地点,[{'88': '天竺国下辖的郡县，城池繁华，人烟凑集，五谷丰登。玉华王管理此地。'}],[],西游记
西游记_地点_玉华州_0,玉华州,地点,"[{'89': '一座州城，唐僧师徒经过此地倒换关文。城北有豹头山，城中有王府、暴纱亭等。'}, {'90': '唐僧师徒经过的州城，玉华王的领地。'}, {'100': '西行路上的州，通关文牒上有其印信。'}]",[],西游记
西游记_地点_玉华王府_0,玉华王府,地点,[{'88': '玉华王的府邸，门前有长史府、审理厅、典膳所、待客馆。府内有暴纱亭，师徒们在此居住和传授武艺。'}],[],西游记
西游记_地点_玉真观_0,玉真观,地点,"[{'8': '灵山脚下的道观，金顶大仙所居。'}, {'98': '灵山脚下的道观，金顶大仙所居。唐僧师徒在此沐浴安歇，观宇中堂穿出后门即是通往灵山之路。'}, {'99': '西天上的道观，唐僧在此沐浴后上灵山。'}]",[],西游记
西游记_地点_王小二店_0,王小二店,地点,[{'84': '城中开饭店的人家，门前灯笼上写‘安歇往来商贾’和‘王小二店’，行者在此偷了衣服头巾。'}],[],西游记
西游记_地点_王府_0,王府,地点,[{'89': '玉华州王子的宫殿，唐僧师徒被接待于此，兵器曾放在院中后被偷。'}],[],西游记
西游记_地点_珍楼_0,珍楼,地点,"[{'98': '又称珍楼宝阁。阿傩、伽叶引唐僧至此用斋食，后开宝阁取经。楼阁中奇珍异宝无穷，摆列仙品仙肴。'}, {'100': '灵山内的建筑，阿傩、伽叶引唐僧在此赐斋。'}]",[],西游记
西游记_地点_珍楼_1,珍楼,地点,[{'66': '小雷音寺内的楼阁，唐僧等被吊在廊下，后烧为灰烬。'}],[],西游记
西游记_地点_瑶京_0,瑶京,地点,[{'78': '国丈描述修仙者升入的仙境。“骑白鹤，上瑶京”。；国丈描述修仙者升入的仙境。“跨青鸾，升紫府”。'}],紫府,西游记
西游记_地点_瑶台_0,瑶台,地点,[{'71': '西池王母的居所，孙悟空自述中提及王母在此拜见。'}],[],西游记
西游记_地点_瑶池_0,瑶池,地点,"[{'5': '王母娘娘设蟠桃胜会之处，宝阁内铺陈华丽，有琼香瑞霭，摆放龙肝凤髓等珍馐佳酿。大圣曾变作赤脚大仙进入瑶池偷吃仙品仙酒。'}, {'6': '王母娘娘举办蟠桃大会之处，被妖猴作乱后变得荒荒凉凉。'}, {'7': '悟空偷肴偷酒、搅乱蟠桃会之处。'}, {'19': '王母娘娘开蟠桃会的地方。天蓬元帅在瑶池酒后闹事。'}, {'22': '天庭中的仙境，王母设蟠桃宴之地。卷帘将因失手打破玉玻璃而被贬。'}, {'52': '天宫仙境，孙悟空曾偷饮玉液。'}]",[],西游记
西游记_地点_瓜田_0,瓜田,地点,[{'66': '弥勒佛所种瓜果的田地，孙悟空变作大熟瓜引诱黄眉大王。'}],[],西游记
西游记_地点_甘霖普济寺_0,甘霖普济寺,地点,[{'87': '凤仙郡为感谢唐僧师徒所建寺院，唐僧命名，殿阁巍峨，山门壮丽。'}],[],西游记
西游记_地点_留春亭_0,留春亭,地点,"[{'94': '御花园中的亭子，安排孙行者三人在此饮宴安歇，住了两宿。'}, {'95': '天竺国宫殿中的亭子，国王请唐僧师徒在此摆斋安歇。'}]",[],西游记
西游记_地点_白云洞_0,白云洞,地点,[{'26': '蓬莱仙境中的一处洞府，三位老儿在洞外松阴下围棋。'}],[],西游记
西游记_地点_白玉阶_0,白玉阶,地点,"[{'29': '宝象国皇宫前的台阶，黄门奏事官走至此奏事。'}, {'62': '朝堂前的玉石台阶，孙悟空押妖贼至白玉阶见国王。'}]",[],西游记
西游记_地点_白虎岭_0,白虎岭,地点,"[{'27': '本回中师徒经过的高山，又名‘蛇回兽怕的白虎岭’，是白骨精的巢穴所在。'}, {'28': '唐僧师徒西行经过的山岭，过了此岭便见黑松林。'}, {'30': '唐僧取经路上经过的山岭，孙悟空曾在此打死白骨夫人。'}]",[],西游记
西游记_地点_白虎殿_0,白虎殿,地点,"[{'10': '停着太宗梓宫之处，三宫六院、文武百官在此举哀戴孝。'}, {'11': '皇宫中的殿堂，唐太宗死后遗体停放处，百官皇后在此举哀。'}]",[],西游记
西游记_地点_皇宫_0,皇宫,地点,"[{'9': '唐太宗居住和朝会之所。泾河龙王在空中等到子时前后，径来皇宫门首跪拜求救。太宗亦在梦中出宫门之外步月。'}, {'11': '又称皇宫内院。唐太宗的皇宫，李玉英居住之处。'}]",[],西游记
西游记_地点_皇宫_1,皇宫,地点,[{'84': '灭法国的皇宫内院，有寝宫、龙床。孙悟空在此施法，将国王、皇后、嫔妃、太监等全部剃成光头。'}],[],西游记
西游记_地点_皇宫内院_0,皇宫内院,地点,"[{'38': '乌鸡国皇宫的内部区域，孙悟空用狂风将八戒和尸首撮出皇宫内院，躲离城池。'}, {'69': '国王居住的宫院，行者在此处为国王诊脉。'}]",[],西游记
西游记_地点_盘丝岭_0,盘丝岭,地点,[{'72': '唐僧师徒西行所经山岭，岭下有盘丝洞。'}],[],西游记
西游记_地点_盘丝洞_0,盘丝洞,地点,"[{'72': '七个妖精居住的洞府，位于盘丝岭下，有石桥、茅屋、木香亭子等，洞内铺设石桌石凳。'}, {'73': '七个蜘蛛精的洞府，唐僧曾在此化斋被擒。'}]",[],西游记
西游记_地点_盱眙山_0,盱眙山,地点,[{'66': '位于南赡部洲泗洲，大圣国师王菩萨的道场，山中有诸多宫观和景点。'}],[],西游记
西游记_地点_碗子山波月洞_0,碗子山波月洞,地点,"[{'28': '黄袍怪居住的洞府，门上横安白玉石板镌刻六个大字，洞内石床上侧卧妖魔，小妖众多。'}, {'29': '黄袍怪所在的山，波月洞位于此山。；黄袍怪的洞府，后门通往荆棘丛，唐僧曾被绑于洞中定魂桩上。'}, {'30': '老妖居住的山，位于宝象国城东三百里。；碗子山中的庄子，老妖的洞府所在。'}, {'31': '波月洞所在的山。；黄袍怪（奎木狼）的洞府，位于碗子山。公主被摄于此，沙僧也曾被囚于此。'}]","波月庄,波月洞,碗子山",西游记
西游记_地点_禅台_0,禅台,地点,[{'46': '又称云梯，由五十张桌子叠成，用于赌坐禅，虎力大仙上西边台，唐僧上东边台。'}],[],西游记
西游记_地点_禅堂_0,禅堂,地点,[{'16': '观音禅院中唐僧师徒安歇的房间，老和尚等人放火欲烧毁此处。'}],[],西游记
西游记_地点_禅堂_1,禅堂,地点,"[{'36': '宝林寺中供僧人坐禅安歇的房间。唐僧师徒被安排在三间禅堂内安歇，里面铺着四张藤屉床。'}, {'37': '宝林寺中唐僧念经打盹的房间，乌鸡国国王冤魂在此托梦，后唐僧与太子在此相见。'}, {'38': '宝林寺内的禅房，唐僧师徒歇息之处。猪八戒将国王尸首丢在禅堂门前，唐僧与沙僧开门观看。'}]",[],西游记
西游记_地点_禅院_0,禅院,地点,[{'59': '小须弥山灵吉菩萨的禅院。'}],[],西游记
西游记_地点_福原寺_0,福原寺,地点,[{'13': '河州卫的寺院，僧纲请三藏前往安歇，本寺僧人一一参见。'}],[],西游记
西游记_地点_福陵山_0,福陵山,地点,"[{'8': '猪悟能占据的山场，内有云栈洞。'}, {'18': '猪刚鬣自称的家乡，山上有人家。'}, {'19': '猪八戒被贬后的居住地，山下有云栈洞。他曾在此“图家业”，后随唐僧西行。'}, {'94': '猪八戒的住处，他曾在此造恶无边。'}, {'100': '猪八戒原住处，山中有云栈洞。'}]",[],西游记
西游记_地点_离恨天_0,离恨天,地点,"[{'5': '三十三天之上，兜率天宫所在之处。'}, {'39': '三十三天之上的天界，太上老君的兜率宫位于此处。'}]",[],西游记
西游记_地点_积雷山_0,积雷山,地点,"[{'60': '牛魔王与玉面公主居住的山，山中有摩云洞。土地告知孙悟空此处有牛魔王。'}, {'61': '牛魔王的洞府摩云洞所在之山。'}]",[],西游记
西游记_地点_稀柿衕_0,稀柿衕,地点,"[{'67': '七绝山中的一条夹石胡同，被烂柿子填满，经雨露雪霜霉夏，形成一路污秽，恶臭难闻，俗呼为稀屎衕。'}, {'99': '污秽山路，难簿中记有“稀柿衕秽阻五十五难”。'}]",[],西游记
西游记_地点_端门_0,端门,地点,[{'68': '朱紫国宫殿的端门，唐僧在此烦奏事官转达。'}],[],西游记
西游记_地点_竹节山_0,竹节山,地点,"[{'89': '东南方的一座山，山中有一洞天名为九曲盘桓洞，九灵元圣居住于此。'}, {'90': '又称万灵竹节山，九曲盘桓洞所在的高山，风景秀丽。'}, {'99': '山名，难簿中记有“竹节山遭难七十五难”。'}]",[],西游记
西游记_地点_笔峰_0,笔峰,地点,[{'74': '狮驼岭山头上长出的一座峰，约有四五丈高，如笔插在架上一般。孙悟空曾坐于其峰尖上盘问小钻风。'}],[],西游记
西游记_地点_紫云山_0,紫云山,地点,[{'73': '毗蓝婆菩萨所居之山，山中有千花洞，景色优美。'}],[],西游记
西游记_地点_紫盖岭_0,紫盖岭,地点,[{'66': '武当山的山岭，巍峨壮观。'}],[],西游记
西游记_地点_紫竹林_0,紫竹林,地点,"[{'8': '观音修行之地，沙悟净记得木吒在此修行。'}, {'15': '落伽山中的竹林，观音菩萨的居所。'}, {'22': '普陀山上的竹林，观音菩萨居所之外。孙悟空到此时有二十四路诸天相迎。'}, {'49': '普陀崖上的竹林，观音菩萨曾进入其中观玩，并削竹篾编织竹篮。'}, {'57': '落伽山上的竹林，通往潮音洞。本章中木叉在此遇到孙悟空。'}]",竹林,西游记
西游记_地点_红草坡_0,红草坡,地点,[{'32': '平顶山山凹里的一弯红草坡，猪八戒在此睡觉。'}],[],西游记
西游记_地点_绿莎坡_0,绿莎坡,地点,[{'32': '平顶山上的一个山坡，日值功曹变化的樵夫佇立于此报信。'}],[],西游记
西游记_地点_翠云宫_0,翠云宫,地点,"[{'3': '地藏王菩萨的宫殿，十代冥王前往此处拜见并商议启表。'}, {'58': '地藏王菩萨的宫殿。'}, {'97': '地藏王菩萨的居所，寇洪被收留在此。'}]",[],西游记
西游记_地点_翠云山_0,翠云山,地点,"[{'59': '铁扇公主居住的山，位于西南方，距火焰山一千四百余里。山中有芭蕉洞。'}, {'60': '铁扇公主居住的山，山中有芭蕉洞。孙悟空从此山来请牛魔王。'}, {'61': '罗刹女所居芭蕉洞之山。'}]",[],西游记
西游记_地点_翠岩_0,翠岩,地点,[{'49': '普陀崖前的一块岩石，孙悟空被吩咐在此坐候菩萨。'}],[],西游记
西游记_地点_聚仙庵_0,聚仙庵,地点,"[{'53': '原为解阳山中的破儿洞，内有落胎泉，后被如意真仙改为聚仙庵，护住泉水。'}, {'59': '红孩儿叔父居住的地方。'}]","破儿洞,解阳山破儿洞",西游记
西游记_地点_聚贤庄_0,聚贤庄,地点,[{'14': '唐僧俗家所在地，位于海州弘农郡。'}],[],西游记
西游记_地点_舍利国_0,舍利国,地点,[{'32': '唐僧回忆中提到的国度，有“金象彩”。'}],[],西游记
西游记_地点_芍药圃_0,芍药圃,地点,[{'24': '五庄观花园内的圃园，与木槿台相连。'}],[],西游记
西游记_地点_芙蓉峰_0,芙蓉峰,地点,[{'66': '武当山的山峰之一，竦杰秀丽。'}],[],西游记
西游记_地点_芭蕉洞_0,芭蕉洞,地点,"[{'59': '铁扇公主的仙洞，位于翠云山上，洞门紧闭，风光秀丽。'}, {'60': '位于翠云山，铁扇公主的洞府，亦称芭蕉洞。孙悟空变作牛魔王进入此处骗得真扇。'}, {'61': '罗刹女在翠云山的洞府，藏有芭蕉扇。'}]",[],西游记
西游记_地点_花园_0,花园,地点,[{'24': '五庄观内的花园，内有流杯亭、赏月台、牡丹亭、芍药圃等景致。'}],[],西游记
西游记_地点_花园_1,花园,地点,[{'39': '乌鸡国御花园，孙悟空与猪八戒夜入花园，打破花园寻得埋藏国王尸首的八角琉璃井。'}],[],西游记
西游记_地点_花园_2,花园,地点,[{'82': '妖精洞内的花园，里面有桃树林、凝香阁、青蛾阁、解酲阁、相思阁、养酸亭、披素亭、画眉亭、四雨亭、浴鹤池、洗觞池、怡月池、濯缨池、墨花轩、异箱轩、适趣轩、慕云轩等景致。'}],[],西游记
西游记_地点_花果山_0,花果山,地点,"[{'1': '东胜神洲傲来国近大海中的山，乃十洲之祖脉，三岛之来龙，山顶有仙石，产石猴。山中有水帘洞，为众猴安身之处。美猴王领群猴朝游花果山。'}, {'2': '孙悟空的老家，位于东胜神洲傲来国，山中有水帘洞，群猴居住之地。'}, {'3': '位于东胜神洲的名山，孙悟空的老家，有水帘洞、铁板桥，聚集四万七千余猴及七十二洞妖王。'}, {'4': '孙悟空在人间的居所，山中有水帘洞，是猴群与各路妖王的聚集地。'}, {'5': '齐天大圣下界为王的洞府所在。山前有天兵扎营围困，山中有水帘洞、铁板桥。四健将与七十二洞妖王在此演习武艺。'}, {'6': '齐天大圣的居处，位于东胜神洲傲来国，天兵天将围山收伏妖猴，二郎神至此挑战。'}, {'7': '悟空出身之地，产一猴。山中有水帘洞。'}, {'8': '孙悟空出生的地方，产妖猴之处。'}, {'14': '孙悟空五百年前称王为怪的地方，位于东胜神洲。'}, {'17': '孙悟空的老家，他曾在此为帅首，聚集群妖。'}, {'28': '大圣的故乡，曾被显圣二郎神放火烧毁，花草俱无，峰岩倒塌，后经大圣借甘霖仙水洗青，重新种植树木，安居乐业。'}, {'30': '孙大圣的老家，洞天福地，山上有水帘洞，群猴居住。'}, {'33': '孙悟空出生之地，自述曾在此山生，遍访明师。'}, {'35': '孙大圣的家居之地，孙大圣自称“家居花果山”。'}, {'52': '孙悟空祖居之地，自称王之处。'}, {'57': '孙悟空的故乡，位于东胜神洲。本章中孙悟空曾想回去，沙僧也到此寻找行者。'}, {'58': '孙悟空的老家，位于东胜神洲，有水帘洞，六耳猕猴曾占据此处。'}, {'63': '孙悟空的老家，水帘洞所在，提及孙悟空祖住于此。'}, {'67': '行者自述的祖居之地，位于东胜大神洲，他自幼在花果山修行。'}, {'77': '孙悟空的老家，他曾打算回去称王道寡。'}, {'81': '孙悟空的老家，自述曾在此伏虎降龙。'}, {'82': '孙悟空的老家，他称圣之处。'}, {'83': '孙悟空早年占山为王的地方，太白金星提及曾在此力奏招安。'}, {'86': '孙行者的故乡，东胜神洲的仙山，孙行者自述出身之地。'}, {'100': '位于东胜神洲傲来国，孙悟空出身之地，内有水帘洞。'}]",[],西游记
西游记_地点_花药宫_0,花药宫,地点,[{'4': '天宫三十三座天宫之一。'}],[],西游记
西游记_地点_苍梧_0,苍梧,地点,[{'2': '北海零陵的别称，腾云游遍之地，意为朝游北海暮至苍梧。'}],零陵,西游记
西游记_地点_荆棘丛_0,荆棘丛,地点,[{'29': '波月洞后门外的荆棘丛，唐僧曾藏身其中。'}],[],西游记
西游记_地点_荆棘岭_0,荆棘岭,地点,[{'64': '一处长岭，荆棘丛生，方圆八百里，有石碣刻字“荆棘岭”，岭上有木仙庵。'}],[],西游记
西游记_地点_草团瓢_0,草团瓢,地点,[{'56': '老杨家后园中的草棚，唐僧师徒在此安歇过夜。'}],[],西游记
西游记_地点_草庵_0,草庵,地点,[{'66': '弥勒佛在西山坡下所设的草屋，种有瓜田。'}],[],西游记
西游记_地点_荼蘼架_0,荼蘼架,地点,[{'24': '五庄观花园内的架景，映着牡丹亭。'}],[],西游记
西游记_地点_莲花池_0,莲花池,地点,"[{'22': '普陀山上的莲花池，观音菩萨与捧珠龙女在此扶栏看花。'}, {'49': '观音菩萨的莲花池，灵感大王原是在此池中养大的金鱼，每日浮头听经。'}]",宝莲池,西游记
西游记_地点_莲花洞_0,莲花洞,地点,"[{'32': '位于平顶山中的洞府，洞里有两个魔头金角大王和银角大王。'}, {'33': '老魔和二魔的洞府，位于山中。唐僧、八戒、沙僧被吊在此洞，白马送在槽上，行李收进去。'}, {'34': '老魔和二魔的洞府，位于平顶山，孙行者变作小妖前来请老奶奶，后又变作老奶奶进入洞中，最终在此与妖魔交战。'}, {'35': '金角、银角大王的洞府，唐僧师徒曾被吊在此处，后孙大圣解救师父并占据洞中。'}, {'99': '山洞，难簿中记有“莲花洞高悬二十五难”。'}]",平顶山莲花洞,西游记
西游记_地点_菜园_0,菜园,地点,[{'24': '五庄观内的菜园，种植各种蔬菜。'}],[],西游记
西游记_地点_落凤坡_0,落凤坡,地点,[{'71': '朱紫国先王时期的一处山坡，当时还是太子的朱紫国王在此射伤孔雀大明王菩萨之子。'}],[],西游记
西游记_地点_落胎泉_0,落胎泉,地点,[{'53': '解阳山破儿洞中的泉水，饮一口可解子母河水的胎气。'}],[],西游记
西游记_地点_蓬莱仙境_0,蓬莱仙境,地点,"[{'26': '三岛十洲之一，福星、禄星、寿星所在之地，景色优美，有白云洞等景观。'}, {'33': '海岛神仙境界，孙悟空变作老真人时自称从蓬莱山来。'}, {'34': '传说中的仙山，孙行者假扮的神仙自称来自此处，骗精细鬼和伶俐虫换宝贝。'}]",蓬莱山,西游记
西游记_地点_藏风山凹_0,藏风山凹,地点,[{'20': '黄风岭中的一处山凹，行者让八戒在此歇马等候，后来虎先锋逃到此地被八戒筑杀。'}],[],西游记
西游记_地点_虎口洞_0,虎口洞,地点,"[{'88': '豹头山中的妖精洞府，妖精在此居住，后收走了三件兵器。'}, {'89': '豹头山中的妖怪洞府，黄狮精的巢穴。洞内有二层厂厅，供奉着偷来的钉钯等兵器。'}, {'90': '黄狮精的洞府，位于豹头山，后被烧毁。'}]",[],西游记
西游记_地点_虎狼城_0,虎狼城,地点,[{'76': '妖精的城池，原是天朝国，如今翻作虎狼城。三魔的城池，距出发点四百余里，城中有恶气、众妖。'}],[],西游记
西游记_地点_蛇盘山_0,蛇盘山,地点,[{'15': '唐僧师徒西行经过的山，鹰愁涧位于此山之中。'}],[],西游记
西游记_地点_蠙城_0,蠙城,地点,[{'66': '盱眙山下的城邑，大圣禅寺所在，小张太子在此静乐。'}],[],西游记
西游记_地点_血盆苦界_0,血盆苦界,地点,[{'10': '阴司之处，过奈河恶水后的苦界。'}],[],西游记
西游记_地点_衡阳峪黑水河神府_0,衡阳峪黑水河神府,地点,[{'43': '黑水河中的水府，原为河神所有，被鼍洁强占。府门横书此八字，内有亭台，是囚禁唐僧和八戒的地方。'}],[],西游记
西游记_地点_袁守诚卦铺_0,袁守诚卦铺,地点,[{'9': '袁守诚在长安城西门街上设的占卜店铺，四壁珠玑，满堂绮绣，内有招牌、笔砚等物。龙王曾来此问卜，后因赌输来此砸毁招牌。'}],[],西游记
西游记_地点_袛园_0,袛园,地点,[{'8': '净土袛园，如来安享之处。'}],[],西游记
西游记_地点_西城_0,西城,地点,[{'54': '西梁女国的西面城门。女王送唐僧师徒出城至此，唐僧在此拜别，后被女子摄走。'}],[],西游记
西游记_地点_西天门_0,西天门,地点,"[{'5': '天宫的门户之一，大圣逃下界时从此门使出隐身法离去。'}, {'87': '天庭西侧的天门，护国天王在此守卫，行者从此进出。'}, {'92': '天宫西侧的门户，太白金星与增长天王等在此。'}, {'95': '天界的西天门，有护国天王守卫，妖精逃至此处于孙悟空再战。'}]",[],西游记
西游记_地点_西宫_0,西宫,地点,[{'71': '獬豸洞中另一处宫室，赛太岁不敢与金圣宫娘娘同寝时去此处睡眠。'}],[],西游记
西游记_地点_西岸_0,西岸,地点,[{'31': '东洋大海的西岸，接近宝象国。'}],[],西游记
西游记_地点_西梁女国_0,西梁女国,地点,"[{'48': '通天河对岸的国家，商人常渡河买卖，因利重本轻，不顾生死。'}, {'53': '全是女子的国度，有子母河、迎阳馆驿、照胎泉等。'}, {'54': '一个全是女子的国度，自混沌开辟以来累代帝王，更不曾见男人至此。市井上房屋齐整，铺面轩昂，有卖盐卖米、酒肆茶房，人们称呼男子为“人种”。'}, {'55': '女儿国，唐僧师徒经过的国家，女王曾想招唐僧为夫。'}, {'58': '唐僧师徒经过的一个国家，曾遇强贼。'}, {'99': '国家，即女儿国，难簿中记有“西梁国留婚四十三难”。'}, {'100': '西行路上的国家，通关文牒上有其印信。'}]",西梁国,西游记
西游记_地点_西洋大海_0,西洋大海,地点,"[{'2': '西牛贺洲与南赡部洲之间的海域，孙悟空渡过此海到达西牛贺洲。'}, {'43': '西海所在，行者驾云至此寻找龙王。鼍洁从西洋海趁大潮来到黑水河。'}, {'92': '西海，犀牛精逃遁至此，孙悟空与四木禽星追至此地。'}]",[],西游记
西游记_地点_西海_0,西海,地点,"[{'59': '太阳落下的海。'}, {'100': '西海龙王的领域，白龙马的故乡。'}]",[],西游记
西游记_地点_西牛贺洲_0,西牛贺洲,地点,"[{'1': '四大部洲之一，孙悟空飘过西海后到达，灵台方寸山位于此洲。'}, {'2': '四大部洲之一，菩提祖师三星洞所在的大洲。'}, {'8': '如来所在的部洲，不贪不杀。'}, {'23': '妇人所说的此地名称，唐僧师徒到达的洲界，取经路上的一洲。'}, {'24': '天下四大部洲之一，五庄观所在之处，出产人参果。'}, {'40': '取经所在的大洲，红孩儿位于此洲。'}, {'66': '唐僧取经经过的大洲，小西天小雷音寺位于此。'}, {'68': '朱紫国所在的大洲，如来佛祖所在的雷音寺也在西牛贺洲。'}, {'96': '四大部洲之一，铜台府、灵山所在洲。'}]",[],西游记
西游记_地点_西番哈咇国_0,西番哈咇国,地点,"[{'15': '唐僧师徒西行经过的国家，里社祠位于其界内。'}, {'16': '唐僧路过的国家，经过两个月才到观音禅院。'}]",[],西游记
西游记_地点_西门街_0,西门街,地点,[{'9': '长安城内的街道，袁守诚的卦铺设在此处。龙王变作白衣秀士到此寻找卖卦先生。'}],[],西游记
西游记_地点_观星台_0,观星台,地点,[{'55': '昴日星官奉玉帝旨意去巡札的地方。'}],[],西游记
西游记_地点_观音院_0,观音院,地点,"[{'17': '又称留云下院，唐僧师徒曾借宿的禅院，老和尚金池长老住持，后被火烧毁部分。'}, {'18': '回目中提到的寺院，唐僧曾在此脱难。'}]",[],西游记
西游记_地点_解阳山_0,解阳山,地点,[{'53': '位于西梁女国正南街上，山中有破儿洞和落胎泉。'}],[],西游记
西游记_地点_誊黄寺_0,誊黄寺,地点,[{'100': '太宗在城东所建，用于誊写经文的寺院。'}],[],西游记
西游记_地点_谨身殿_0,谨身殿,地点,[{'79': '比丘国皇宫中的殿宇，国王战后从该殿后面出来。'}],[],西游记
西游记_地点_豹头山_0,豹头山,地点,"[{'88': '距离玉华县城七十里的山，山中有虎口洞，住有妖精。'}, {'89': '位于玉华州城北七十里处的山，山中有虎口洞，黄狮精在此盘踞，有妖气。'}, {'90': '黄狮精洞府虎口洞所在的山。'}]",[],西游记
西游记_地点_贫婆国_0,贫婆国,地点,[{'80': '妖精自称的家乡，离树林二百余里。'}],[],西游记
西游记_地点_赏月台_0,赏月台,地点,[{'24': '五庄观花园内的台子，前有乔松如泼靛。'}],[],西游记
西游记_地点_赛城_0,赛城,地点,[{'99': '城池，难簿中记有“赛城扫塔五十难”。'}],[],西游记
西游记_地点_赵寡妇店_0,赵寡妇店,地点,[{'84': '赵寡妇经营的客店，院落宽阔，有槽枥草料，提供上中下三样待客。店中有一张大柜，四尺宽七尺长三尺高，可睡六七人。'}],[],西游记
西游记_地点_赵州石桥_0,赵州石桥,地点,[{'21': '一座石桥，被黄风吹断两段。'}],[],西游记
西游记_地点_车迟_0,车迟,地点,[{'99': '指车迟国，难簿中记有“搬运车迟三十三难”。'}],[],西游记
西游记_地点_车迟国_0,车迟国,地点,"[{'44': '西方一个国家，城池祥光隐隐，国王好道灭僧。文本中孙悟空在空中远见城池，后从道士口中得知城名车迟国。'}, {'45': '西行路上的国家，国王敬道灭僧，唐僧师徒经过此地与三位国师斗法求雨。'}, {'47': '唐僧师徒经过的国家。本回开头国王送别唐僧，陈家庄属车迟国元会县管辖。'}, {'54': '唐僧师徒途经的国家，其国印出现在通关文牒上。'}, {'100': '西行路上的国家，通关文牒上有其印信。'}]",[],西游记
西游记_地点_转轮藏_0,转轮藏,地点,[{'10': '阴司送陛下出身之处，太宗由此游观地府并转托超生。'}],[],西游记
西游记_地点_轮藏堂_0,轮藏堂,地点,[{'80': '寺内的堂屋，描花堆翠。'}],[],西游记
西游记_地点_迎阳驿_0,迎阳驿,地点,"[{'53': '西梁女国城外的驿馆，门外有照胎泉。'}, {'54': '西梁女国城门口的馆驿，匾额上书“迎阳驿”。供远来使客投注名簿，驿丞在此接待唐僧师徒。'}]",迎阳馆驿,西游记
西游记_地点_通天河_0,通天河,地点,"[{'47': '一条大河，碑上刻有“径过八百里，亘古少人行”。挡住唐僧师徒西行之路。河中有灵感大王。'}, {'48': '灵感大王所居的河流，宽八百里，冬季冻结，唐僧师徒试图踏冰过河，最终唐僧落水被捉。'}, {'49': '位于陈家庄附近的大河，宽八百里，灵感大王在此作怪，降雪结冰冻结河面，唐僧师徒曾踏冰过河，后老鼋驮其渡河。'}, {'50': '唐僧师徒此前渡过的河流，有寒冰之灾。'}, {'99': ""通天河是陈家庄附近的大河，唐僧师徒在此被老鼋驮渡后又落水，晒经石位于此岸。难簿中的'身落天河'即指此河。""}]",天河,西游记
西游记_地点_通明殿_0,通明殿,地点,"[{'3': '天庭殿宇，玉帝早朝前所在，东海龙王敖广在此进表。'}, {'5': '玉帝的宫殿之一。大圣诓骗赤脚大仙先去通明殿演礼，赤脚大仙到后未见玉帝车辇。'}, {'6': '天宫中的殿宇，四大天师、赤脚大仙等在此迎着菩萨，后大力鬼王与木叉太子至此呈表章。'}, {'7': '悟空打至通明殿里，灵霄殿外。'}, {'31': '天庭的宫殿，孙悟空直到通明殿下。'}, {'83': '天庭中的殿宇，孙悟空在此遇四大天师，后至灵霄殿。'}, {'87': '天庭殿宇，行者至此见四大天师，直符使者送文牒至此。'}, {'92': '天庭的殿堂，四大天师在此值班。'}]",[],西游记
西游记_地点_道房_0,道房,地点,[{'24': '清风明月的房间，放置金击子等物，行者隐身法进入偷取金击子。'}],[],西游记
西游记_地点_遣云宫_0,遣云宫,地点,[{'4': '天宫三十三座天宫之一。'}],[],西游记
西游记_地点_避妖楼_0,避妖楼,地点,"[{'69': '国王为躲避赛太岁所建，位于御花园后，地下三丈多深，有九间朝殿，四个大缸注油点灯。盖上石板，闻风响即入内躲避。'}, {'70': '朱紫国中的一座地穴楼阁，用于躲避妖怪。唐僧和国王曾在此避妖。'}]",[],西游记
西游记_地点_郑家杂货店_0,郑家杂货店,地点,[{'68': '朱紫国街市上的店铺，油盐酱醋等齐全，行者本要去买调和。'}],[],西游记
西游记_地点_都土地庙_0,都土地庙,地点,"[{'8': '长安城中的一座庙祠，观音师徒借住。'}, {'10': '观音菩萨在长安的住处，夜闻鬼泣神号，特来喝退业龙。'}, {'12': '长安城内的土地庙，菩萨离开皇宫后在此隐避。'}]","土地庙祠,长安城都土地庙",西游记
西游记_地点_酒馆_0,酒馆,地点,[{'9': '长安城内的酒馆。张稍与李定卖了柴和鱼后同入酒馆，吃了半酣，各携一瓶出城。'}],[],西游记
西游记_地点_里社祠_0,里社祠,地点,[{'15': '位于西番哈咇国界的一座庙宇，供奉社神，庙后有庄人家。实际为落伽山山神土地所变。'}],[],西游记
西游记_地点_金亭馆_0,金亭馆,地点,[{'11': '长安馆驿，刘全服毒进瓜前在此准备，还魂后魂灵被推入此处。'}],[],西游记
西游记_地点_金亭馆驿_0,金亭馆驿,地点,"[{'29': '宝象国中安歇唐僧师徒及马匹、行李的驿站。'}, {'30': '宝象国的馆驿，唐僧师徒居住之处，白龙马在此槽上吃草。'}]",馆驿,西游记
西游记_地点_金亭馆驿_1,金亭馆驿,地点,"[{'78': '比丘国中的驿站，唐僧师徒住宿之处，驿丞在此告知鹅笼秘密。'}, {'79': '唐僧师徒在比丘国的住处，八戒、沙僧在此护持唐僧。'}]",[],西游记
西游记_地点_金山_0,金山,地点,"[{'11': '迁安和尚所在的寺院所在，收养陈玄奘的地方。'}, {'64': '唐僧幼年落水后被救之地，他在诗中提到“幸遇金山脱本骸”。'}, {'99': '山名，难簿中记有“金山遇怪三十九难”。'}]","海岛金山,金山",西游记
西游记_地点_金山寺_0,金山寺,地点,[{'101': '江州境内的寺院，长老法明在此修行。玄奘被救后在此长大，后削发修行。殷温娇来此还愿与子相认。'}],[],西游记
西游记_地点_金平府_0,金平府,地点,"[{'92': '天竺国东界的一个府城，有金灯桥，每年元宵供献金灯。'}, {'100': '西行路上的府，通关文牒上有其印信。'}]",[],西游记
西游记_地点_金桥_0,金桥,地点,[{'10': '阴司之桥，太宗从金桥而过，有鬼卒执幢幡接引。'}],[],西游记
西游记_地点_金灯桥_0,金灯桥,地点,[{'92': '金平府内点金灯之处，犀牛精假扮佛像在此收取酥合香油。'}],[],西游记
西游记_地点_金皘山_0,金皘山,地点,"[{'50': '妖魔所在的山，山前有金皘洞，唐僧师徒在此遇险。'}, {'51': '又称金山兜山。唐僧师徒受阻之地，山中有金皘洞，兕怪盘踞于此。'}, {'52': '兕大王所居之山，唐僧师徒遭难之处。'}, {'53': '山神土地所在的山，唐僧师徒曾在此遇青牛精。'}]",[],西游记
西游记_地点_金皘洞_0,金皘洞,地点,"[{'50': '独角兕大王的洞府，位于金皘山前。'}, {'51': '位于金皘山中的洞府，兕怪所居，唐僧被囚于此，洞门紧闭时有小妖把守。'}, {'52': '兕大王的洞府，内有关押唐僧、八戒、沙僧之处，藏有火龙火马等。'}]",[],西游记
西游记_地点_金銮宝殿_0,金銮宝殿,地点,"[{'9': '皇宫中的正殿。唐太宗在此卷帘散朝后，独留魏征，宣上金銮，召入便殿。'}, {'11': '又称金銮殿。唐朝皇宫正殿，太宗还魂后上朝理政之处。'}, {'12': '大唐皇宫正殿，太宗接见菩萨、召见玄奘的地方。'}, {'100': '唐朝朝堂，太宗在此处理国事。'}, {'101': '唐太宗驾坐的朝堂，陈光蕊受封官职之处。'}]",金銮殿,西游记
西游记_地点_金銮宝殿_1,金銮宝殿,地点,[{'54': '西梁女国的朝堂。女王在此接见驿丞，召集群臣，后与唐僧同登宝殿，取印换关文。'}],[],西游记
西游记_地点_金銮宝殿_2,金銮宝殿,地点,[{'85': '钦法国国王的朝堂，国王在此下龙床拜见唐僧。'}],[],西游记
西游记_地点_金銮殿_1,金銮殿,地点,"[{'31': '宝象国的宫殿。猪八戒和沙僧将两个孩子掼在白玉阶前。'}, {'99': '宫殿，难簿中记有“金銮殿变虎二十三难”。'}]",[],西游记
西游记_地点_金銮殿_2,金銮殿,地点,"[{'37': '乌鸡国的朝堂，妖魔变作国王在此处理朝政，太子常在此与学士讲书或与全真登位。'}, {'39': '又称金銮宝殿，乌鸡国的朝堂，狮猁王冒充国王坐于此，唐僧师徒在此倒换关文并辨明邪正。'}, {'40': '乌鸡国朝堂大殿，供奉唐僧师徒喜容的地方。'}]",[],西游记
西游记_地点_金銮殿_3,金銮殿,地点,"[{'45': '车迟国朝堂，国王在此召见唐僧师徒和三位国师，龙王应召现身在殿庭上空。'}, {'46': '国王上朝和处理政务的宫殿，赌赛的禅台设在金銮殿左右，多次作为赌赛场所，如道士跪拜、国王传旨、立禅台等。'}]",[],西游记
西游记_地点_金銮殿_4,金銮殿,地点,[{'62': '祭赛国朝堂大殿，国王宣唐僧上殿赐坐。'}],[],西游记
西游记_地点_金銮殿_5,金銮殿,地点,"[{'68': '朱紫国国王上朝的大殿，国王在此召见唐僧。'}, {'69': '皇宫正殿，国王病愈后在此拜谢唐僧，并传旨设宴。'}, {'70': '朱紫国的朝殿，国王上朝之处。八戒、沙僧在此护持唐僧。'}]",金殿,西游记
西游记_地点_金銮殿_6,金銮殿,地点,[{'76': '虎狼城中的宫殿，唐僧被一轿子抬上金銮殿坐在当中。'}],[],西游记
西游记_地点_金銮殿_7,金銮殿,地点,[{'77': '狮驼国中的宫殿，八戒被捆在此殿前柱上，行李也放在殿内。'}],[],西游记
西游记_地点_金銮殿_8,金銮殿,地点,[{'78': '朝中正殿，行者变蟭蟟虫钉在翡翠屏上听国丈与国王对话。'}],[],西游记
西游记_地点_金阙云宫_0,金阙云宫,地点,[{'3': '玉帝的宫殿，灵霄宝殿坐落其中。'}],[],西游记
西游记_地点_金阙瑶宫_0,金阙瑶宫,地点,[{'8': '玉帝的宫殿，如来曾坐首席。'}],[],西游记
西游记_地点_金阶_0,金阶,地点,[{'29': '宝象国皇宫内的金阶，唐僧被宣至此朝见国王。'}],[],西游记
西游记_地点_钟楼_0,钟楼,地点,[{'80': '寺内的钟楼，已倒塌。'}],[],西游记
西游记_地点_铁板桥_0,铁板桥,地点,"[{'1': '水帘洞瀑布泉中的桥梁，桥下之水冲贯石窍倒挂遮闭桥门，桥那边是水帘洞的家当。'}, {'3': '水帘洞下的桥梁，桥下水流直通东海龙宫，孙悟空从此处下水。'}, {'5': '花果山前的桥梁，独角鬼王率妖兵在此抵挡九曜星，后被抵住不能出。大圣得胜回洞时经过此桥。'}, {'28': '花果山中的桥，群猴在大火烧山时藏于桥下得以存活。'}]",[],西游记
西游记_地点_铜台府_0,铜台府,地点,"[{'96': '唐僧师徒经过的府城，府后有一县叫地灵县。'}, {'97': '铜台府治所城池，刺史姜坤三的衙门所在地，寇家位于此。唐僧师徒曾被押解至此监禁。'}, {'99': '府邸，难簿中记有“铜台府监禁七十九难”。'}]",府城,西游记
西游记_地点_银安殿_0,银安殿,地点,"[{'30': '宝象国宫殿中的殿堂，老妖在此饮酒作乐、吃人肉。'}, {'31': '宝象国的另一宫殿，黄袍怪曾在此饮酒，白龙马变宫娥行刺。'}]",[],西游记
西游记_地点_银桥_0,银桥,地点,[{'10': '阴司之桥，桥上行忠孝贤良之辈，公平正大之人，有幢幡接引。'}],[],西游记
西游记_地点_锦云窝_0,锦云窝,地点,[{'90': '九灵元圣在洞中睡觉休息的地方。'}],[],西游记
西游记_地点_锦香亭_0,锦香亭,地点,[{'38': '乌鸡国后宫中的亭子，正宫娘娘坐在此处倚栏流泪，太子在此跪见母亲。'}],[],西游记
西游记_地点_锦香亭_1,锦香亭,地点,[{'77': '狮驼国皇宫内的亭子，内有一个铁柜，三魔提议将唐僧藏在柜中。'}],[],西游记
西游记_地点_锺南山_0,锺南山,地点,"[{'37': '全真道士的来处，全真从此山来到乌鸡国求雨。'}, {'46': '虎力大仙幼年学武艺的地方，他声称在此学会砍头、剖腹、滚油锅等神通。'}]",[],西游记
西游记_地点_镇海禅林寺_0,镇海禅林寺,地点,"[{'80': '山门上有五个大字的寺院，前院破败，后院齐整，唐僧师徒在此借宿。'}, {'81': '唐僧师徒投宿的寺庙，寺中有妖精出没，吃了六个小和尚。'}, {'82': '唐僧之前投宿的寺庙，他在那里得了伤风重疾。'}]",镇海寺,西游记
西游记_地点_长安城_0,长安城,地点,"[{'8': '大唐国的都城，观音师徒变作游僧进入，借住土地庙祠。'}, {'9': '亦称长安、都城大国、陕西大国长安城，历代帝王建都之地，大唐太宗文皇帝登基之所。城中有西门街、酒馆、卦铺等。'}, {'10': '又称长安城。太宗传旨悬挂龙头晓谕长安黎庶，观音菩萨住长安城都土地庙。'}, {'11': '又称长安大国。唐朝都城，皇宫、白虎殿、金銮宝殿等均在此。'}, {'12': '大唐都城，化生寺所在地，观世音菩萨在此售卖袈裟锡杖，玄奘穿袈裟夸官游街。'}, {'16': '大唐的都城，唐僧出长安边界取经。'}, {'32': '唐朝都城，唐僧当年奉旨出长安西行取经。'}, {'36': '东土大唐的都城，唐僧取经的起点。唐僧回忆离了长安城已有四五个年头。'}, {'47': '东土大唐的都城，唐僧取经的出发地。唐僧回忆当年别了长安。'}, {'56': '东土大唐的都城，唐僧自别了长安前往西天取经。'}, {'76': '唐僧取经东回的目标，说向长安当传扬善果。'}, {'81': '唐朝都城，唐僧欲修书送往此处见太宗皇帝。'}, {'82': '唐僧出发取经的起点。'}, {'100': '大唐都城，唐僧取经出发和返回之地，太宗在此建望经楼、雁塔寺等。'}, {'101': '陕西大国长安城，唐代帝王建都之地，太宗登基之处，招贤应试之地，陈光蕊中状元并游街之地。'}]",长安,西游记
西游记_地点_长安城北_0,长安城北,地点,[{'68': '大唐长安城以北，泾河龙王所在之处。'}],[],西游记
西游记_地点_长安城外_0,长安城外,地点,[{'9': '长安城的外围区域。泾河岸边及渔樵相遇之处位于长安城外。'}],[],西游记
西游记_地点_长安大市街_0,长安大市街,地点,[{'8': '长安城中的街道，旁有土地庙祠。'}],[],西游记
西游记_地点_长江_0,长江,地点,[{'36': '沙僧诗中所提“水在长江月在天”，借指自然景象。'}],[],西游记
西游记_地点_阎浮世界_0,阎浮世界,地点,[{'1': '通背猿猴所言佛、仙、神圣所居之处，即人间世界。'}],[],西游记
西游记_地点_阳世间_0,阳世间,地点,[{'37': '人间世界，国王冤魂来到阳世向唐僧求助。'}],[],西游记
西游记_地点_阴司总会门_0,阴司总会门,地点,[{'10': '森罗殿前之门，唤作阴司总会门。'}],[],西游记
西游记_地点_阴山背后_0,阴山背后,地点,"[{'10': '简称背阴山。阴司险地，阴云垂地，黑雾迷空，山不生草，峰不插天，岭不行客，洞不纳云，涧不流水，岸前皆魍魉，岭下尽神魔。'}, {'58': '幽冥界的一座山，真假孙悟空曾在此打斗。'}, {'82': '佛教传说中堕轮回者受苦之处。唐僧说若丧真阳将永世不得翻身。'}]",幽冥背阴山,西游记
西游记_地点_陈家庄_0,陈家庄,地点,"[{'47': '车迟国元会县下的一个村庄，约有四五百户人家。庄中人家姓陈，每年祭赛灵感大王。'}, {'48': '唐僧师徒途经的村庄，陈澄、陈清所居，每年祭赛灵感大王，位于通天河附近。'}, {'49': '通天河岸边的一个村庄，村民每年用童男童女祭赛灵感大王，唐僧师徒曾借宿于此，后妖怪被除，村民不再祭赛。'}, {'99': '通天河东岸的村庄，有陈家兄弟及救生寺。本回中唐僧师徒到此晒经、受款待。'}]",[],西游记
西游记_地点_陷空山_0,陷空山,地点,"[{'81': '千里之外的山，妖精的老巢所在。'}, {'83': '妖精金鼻白毛老鼠精的巢穴所在，山上有个无底洞。'}]",[],西游记
西游记_地点_隐雾山_0,隐雾山,地点,"[{'87': '唐僧师徒此前经过的山，别樵子后下山上路。'}, {'99': '山名，难簿中记有“隐雾山遇魔七十一难”。'}]",[],西游记
西游记_地点_隐雾山折岳连环洞_0,隐雾山折岳连环洞,地点,[{'86': '南山大王居住的洞府，石门紧闭，门上横安石版刻有八个大字，洞内有剥皮亭、后门、天井、中堂、园子等结构。'}],[],西游记
西游记_地点_雁塔寺_0,雁塔寺,地点,[{'100': '长安城中的寺院，太宗请唐僧在此诵经，并修建水陆大会。'}],[],西游记
西游记_地点_雷音宝刹_0,雷音宝刹,地点,"[{'8': '如来所在的宝刹，位于灵山上，又称雷音寺。'}, {'77': '如来的寺院，三魔曾欲夺此宝刹。'}]",[],西游记
西游记_地点_雷音宝阙_0,雷音宝阙,地点,[{'21': '雷音寺的宝殿，被黄风吹倒三层。'}],[],西游记
西游记_地点_青华长乐界_0,青华长乐界,地点,[{'90': '东极妙岩宫所在的仙境。'}],[],西游记
西游记_地点_青龙山_0,青龙山,地点,[{'92': '位于金平府东北艮地的山，山上有玄英洞，犀牛精居住于此。'}],[],西游记
西游记_地点_须弥山_0,须弥山,地点,[{'33': '二魔遣来压孙悟空的第一座山，被悟空挑在左肩背上。'}],[],西游记
西游记_地点_须弥山摩耳崖_0,须弥山摩耳崖,地点,[{'61': '大力金刚修行之地。'}],[],西游记
西游记_地点_香积厨_0,香积厨,地点,[{'81': '寺中厨房，悟空去取凉水之处。'}],[],西游记
西游记_地点_驸马府_0,驸马府,地点,[{'94': '为驸马修建的府邸，光禄寺奉旨修完，专等妆奁铺设。'}],[],西游记
西游记_地点_驼罗庄_0,驼罗庄,地点,[{'67': '唐僧师徒借宿的村庄，共有五百多户人家，村庄西去三十余里有七绝山稀柿衕，三年六月间开始有妖怪出没。'}],[],西游记
西游记_地点_高老庄_0,高老庄,地点,"[{'18': '乌斯藏国界之地的村庄，大半人家姓高，太公家在此，有后宅、敞厅等建筑。'}, {'19': '高太公所住的村庄，唐僧师徒借宿于此，收服猪八戒。庄上设有厅堂、天井等。'}, {'20': '猪八戒曾经的居住地，他提及在此地时能吓杀二三十人。'}, {'23': '乌斯藏高老儿庄，猪八戒曾在此做女婿，孙悟空在此降服八戒。'}, {'30': '猪八戒曾做女婿的地方，他在此处想回炉做女婿。'}, {'32': '猪八戒的家乡，他想回高老庄盼浑家。'}, {'39': '猪八戒被收为二徒弟的地方。'}, {'54': '猪悟能的原籍，位于西牛贺洲。'}, {'82': '八戒的家乡，他曾在此做女婿。'}, {'100': '位于乌斯藏，猪八戒曾在此作怪。'}]","乌斯国界高家庄,乌斯庄",西游记
西游记_地点_鳷鹊宫_0,鳷鹊宫,地点,"[{'94': '天竺国宫殿，合卺嘉筵排设在鳷鹊宫中，娘娘与公主在此伺候。'}, {'95': '天竺国后宫中的宫殿，公主在此迎接国王，孙悟空在此揪住假公主。'}]",[],西游记
西游记_地点_鸡鸣关_0,鸡鸣关,地点,[{'93': '百脚山下的关口，行商等须等到鸡鸣时才敢通过。'}],[],西游记
西游记_地点_鹤庄_0,鹤庄,地点,[{'24': '五庄观花园内的建筑，与鹿宅并提。'}],[],西游记
西游记_地点_鹰愁陡涧_0,鹰愁陡涧,地点,"[{'15': '又称鹰愁涧，位于蛇盘山，水深清澈，因鸦鹊误认影为同群而投水得名。玉龙三太子潜藏于此，后唐僧师徒在此度过。'}, {'23': '龙马三太子等待唐僧的地方，观音菩萨在此将其退鳞去角变作白马。'}, {'99': '深涧，难簿中记有“陡涧换马第九难”。'}, {'100': '白龙马吞食唐僧原马之处，观音菩萨在此解救小白龙。'}]","蛇盘山鹰愁涧,陡涧",西游记
西游记_地点_鹿宅_0,鹿宅,地点,[{'24': '五庄观花园内的建筑，与鹤庄并提。'}],[],西游记
西游记_地点_麒麟山_0,麒麟山,地点,"[{'69': '赛太岁居住的山，其洞府獬豸洞所在。'}, {'70': '一座高山，是赛太岁居住的山岭，山中有獬豸洞。孙悟空曾在此山观看景色，发现烟火沙。'}, {'71': '赛太岁占据的山岭，獬豸洞位于此山中。金圣宫娘娘被掳至此三年。'}]",[],西游记
西游记_地点_麒麟殿_0,麒麟殿,地点,[{'62': '祭赛国宫殿中的殿堂，国王在此设宴谢唐僧师徒获贼之功。'}],[],西游记
西游记_地点_黄花观_0,黄花观,地点,[{'73': '百眼魔君所住的观宇，门前有石板刻“黄花观”三字，二门有春联，内有正殿、东廊、方丈等。'}],[],西游记
西游记_地点_黄金宝塔_0,黄金宝塔,地点,"[{'28': '碗子山波月洞旁的宝塔，金顶放光，唐僧误以为是寺院而走近，却遇见黄袍怪。'}, {'31': '黄袍怪（奎木狼）的洞府所在，塔下有妖精。'}, {'83': '又称如意黄金宝塔，如来赐予李天王，塔上层层有佛，用以防哪吒报仇。'}]",黄金宝塔,西游记
西游记_地点_黄风山_0,黄风山,地点,[{'21': '黄风大圣占山为王的地方，唐僧在此被捉。'}],[],西游记
西游记_地点_黄风岭_0,黄风岭,地点,"[{'20': '西行路上的一座高山，号称八百里黄风岭，山中有黄风洞，多有妖怪。'}, {'22': '唐僧师徒此前经过的山岭，有八百黄风岭，过了此岭才到流沙河。'}, {'59': '黄风怪所在的山岭。'}]",[],西游记
西游记_地点_黄风洞_0,黄风洞,地点,"[{'20': '黄风岭中的洞府，门上写有“黄风岭黄风洞”六字，是黄风怪的巢穴，洞内有后园定风桩。'}, {'21': '黄风大圣的洞府，位于黄风山。孙悟空曾打破洞门，洞内有定风桩绑着唐僧。'}]",[],西游记
西游记_地点_黑松大林_0,黑松大林,地点,"[{'80': '一片深邃的松林，林中树木茂密，有各种鸟兽，唐僧在此休息，遇到绑在树上的妖精。'}, {'81': '唐僧救下被绑女子的地方，后悟空等从此处回头寻找师父。'}]",黑松林,西游记
西游记_地点_黑松林_0,黑松林,地点,"[{'28': '唐僧师徒西行进入的松林，藤攀葛绕，树木森罗，唐僧在此独坐后走向南边，最终遇到碗子山波月洞。'}, {'29': '波月洞外的一片松林，唐僧躲避之处。'}, {'31': '唐僧师徒经过的一片松林，师父下马让八戒化斋的地方。'}, {'99': '难簿中记有“黑松林失散二十一难”。'}]",松林,西游记
西游记_地点_黑水河_0,黑水河,地点,"[{'43': '西方的一条大河，水色浑黑如墨，宽约十来里。本回中唐僧师徒被阻于此，河中藏有妖邪鼍洁。'}, {'44': '唐僧师徒此前经过的河流，得龙子降妖、河神开路才得以渡过。文本开头提及。'}, {'99': '河流，难簿中记有“黑河沉没三十二难”。'}]",黑河,西游记
西游记_地点_黑风山_0,黑风山,地点,"[{'16': '位于观音禅院正南二十里的山，山中有黑风洞。'}, {'17': '黑熊精所居之山，山景秀丽，有万壑争流、千崖竞秀等景色，位于观音院附近。'}]",[],西游记
西游记_地点_黑风洞_0,黑风洞,地点,"[{'16': '黑风山中的洞府，黑大王居住的地方。'}, {'17': '黑熊精的洞府，位于黑风山，门上横石板刻有“黑风山黑风洞”六字，洞内烟霞渺渺、松柏森森。'}, {'18': '妖怪的洞府，被行者放火烧成红风洞。'}]",[],西游记
西游记_地点_鼓楼_0,鼓楼,地点,[{'68': '朱紫国街市上的鼓楼，皇榜张挂在楼下，郑家杂货店在附近。'}],[],西游记
西游记_地点_鼓楼_1,鼓楼,地点,[{'80': '寺内的鼓楼，已倒塌。'}],[],西游记
西游记_地点_齐天大圣府_0,齐天大圣府,地点,[{'4': '玉帝命工干官在蟠桃园右首为孙悟空建造的府邸，内设安静司和宁神司。'}],[],西游记
西游记_地点_龙宫_0,龙宫,地点,[{'101': '又称水晶宫，洪江龙王的水府，陈光蕊魂魄暂居此处，龙王设宴相待。'}],[],西游记
西游记_地点_龙宫_1,龙宫,地点,[{'57': '四海龙王的居所。本章中孙悟空曾想奔龙宫求告。'}],[],西游记
西游记_地点_龙宫_2,龙宫,地点,[{'63': '碧波潭下的万圣龙王宫殿，内有牌楼、东廊、西廊等，被八戒打砸破坏。'}],[],西游记
西游记_技能_七十二变_0,七十二变,技能,"[{'2': '地煞数变化，孙悟空学成的变化之术，能变松树等各种事物。'}, {'3': '孙悟空所学的变化之术，有七十二种变化，能隐身遁身、起法摄法等。'}, {'7': '悟空自称有七十二般变化，万劫不老长生。'}, {'34': '孙行者的大神通，能变化各种形态，本回中多次使用，如变苍蝇、变小妖、变老奶奶等，文本称“七十二变神通大”。'}, {'35': '孙大圣的神通，能变化多种形态，文中多次提及他有七十二变化。'}, {'41': '孙悟空的本领，具有七十二条性命，可变化各种形态。'}, {'42': '孙悟空的本领，能变作各种事物，如牛魔王、苍蝇等。'}, {'46': '孙行者的本事，沙僧称其有七十二般变化就有七十二个头，能变蟭蟟虫、蜈蚣、黄犬、饿鹰等。'}, {'61': '孙悟空和牛魔王都会的变化之术，能变作各种飞禽走兽等。'}, {'72': '孙悟空的本领，本回中他变作麻苍蝇、饿老鹰、以及用毫毛变七样鹰；也变过鲇鱼精（八戒所变）。'}, {'74': '孙悟空的变化神通，自称有七十二副嘴脸。能捻着诀摇身一变，变作小和尚、苍蝇、小钻风等。'}, {'75': '孙大圣的神通，能变飞禽、走兽、花木、器皿、昆虫、人物等。变人物时头脸可变但身子难变，露出黄毛红股尾巴。'}, {'77': '孙悟空的变化神通，能变作各种人物、动物，如变作小妖、黑苍蝇等。'}, {'79': '孙悟空变作假唐僧、现出本相等变化能力；白鹿精也能化寒光逃走。'}, {'92': '孙悟空的神通，能变作各种形态，如变火焰虫儿。'}, {'97': '孙悟空的本领，可变小为蜢虫儿，又可变大法身从空中伸脚。包括变蜢虫儿、大法身。'}]","七十二变化,七十二般变化,七十二般地煞变化,变化,变化之术,变化法",西游记
西游记_技能_三十六般变化_0,三十六般变化,技能,"[{'2': '天罡数变化，菩提祖师提到的另一种变化之术，孙悟空未学。'}, {'29': '猪八戒所掌握的变化神通，能在阶前卖弄，念咒长高至八九丈。'}, {'47': '猪八戒所会的变身神通。本回中八戒变作一秤金的模样，但起初肚子胖大，经行者吹仙气才变好。'}, {'67': '八戒所会的法术，自称本有三十六般变化，能变山、树、石块、土墩、赖象、科猪、水牛、骆驼等，本回中变作大猪拱开稀柿衕。'}, {'85': '猪八戒掌握的变化神通，能变身为矮胖和尚等形态。'}]",[],西游记
西游记_技能_三头六臂_0,三头六臂,技能,"[{'4': '孙悟空与哪吒都使用的神通，变出三个头和六条手臂，手持兵器战斗。孙悟空曾以此对抗哪吒的三头六臂。'}, {'7': '悟空变化神通，变做三头六臂，使三条如意棒飞舞。'}, {'31': '孙悟空的神通，变出三头六臂，手使三根金箍棒，打得群妖落花流水。'}, {'40': '孙大圣变化的神通，变作三头六臂，拿三根金箍棒乱打，惊出山神土地。'}, {'51': '哪吒太子与兕怪均能使出的战斗神通，变作三头六臂，手持多般兵器。'}, {'61': '哪吒变出的神通，三头六臂，飞身跳在牛王背上战斗。'}, {'81': '孙悟空变出的本相，六只手理三根棒乱打。'}]",[],西游记
西游记_技能_三才阵势_0,三才阵势,技能,[{'76': '妖魔摆出的阵法，三万多精怪出洞摆开三才阵势，专等行者出口。'}],[],西游记
西游记_技能_三昧真火_0,三昧真火,技能,"[{'7': '悟空运用体内三昧火将所食蟠桃、御酒、仙丹煅成一块，成就金钢之躯。'}, {'40': '红孩儿在火焰山炼成的神通，十分厉害。'}, {'41': '红孩儿修炼成的真火，非天火非野火，通过五行生化，口鼻喷出，普通雨水无法熄灭，反会火上浇油。'}, {'42': '红孩儿的神通，能烧败孙悟空和猪八戒，龙王私雨不能灭，观音甘露可灭。'}]",三昧火,西游记
西游记_技能_三昧神风_0,三昧神风,技能,[{'21': '黄风大圣的本事，从巽地张口吹出黄风，能吹天地暗、鬼神愁，刮倒多处神佛居所。'}],[],西游记
西游记_技能_丝绳法术_0,丝绳法术,技能,[{'72': '七个妖精的技能，从腰眼中冒出丝绳，可瞒天搭丝篷、放绊脚索。'}],[],西游记
西游记_技能_丹凤朝阳_0,丹凤朝阳,技能,[{'88': '沙僧使降妖宝杖时的招数之一。'}],[],西游记
西游记_技能_乌龙掠地势_0,乌龙掠地势,技能,[{'21': '孙悟空使出的棒法招式，用于拨开钢叉。'}],[],西游记
西游记_技能_云梯显圣_0,云梯显圣,技能,[{'46': '虎力大仙的坐禅法，需驾云上高台不动，异于常禅。'}],[],西游记
西游记_技能_五十三参_0,五十三参,技能,[{'43': '童子拜观音的仪式，参拜五十三次，本回中童子归正果后行此礼。'}],[],西游记
西游记_技能_仙人指路_0,仙人指路,技能,[{'51': '孙悟空与兕怪拳斗中的招式之一。'}],[],西游记
西游记_技能_仙人指路_1,仙人指路,技能,[{'72': '妖精吊唐僧的名色，用三条绳将唐僧脊背朝上肚皮朝下吊在梁上。'}],[],西游记
西游记_技能_仙术_0,仙术,技能,[{'11': '魏征自幼得授的推算法术，能预言未来，判定唐太宗不死。'}],[],西游记
西游记_技能_作冷结冰_0,作冷结冰,技能,[{'48': '灵感大王会的法术，能制造寒冷使水面结冰。'}],[],西游记
西游记_技能_倒头经_0,倒头经,技能,[{'56': '超度亡魂的经文，唐僧为被打死的强盗念卷倒头经。'}],[],西游记
西游记_技能_倒马毒_0,倒马毒,技能,[{'55': '蝎子精的毒钩神通，扎人疼痛难忍，曾扎伤如来和孙悟空、猪八戒。'}],[],西游记
西游记_技能_借尸还魂_0,借尸还魂,技能,[{'11': '阴司所用法术，将李翠莲的灵魂推入已死的李玉英体内，使其复活。'}],[],西游记
西游记_技能_兴风作雪_0,兴风作雪,技能,[{'48': '灵感大王使出的法术，踏长空兴起狂风、降下大雪，用于冻结通天河。'}],[],西游记
西游记_技能_养神服气之术_0,养神服气之术,技能,[{'17': '黑熊精传授给金池长老的修炼小法，能延年益寿，金池长老因此活了二百七十岁。'}],[],西游记
西游记_技能_冷龙_0,冷龙,技能,[{'46': '羊力大仙炼成的法术，能化出一条冷龙护住油锅底部使油冰冷，后被北海龙王收走。'}],[],西游记
西游记_技能_净口业的真言_0,净口业的真言,技能,[{'13': '三藏念经前先念诵的咒语，用于净口业。'}],[],西游记
西游记_技能_净身心的神咒_0,净身心的神咒,技能,[{'13': '三藏念经前念诵的神咒，用于净身心。'}],[],西游记
西游记_技能_凤点头_0,凤点头,技能,[{'22': '沙悟净躲避猪八戒攻击时使出的招式。原文“那怪见钯来，使一个凤点头躲过”。'}],[],西游记
西游记_技能_分水法_0,分水法,技能,[{'63': '分开水路进入水下的法术，猪八戒使用此法人水索战。'}],[],西游记
西游记_技能_分瓣梅花计_0,分瓣梅花计,技能,"[{'85': '先锋小妖献上的计策，派三个小妖变作老妖调开孙悟空三兄弟，老妖趁机捉走唐僧。'}, {'86': '南山大王先锋所设的计谋，调开孙行者、猪八戒、沙僧三人，趁机从中间捞走唐僧。'}]",[],西游记
西游记_技能_分身法_0,分身法,技能,"[{'2': '孙悟空拔毫毛变出分身小猴的法术，用于对敌。'}, {'3': '孙悟空拔毫毛变出千百个小猴，用以搬运兵器等。'}, {'5': '齐天大圣的神通，拔下毫毛丢入口中嚼碎喷出叫声变，即可变出千百个大圣，都使金箍棒。大圣用此打退哪吒太子和五大天王。'}, {'6': '齐天大圣使用的神通，曾用此战退十万天兵。'}, {'21': '孙悟空的神通，拔下毫毛嚼碎喷出变出百十个分身，各执铁棒。'}, {'27': '悟空的神通，本回中拔下脑后毫毛吹气变出三个分身，连同本身共四个向师父下拜。'}, {'35': '孙大圣的分身法术，拔毫毛变出多个行者，打退群妖，又称分身法。'}, {'51': '孙悟空拔毫毛变出三五十个小猴，抱腿扯腰抓眼挦毛，围攻兕怪。'}, {'73': '孙悟空从身上拔毫毛变出多个分身的法术，曾用七十根毫毛变出七十个小行者搅断蛛丝。'}, {'75': '孙大圣的功法，被老魔砍成两半后打滚变作两个身子，并能收身合为一体。'}, {'84': '孙悟空施展的神通，拔下左臂毫毛变做小行者，右臂毫毛变做瞌睡虫，布散皇宫及各处衙门。'}, {'86': '孙行者的法术，拔下毫毛嚼碎喷出叫声“变”，变出多个本身模样，各持金箍棒攻打小妖。'}, {'90': '孙大圣的神通，拔毫毛变出分身，以一化十，百千万亿变化。'}]","大分身普会神法,身外法,身外身,身外身之法,身外身法",西游记
西游记_技能_剖腹剜心_0,剖腹剜心,技能,[{'46': '一种赌命法术，剖开肚腹拿出脏腑后能再安回长合，孙行者和鹿力大仙均展示。'}],[],西游记
西游记_技能_劝修功卷_0,劝修功卷,技能,[{'12': '玄奘在法会上宣讲的经文之一。'}],[],西游记
西游记_技能_华严_0,华严,技能,[{'96': '指《华严经》，讽诵可除诽谤。'}],[],西游记
西游记_技能_双掭灯_0,双掭灯,技能,[{'86': '孙行者使用的技法，拔两根毫毛变作两个虫儿，分别从左右鼻孔钻入老怪体内，使其睡倒。'}],[],西游记
西游记_技能_受生度亡经_0,受生度亡经,技能,[{'12': '玄奘在法会上宣讲的经文之一。'}],[],西游记
西游记_技能_变化_0,变化,技能,[{'48': '斑衣鳜婆所言水族善变化之术，可变成人形在冰上行走引诱唐僧。'}],[],西游记
西游记_技能_叶底偷桃_0,叶底偷桃,技能,[{'31': '孙悟空使出的棒法招式，望妖精头顶一棍。'}],[],西游记
西游记_技能_呼风唤雨_0,呼风唤雨,技能,"[{'37': '全真道士的法术，登坛祈祷后令大雨滂沱，也能点石成金。'}, {'39': '狮猁王（全真怪）的神通，能召唤风雨，以此取得国王信任并害死真国王。'}, {'48': '灵感大王所拥有的神通，能召唤风雨。'}, {'63': '召唤风雨的神通，沙僧提及。'}]","呼风唤雨,唤雨呼风",西游记
西游记_技能_呼风唤雨_1,呼风唤雨,技能,"[{'44': '道士的法术，能召唤风雨。文本中道士称虎力大仙等能呼风唤雨，只在翻掌之间。'}, {'45': '虎力大仙使用的道法，可发文书惊动玉帝，令雷神下雨，被邓天君称为真的五雷法。'}, {'46': '虎力大仙擅长的法术，能呼风唤雨，但最终无用。'}]","五雷法,唤雨呼风法",西游记
西游记_技能_呼龙使圣之法_0,呼龙使圣之法,技能,[{'46': '孙行者使用的法术，能召唤龙神，国王因此认为他有此法。'}],[],西游记
西游记_技能_哃嘘呵吸嘻吹呼_0,哃嘘呵吸嘻吹呼,技能,[{'60': '芭蕉扇的咒语，念此咒并用左手大指捻住扇柄第七缕红丝，可使芭蕉扇长至一丈二尺长短，能扇灭八万里火焰。'}],[],西游记
西游记_技能_唵嘛呢叭咪吽_0,唵嘛呢叭咪吽,技能,[{'7': '如来所书六字真言咒语，贴于五行山顶镇压悟空。'}],[],西游记
西游记_技能_唵囒静法界乾元亨利贞咒_0,唵囒静法界乾元亨利贞咒,技能,"[{'15': '孙悟空念的咒语，以此唤出当坊土地和本处山神。'}, {'24': '孙悟空念的咒语，可拘唤土地神。'}, {'38': '孙悟空念诵的真言咒语，凭此拘得山神土地前来听令，帮助太子收集猎物。'}, {'42': '观音念动的咒语，能唤出本山土地众神，或使天罡刀变倒须钩。'}, {'65': '孙悟空念的咒语，拘来五方揭谛、六丁六甲、护教伽蓝等神。'}, {'73': '孙悟空念咒拘唤土地神的咒语，文中念声“唵”字真言拘来土地老儿。'}, {'77': '孙悟空念的咒语，用于拘唤北海龙王。'}, {'78': '行者念动的咒语，以此拘来城隍土地等众神。'}, {'79': '孙悟空念动的咒语，用以拘唤土地神。'}, {'84': '孙悟空念动的咒语，唤当地土地神祇来布散瞌睡虫。'}]","唵净法界,唵字咒,唵字咒语,唵字真言,唵蓝净法界,唵蓝净法界，乾元亨利贞",西游记
西游记_技能_多心经_0,多心经,技能,"[{'19': '全称《多心经》，共五十四句二百七十字。乌巢禅师传授给唐僧，称若遇魔瘴之处，可诵此经护身。'}, {'20': '佛经，全称《多心经》。玄奘法师悟彻此经，常念常存。唐僧被擒时也口里念着。'}, {'43': '佛经，共五十四句二百七十字，由乌巢禅师口授给唐僧。本回中行者提醒唐僧莫忘经义。'}, {'45': '唐僧念诵的佛经，在求雨坛上定性归神默念此经，配合孙大圣施法求雨。'}]","《密多心经》,多心经",西游记
西游记_技能_大中平_0,大中平,技能,[{'31': '孙悟空使出的棒法招式，急转个大中平，挑开妖怪的刀。'}],[],西游记
西游记_技能_大乘佛法三藏_0,大乘佛法三藏,技能,[{'12': '观世音菩萨所传的佛法，能超亡者升天，度难人脱苦，修无量寿身，位于西天大雷音寺如来处。'}],[],西游记
西游记_技能_大品天仙诀_0,大品天仙诀,技能,[{'17': '孙悟空从灵台山老仙长处学得的修炼功法，强调回光内照、六根清净，能返老还童、超凡入圣。'}],[],西游记
西游记_技能_大开剥_0,大开剥,技能,[{'46': '羊力大仙在小茅山学来的法术，包括剖腹剜心、滚油锅等旁门左道。'}],[],西游记
西游记_技能_天罡搬运功_0,天罡搬运功,技能,[{'70': '孙悟空自述修炼的功法之一，“全仗天罡搬运功”。'}],[],西游记
西游记_技能_天罡数变化_0,天罡数变化,技能,[{'18': '猪刚鬣自称拥有的变化之术，有天罡数的变化。'}],[],西游记
西游记_技能_妙算_0,妙算,技能,[{'9': '袁守诚神机妙算的能力。他能知天地理、善晓鬼神情，未来事过去事观如月镜，知凶定吉，断死言生。标题称“袁守诚妙算无私曲”。；袁守诚的占卜之术。他在袖中推算，能准确告知求卜者方位、天气、雨泽等。渔翁张稍每日送一尾金色鲤，他便袖传一课，教其下网抛钓的位置，百下百着。'}],袖传一课,西游记
西游记_技能_子午周天_0,子午周天,技能,[{'88': '运功周天之法，孙悟空传授给小王子们，使他们筋骨强壮。'}],[],西游记
西游记_技能_《孔雀经》_0,《孔雀经》,技能,[{'13': '三藏超度时所念的佛经，一卷。'}],[],西游记
西游记_技能_孔雀经_0,孔雀经,技能,[{'96': '一部佛经，在道场中谈诵，可消灾障。'}],[],西游记
西游记_技能_安邦天宝篆_0,安邦天宝篆,技能,[{'12': '玄奘在法会上宣讲的经文之一。'}],[],西游记
西游记_技能_定身法_0,定身法,技能,"[{'5': '齐天大圣的咒语法术，念动后可使他人定住。大圣用定身法定住七衣仙女，使她们一周天方能解脱。'}, {'39': '孙悟空的法术，用手一指可使对方不能行动。他在乌鸡国金銮殿上定住了文武百官。'}, {'54': '孙悟空的法术，可使众人身体不能动弹。本回中计划用定身法定住西梁女国君臣，待师徒西行一昼夜后再解术。'}, {'74': '孙悟空能使定身法定住妖精。八戒曾提使用定身法定倒妖精。'}, {'89': '孙行者使用的法术，念咒喷法唾即可将妖定住，使其动弹不得。用于定住刁钻古怪和古怪刁钻。'}, {'97': '孙悟空使用的法术，念咒语撒土可使众贼定身不得动。又称定身之法。'}]",[],西游记
西游记_技能_定身禅_0,定身禅,技能,[{'42': '观音施展的法术，诗中提及“袖中取出定身禅”。'}],[],西游记
西游记_技能_小乘教法_0,小乘教法,技能,[{'12': '玄奘及众僧所讲的佛法，只能浑俗和光，度不得亡者超升。'}],[],西游记
西游记_技能_小坐跌法_0,小坐跌法,技能,[{'81': '孙悟空使用的跌法，将妖精掀翻在地。'}],[],西游记
西游记_技能_《度亡经》_0,《度亡经》,技能,[{'13': '三藏为刘伯钦父亲超度所念的经文，一卷。'}],[],西游记
西游记_技能_弄风_0,弄风,技能,[{'18': '猪刚鬣的本事，能弄风，走石飞砂，云来雾去。'}],[],西游记
西游记_技能_《弥陀经》_0,《弥陀经》,技能,[{'13': '三藏超度时所念的佛经，各诵几卷。'}],[],西游记
西游记_技能_急雨催花_0,急雨催花,技能,[{'51': '孙悟空与兕怪拳斗中的招式之一。'}],[],西游记
西游记_技能_悬丝诊脉_0,悬丝诊脉,技能,[{'68': '孙悟空声称会的诊脉技艺，不见病人面用丝线诊脉。'}],[],西游记
西游记_技能_打坐存神_0,打坐存神,技能,[{'44': '道士的修炼功法，通过打坐存养元神。文本中众僧提及仙长会打坐存神。'}],[],西游记
西游记_技能_托梦_0,托梦,技能,[{'37': '乌鸡国国王冤魂在梦中向唐僧诉说冤情，后又托梦给正宫皇后。'}],[],西游记
西游记_技能_抓风之法_0,抓风之法,技能,[{'20': '孙行者的一种法术，可以抓风来闻，辨别风的好坏和蹊跷。'}],[],西游记
西游记_技能_抟砂炼汞_0,抟砂炼汞,技能,"[{'44': '道士的炼丹术，指修炼外丹。文本中众僧说仙长会抟砂炼汞。'}, {'46': '道教炼丹术，国王哭诉时提及，认为不如秘食稳居山。'}]",点金炼汞,西游记
西游记_技能_护身法_0,护身法,技能,[{'59': '保护自身不受伤害的法术。'}],[],西游记
西游记_技能_护身的变化法儿_0,护身的变化法儿,技能,[{'21': '孙悟空使身体变大的法术，挨打后躬腰长三尺，能长到一丈长短。'}],[],西游记
西游记_技能_担山赶月_0,担山赶月,技能,[{'63': '背负山岳追逐月亮的神通，沙僧提及。'}],[],西游记
西游记_技能_拿法_0,拿法,技能,[{'62': '孙悟空使用的擒拿手法，将妖精抓取并制服。'}],[],西游记
西游记_技能_指水为油_0,指水为油,技能,[{'44': '道士的法术，能将水变成油。文本中道士说师父能指水为油。'}],[],西游记
西游记_技能_指物腾那_0,指物腾那,技能,"[{'34': '孙行者的手段，本回中用以变毫毛换幌金绳，文本称“指物腾那手段高”。'}, {'46': '虎力大仙指称孙行者使用的法术，能调换物体，但抵不得人身。'}]",搬运抵物之术,西游记
西游记_技能_按摩禅法_0,按摩禅法,技能,[{'41': '猪八戒使用的按摩手法，两手搓热捂住七窍，按摸揉擦，可救活被冷水激晕的孙悟空。'}],[],西游记
西游记_技能_换斗移星_0,换斗移星,技能,[{'63': '移动星斗的神通，沙僧提及。'}],[],西游记
西游记_技能_捻诀念咒_0,捻诀念咒,技能,[{'29': '施展法术时的手诀和咒语，猪八戒变化时使用。'}],[],西游记
西游记_技能_推山移岭_0,推山移岭,技能,[{'25': '孙行者使用的神力，将人参果树一推推倒。'}],[],西游记
西游记_技能_揭斋之咒_0,揭斋之咒,技能,[{'13': '三藏吃饭前合掌诵念的咒语，非经，乃一卷揭斋之咒。'}],[],西游记
西游记_技能_搬运法_0,搬运法,技能,[{'75': '老魔提及的法术，可使一冬不吃饭。'}],[],西游记
西游记_技能_摄法_0,摄法,技能,"[{'3': '孙悟空弄风摄物的法术，能唤转狂风，带领小猴回山。'}, {'33': '二魔使的法术，能一阵风将唐僧、沙僧、马、行李等摄走，带回莲花洞。'}, {'62': '孙悟空和猪八戒使用的法术，驾风头带妖贼飞行。'}, {'84': '孙悟空使用的法术，从王小二店中驾云出去，携带衣服头巾。'}, {'99': '搬运法术，沙僧提议师徒都作起摄法将唐僧驾过河。'}]",[],西游记
西游记_技能_撒花盖顶_0,撒花盖顶,技能,[{'88': '孙悟空使金箍棒时的招数之一，在空中舞动时使用。'}],[],西游记
西游记_技能_斗柄迁移步_0,斗柄迁移步,技能,[{'70': '孙悟空自述的步法神通，“也凭斗柄迁移步”。'}],[],西游记
西游记_技能_无生妙诀_0,无生妙诀,技能,[{'101': '法明长老所修得的佛门妙诀，已悟得此诀，能修真悟道。'}],[],西游记
西游记_技能_显密圆通真妙诀_0,显密圆通真妙诀,技能,[{'2': '菩提祖师传授的长生妙道口诀，包括精气神修炼之法，即长生之道。'}],[],西游记
西游记_技能_望闻问切_0,望闻问切,技能,[{'68': '中医诊断方法，包括望神气、闻声音、问病原、切脉理。孙悟空在论医时提到。'}],[],西游记
西游记_技能_松箍儿咒_0,松箍儿咒,技能,"[{'27': '悟空希望唐僧念的咒语以取下金箍，但唐僧表示只有紧箍儿咒，没有松箍儿咒。'}, {'57': '能够松解紧箍儿的咒语，但观音菩萨声称并无此咒。本章中孙悟空求菩萨念松箍儿咒。'}, {'77': '能退下孙悟空头上金箍的咒语，他向如来请求念此咒。'}, {'100': '孙悟空要求唐僧念的咒语，用于解除头上的金箍儿。'}]",松箍咒,西游记
西游记_技能_松绳咒_0,松绳咒,技能,[{'34': '与幌金绳配合的咒语，念动可松开绳子。二魔被扣后念此咒脱身，并反扣孙行者。'}],[],西游记
西游记_技能_查罡布斗_0,查罡布斗,技能,[{'44': '道士步罡踏斗的法术。文本中描述“查罡布斗，香烟馥郁透清霄”。'}],[],西游记
西游记_技能_梦斩_0,梦斩,技能,[{'9': '魏征在梦中斩杀泾河龙王的法术。天帝降旨命魏征午时三刻梦斩泾河老龙，魏征在府中试慧剑、运元神后，于梦中执行斩龙。'}],[],西游记
西游记_技能_水忏_0,水忏,技能,[{'96': '即《水忏》或拜水忏，一种忏悔法事，可解冤愆。'}],[],西游记
西游记_技能_法天象地_0,法天象地,技能,"[{'3': '孙悟空使身体变得顶天立地的神通，头如泰山，腰如峻岭，手中铁棒上抵三十三天，下至十八层地狱。'}, {'6': '二郎显圣真君与齐天大圣斗法时使用的神通，变得身高万丈。'}, {'61': '孙悟空使出身高万丈、头如泰山的巨大法身。'}]",[],西游记
西游记_技能_法身_0,法身,技能,[{'95': '孙悟空使出的神通，现出本相揪住假公主，用于降妖。'}],[],西游记
西游记_技能_泰山下顶之法_0,泰山下顶之法,技能,[{'33': '二魔所使法术，在行者背上捻诀念真言，遣山压人。'}],"移山倒海的法术,遣山咒法",西游记
西游记_技能_混元道果_0,混元道果,技能,[{'24': '元始天尊在上清天弥罗宫讲道的功法，镇元子前往听讲。'}],[],西游记
西游记_技能_滚油锅洗澡_0,滚油锅洗澡,技能,[{'46': '一种赌命法术，在滚油锅中洗澡而不死，孙行者和羊力大仙均展示。'}],[],西游记
西游记_技能_火眼金睛_0,火眼金睛,技能,"[{'7': '悟空在八卦炉巽位被烟熏红双眼，唤作火眼金睛，能识妖邪。'}, {'15': '孙悟空的本领，能看清千里之内吉凶，甚至蜻蜓展翅，在此回中用于寻找丢失的白马。'}, {'18': '行者的眼睛能力，能识别妖怪，文本中描述为“火眼金睛”。'}, {'19': '孙悟空被太上老君在八卦炉中用神火锻炼后获得的神通，眼睛能识破妖魔。文本中形容他的眼睛“似闪电”。'}, {'27': '悟空在八卦炉中炼就的眼力，本回中‘睁火眼金睛观看’，能认出妖精的变化。'}, {'34': '孙行者被八卦炉炼出的能力，能识别妖怪，本回中提及但未具体使用。'}, {'37': '孙悟空的眼力，能辨认妖气，在空中见乌鸡国上有黑气锁金门。'}, {'47': '孙悟空的眼睛神通，白日里常看千里，夜里看三五百里。本回中用以观察通天河对岸。'}, {'49': '孙悟空的眼睛特征，被鳜婆描述为毛脸雷公嘴、火眼金睛，能识破妖怪。'}, {'81': '孙悟空的眼睛神通，能识破妖精伪装。'}, {'94': '孙悟空的技能，能识别真假善恶、富贵贫穷，用以辨明邪正，曾言‘但见面，就认得真假善恶，富贵贫穷’。'}, {'95': '孙悟空的神通，能辨识妖气，在毗卢帽上睁眼观看，识破假公主头顶的妖氛。'}, {'98': '孙大圣的神通，能识别妖邪。本回中行者的火眼金睛认出接引佛祖是南无宝幢光王佛。'}]",[],西游记
西游记_技能_点石成金_0,点石成金,技能,"[{'37': '全真道士的法术，能将石头变成金子，与呼风唤雨同为他的本事。'}, {'44': '道士的法术，能将石头变成金子。文本中道士说师父能点石成金。'}]",[],西游记
西游记_技能_熬战之法_0,熬战之法,技能,[{'23': '猪八戒自称幼年学得的法术，能伏侍多个女子。本回中八戒欲以此法应对三个女儿。'}],[],西游记
西游记_技能_瘦身法_0,瘦身法,技能,[{'34': '孙行者欲脱身时想要使用的法术，但未来得及施展就被紧绳咒扣住。'}],[],西游记
西游记_技能_盖顶撒花_0,盖顶撒花,技能,[{'51': '孙悟空与兕怪拳斗中的招式之一。'}],[],西游记
西游记_技能_真火_0,真火,技能,[{'81': '孙悟空吹出的火焰，用于点琉璃灯。'}],[],西游记
西游记_技能_真言_0,真言,技能,[{'43': '菩萨念动的真言，用于收海水或施法。'}],[],西游记
西游记_技能_瞌睡虫_0,瞌睡虫,技能,"[{'71': '孙悟空变出的法术，可以将瞌睡虫放在人脸上使其瞌睡。本回中用此使春娇昏睡。'}, {'77': '孙悟空从护国天王处赢得的宝物，抛在小妖脸上使其睡倒。'}, {'86': '孙行者的法术，将毫毛变作瞌睡虫抛到众妖脸上，使其打盹昏睡；后对老怪用了两只虫（双掭灯）使其睡倒。'}]",瞌睡虫,西游记
西游记_技能_砍头法_0,砍头法,技能,[{'46': '孙行者自称学会的法术，砍下头后能叫头回来再长上。'}],[],西游记
西游记_技能_神风_0,神风,技能,[{'37': '夜游神施展的风，能将国王冤魂送入禅堂，又能将其送回皇宫内院托梦。'}],[],西游记
西游记_技能_禁字_0,禁字,技能,[{'66': '弥勒佛传授的法术，在手掌写一“禁”字，让黄眉大王不思退步，只顾追赶。'}],[],西游记
西游记_技能_禳星_0,禳星,技能,[{'44': '道士做法祈祷星宿的法术。文本中三清观道士正在禳星，孙悟空看见后决定去混一混。'}],[],西游记
西游记_技能_筋斗云_0,筋斗云,技能,"[{'2': '菩提祖师传授给孙悟空的腾云之术，一个筋斗就有十万八千里路。'}, {'3': '孙悟空的神通，一个筋斗可行十万八千里，他急纵筋斗云过二百里水面。'}, {'4': '孙悟空的独门飞行技能，速度极快，比太白金星的云快许多，曾将金星撇在脑后先至南天门。'}, {'5': '齐天大圣的驾云神通，速度极快。大圣曾诓骗赤脚大仙说玉帝因他筋斗云疾，着其五路邀请列位。'}, {'7': '悟空技能，一纵十万八千里。'}, {'8': '孙悟空的神通，一去十万八千里。'}, {'14': '孙悟空驾云的本领，一个筋斗有十万八千里，可即去即来。'}, {'16': '孙行者的神通，一个筋斗可跳上南天门。'}, {'21': '孙悟空的飞行神通，一个筋斗十万八千里，本回中纵筋斗云去小须弥山。'}, {'22': '孙悟空的神通，又称觔斗云。一个筋斗有十万八千里。本回中他以此云快速往返于流沙河与南海之间。'}, {'26': '孙悟空驾云之术，急纵觔斗云离开五庄观前往东洋大海。'}, {'27': '悟空的飞行神通，本回中多次使用，如‘纵筋斗云’、‘一筋斗’等，能快速往返。'}, {'35': '孙大圣的腾云之术，一个筋斗十万八千里，文中多次使用筋斗云逃遁或追击。'}, {'37': '孙悟空的腾云法术，一个筋斗即可跳在空中，观察乌鸡国城池。'}, {'39': '孙悟空的飞行神通，一个筋斗可行十万八千里。他借此快速往返于天庭与凡间。'}, {'41': '孙悟空驾云的神通，但因受伤腰膝疼痛不能驾起，后八戒驾云去请观音。'}, {'42': '孙悟空的驾云术，一个筋斗十万八千里，从号山到南海只需半个时辰。'}, {'43': '孙悟空驾云的法术，一个筋斗十万八千里。本回中行者驾云至西洋大海。'}, {'47': '孙悟空的神通，纵身跳在空中飞行。本回中行者纵筋斗云观看通天河宽阔。'}, {'51': '孙悟空的飞行神通，驾云快速往返于天庭与凡间。'}, {'52': '孙悟空的神通，一个筋斗可行十万八千里，本回中纵筋斗云往返灵山、天庭。'}, {'53': '孙悟空的飞行神通，一个筋斗十万八千里。'}, {'55': '孙悟空的飞行神通，一个筋斗十万八千里，文中“驾筋斗云”。'}, {'56': '孙悟空的飞行神通，一个筋斗可行十万八千里。本回末孙悟空驾筋斗云离去。'}, {'57': '孙悟空的飞行神通，一个筋斗可行十万八千里。本章中孙悟空多次驾筋斗云往来。'}, {'58': '孙悟空的腾云技能，一个筋斗十万八千里，速度极快。'}, {'59': '孙悟空的神通，一个筋斗十万八千里。'}, {'61': '孙悟空驾云之术，一个筋斗十万八千里。'}, {'65': '孙悟空的神通，一个筋斗跳出楼窗外或跳上九霄。'}, {'66': '孙悟空的飞行神通，一个筋斗十万八千里，常驾此云往返各地。'}, {'70': '孙悟空的飞行神通，一纵十万八千里。文中自述“本来筋斗如神助”，“一打十万八千路”。'}, {'73': '孙悟空翻筋斗驾云的神通，一个筋斗十万八千里，文中用于快速前往紫云山。'}, {'74': '孙悟空的飞行神通。好大圣唿哨一声，纵筋斗云跳上高峰。'}, {'77': '孙悟空的飞行神通，一个筋斗十万八千里。'}, {'79': '孙悟空的神通，能够翻筋斗腾云驾雾。文中提及“翻筋斗，跳在空中”与国丈战斗。'}, {'80': '孙大圣的飞行技能，即筋斗云。本回中行者纵筋斗到半空查看。'}, {'81': '孙悟空的神通，一个筋斗可到长安。'}, {'87': '孙悟空的飞行神通，一个筋斗十万八千里。行者一路筋斗云径到西天门，又纵云头往返天宫。'}, {'88': '孙悟空的飞行神通，一个筋斗可行十万八千里。在玉华城半空施展，展示武艺。'}, {'90': '孙大圣的驾云神通，一个筋斗十万八千里。'}, {'92': '孙悟空驾云的技能，一个筋斗十万八千里，用于快速飞行。'}, {'95': '孙悟空的神通，可纵身腾云飞行，用于追击妖邪。'}, {'97': '孙悟空驾云的法术，一路筋斗云直达幽冥地界。'}]","筋斗,觔斗云",西游记
西游记_技能_紧箍儿咒_0,紧箍儿咒,技能,"[{'8': '如来的咒语，分为金紧禁三篇，念动可使戴箍者眼胀头痛。'}, {'14': '又称定心真言，观音菩萨传授给唐僧的咒语，默念可使孙悟空头痛难忍，用于约束其行为。'}, {'15': '观音菩萨传给唐僧的咒语，念动时使孙悟空头上金箍收紧疼痛，用于约束孙悟空。'}, {'16': '唐僧用来约束孙悟空的法术，念动时孙悟空头痛难禁，又称那话儿。'}, {'25': '观音菩萨赐给唐僧的咒语，又称紧箍儿经、旧话儿经，念动可使孙行者头疼。'}, {'26': '唐僧用来约束孙悟空的咒语，实为紧箍咒，若孙悟空三日内不回便念此经。'}, {'27': '唐僧用来惩罚悟空的咒语，念动时悟空头疼难忍，本回中多次念诵，又称‘那话儿咒’。'}, {'30': '唐僧用来约束孙悟空的咒语，猪八戒曾撺掇唐僧念此咒赶走孙悟空。'}, {'31': '唐僧用来管束孙悟空的咒语。孙悟空曾因此被罚，后求唐僧莫念。'}, {'38': '唐僧用来制伏孙悟空的咒语。猪八戒撺唆唐僧念此咒，逼行者救治乌鸡国王，唐僧果真念起，勒得猴子眼胀头疼。'}, {'39': '唐僧用来管教孙悟空的口头咒语，念动时孙悟空头痛难禁。原是如来传给观世音菩萨，再传与唐僧。'}, {'40': '唐僧用来约束孙大圣的咒语，孙大圣怕师父念此咒。'}, {'56': '唐僧用来约束孙悟空的咒语，念起时孙悟空头疼难忍。本回中唐僧念了十余遍。'}, {'57': '观音菩萨传授的咒语，用于控制孙悟空头上的紧箍儿。本章中唐僧多次念此咒赶走孙悟空。'}, {'58': '观音传授给唐僧的咒语，念诵可使孙悟空头疼，用于分辨真假。'}, {'71': '观音菩萨念诵的咒语，可使孙悟空头上的紧箍收缩，令其头痛。观音以此威胁孙悟空交出金铃。'}, {'76': '唐僧用来咒孙悟空的咒语，八戒曾撺掇师父念此咒。'}, {'96': '唐僧用来约束孙悟空的咒语，念动可使孙悟空头疼。文本中唐僧要捻诀念紧箍儿咒。'}, {'100': '唐僧用来管束孙悟空的咒语，念动可使金箍儿收紧。'}]","紧箍咒,那话儿经",西游记
西游记_技能_紧绳咒_0,紧绳咒,技能,[{'34': '与幌金绳配合的咒语，念动可将目标紧紧扣住不得脱身。二魔用此咒扣住孙行者。'}],[],西游记
西游记_技能_绕腰贯索_0,绕腰贯索,技能,[{'51': '孙悟空与兕怪拳斗中的招式之一。'}],[],西游记
西游记_技能_缩地法_0,缩地法,技能,"[{'22': '孙悟空掌握的法术，可缩短地理距离。他自称件件皆知。'}, {'31': '沙僧使用的法术，可将远距离瞬间缩短。带公主回朝时使用。'}, {'40': '孙大圣使的法术，用金箍棒往后一指，可使师徒越过峰头，撇下怪物。'}]","卯酉星法,移山缩地之法",西游记
西游记_技能_罗汉脚_0,罗汉脚,技能,[{'51': '孙悟空在与兕怪拳斗时使出的脚法招式。'}],[],西游记
西游记_技能_翻江搅海_0,翻江搅海,技能,"[{'15': '孙悟空的神通，能将鹰愁陡涧澄清的水搅得如九曲黄河泛涨，逼出玉龙三太子。'}, {'48': '灵感大王所拥有的势力或神通，能搅动江海。'}, {'63': '搅动江海的神通，沙僧提及，孙悟空也曾威胁搅净碧波潭。'}]",搅海翻江,西游记
西游记_技能_老子骑鹤_0,老子骑鹤,技能,[{'51': '孙悟空与兕怪拳斗中的招式之一。'}],[],西游记
西游记_技能_聚则成形，散则成气_0,聚则成形，散则成气,技能,[{'34': '孙行者的神通，能聚形显身，散气隐身，本回中他以此法预先走了。'}],[],西游记
西游记_技能_脱胎换骨之法_0,脱胎换骨之法,技能,[{'88': '孙悟空传授给小王子们的神奇法门，吹入仙气，增强膂力，改变体质。'}],[],西游记
西游记_技能_腾云驾雾_0,腾云驾雾,技能,"[{'29': '腾云驾雾之术，猪八戒和沙僧均能运用，足下生云直上空中。'}, {'63': '飞行神通，孙悟空、猪八戒等人使用，沙僧称系余事。'}]",腾云,西游记
西游记_技能_花刀法_0,花刀法,技能,[{'30': '一种刀法招式，小白龙变作宫娥时丢开花刀法舞剑，令老妖看得眼花。'}],[],西游记
西游记_技能_蛟龙戏水_0,蛟龙戏水,技能,[{'51': '孙悟空与兕怪拳斗中的凶恶招式。'}],[],西游记
西游记_技能_蟒翻身_0,蟒翻身,技能,[{'51': '兕怪使出的拳法身法。'}],[],西游记
西游记_技能_袖里乾坤_0,袖里乾坤,技能,[{'25': '镇元仙的神通，将袍袖轻轻一展即可把唐僧师徒连马带行李笼在袖中。'}],[],西游记
西游记_技能_观音扭_0,观音扭,技能,[{'43': '观音菩萨的法术，令童子双手合掌当胸不能开放，即此意。'}],[],西游记
西游记_技能_观音掌_0,观音掌,技能,[{'51': '兕怪在与孙悟空拳斗时使出的掌法招式。'}],[],西游记
西游记_技能_《观音经》_0,《观音经》,技能,[{'13': '三藏超度时所念的佛经，朗音高诵。'}],[],西游记
西游记_技能_解尸之法_0,解尸之法,技能,[{'40': '红孩儿使用的法术，可出元神脱身，留下假尸，以此逃脱孙大圣的摔打。'}],[],西游记
西游记_技能_解尸法_0,解尸法,技能,[{'27': '白骨精使用的法术，能在悟空棍子打来时预先出化元神，留下假尸首脱身。'}],[],西游记
西游记_技能_解锁法_0,解锁法,技能,"[{'25': '孙行者使的法术，用金箍棒往门上一指，即打开锁闭的几层门。'}, {'52': '孙悟空念动咒语的解锁法术，用手一抹即可开锁。'}, {'62': '孙悟空使用的法术，用手一抹即可打开铁锁。'}, {'71': '孙悟空用金箍棒指门使出的法术，能轻轻打开锁住的门。'}, {'92': '孙悟空的法术，用手一抹即可开锁。'}, {'99': '孙悟空的法术，本回中他使解锁法开了山门锁。'}]",解锁之法,西游记
西游记_技能_起死回生真言_0,起死回生真言,技能,[{'83': '如来佛祖念动的咒语，使哪吒魂魄以碧藕荷叶为体复生。'}],[],西游记
西游记_技能_踢天弄井_0,踢天弄井,技能,[{'63': '上天入地的神通，沙僧提及。'}],[],西游记
西游记_技能_迎风贴扇_0,迎风贴扇,技能,[{'51': '孙悟空与兕怪拳斗中的招式之一。'}],[],西游记
西游记_技能_迷字法_0,迷字法,技能,[{'42': '观音用杨柳枝蘸甘露在孙悟空手心写一“迷”字，使红孩儿迷乱追赶。'}],[],西游记
西游记_技能_遁身法_0,遁身法,技能,"[{'65': '孙悟空使出的法术，将身一小，脱下绳索逃脱。'}, {'77': '孙悟空的遁术，用于逃脱。'}, {'90': '孙大圣逃脱捆绑的法术，将身变小脱出绳索。'}]",遁法,西游记
西游记_技能_遗鞋计_0,遗鞋计,技能,[{'83': '妖精使用的法术，脱下花鞋变作自身模样以迷惑敌人，真身化清风逃走。'}],[],西游记
西游记_技能_避水诀_0,避水诀,技能,"[{'3': '孙悟空在水下行走的法术，捻诀即可分开水路，潜入东洋海底。'}, {'22': '孙悟空入水时需念诵的咒语。他自称水里勾当不熟，需念避水咒才能行走。'}, {'30': '西海小龙王使用的法术，斟酒时能使酒高出杯口而不漫出。'}, {'41': '孙悟空在东洋大海分开波浪的法术。'}, {'43': '在水中通行的法术，行者捻此诀分开波浪入海。'}, {'49': '孙悟空下水时需捻诀避水的法术，但捻诀后无法使铁棒和神通；沙僧也曾提到行者捻着避水法钻出波中。'}]","逼水法,避水咒,闭水法",西游记
西游记_技能_避火诀_0,避火诀,技能,"[{'35': '孙大圣的避火法术，在芭蕉扇放火时捻着避火诀纵筋斗云跳起逃脱。'}, {'41': '孙悟空使用的法术，捏着此诀可撞入火中寻妖。'}, {'59': '躲避火焰的法诀，孙悟空未使用而被烧了毫毛。'}, {'75': '孙大圣在瓶中遇火焰时捻诀避火，使其全然不惧。'}]",[],西游记
西游记_技能_重身法_0,重身法,技能,[{'40': '红孩儿使用的法术，往四下里吸气吹在行者背上，使其重有千斤。'}],[],西游记
西游记_技能_金光_0,金光,技能,[{'73': '百眼魔君从两胁下千只眼中迸放的金光，能罩人困人，令人进退不能，又称千眼金光。'}],[],西游记
西游记_技能_《金刚经》_0,《金刚经》,技能,[{'13': '三藏超度时所念的佛经，朗音高诵。'}],[],西游记
西游记_技能_金箍儿咒_0,金箍儿咒,技能,"[{'42': '又称《金箍儿咒》，观音念以惩治红孩儿，不同于紧箍儿咒。'}, {'43': '菩萨念动咒语，使金箍收紧令童子疼痛。'}]",念咒,西游记
西游记_技能_金蝉脱壳计_0,金蝉脱壳计,技能,[{'20': '虎先锋使用的计谋，剥下虎皮盖在卧虎石上，自身化狂风逃走，以此脱身擒拿唐僧。'}],[],西游记
西游记_技能_金身正果_0,金身正果,技能,[{'15': '佛教修行的成果，观音菩萨许诺玉龙三太子功成后超越凡龙得到正果。'}],[],西游记
西游记_技能_金钢之躯_0,金钢之躯,技能,"[{'7': '悟空身体浑如金钢，刀砍斧剁、雷打火烧不能伤损。'}, {'19': '孙悟空经历斧剁锤敲、刀砍剑刺、火烧雷打及八卦炉锻炼后练就的体质，头部坚硬，钉钯筑不动，身体不损分毫。'}]",铜头铁臂,西游记
西游记_技能_钯柴手_0,钯柴手,技能,[{'64': '猪八戒使出的招式，用于分开荆棘，自称“使出钯柴手来”。'}],[],西游记
西游记_技能_长生诀_0,长生诀,技能,[{'66': '长生不老之术，小张太子因远慕长生诀而遇师得丹修行。'}],[],西游记
西游记_技能_降雪_0,降雪,技能,[{'48': '灵感大王会的法术，能降下大雪。'}],[],西游记
西游记_技能_隐身遁法_0,隐身遁法,技能,"[{'5': '齐天大圣的法术，可使自身隐身。大圣从西天门使隐身法逃去，后又使隐身法径至蟠桃会上偷酒。'}, {'6': '齐天大圣使用的神通，走出营围，往灌江口去。'}, {'22': '孙悟空掌握的多种法术之一，可使身形隐匿。他自称件件皆知。'}, {'24': '孙悟空使用的法术，能隐身进入道房。'}, {'37': '太子误以为唐僧使用的法术，实为护法神保护所致。'}, {'50': '孙悟空使用的法术，能隐身进入他人厨房。'}, {'63': '隐去身形的法术，孙悟空使用偷出钉钯。'}, {'68': '孙悟空使用的法术，能够隐藏身形，轻轻上前揭了皇榜。'}, {'71': '孙悟空使用的法术，捏诀念动真言可使身形隐匿。本回中用隐身法走到獬豸洞门边。'}]",隐身法,西游记
西游记_技能_隔板知物之法_0,隔板知物之法,技能,[{'46': '鹿力大仙的法术，能隔着柜子知道内藏何物。'}],[],西游记
西游记_技能_青狮张口_0,青狮张口,技能,[{'51': '孙悟空与兕怪拳斗中的招式之一。'}],[],西游记
西游记_技能_静功祈祷_0,静功祈祷,技能,[{'45': '孙大圣所说的求雨方式，不用打令牌烧符檄，唐僧登坛默念《密多心经》便可得雨。'}],[],西游记
西游记_技能_饿虎扑食_0,饿虎扑食,技能,"[{'51': '孙悟空与兕怪拳斗中的招式，极具杀伤力。'}, {'88': '沙僧使降妖宝杖时的招数之一。'}]",[],西游记
西游记_技能_饿鹰雕食_0,饿鹰雕食,技能,[{'22': '孙悟空欲捉沙悟净时使出的招式。他纵筋斗跳到半空落下抓妖，自称“与他个饿鹰雕食”。'}],[],西游记
西游记_技能_高探马_0,高探马,技能,[{'31': '孙悟空使出的一个棒法招式，双手举棍，呈高探马的势子。'}],[],西游记
西游记_技能_鲤鱼跌脊_0,鲤鱼跌脊,技能,[{'51': '孙悟空与兕怪拳斗中的招式之一。'}],[],西游记
西游记_技能_鹿解角_0,鹿解角,技能,[{'51': '孙悟空使出的拳法招式。'}],[],西游记
西游记_技能_黄龙转身_0,黄龙转身,技能,[{'88': '孙悟空使金箍棒时的招数之一，配合身法旋转。'}],[],西游记
西游记_技能_黑眼定身法_0,黑眼定身法,技能,[{'30': '老妖使出的法术，念咒喷水将唐僧变作猛虎。'}],[],西游记
西游记_物品_七星剑_0,七星剑,物品,"[{'32': '银角大王使用的宝剑，与猪八戒斗二十回合，不分胜负。'}, {'33': '二魔所用的宝剑，与沙僧的降妖棒交战，十分凶猛。'}, {'34': '二魔的佩剑，在二魔身上，与孙行者交战时使用，砍孙行者头皮也不曾红。'}, {'35': '太上老君炼魔的宝剑，金角大王的兵器，后掉落被孙大圣所得。'}]",[],西游记
西游记_物品_七星鞭_0,七星鞭,物品,[{'25': '镇元仙的刑具，龙皮所做，着水浸后用来抽打唐僧师徒。'}],[],西游记
西游记_物品_七返火丹_0,七返火丹,物品,[{'52': '太上老君炼制的丹药，童子误食一粒酣睡七日。'}],[],西游记
西游记_物品_万僧不阻之牌_0,万僧不阻之牌,物品,[{'96': '寇员外家门前挂的牌子，上书“万僧不阻”四字，表示斋僧万人不阻拦。'}],[],西游记
西游记_物品_三尖两刃枪_0,三尖两刃枪,物品,[{'6': '二郎显圣真君的兵器，又称三尖两刃神锋、神锋，可变化。'}],[],西游记
西游记_物品_三棱简_0,三棱简,物品,[{'43': '摩昂太子的兵器，本回中用此简击败鼍龙。'}],[],西游记
西游记_物品_三楞简_0,三楞简,物品,[{'90': '雪狮精使用的武器。'}],[],西游记
西游记_物品_三股钢叉_0,三股钢叉,物品,[{'21': '黄风大圣的兵器，锋利明亮。'}],[],西游记
西游记_物品_三股钢叉_1,三股钢叉,物品,[{'55': '蝎子精使用的武器，实际上是她的两只钳脚所化。'}],[],西游记
西游记_物品_三花九子膏_0,三花九子膏,物品,[{'21': '护法伽蓝点化的老者所赠眼药，能治一切风眼，装在一个玛瑙石小罐中，用玉簪儿蘸取。'}],[],西游记
西游记_物品_三藏真经_0,三藏真经,物品,[{'8': '如来所藏的三藏真经，共三十五部，一万五千一百四十四卷，可劝人为善。'}],[],西游记
西游记_物品_三论别经_0,三论别经,物品,[{'98': '佛经之一。第一次二百七十卷，第二次四十二卷。'}],[],西游记
西游记_物品_丝帕_0,丝帕,物品,[{'24': '垫在丹盘下的丝织帕子，防止人参果接触木器。'}],[],西游记
西游记_物品_丝绦_0,丝绦,物品,[{'49': '观音菩萨束袄的丝绦，解下用来拴住紫竹篮儿。'}],[],西游记
西游记_物品_丝绳_0,丝绳,物品,"[{'72': '妖精从腰眼中冒出的绳子，有鸭蛋粗细，可缠住庄门或搭成丝篷困住八戒。'}, {'73': '七个蜘蛛精从脐孔中吐出的丝绳，能搭成天篷遮盖物体，又称蛛丝，被孙悟空用分身法搅断。'}]",丝绳,西游记
西游记_物品_两鐄铜锁_0,两鐄铜锁,物品,[{'25': '五庄观门上的锁，被孙行者用解锁法打开。'}],[],西游记
西游记_物品_丹_0,丹,物品,"[{'6': '太上老君的丹药，被齐天大圣偷吃。'}, {'7': '太上老君所炼，悟空偷食五壶丹，有生有熟。'}, {'19': '太上老君所炼丹药。孙悟空大闹天宫时偷吃仙丹，练就金刚不坏之身。'}, {'24': '天庭的丹药，孙悟空曾窃取。'}, {'81': '太上老君的丹药，悟空自述曾吃。'}]","仙丹,灵丹",西游记
西游记_物品_丹书_0,丹书,物品,[{'60': '牛魔王在书房静玩的书籍。'}],[],西游记
西游记_物品_丹盘_0,丹盘,物品,[{'24': '承接人参果的盘子，需用丝帕垫底。'}],[],西游记
西游记_物品_丹盘_1,丹盘,物品,[{'46': '红漆盘子，用于盛放柜中猜枚的物品。'}],[],西游记
西游记_物品_丹盘_2,丹盘,物品,[{'47': '红漆的盘子，用于祭赛时盛放童男童女。行者与八戒坐上丹盘被抬往庙里。'}],[],西游记
西游记_物品_丹砂_0,丹砂,物品,[{'66': '半粒丹砂，小张太子因服食此药祛病而愿从修行。'}],[],西游记
西游记_物品_乌油黑棒子_0,乌油黑棒子,物品,[{'88': '玉华王三王子使用的兵器，黑色棒子。'}],[],西游记
西游记_物品_乌盆瓦器_0,乌盆瓦器,物品,[{'11': '相良夫妇在门首贩卖的器物。'}],[],西游记
西游记_物品_乌纱帽_0,乌纱帽,物品,[{'101': '陈光蕊所戴官帽，被绣球打中。'}],[],西游记
西游记_物品_乌金丹_0,乌金丹,物品,[{'69': '行者所制之药丸，用大黄、巴豆、百草霜、马尿搓成三个核桃大丸子。药名因锅灰拌而得名。国王服用后打下三年积滞，病愈。'}],[],西游记
西游记_物品_乌金盔_0,乌金盔,物品,[{'2': '混世魔王所戴的头盔，映日光明。'}],[],西游记
西游记_物品_九个骷髅_0,九个骷髅,物品,"[{'8': '沙悟净吃掉的九个取经人的骷髅，浮在水面不沉，被他用索儿穿在一起。'}, {'22': '沙悟净项下悬挂的九个骷髅。按九宫布列与红葫芦结作法船，渡河后化作九股阴风消失。'}]",骷髅,西游记
西游记_物品_九叶灵芝草_0,九叶灵芝草,物品,"[{'62': '王母娘娘的宝物，被万圣公主偷来养在潭底，使宝物昼夜光明。'}, {'63': '王母娘娘的仙草，被万圣宫主偷来温养舍利子，后用于扫塔恢复霞光。'}]",[],西游记
西游记_物品_九品宝莲台_0,九品宝莲台,物品,[{'77': '如来佛祖的莲座，端坐其上讲经。'}],[],西游记
西游记_物品_九环锡杖_0,九环锡杖,物品,"[{'8': '如来给予观音的宝物，让取经人持用，不遭毒害。'}, {'12': '如来赐予的宝贝，价值二千两，铜镶铁造九连环，九节仙藤制成，可助持杖者超凡入圣。'}, {'14': '唐僧手持的法器，孤独西行时柱着锡杖。'}, {'18': '三藏手持的法器，被高太公质疑能否打妖精。'}, {'20': '三藏法师手持的禅杖。'}, {'23': '铜镶铁打的九环锡杖，唐僧的随身物品，列为行李之一，由猪八戒担着。'}, {'28': '唐僧随身携带的器具，插在松林中。'}, {'36': '唐僧手持的法器。唐僧进寺前丢了锡杖，整衣合掌而入。'}, {'45': '八戒拿着的僧杖，唐僧师徒进朝时悟能拿了锡杖。'}, {'47': '唐僧手持的法器，本回中唐僧拖着锡杖去借宿。'}, {'48': '唐僧的锡杖，在冰上行走时被用作横担之物，以防落入凌眼。'}, {'56': '唐僧的持物，本回中行者拿了九环锡杖。'}, {'57': '观音菩萨赐给唐僧的锡杖。本章中提及为三件宝贝之一。'}, {'78': '唐僧手持的锡杖。'}, {'94': '唐僧的禅杖，用于责打八戒，长老举杖就打。'}, {'96': '唐僧的禅杖，行者递给师父。'}, {'98': '唐僧手持的禅杖。唐僧手持锡杖登堂拜辞大仙，最后拿了锡杖。'}]","九环杖,禅杖,锡杖",西游记
西游记_物品_九瓣赤铜锤_0,九瓣赤铜锤,物品,[{'49': '灵感大王的兵器，由一枝未开的菡萏运炼而成，形如九瓣铜锤，曾在水中与八戒、沙僧交战。'}],[],西游记
西游记_物品_九股叉_0,九股叉,物品,[{'3': '东海龙王献上的叉，重三千六百斤，孙悟空嫌轻不趁手。'}],[],西游记
西游记_物品_九转大还丹_0,九转大还丹,物品,[{'19': '猪八戒在修行时得真仙传授的丹药，服后昼夜修炼，最终功成飞升。'}],[],西游记
西游记_物品_九转还魂丹_0,九转还魂丹,物品,[{'39': '又称金丹，太上老君炼制的仙丹，能起死回生。孙悟空讨得一粒救活了乌鸡国国王。'}],[],西游记
西游记_物品_九转金丹_0,九转金丹,物品,"[{'5': '太上老君炼制的金丹，盛在五个葫芦中，准备用于丹元大会。大圣偷吃，如吃炒豆。'}, {'55': '太上老君炼制的金丹，孙悟空曾盗食。'}, {'71': '太上老君炼制的丹药，孙悟空自述中提及偷丹惹灾。'}]","老子金丹,金丹",西游记
西游记_物品_九齿钉钯_0,九齿钉钯,物品,"[{'8': '猪悟能的兵器，九齿钉耙，又称钯。'}, {'18': '猪刚鬣的兵器，他自称有九齿的钉钯，不怕法师和尚。'}, {'19': '又称九齿钉钯，猪八戒的兵器。由神冰铁锻炼而成，老君动钤锤，荧惑添炭屑，五方五帝、六丁六甲参与铸造。上有九齿，双环金坠叶，名为上宝沁金钯，原为玉皇镇丹阙之物，赐给天蓬元帅。可随身变化，威力巨大。'}, {'20': '猪悟能的武器，又称钉钯。'}, {'21': '猪八戒的兵器九齿钉耙，本回中与孙悟空一起打死洞中妖狐等。'}, {'22': '猪八戒的兵器，又称钉钯、铁钯、九齿钯。本回中八戒用它与沙悟净的降妖宝杖多次交战，威猛异常。'}, {'25': '猪八戒的兵器，曾试图用钉钯筑破镇元仙的袖子。'}, {'28': '猪八戒使用的兵器，即九齿钉钯，用于开路及与黄袍怪厮杀。'}, {'29': '猪八戒的兵器，九齿钉钯，原是他在天河水府为帅时所用。'}, {'30': '猪八戒的武器，九齿钉耙。他收拾钉钯去请孙大圣。'}, {'32': '猪八戒的武器，又称钉钯，形如龙爪虎形，能筑倒泰山、掀翻大海。本回中八戒持钉钯巡山并与银角大王战斗。'}, {'35': '猪八戒的兵器，用以筑死狐阿七大王。'}, {'38': '猪八戒的兵器，九齿钉耙。八戒用铁钯将御花园门筑得粉碎，又筑倒芭蕉树。'}, {'39': '猪八戒使用的武器，即九齿钉钯。'}, {'40': '八戒的兵器，全称九齿钉钯，用于护卫唐僧。'}, {'41': '猪八戒使用的武器，用于助攻红孩儿。'}, {'48': '八戒的武器，九齿钉钯，曾用以筑打灵感大王，筑下冰盘大小鱼鳞。'}, {'49': '猪八戒的兵器，原是九齿钉钯，曾筑妖怪的门，与铜锤交战。'}, {'55': '猪八戒的武器，九齿钉钯，曾筑门和打妖怪。'}, {'56': '猪八戒的武器，本回中用来筑坑埋尸。'}, {'61': '猪八戒的兵器，又称钉钯，九齿锋利。'}, {'63': '猪八戒的兵器，即九齿钉钯，本回中放光，被孙悟空用隐身法偷出，八戒持之打闹龙宫。'}, {'64': '猪八戒的武器，可变化长短，用来分开荆棘开路。'}, {'65': '猪八戒的兵器，九齿钉钯，与妖王交战。'}, {'66': '猪八戒的兵器，后被他寻回。'}, {'67': '八戒的兵器，本回中八戒用九齿钯筑妖怪，后因变猪拱路而丢下。'}, {'72': '猪八戒的武器，本回中他举着钉钯欲筑妖精，后筑房子。'}, {'73': '猪八戒的武器，曾欲用其伤害蜘蛛精。'}, {'74': '猪八戒的兵器，常称为钉钯。八戒曾言一钯筑死一个妖魔。'}, {'76': '猪八戒的兵器，九齿钉钯。被擒时丢在门旁，后被找回乱筑，因怕伤生改用钯柄打。'}, {'77': '猪八戒的兵器，九齿钉耙。'}, {'78': '八戒的武器，用来筑土和泥。'}, {'82': '八戒的武器，九齿钉钯。他撒在腰里，后用来拦住洞门。'}, {'83': '猪八戒的兵器，曾与沙僧一同望妖精乱打。'}, {'85': '猪八戒的武器，由太上老君所造，原为天蓬元帅的宝物。'}, {'86': '猪八戒的兵器，即九齿钉钯，本回中用以筑石门、筑坟冢、筑杀妖怪等。'}, {'88': '猪八戒的兵器，重五千零四十八斤，又称九齿钯。原为天蓬元帅的神兵。'}, {'89': '猪八戒的兵器，能长能消，光彩映目。被黄狮精偷去并作为钉钯宴的主宝。'}, {'90': '八戒的兵器，重八百斤，又称钉钯。'}, {'92': '猪八戒的武器，九齿钉钯，用于战斗。'}, {'99': '猪八戒的武器九齿钉钯，难簿中记有“会庆钉钯七十四难”。'}]","上宝沁金钯,九齿渗金钉钯,九齿钯,钉耙,钉钯,铁钯",西游记
西游记_物品_九齿钯_1,九齿钯,物品,[{'88': '玉华王二王子使用的兵器，凡间九齿钯，与猪八戒的神兵不同。'}],[],西游记
西游记_物品_书信_0,书信,物品,[{'10': '魏征写给崔珪的书信，托付放太宗还阳，由太宗袖中取出交与崔判官。'}],[],西游记
西游记_物品_书信_2,书信,物品,[{'81': '唐僧写给唐太宗的信，告知病重。'}],[],西游记
西游记_物品_乳槌_0,乳槌,物品,[{'69': '研槌，配合乳钵使用。'}],[],西游记
西游记_物品_乳钵_0,乳钵,物品,[{'69': '研钵，用于研磨药末。'}],[],西游记
西游记_物品_乾坤地理裙_0,乾坤地理裙,物品,[{'46': '三宫皇后放入柜中的裙子，同样被孙行者变化。'}],[],西游记
西游记_物品_五彩仙衣_0,五彩仙衣,物品,"[{'70': '一个神仙送给金圣娘娘的衣服，穿上后浑身上下生针刺，使赛太岁不敢触碰。'}, {'71': '张紫阳的旧棕衣，变作一领新霞裳送给金圣宫娘娘穿上，使其浑身生毒刺，防止妖王玷辱。后由张紫阳亲手脱下收回。'}]",棕衣,西游记
西游记_物品_五牲花果_0,五牲花果,物品,[{'93': '天竺国大户人家为唐僧师徒准备的祭献供品，送往生祠。'}],[],西游记
西游记_物品_五色彩缎遮幔_0,五色彩缎遮幔,物品,[{'78': '遮盖鹅笼的彩色缎子。'}],[],西游记
西游记_物品_五龙经_0,五龙经,物品,[{'98': '佛经之一。第一次三十二卷，第二次二十卷。'}],[],西游记
西游记_物品_交梨_0,交梨,物品,[{'7': '赤脚大仙献于如来的仙果。'}],[],西游记
西游记_物品_人参果_0,人参果,物品,"[{'24': '又名草还丹，混沌初分产生的灵根，三千年一开花，三千年一结果，再三千年成熟，一万年结三十个。模样如三朝未满的小孩，闻一闻活三百六十岁，吃一个活四万七千年。遇金而落，遇木而枯，遇水而化，遇火而焦，遇土而入。'}, {'25': '五庄观的仙果，又名草还丹。似孩童形状，遇金而落，遇土而入。被孙行者、猪八戒、沙僧偷吃。镇元仙称断绝了草还丹。'}, {'26': '人参果树所结果实，闻一闻活三百六十岁，吃一个活四万七千年，又名万寿草还丹。被孙悟空偷吃三个。'}, {'27': '镇元子处的人参果，唐僧服后脱胎换骨，神爽体健。'}, {'92': '即人参果，唐僧曾吃过，因此不伤性命。'}, {'99': '灵果，难簿中记有“难活人参十九难”。'}]",草还丹,西游记
西游记_物品_人参果树_0,人参果树,物品,"[{'25': '五庄观内结人参果的宝树，被孙行者推倒。'}, {'26': '五庄观中的灵根，结出人参果，被孙悟空用棍打倒枯死，需医活。又称仙木之根。'}]",[],西游记
西游记_物品_仙丹_0,仙丹,物品,[{'17': '凌虚子献给黑熊精的丹药，共两粒，其中一粒被孙悟空变作，让黑熊精吞下。'}],[],西游记
西游记_物品_仙果_0,仙果,物品,[{'2': '花果山众猴庆祝时使用的仙果。'}],[],西游记
西游记_物品_仙桃_0,仙桃,物品,[{'46': '国王从御花园仙桃树上摘下的大桃子，放入柜中后被孙行者吃得只剩桃核。；仙桃被孙行者吃光果肉后剩下的核，唐僧猜中此物。'}],桃核子,西游记
西游记_物品_仙石_0,仙石,物品,[{'1': '花果山正当顶上的一块石头，高三丈六尺五寸，围圆二丈四尺，有九窍八孔，受天真地秀日精月华，内育仙胞，一日迸裂产石卵。'}],[],西游记
西游记_物品_仙箓_0,仙箓,物品,[{'98': '金顶大仙肘间悬挂的仙家符箓。肘悬仙箓，足踏履鞋。'}],[],西游记
西游记_物品_仙花_0,仙花,物品,[{'2': '花果山众猴庆祝时使用的仙花。'}],[],西游记
西游记_物品_仙花_1,仙花,物品,[{'78': '国丈摘取的花。'}],[],西游记
西游记_物品_仙药_0,仙药,物品,[{'78': '国丈声称的延寿药物，需配合药引服用。；国丈拥有的海外秘方，能延寿。；国丈药方所需引子，原本要一千一百一十一个小儿心肝，后改为唐僧心肝。；国丈采集的百药。'}],"秘方,药引,药物",西游记
西游记_物品_令字旗_0,令字旗,物品,"[{'21': '黄风洞小妖使用的旗帜，用来传令。'}, {'74': '小妖巡山时掮着的旗帜，上有一个“令”字。'}]",[],西游记
西游记_物品_令牌_0,令牌,物品,"[{'37': '全真登坛祈雨时使用的法器，令牌响处即降大雨。'}, {'45': '虎力大仙祈雨时使用的法器，一声令牌响风来，二声响云起，三声响雷闪齐鸣，四声响雨至，五声响云散雨收。'}, {'67': '道士所用之物，令牌敲响以驱神使将。'}]",[],西游记
西游记_物品_佛国杂经_0,佛国杂经,物品,[{'98': '佛经之一。第一次一千九百五十卷，第二次一千六百三十八卷。'}],[],西游记
西游记_物品_佛本行经_0,佛本行经,物品,[{'98': '佛经之一。第一次八百卷，第二次一百一十六卷。'}],[],西游记
西游记_物品_假人头_0,假人头,物品,[{'86': '妖怪用柳树根砍成、喷上人血制成的假人头，首次抛出被孙行者识破为假。'}],[],西游记
西游记_物品_僧帽_0,僧帽,物品,[{'81': '被吃和尚遗留之物。'}],[],西游记
西游记_物品_僧祇经_0,僧祇经,物品,[{'98': '佛经之一。第一次一百五十七卷，第二次一百一十卷。'}],[],西游记
西游记_物品_僧鞋_0,僧鞋,物品,[{'101': '殷温娇许愿舍的僧鞋，江州百姓每家办一双，后带至金山寺还愿。'}],[],西游记
西游记_物品_僧鞋_1,僧鞋,物品,[{'81': '被吃和尚遗留之物。'}],[],西游记
西游记_物品_八卦炉_0,八卦炉,物品,"[{'7': '太上老君的炼丹炉，按八卦方位。悟空被投入煅炼四十九日，后蹬倒逃出。'}, {'19': '太上老君的炼丹炉，曾将孙悟空放入其中锻炼，炼出火眼金睛。'}, {'34': '太上老君的炼丹炉，孙行者曾被关在炉中炼了四十九日，炼成金子心肝、银子肺腑、铜头铁背、火眼金睛。'}, {'55': '太上老君的炼丹炉，曾将孙悟空放入锻炼四十九日。'}, {'60': '太上老君的炼丹炉，孙悟空被投入煅炼，蹬倒丹炉落砖化为火焰山。'}, {'71': '太上老君炼丹的炉子，曾用来煅炼孙悟空。金铃也在此炉中炼成。'}]",八卦炉,西游记
西游记_物品_六件神兵_0,六件神兵,物品,[{'52': '哪吒太子的兵器，包括砍妖刀等，被金刚琢套去。'}],[],西游记
西游记_物品_关牒_0,关牒,物品,[{'87': '僧家关牒，与文书一同送呈玉帝。'}],[],西游记
西游记_物品_兵器_0,兵器,物品,[{'99': '泛指武器，难簿中记有“失落兵器七十三难”。'}],[],西游记
西游记_物品_具舍论经_0,具舍论经,物品,[{'98': '佛经之一。第一次二百卷，第二次十卷。'}],[],西游记
西游记_物品_冲天冠_0,冲天冠,物品,[{'11': '唐太宗还阳后所戴的冠冕。'}],[],西游记
西游记_物品_冲天冠_1,冲天冠,物品,[{'40': '一顶帝王冠冕，宝林寺僧人献给乌鸡国国王的宝物。'}],[],西游记
西游记_物品_决定经_0,决定经,物品,[{'98': '佛经之一。第一次一百四十卷，第二次四十卷。'}],[],西游记
西游记_物品_净桶_0,净桶,物品,[{'53': '供唐僧和猪八戒解手用的便桶。'}],[],西游记
西游记_物品_净瓶_1,净瓶,物品,"[{'6': '观音菩萨的兵器，欲抛下打猴头。'}, {'8': '观音手持的净瓶，盛有甘露。'}, {'12': '观世音菩萨手中托着的宝瓶，内插垂杨柳，用于施恩济世。'}, {'42': '又称宝珠净瓶，观音的法宝，内盛甘露水浆，可灭三昧真火，曾抛入海中借一海水。'}, {'43': '观音菩萨的法器，可收海水。本回中菩萨敧倒净瓶收了一海之水。'}, {'71': '观音菩萨左手托持的法器，内盛甘露，用于救火。'}]",净瓶杨柳,西游记
西游记_物品_凤翅紫金冠_0,凤翅紫金冠,物品,"[{'3': '南海龙王敖钦献上的头盔，作为披挂之一送给孙悟空。'}, {'4': '孙悟空的头冠，在出战巨灵神时穿戴。'}, {'80': '孙悟空当年大闹天宫时头戴的冠。'}]","三额金冠,紫金冠",西游记
西游记_物品_凤辇龙车_0,凤辇龙车,物品,[{'12': '太宗乘坐的銮驾，前往化生寺拈香时使用，伴有瑞气祥光。'}],[],西游记
西游记_物品_凤辇龙车_1,凤辇龙车,物品,[{'94': '帝王的车驾，沙僧曾侍御凤辇龙车，官授卷帘大将。'}],[],西游记
西游记_物品_剃头刀_0,剃头刀,物品,[{'42': '金剃头刀儿，观音用以给红孩儿摩顶受戒，剃作太山压顶发式。'}],[],西游记
西游记_物品_勒袍带_0,勒袍带,物品,[{'52': '太上老君所用，系于金刚琢上牵牛。'}],[],西游记
西游记_物品_勾刀_0,勾刀,物品,"[{'6': '七圣用来穿齐天大圣琵琶骨的工具，使其不能变化。'}, {'7': '锁住悟空的刑具，老君将其解去。'}]",穿琵琶骨之器,西游记
西游记_物品_华严经_0,华严经,物品,[{'98': '佛经之一。第一次五百卷，第二次八十一卷。'}],[],西游记
西游记_物品_南瓜_0,南瓜,物品,[{'11': '刘全头顶进贡给十代阎王的瓜果。'}],[],西游记
西游记_物品_压帖_0,压帖,物品,"[{'7': '如来袖中帖子，上写六字真言，贴于五行山顶。'}, {'8': '五行山顶如来的六字真言压帖，写有唵嘛呢叭[口迷]吽。'}, {'14': '又称金字压帖，上有唵嘛呢叭咪吽六个金字，如来佛祖贴于五行山顶镇压孙悟空，被唐僧揭下。'}]",帖子,西游记
西游记_物品_双股剑_0,双股剑,物品,[{'81': '妖精使用的武器，与悟空对战时左右遮格。'}],[],西游记
西游记_物品_吊桶_0,吊桶,物品,[{'53': '打水用的桶，沙僧从老婆婆家借来用于取落胎泉水。'}],[],西游记
西游记_物品_后天袋子_0,后天袋子,物品,"[{'65': '又称搭包儿。黄眉老佛的宝贝，旧白布搭包，能装人，将孙悟空、二十八宿等装进去。'}, {'66': '弥勒佛的法宝，俗名人种袋，黄眉大王偷来用以装人，能将众神装走。'}]",白布搭包,西游记
西游记_物品_《启斋经》_0,《启斋经》,物品,[{'47': '唐僧吃饭前念诵的经文，先念一卷《启斋经》然后举箸。'}],[],西游记
西游记_物品_四明铲_0,四明铲,物品,"[{'89': '黄狮精使用的兵器，杆长鐏利，与孙行者等三人大战时使用。'}, {'90': '黄狮精使用的武器。'}]",铲,西游记
西游记_物品_圈子_0,圈子,物品,"[{'50': '独角兕大王从袖中取出的法宝，亮灼灼白森森，能套取金箍棒。'}, {'51': '兕怪的宝贝，白森森的圈子，能套取诸物。先后套走金箍棒、哪吒的六般兵器、火德星君的火具等，水火不侵。'}, {'53': '青牛精的法宝，能套取兵器水火。'}]",白森森的圈子,西游记
西游记_物品_圣象_0,圣象,物品,[{'44': '三清殿中供奉的元始天尊、灵宝道君、太上老君的塑像。文本中孙悟空等将圣象推倒并藏入厕所。'}],[],西游记
西游记_物品_墨_0,墨,物品,[{'81': '唐僧写信所用。'}],[],西游记
西游记_物品_《多心经》_0,《多心经》,物品,"[{'32': '乌巢和尚所传佛教经典，内有“心无挂碍，无挂碍，方无恐怖”等语。'}, {'80': '佛经，唐僧在林间讽念此经。'}, {'85': '乌巢禅师传授给唐僧的佛经，孙悟空引用其中颂子开导唐僧。'}, {'93': '乌巢禅师传授给唐僧的佛经，唐僧视为随身衣钵，每日念诵。'}]","《心经》,《般若心经》,摩诃般若波罗密多心经",西游记
西游记_物品_大光明经_0,大光明经,物品,[{'98': '佛经之一。第一次三百卷。'}],[],西游记
西游记_物品_大刀_1,大刀,物品,[{'92': '辟暑大王所使用的兵器。'}],[],西游记
西游记_物品_大孔雀经_0,大孔雀经,物品,"[{'67': '佛经名称，和尚先谈《孔雀》，即《孔雀明王经》之类。'}, {'98': '佛经之一。第一次二百二十卷，第二次十四卷。'}]",《孔雀》,西游记
西游记_物品_大捍刀_0,大捍刀,物品,[{'3': '东海龙王敖广先献上的刀，孙悟空称不会使而拒绝。'}],[],西游记
西游记_物品_大智度经_0,大智度经,物品,[{'98': '佛经之一。第一次一千八十卷，第二次九十卷。'}],[],西游记
西游记_物品_大柜_0,大柜,物品,"[{'84': '赵寡妇家的大柜，四尺宽、七尺长、三尺高，可睡六七人。唐僧师徒四人进入柜中睡觉，后被强盗抬走，又被官军夺回。'}, {'85': '装唐僧师徒的柜子，被贼偷出后由总兵抬至朝中。'}]",柜,西游记
西游记_物品_大棋_0,大棋,物品,[{'9': '唐太宗命宫人取来的棋具，与魏征对弈一局。'}],[],西游记
西游记_物品_大般若经_0,大般若经,物品,[{'98': '佛经之一。第一次九百一十六卷，第二次六百卷。'}],[],西游记
西游记_物品_大锅_0,大锅,物品,[{'25': '镇元仙支在阶下的锅，内熬清油要把孙行者下油锅。'}],[],西游记
西游记_物品_大锅_1,大锅,物品,[{'46': '用于赌滚油锅洗澡的大锅，内盛香油，孙行者和羊力大仙先后跳入。'}],[],西游记
西游记_物品_大集经_0,大集经,物品,[{'98': '佛经之一。第一次一百三十卷，第二次三十卷。'}],[],西游记
西游记_物品_大黄_0,大黄,物品,[{'69': '药材，味苦性寒，行药。行者取一两碾为细末，用于制乌金丹。沙僧称其为将军。'}],[],西游记
西游记_物品_天罡刀_0,天罡刀,物品,[{'42': '共三十六把，托塔李天王所有，观音借来化作千叶莲台，变作倒须钩困住红孩儿。'}],[],西游记
西游记_物品_天马_0,天马,物品,[{'4': '御马监中饲养的良马，共千匹，品种包括骅骝、骐骥、騄駬、纤离等。孙悟空昼夜滋养它们，养得肉膘肥满。'}],[],西游记
西游记_物品_太上老君急急如律令奉敕的帖儿_0,太上老君急急如律令奉敕的帖儿,物品,[{'33': '贴在紫金红葫芦或羊脂玉净瓶上的符帖，被装之物一时三刻化为脓。'}],[],西游记
西游记_物品_太乙丹_0,太乙丹,物品,[{'4': '灵霄宝殿琉璃盘中放置的丹药，重重叠叠。'}],[],西游记
西游记_物品_如意珠_0,如意珠,物品,[{'101': '龙王赠送给陈光蕊的宝珠之一，随还魂带回。'}],[],西游记
西游记_物品_如意皮袋_0,如意皮袋,物品,"[{'41': '红孩儿的法宝，用于装人，曾将八戒装入袋内吊在驮梁上，口绳可更换。'}, {'42': '红孩儿的法宝，猪八戒被吊在其中。'}]",如意袋,西游记
西游记_物品_如意钩子_0,如意钩子,物品,[{'53': '如意真仙的武器，如意金钩子，形如蟒龙，能钩人脚。后被孙悟空折为四段。'}],[],西游记
西游记_物品_妆奁_0,妆奁,物品,[{'94': '公主的嫁妆，驸马府专等妆奁铺设。'}],[],西游记
西游记_物品_《孔雀真经》_0,《孔雀真经》,物品,[{'37': '唐僧在禅堂中念诵的经文之一，属于佛教典籍。'}],[],西游记
西游记_物品_安神定魄汤药_0,安神定魄汤药,物品,[{'11': '太医院进给唐太宗的汤药，帮助其反本还原。'}],[],西游记
西游记_物品_官凭_0,官凭,物品,[{'101': '朝廷授予的任职凭证，刘洪杀了陈光蕊后穿其衣冠、带官凭冒名上任。'}],[],西游记
西游记_物品_定颜珠_0,定颜珠,物品,[{'101': '龙王赐予陈光蕊，含在口中以保尸身不坏，待还魂之用。'}],[],西游记
西游记_物品_定颜珠_1,定颜珠,物品,[{'38': '井龙王所有的宝物，用于定住乌鸡国王尸首，使其三年不坏。猪八戒从龙王处得知此珠。'}],[],西游记
西游记_物品_定风丹_0,定风丹,物品,"[{'21': '如来赐给灵吉菩萨的宝丹，能定风。'}, {'59': '灵吉菩萨所赠的丹药，可使人在芭蕉扇的风中不动。'}, {'61': '孙悟空先前噙在口中咽下，能抵抗芭蕉扇的飓风，使他扇不动。'}]",[],西游记
西游记_物品_定风桩_0,定风桩,物品,"[{'20': '黄风洞后园中的一根桩子，用于捆绑唐僧。'}, {'21': '黄风洞后园中绑缚唐僧的桩子。'}]",[],西游记
西游记_物品_定魂桩_0,定魂桩,物品,"[{'28': '碗子山波月洞中绑人的桩子，唐僧被小妖绑在上面。'}, {'29': '波月洞中捆绑唐僧的木桩，后被公主解开放走唐僧。'}]",[],西游记
西游记_物品_宝刀_0,宝刀,物品,[{'39': '乌鸡国镇殿将军腰挎的刀，狮猁王逃走时夺此刀作为兵器。'}],[],西游记
西游记_物品_宝剑_0,宝剑,物品,[{'30': '老妖腰间所佩之剑，曾递给变作宫娥的小白龙舞剑。'}],[],西游记
西游记_物品_宝剑_1,宝剑,物品,[{'45': '小道士递给虎力大仙的剑，用于念咒烧符。'}],[],西游记
西游记_物品_宝剑_2,宝剑,物品,[{'61': '牛魔王使用的兵器，双刃青锋，曾藏起后又取出。'}],[],西游记
西游记_物品_宝剑_3,宝剑,物品,[{'73': '百眼魔君使用的武器，与孙悟空打斗时所用。'}],[],西游记
西游记_物品_宝剑_4,宝剑,物品,[{'83': '金鼻白毛老鼠精使用的兵器，有两口，曾与孙悟空金箍棒丁当架住。'}],[],西游记
西游记_物品_宝剑_5,宝剑,物品,[{'9': '泾河龙王听闻夜叉报告后，急提宝剑就要上长安城诛灭卖卦人。'}],[],西游记
西游记_物品_宝印_0,宝印,物品,"[{'46': '国王的印玺，用于在关文上盖章。'}, {'78': '国王在通关文牒上所用的印玺。'}]",[],西游记
西游记_物品_宝威经_0,宝威经,物品,[{'98': '佛经之一。第一次一千二百八十卷，第二次一百四十卷。'}],[],西游记
西游记_物品_宝常经_0,宝常经,物品,[{'98': '佛经之一。第一次二百二十卷，第二次一百七十卷。'}],[],西游记
西游记_物品_宝盆_0,宝盆,物品,[{'8': '如来的宝盆，内装百样花、千般异果，用于盂兰盆会。'}],[],西游记
西游记_物品_宝藏经_0,宝藏经,物品,[{'98': '佛经之一。第一次四十五卷，第二次二十卷。'}],[],西游记
西游记_物品_宝贝_0,宝贝,物品,[{'36': '指菩萨借童子、老君收去的法宝，具体名称未明。'}],[],西游记
西游记_物品_宣花斧_0,宣花斧,物品,[{'4': '巨灵神的兵器，与孙悟空的金箍棒交战，被悟空打断斧柄。'}],[],西游记
西游记_物品_宣花钺斧_0,宣花钺斧,物品,[{'71': '赛太岁使用的兵器，与孙悟空的金箍棒对战。'}],[],西游记
西游记_物品_家书_0,家书,物品,"[{'29': '百花羞公主写给父王的家书，托唐僧捎带，内述自己被妖魔霸占的遭遇。'}, {'30': '三公主暗地里写的求救信，托唐僧传给父王。'}, {'31': '宝象国公主托唐僧寄给父王的书信，信中陈述被摄经历并请救兵。'}]",书信,西游记
西游记_物品_小皮箱_0,小皮箱,物品,[{'73': '百眼魔君存放毒药的箱子，有八寸高、一尺长短、四寸宽窄，上有小铜锁。'}],[],西游记
西游记_物品_小车儿_0,小车儿,物品,[{'41': '红孩儿让手下推出的五辆小车，按金木水火土方位安下，用于配合三昧真火。'}],[],西游记
西游记_物品_山河社稷袄_0,山河社稷袄,物品,[{'46': '三宫皇后放入柜中的宫衣，被孙行者变成破烂流丢一口钟。；孙行者在柜中将山河社稷袄变作的破衣服，还撒了臊溺，唐僧猜中此物。'}],破烂流丢一口钟,西游记
西游记_物品_巴豆_0,巴豆,物品,[{'69': '药材，味辛性热有毒，能削坚积、通闭塞。行者取一两去壳去膜捶去油毒碾细，用于制乌金丹。八戒称其为斩关夺门之将。'}],[],西游记
西游记_物品_布_0,布,物品,[{'25': '长头布，用来裹住唐僧、猪八戒、沙和尚。'}],[],西游记
西游记_物品_幌金绳_0,幌金绳,物品,"[{'34': '妖魔的宝贝，有紧绳咒和松绳咒，原在压龙洞老奶奶处。孙行者打死九尾狐狸后搜出此绳，后变作倚海龙骗得。与二魔交战时抛绳扣住二魔，反被二魔念松绳咒脱出并扣住孙行者。孙行者脱身后用毫毛变假绳换下真绳。'}, {'35': '太上老君勒袍的带子，又称金绳，曾拴住孙行者，后为孙大圣所得。'}]",[],西游记
西游记_物品_幢幡宝盖_0,幢幡宝盖,物品,[{'10': '青衣童子所执，高叫“阎王有请”，引太宗入幽冥地府。'}],[],西游记
西游记_物品_度牒_0,度牒,物品,[{'44': '和尚的出家凭证。文本中车迟国国王追了和尚的度牒，使他们无法还乡。'}],[],西游记
西游记_物品_弓箭_0,弓箭,物品,[{'13': '刘伯钦腰悬的毒药弓矢，用于狩猎。'}],[],西游记
西游记_物品_引袋_0,引袋,物品,[{'93': '孙悟空拿着的行李袋，与唐僧一同去朝见。'}],[],西游记
西游记_物品_引魂幡_0,引魂幡,物品,[{'10': '朱太尉所执，在前引路送太宗还魂。'}],[],西游记
西游记_物品_影神图_0,影神图,物品,[{'32': '金角大王所画唐僧师徒的画像，用于辨认。银角大王带出巡山，图中绘有唐僧、孙悟空、猪八戒、沙和尚的形象。'}],[],西游记
西游记_物品_御米三升_0,御米三升,物品,[{'54': '女王赐给孙悟空三人的米粮，权当一饭。猪八戒接了并捎在包袱中。'}],[],西游记
西游记_物品_御酒_0,御酒,物品,"[{'4': '玉帝赐给孙悟空的酒，共两瓶，在齐天大圣府与众人同饮。'}, {'6': '天宫的御酒，被齐天大圣偷吃并拿去与本山众猴享乐。'}, {'7': '天庭御酒，悟空所饮。'}, {'19': '天庭的酒。孙悟空曾偷窃御酒，天蓬元帅也因酒醉犯罪。'}, {'24': '天庭的酒，孙悟空曾盗饮。'}, {'81': '玉帝的酒，悟空自述曾喝。'}]",酒,西游记
西游记_物品_御酒_1,御酒,物品,"[{'29': '宝象国国王赐给猪八戒送行的酒，整瓶御酒。'}, {'30': '宝象国国王赐给唐僧徒弟们的酒，让他们去拿妖怪救公主。'}]",[],西游记
西游记_物品_恩意经大集_0,恩意经大集,物品,[{'98': '佛经之一。第一次五十卷，第二次四十卷。'}],[],西游记
西游记_物品_慧剑_0,慧剑,物品,"[{'9': '魏征的法宝或法器。魏征在府中试慧剑、运元神，为午时三刻梦斩泾河老龙做准备。'}, {'10': '魏征把守后宰门时所提之剑，用于斩龙。亦称霜锋。'}]",诛龙的宝剑,西游记
西游记_物品_戒刀_0,戒刀,物品,[{'22': '孙悟空为沙悟净剃度用的刀具。唐僧叫悟空取戒刀来给悟净落了发。'}],[],西游记
西游记_物品_戒刀_1,戒刀,物品,"[{'40': '八戒使用的刀具，用来挑断绳索救下红孩儿。'}, {'92': '猪八戒的刀具，用来砍犀牛精的头。'}]",[],西游记
西游记_物品_戒刀_2,戒刀,物品,[{'63': '孙悟空用金箍棒变化的刀具，用于割小妖耳朵和嘴唇。'}],[],西游记
西游记_物品_戒尺_0,戒尺,物品,[{'2': '菩提祖师手持的戒尺，用来打悟空头三下，暗示三更传道。'}],[],西游记
西游记_物品_战书_0,战书,物品,"[{'70': '有来有去奉赛太岁之命送往朱紫国的书信，内容为宣战。后被孙悟空截获藏于袖中。'}, {'71': '赛太岁差小校送给朱紫国的文书，内写要金圣宫娘娘。后被行者交与国王。'}]",[],西游记
西游记_物品_手帕_0,手帕,物品,[{'23': '妇人给八戒顶在头上撞天婚的手帕，八戒顶着手帕乱扑，却捞不着一个女子。'}],[],西游记
西游记_物品_手铃儿_0,手铃儿,物品,[{'44': '小道士遗忘在三清殿上的铃铛。文本中小道士去寻铃，被吓倒跌碎铃儿。'}],[],西游记
西游记_物品_扢挞藤棍_0,扢挞藤棍,物品,[{'56': '强盗使用的武器，为首两个大汉中一人横担扢挞藤，后用来打孙悟空头部。'}],[],西游记
西游记_物品_批文_0,批文,物品,[{'32': '孙悟空所说的文书，用于发批文解送妖魔。'}],[],西游记
西游记_物品_批文_1,批文,物品,[{'3': '勾魂使者所持的文书，上有孙悟空三字，用于勾取魂魄。'}],[],西游记
西游记_物品_护心宝镜_0,护心宝镜,物品,[{'10': '秦叔宝与尉迟敬德铠甲上的宝镜，幌祥云。'}],[],西游记
西游记_物品_披挂_0,披挂,物品,"[{'21': '黄风大圣的盔甲装备，包括金盔、金甲、罗袍、勒甲绦、护心镜、鹿皮靴、锦围裙等。'}, {'92': '妖王的盔甲装备，结束披挂后出战。'}]",披挂,西游记
西游记_物品_担子_0,担子,物品,"[{'80': '行李担，八戒和沙僧轮流挑担。'}, {'100': '挑经卷的担子，由八戒挑担。'}]",经担,西游记
西游记_物品_招僧榜文_0,招僧榜文,物品,[{'47': '车迟国国王发布的招募僧人的榜文，四门张挂，使脱命的和尚回城。'}],[],西游记
西游记_物品_招牌_0,招牌,物品,[{'9': '袁守诚卦铺的招牌，上有字“神课先生袁守诚”。龙王赌输后将其与笔、砚等一齐捽碎。'}],[],西游记
西游记_物品_捣药杵_0,捣药杵,物品,[{'95': '玉兔的兵器，又称短棍、碓嘴样的短棍、药杵。由羊脂玉磨琢而成，来自广寒宫，用于捣玄霜仙药。'}],[],西游记
西游记_物品_描龙刺凤团花锦囊_0,描龙刺凤团花锦囊,物品,[{'78': '国丈胸前挂的锦囊。'}],[],西游记
西游记_物品_摩竭经_0,摩竭经,物品,[{'98': '佛经之一。第一次三百五十卷，第二次一百四十卷。'}],[],西游记
西游记_物品_播郎鼓_0,播郎鼓,物品,[{'80': '喇嘛和尚手中摇的鼓。'}],[],西游记
西游记_物品_救命毫毛_0,救命毫毛,物品,"[{'2': '孙悟空身上的毫毛，可以变化成小猴，用于身外身法。'}, {'7': '悟空身上毫毛，可吹气变作浓墨双毫笔。'}, {'15': '观音菩萨摘下杨柳叶吹气变成，放在孙悟空脑后，可在危急时随机应变救苦。'}, {'21': '孙悟空身上的毫毛，可拔下嚼碎喷出变出身外身。'}, {'25': '孙行者脑后拔下的毫毛，可吹口仙气变作假行者或柳树等化身。'}, {'34': '孙行者身上的毫毛，能变化万物，本回中变作假葫芦、巴山虎、倚海龙、抬轿小妖、假身、假幌金绳、半截身子等。'}, {'42': '孙悟空身上的救命毫毛，可拔下变出小妖等，菩萨曾想取一根作当。'}, {'44': '孙悟空身上的毫毛，可拔下嚼碎分给众僧，捻在指甲中喊“齐天大圣”即可召唤分身保护。文本中孙悟空以此护佑五百和尚逃生。'}, {'47': '孙悟空身上的毫毛，曾分给脱命的僧人作为信物，后又收回。'}, {'52': '孙悟空身上的猴毛，可变化为小猴及各种兵器火器等。'}, {'71': '孙悟空身上的毫毛，拔下后吹口仙气可变作各种物品。本回中变作瞌睡虫、虱子臭虫、假金铃等。'}, {'72': '行者身上拔下的毫毛，嚼碎后可变作七样鹰。'}, {'75': '观音菩萨所赐，长在孙大圣脑后的三根毫毛，十分挺硬。孙大圣在瓶中拔下毫毛变作金钢钻、竹片和绵绳，钻破宝瓶脱身。'}, {'76': '孙大圣身上的毫毛，可拔下吹仙气变化。文中拔一根变绳儿，后收毫毛解疼。'}, {'85': '孙悟空身上的毫毛，可变化为分身。'}, {'86': '孙行者身上的毫毛，拔下后可嚼碎喷出变作分身或瞌睡虫，本回中用以施展分身法和瞌睡虫法术。'}]","三根救命的毫毛,毫毛",西游记
西游记_物品_数珠_0,数珠,物品,[{'47': '老者（陈澄）项下挂的佛珠，口念阿弥陀佛。'}],[],西游记
西游记_物品_文书_0,文书,物品,[{'87': '道家文书，由直符使者捧送天庭，奏明郡侯改行从善。'}],[],西游记
西游记_物品_文房四宝_0,文房四宝,物品,[{'94': '笔墨纸砚，国王命取来请唐僧依韵和诗。'}],[],西游记
西游记_物品_文簿_0,文簿,物品,[{'4': '御马监中的账簿，记录马数等事务，孙悟空曾查看。'}],[],西游记
西游记_物品_斋天素供_0,斋天素供,物品,[{'87': '郡侯上官正于三年前十二月二十五日献供斋天的素馔，后被推倒喂狗，冒犯上天。'}],[],西游记
西游记_物品_斩妖剑_0,斩妖剑,物品,"[{'4': '哪吒三太子的六般兵器之一，在与孙悟空交战时使用。'}, {'51': '哪吒太子的六般兵器之一，与兕怪交战时被圈子套去。'}, {'61': '哪吒的兵器，斩下牛魔王头颅。'}]",砍妖剑,西游记
西游记_物品_斩腰剑_0,斩腰剑,物品,[{'83': '李天王欲砍孙悟空所持的刀剑，被哪吒以斩腰剑架住。'}],[],西游记
西游记_物品_方便吊桶_0,方便吊桶,物品,[{'39': '宝林寺后面井上的吊桶，沙僧用其取水给孙悟空灌丹。'}],[],西游记
西游记_物品_方便整香_0,方便整香,物品,[{'24': '香几上放置的整香。'}],[],西游记
西游记_物品_方天戟_0,方天戟,物品,[{'35': '狐阿七大王的兵器，手执方天戟与孙大圣交战。'}],[],西游记
西游记_物品_无字经_0,无字经,物品,"[{'98': '阿傩、伽叶因未得人事而传给唐僧的白纸本子，卷卷俱是白纸，无半点字迹。后被燃灯古佛派白雄尊者夺去。'}, {'100': '第一次取到的经卷，因未送人事而得的无字经书。'}]",无字空本,西游记
西游记_物品_无底船_0,无底船,物品,[{'98': '接引佛祖所撑的船，无底。在凌云渡接引唐僧师徒过河，过岸后不知去向。佛祖称其鸿蒙初判即有，有浪有风还自稳。'}],[],西游记
西游记_物品_无忧履_0,无忧履,物品,"[{'11': '唐太宗所穿的靴履。'}, {'40': '一双帝王鞋履，宝林寺僧人进献的宝物。'}]",创业无忧履,西游记
西游记_物品_明灯_0,明灯,物品,[{'87': '披香殿内悬于金锁下方的灯，灯焰燎着锁梃。'}],[],西游记
西游记_物品_明珠_0,明珠,物品,[{'15': '玉龙三太子项下的宝珠，被观音菩萨摘去。'}],[],西游记
西游记_物品_明珠_1,明珠,物品,[{'8': '玉龙纵火烧毁的殿上明珠。'}],[],西游记
西游记_物品_明珠玉带_0,明珠玉带,物品,[{'101': '龙王赠送的玉带，嵌有明珠。'}],[],西游记
西游记_物品_暑袜_0,暑袜,物品,[{'101': '与僧鞋一同放置于盘内，献给众僧。'}],[],西游记
西游记_物品_月牙铲_0,月牙铲,物品,[{'63': '九头驸马的兵器，形如月牙，与孙悟空铁棒交锋。'}],[],西游记
西游记_物品_有字真经_0,有字真经,物品,"[{'98': '唐僧以紫金钵盂贿赂阿傩、伽叶后得到的真经，每卷皆有文字，共五千零四十八卷，为一藏之数。'}, {'100': '第二次取到的经卷，共三十五部五千零四十八卷，合一藏之数。'}]",有字经,西游记
西游记_物品_木鱼_0,木鱼,物品,[{'81': '悟空变作小和尚时敲击之物。'}],[],西游记
西游记_物品_木鱼_1,木鱼,物品,[{'85': '猪八戒变作矮胖和尚时手中敲打的器物。'}],[],西游记
西游记_物品_木鱼儿_0,木鱼儿,物品,[{'46': '孙行者用毫毛变的木鱼，交给童儿让其敲着念佛钻出柜子。'}],[],西游记
西游记_物品_未曾有经_0,未曾有经,物品,[{'98': '佛经之一。第一次一千一百一十卷，第二次五百五十卷。'}],[],西游记
西游记_物品_本阁经_0,本阁经,物品,[{'98': '佛经之一。第一次八百五十卷，第二次五十六卷。'}],[],西游记
西游记_物品_朱红漆的柜子_0,朱红漆的柜子,物品,[{'46': '用于隔板猜枚的红漆柜子，内放物品或童儿，先后三次被抬到宫殿猜宝。'}],[],西游记
西游记_物品_杂彩花旗_0,杂彩花旗,物品,"[{'4': '孙悟空命四健将置办的旗帜，上写“齐天大圣”四大字，立竿张挂在花果山门外。'}, {'28': '大圣将打死的猎户的杂色旗号拆洗后做成的旗帜，上写“重修花果山复整水帘洞齐天大圣”十四字，挂于洞外。'}]",旌旗,西游记
西游记_物品_杠子_0,杠子,物品,[{'82': '女怪打水用的抬水杠子，用来打八戒。'}],[],西游记
西游记_物品_杨柳净瓶_0,杨柳净瓶,物品,[{'80': '寺内坠地的杨柳净瓶。'}],[],西游记
西游记_物品_杨柳枝_0,杨柳枝,物品,"[{'8': '观音净瓶中斜插的垂杨。'}, {'10': '观音菩萨所用之物，用手一摆，那没头的龙径往西北而去。'}, {'15': '观音菩萨手持的法器，蘸甘露变化玉龙为马。'}, {'42': '观音手持之物，蘸甘露写迷字，或指定施法。'}, {'43': '观音菩萨手持的法器，蘸甘露洒去可施展法力。'}, {'71': '观音菩萨右手拿的柳枝，拂洒甘露救火。'}, {'87': '凤仙郡百姓门设清水缸、缸插杨柳枝，侍奉香火求雨。'}]","杨柳,柳枝",西游记
西游记_物品_枣儿_0,枣儿,物品,[{'79': '寿星袖中的三个枣，赠予国王，使其身轻病退。'}],[],西游记
西游记_物品_枪_0,枪,物品,"[{'76': '黄牙老象（二魔）的兵器，挺枪刺八戒，与行者交战。'}, {'77': '象王（二怪）的兵器，俊秀而能。'}]",长枪,西游记
西游记_物品_枯木筏子_0,枯木筏子,物品,[{'15': '水神老渔撑的渡河工具，渡唐僧师徒过鹰愁涧。'}],[],西游记
西游记_物品_柳树_0,柳树,物品,[{'25': '崖边的柳树，被孙行者砍伐并变成唐僧师徒四人的替身绑在柱上。'}],[],西游记
西游记_物品_《梁王忏》_0,《梁王忏》,物品,[{'81': '众僧诵念的佛经。'}],[],西游记
西游记_物品_《梁皇水忏》_0,《梁皇水忏》,物品,[{'37': '唐僧在禅堂中念诵的经文之一，属于佛教典籍。'}],[],西游记
西游记_物品_梆子_0,梆子,物品,[{'74': '巡山小妖敲打的器具，与铃子配合使用，发出梆铃之声。'}],[],西游记
西游记_物品_棋枰_0,棋枰,物品,[{'9': '棋盘。众嫔妃铺设御案上的棋枰，供唐太宗与魏征对弈。'}],[],西游记
西游记_物品_棕缆_0,棕缆,物品,[{'77': '碗口粗的绳索，孙悟空说不值一惧。'}],[],西游记
西游记_物品_棺木_0,棺木,物品,[{'32': '猪八戒提议买棺木给唐僧送老。'}],[],西游记
西游记_物品_椰子酒_0,椰子酒,物品,"[{'2': '花果山众猴庆祝时饮用的酒。'}, {'5': '花果山众猴供奉的酒，大圣尝后觉得不好吃，崩巴二将解释是因为在天宫吃了仙酒。'}, {'28': '花果山群妖为大圣接风准备的酒。'}]",椰酒,西游记
西游记_物品_楮白枪_0,楮白枪,物品,[{'66': '小张太子的兵器，枪尖能缚怪。'}],[],西游记
西游记_物品_榜文_0,榜文,物品,[{'87': '凤仙郡郡侯张贴的求雨榜文，写明干旱惨状并以千金酬谢祈雨法师。'}],[],西游记
西游记_物品_正律文经_0,正律文经,物品,[{'98': '佛经之一。第一次二百卷，第二次十卷。'}],[],西游记
西游记_物品_正法论经_0,正法论经,物品,[{'98': '佛经之一。第一次一百二十卷，第二次二十卷。'}],[],西游记
西游记_物品_毒药_0,毒药,物品,[{'73': '百眼魔君制成的毒药，由山中百鸟粪炼制，凡人吃一厘即死，神仙吃三厘即绝。用于毒害唐僧师徒。'}],[],西游记
西游记_物品_水晶盆_0,水晶盆,物品,[{'54': '宴席上所用的水晶器皿。'}],[],西游记
西游记_物品_水火篮儿_0,水火篮儿,物品,[{'44': '孙悟空变作云水全真时左臂上挂的篮子。文本中描述为“水火篮儿”。'}],[],西游记
西游记_物品_汗衫_0,汗衫,物品,[{'101': '殷温娇的贴身汗衫，包裹玄奘放入江中，作为相认凭据。'}],[],西游记
西游记_物品_《法华经》_0,《法华经》,物品,"[{'13': '三藏超度时所念的佛经，各诵几卷。'}, {'67': '佛经名称，和尚后念《法华》，即《妙法莲华经》。'}, {'81': '众僧诵念的佛经。'}, {'98': '佛经之一。第一次一百卷，第二次十卷。'}]","《法华》,《法华经》,法华经",西游记
西游记_物品_法船_0,法船,物品,[{'22': '由沙悟净的九个骷髅与观音菩萨的红葫芦结成的船，按九宫布列，能渡唐僧过弱水。唐僧坐上后稳似轻舟。'}],[],西游记
西游记_物品_法衣_0,法衣,物品,[{'67': '道士所穿的法衣。'}],[],西游记
西游记_物品_浑金匣子_0,浑金匣子,物品,[{'63': '盛放佛宝（舍利子）的金色匣子，万圣宫主取出交给假驸马孙悟空。'}],[],西游记
西游记_物品_浑铁棍_0,浑铁棍,物品,"[{'6': '惠岸行者（木叉）使用的铁棍，乃千锤打，六丁六甲运神功。'}, {'8': '木吒使用的兵器，重有千斤。'}]",[],西游记
西游记_物品_海骝马_0,海骝马,物品,[{'11': '阴司中朱太尉给唐太宗骑乘的马，鞍韂齐备，行速如箭。'}],[],西游记
西游记_物品_涅槃经_0,涅槃经,物品,[{'98': '佛经之一，属三藏真经。第一次检有七百四十八卷，第二次付与唐朝四百卷。'}],[],西游记
西游记_物品_《消灾忏》_0,《消灾忏》,物品,[{'44': '道家经文，道士在三清观宣理此经。文本中“宣理《消灾忏》”。'}],[],西游记
西游记_物品_淡鹅黄九锡云锦纱巾_0,淡鹅黄九锡云锦纱巾,物品,[{'78': '国丈头上戴的头巾。'}],[],西游记
西游记_物品_混铁棍_0,混铁棍,物品,[{'60': '牛魔王的武器，与孙悟空金箍棒斗经百十回合不分胜负。'}],[],西游记
西游记_物品_清油_0,清油,物品,[{'25': '倒入大锅烧滚的油，用于炸孙行者。'}],[],西游记
西游记_物品_渔鼓_0,渔鼓,物品,[{'44': '孙悟空变作云水全真时手敲的道具，用以唱道情词。文本中他“手敲着渔鼓，口唱着道情词”。'}],[],西游记
西游记_物品_满堂红_0,满堂红,物品,"[{'30': '老妖的兵器，熟铁打造，连柄八九十斤，原为灯架。曾用来架住宝剑，并打伤了小白龙的后腿。'}, {'31': '一种兵器。白龙马变作宫娥，用满堂红巡酒舞刀，欲砍黄袍怪，反被打伤。'}]",[],西游记
西游记_物品_漆盘_0,漆盘,物品,[{'86': '小妖用来盛放人头（假或真）的盘子，端至门下呈给孙行者。'}],[],西游记
西游记_物品_火刀_0,火刀,物品,[{'51': '火德星君的火具之一，放火时被兕怪的圈子套去。'}],[],西游记
西游记_物品_火尖枪_0,火尖枪,物品,"[{'41': '红孩儿使用的武器，一杆丈八长的长枪，用于与孙悟空交战。'}, {'42': '红孩儿的武器，多次与孙悟空交战。'}]",长枪,西游记
西游记_物品_火弓_0,火弓,物品,"[{'51': '火德星君的火具之一，放火时被兕怪的圈子套去。'}, {'52': '火德星君的火部器物，被金刚琢套去。'}]",[],西游记
西游记_物品_火枣_0,火枣,物品,[{'7': '赤脚大仙献于如来的仙果。'}],[],西游记
西游记_物品_火枪_0,火枪,物品,[{'51': '火德星君的火具之一，放火时被兕怪的圈子套去。'}],[],西游记
西游记_物品_火箭_0,火箭,物品,"[{'51': '火德星君的火具之一，放火时被兕怪的圈子套去。'}, {'52': '火德星君的火部器物，被金刚琢套去。'}]",[],西游记
西游记_物品_火轮儿_0,火轮儿,物品,"[{'4': '哪吒三太子的六般兵器之一，在与孙悟空交战时使用。'}, {'51': '哪吒太子的六般兵器之一，与兕怪交战时被圈子套去。'}, {'61': '哪吒的法宝，挂牛角上吹真火焚烧牛魔王。'}]",[],西游记
西游记_物品_火马_0,火马,物品,"[{'51': '火德星君的火具之一，放火时被兕怪的圈子套去。'}, {'52': '火德星君的火部器物，被用于放火。'}]",[],西游记
西游记_物品_火鸦_0,火鸦,物品,[{'51': '火德星君的火具之一，放火时被兕怪的圈子套去。'}],[],西游记
西游记_物品_火鼠_0,火鼠,物品,[{'51': '火德星君的火具之一，放火时被兕怪的圈子套去。'}],[],西游记
西游记_物品_火龙_0,火龙,物品,"[{'51': '火德星君的火具之一，放火时被兕怪的圈子套去。'}, {'52': '火德星君的火部器物，被孙悟空骑乘并用于放火。'}]",[],西游记
西游记_物品_灵芝菜_0,灵芝菜,物品,[{'85': '王母娘娘的灵芝，猪八戒自述中曾吃过的仙品。'}],[],西游记
西游记_物品_点钢枪_0,点钢枪,物品,"[{'50': '独角兕大王使用的兵器，长丈二。'}, {'52': '兕大王的兵器，如蟒头，与金箍棒对战。'}]",长枪,西游记
西游记_物品_照妖镜_0,照妖镜,物品,[{'39': '文殊菩萨袖中的宝镜，能照出妖怪原身，照出狮猁王原是青毛狮子。'}],[],西游记
西游记_物品_照妖镜_1,照妖镜,物品,"[{'6': '托塔李天王所持，住立空中照耀，防止妖猴逃窜，能照出隐身法。'}, {'58': '托塔李天王的法宝，可照出妖怪真身，但未能分辨真假孙悟空。'}, {'61': '托塔李天王的法宝，能照住牛魔王本象使其无法腾挪。'}]",[],西游记
西游记_物品_牌位香炉_0,牌位香炉,物品,[{'83': '妖精洞中供养的牌位和香炉，上书“尊父李天王之位”“尊兄哪吒三太子位”，被孙悟空拿作告御状的证见。'}],[],西游记
西游记_物品_牒文_0,牒文,物品,[{'101': '龙王所写文书，差夜叉投往洪州城隍土地处，要取秀才魂魄。'}],[],西游记
西游记_物品_牙牌_0,牙牌,物品,[{'70': '有来有去腰间镶金的牙牌，上面刻着他的身份信息。孙悟空解下带在腰间。'}],[],西游记
西游记_物品_牙笏_0,牙笏,物品,[{'10': '崔珪手擎之物，凝祥霭。'}],[],西游记
西游记_物品_牛耳尖刀_0,牛耳尖刀,物品,[{'14': '孙悟空用毫毛变化而成，用于剥虎皮。'}],[],西游记
西游记_物品_牛耳短刀_0,牛耳短刀,物品,[{'46': '剖腹用的短刀，刽子手用它割开孙行者和鹿力大仙的肚皮。'}],[],西游记
西游记_物品_牛耳短刀_1,牛耳短刀,物品,[{'79': '国王命当驾官取来的刀，假唐僧用来剖开胸腹展示心肝。'}],[],西游记
西游记_物品_犀牛角_0,犀牛角,物品,[{'92': '犀牛精头上的角，被锯下后进贡玉帝或留作镇库。'}],[],西游记
西游记_物品_狼牙棒_0,狼牙棒,物品,[{'56': '强盗使用的武器，为首两个大汉中一人执着狼牙棒。'}],[],西游记
西游记_物品_狼牙棒_1,狼牙棒,物品,"[{'65': '黄眉老佛的兵器，短软狼牙棒，用于战斗。'}, {'66': '黄眉大王的兵器，原是弥勒佛的敲磬槌儿，短软轻便。'}]",[],西游记
西游记_物品_玉塵_0,玉塵,物品,"[{'25': '镇元仙手持的拂尘类武器，用于左遮右挡迎战孙悟空等人的兵器。'}, {'26': '镇元大仙使用的武器，仅凭此物就能抵挡孙悟空师兄弟的三般兵器。'}]",塵尾,西游记
西游记_物品_玉塵_1,玉塵,物品,[{'98': '金顶大仙手摇的玉柄拂尘。大仙身披锦衣，手摇玉塵。'}],[],西游记
西游记_物品_玉宝_0,玉宝,物品,[{'29': '宝象国国王的玉印，用于在通关文牒上盖印花押。'}],[],西游记
西游记_物品_玉帝敕旨_0,玉帝敕旨,物品,[{'9': '玉皇大帝的圣旨，由金衣力士送达泾河水府，上面写明明日施雨的时辰和雨数，与袁守诚判断毫发不差。'}],[],西游记
西游记_物品_玉杯_0,玉杯,物品,[{'54': '女王奉酒时使用的玉制酒杯。'}],[],西游记
西游记_物品_玉液琼浆_0,玉液琼浆,物品,[{'5': '瑶池中造酒仙官等酿造的仙酒，大圣变出瞌睡虫使众人睡去后痛饮一番，后又偷回花果山与众猴办仙酒会。'}],[],西游记
西游记_物品_玉液琼浆_1,玉液琼浆,物品,[{'54': '宴席上的美酒，满斟玉液，连注琼浆。'}],[],西游记
西游记_物品_玉简_0,玉简,物品,"[{'44': '道士做法时手持的玉制简板。文本中正面高公擎玉简。'}, {'45': '虎力大仙披法衣后擎着的玉制笏板，用于拜祷。'}]",[],西游记
西游记_物品_玉簪儿_0,玉簪儿,物品,[{'21': '用来蘸取三花九子膏的玉制簪子。'}],[],西游记
西游记_物品_玛瑙_0,玛瑙,物品,[{'92': '玄英洞中搜出的宝物。'}],[],西游记
西游记_物品_玛瑙石小罐_0,玛瑙石小罐,物品,[{'21': '盛放三花九子膏的容器。'}],[],西游记
西游记_物品_玻璃盏_0,玻璃盏,物品,[{'54': '宴席上所用的玻璃酒杯。'}],[],西游记
西游记_物品_玻璃盏_1,玻璃盏,物品,"[{'8': '沙悟净在蟠桃会上失手打碎的器具。'}, {'22': '王母蟠桃宴上的珍贵器物。卷帘将失手打破此物，因而被玉帝贬下凡间。'}, {'94': '沙僧在天庭时失手打破的玻璃盏，因此被贬下界。'}]",玉玻璃,西游记
西游记_物品_玻璃盘儿_0,玻璃盘儿,物品,[{'17': '凌虚子手中所持盘子，内盛两粒仙丹，盘底刻有“凌虚子制”四字。'}],[],西游记
西游记_物品_珊瑚_0,珊瑚,物品,[{'92': '玄英洞中搜出的宝物。'}],[],西游记
西游记_物品_珊瑚树_0,珊瑚树,物品,[{'4': '灵霄宝殿玛瑙瓶中插着的装饰，弯弯曲曲。'}],[],西游记
西游记_物品_珍珠_0,珍珠,物品,[{'92': '玄英洞中搜出的宝物。'}],[],西游记
西游记_物品_珍珠篏锦汗衫儿_0,珍珠篏锦汗衫儿,物品,[{'23': '妇人给八戒的汗衫，实为绳索所化。八戒穿上后被紧紧绷住，疼痛难禁。'}],[],西游记
西游记_物品_琉璃_0,琉璃,物品,"[{'36': '指琉璃灯盏。僧官讲述行脚僧不公之事时提到“常将琉璃把油倾”，即偷灯油。'}, {'81': '琉璃灯，悟空点起照明。'}]",[],西游记
西游记_物品_琉璃香灯_0,琉璃香灯,物品,[{'80': '寺内破损的琉璃香灯。'}],[],西游记
西游记_物品_琗琚_0,琗琚,物品,[{'92': '玄英洞中搜出的宝物，一种宝石。'}],[],西游记
西游记_物品_琥珀_0,琥珀,物品,[{'92': '玄英洞中搜出的宝物。'}],[],西游记
西游记_物品_琥珀锺_0,琥珀锺,物品,[{'54': '宴席上所用的琥珀酒杯。'}],[],西游记
西游记_物品_瑜伽经_0,瑜伽经,物品,[{'98': '佛经之一。第一次一百卷，第二次三十卷。'}],[],西游记
西游记_物品_瓦钵_0,瓦钵,物品,[{'53': '老婆婆借给孙悟空取落胎泉水的陶制钵头。'}],[],西游记
西游记_物品_甘雨_0,甘雨,物品,[{'69': '东海龙王敖广打的喷嚏和吐的涎津，化作甘霖。国王收集约三盏，用以下乌金丹。'}],[],西游记
西游记_物品_甘霖仙水_0,甘霖仙水,物品,[{'28': '大圣向四海龙王借来的仙水，用以洗青花果山。'}],[],西游记
西游记_物品_甘露_0,甘露,物品,"[{'15': '观音菩萨杨柳枝上的甘露，用于拂拭玉龙使其变化。'}, {'42': '净瓶中的水浆，能灭三昧真火，观音用以在孙悟空手心写迷字。'}, {'43': '观音菩萨净瓶中的圣水，配合杨柳枝使用。'}]",[],西游记
西游记_物品_生死簿_0,生死簿,物品,"[{'3': '幽冥界记录众生寿命的簿子，有十类簿子。孙悟空在魂字一千三百五十号上找到自己名字，并将猴属之类一概勾销。'}, {'10': '崔判官所掌之簿，记载天下万国国王天禄。太宗名下原注定贞观一十三年，崔判官添两画改为三十三年。'}, {'11': '阴司记录阳寿的簿子，崔判官曾为唐太宗查看。'}, {'58': '地府中记载生灵寿命的簿册，查无假行者之名。'}]",生死文簿,西游记
西游记_物品_生熟漆_0,生熟漆,物品,[{'25': '五庄观自收自晒的漆，用来裹住唐僧、猪八戒、沙和尚全身。'}],[],西游记
西游记_物品_甲胄_0,甲胄,物品,[{'2': '混世魔王的整套铠甲兵器，包括乌金盔、皂罗袍、黑铁甲、花褶靴和钢刀。'}],[],西游记
西游记_物品_画杆方天戟_0,画杆方天戟,物品,[{'3': '东海龙王献上的戟，重七千二百斤，孙悟空仍嫌轻。'}],[],西游记
西游记_物品_画杆方天戟_1,画杆方天戟,物品,"[{'76': '三魔的兵器，往大圣头上打来。'}, {'77': '大鹏金翅雕（三怪）的兵器，百样峥嵘。'}]",方天戟,西游记
西游记_物品_白玉匣子_0,白玉匣子,物品,[{'63': '盛放九叶灵芝草的白色玉匣，万圣宫主取出交给假驸马孙悟空。'}],[],西游记
西游记_物品_白玉圭_0,白玉圭,物品,"[{'37': '乌鸡国国王手持的玉质宝物，被全真拐走，后国王托梦留下作为表记，孙悟空将它放入红漆匣中交给太子。又称白玉圭。'}, {'38': '乌鸡国王的宝贝，也是国王给太子的表记。太子从袖中取出递给娘娘，娘娘认得是当时国王之宝，证实托梦之言。'}, {'40': '一块白玉做的笏板，太子拿出给国王执在手里。'}]",金厢白玉圭,西游记
西游记_物品_白玉盂_0,白玉盂,物品,[{'51': '黄河水伯盛水的器具，一盂即为一河之水，内盛半盂黄河水。'}],[],西游记
西游记_物品_白绫带_0,白绫带,物品,[{'11': '李翠莲用于悬梁自缢的白绫。'}],[],西游记
西游记_物品_白金_0,白金,物品,[{'94': '二十锭白金，国王赠予唐僧徒弟的盘缠，聊达亲礼。'}],[],西游记
西游记_物品_白银_0,白银,物品,[{'47': '货币。陈清许诺送唐僧白银一千两，后允送五百两。'}],[],西游记
西游记_物品_百草霜_0,百草霜,物品,[{'69': '即锅脐灰，刮下半盏碾细入药。行者称其能调百病。'}],[],西游记
西游记_物品_皂罗袍_0,皂罗袍,物品,[{'2': '混世魔王所穿的黑袍，迎风飘荡。'}],[],西游记
西游记_物品_皂雕旗_0,皂雕旗,物品,[{'33': '真武祖师的旗帜，哪吒借来在南天门展开，遮闭日月星辰，使天地黑暗如装天。'}],[],西游记
西游记_物品_皇榜_0,皇榜,物品,[{'68': '朱紫国王张贴的招医榜文，写明若有精医药者治好国王病愿分社稷。被孙悟空揭下并揣入猪八戒怀中。'}],[],西游记
西游记_物品_盘缠_0,盘缠,物品,[{'101': '陈光蕊留给母亲张氏的银两，后玄奘又给婆婆盘缠。'}],[],西游记
西游记_物品_真人头_0,真人头,物品,[{'86': '妖怪从剥皮亭挑选的新鲜人头，清理后抛出，被孙行者认作真唐僧头，师徒痛哭埋葬。'}],[],西游记
西游记_物品_瞌睡虫儿_0,瞌睡虫儿,物品,[{'25': '孙行者从增长天王处赢得的虫子，弹到人脸上可使人沉睡，用来对付清风明月。'}],[],西游记
西游记_物品_石匣_0,石匣,物品,"[{'14': '两界山山脚下的石匣，压着孙悟空五百余年，只露头手。'}, {'48': '六尺长的石匣，灵感大王用来将唐僧盖在宫后，以暂存不食。'}, {'49': '形似猪槽或石棺材，长六尺，位于水鼋之第宫后，灵感大王将唐僧盖在其中。'}]",石匣,西游记
西游记_物品_石卵_0,石卵,物品,[{'1': '仙石迸裂后产出的似圆球样大的石卵，见风化作石猴。'}],[],西游记
西游记_物品_石狮子_0,石狮子,物品,[{'25': '五庄观台西边的石狮子，孙行者将其变成自身模样投入油锅。'}],[],西游记
西游记_物品_石狮子_1,石狮子,物品,[{'36': '宝林寺方丈门外的一尊石雕狮子。行者举棍打了一下，打得粉乱麻碎，以此威吓僧众。'}],[],西游记
西游记_物品_石盆_0,石盆,物品,[{'2': '水帘洞中的家火，被混世魔王抢去，后由众猴搬回。'}],[],西游记
西游记_物品_石碑_0,石碑,物品,[{'22': '流沙河岸上的一通石碑，上有三个篆字“流沙河”及四行真字描述河水特性。唐僧师徒曾齐看碑文。'}],[],西游记
西游记_物品_石碗_0,石碗,物品,[{'2': '水帘洞中的家火，被混世魔王抢去，后由众猴搬回。'}],[],西游记
西游记_物品_石碣_0,石碣,物品,[{'1': '水帘洞中正当中的一块石碑，上有一行楷书大字镌着“花果山福地，水帘洞洞天”。'}],[],西游记
西游记_物品_砍妖刀_0,砍妖刀,物品,"[{'4': '哪吒三太子的六般兵器之一，在与孙悟空交战时使用。'}, {'51': '哪吒太子的六般兵器之一，与兕怪交战时被圈子套去。'}, {'52': '哪吒太子的六件神兵之一，被金刚琢套去。'}]",斩妖刀,西游记
西游记_物品_砚台_0,砚台,物品,[{'81': '从寺中借来研墨。'}],[],西游记
西游记_物品_碎金碎银_0,碎金碎银,物品,[{'54': '女王赐给孙悟空三人的盘缠路费，但行者不受。'}],[],西游记
西游记_物品_碧玉带_0,碧玉带,物品,[{'40': '一条碧玉装饰的腰带，宝林寺僧人进献的宝物。'}],[],西游记
西游记_物品_碧藕金丹_0,碧藕金丹,物品,[{'7': '寿星献于如来的金丹。'}],[],西游记
西游记_物品_磁杯_0,磁杯,物品,[{'57': '假行者捧给唐僧喝水的杯子。本章中假行者丢下磁杯打唐僧。'}],[],西游记
西游记_物品_礼真如经_0,礼真如经,物品,[{'98': '佛经之一。第一次九十卷，第二次三十卷。'}],[],西游记
西游记_物品_祭文_0,祭文,物品,[{'101': '殷丞相与小姐、玄奘在江边祭奠陈光蕊时所烧的文书。'}],[],西游记
西游记_物品_禁箍儿_0,禁箍儿,物品,"[{'42': '如来赐给观音的三个箍之一，收了守山大神。'}, {'57': '观音菩萨的三件宝贝之一，与金箍儿、紧箍儿并称。本章中提及“金紧禁三个箍儿”。'}]",[],西游记
西游记_物品_立帝货_0,立帝货,物品,[{'37': '孙悟空变的宝贝名称，自称能知一千五百年过去未来之事，以此吸引太子注意。'}],[],西游记
西游记_物品_端溪砚_0,端溪砚,物品,[{'9': '端溪出产的名砚，陈列在袁守诚卦铺中，与金烟墨、霜毫大笔相衬。后被龙王砸铺时捽碎。'}],砚,西游记
西游记_物品_竹片_0,竹片,物品,[{'75': '由救命毫毛变化而成，与金钢钻、绵绳配合钻瓶。'}],[],西游记
西游记_物品_竹节钢鞭_0,竹节钢鞭,物品,[{'43': '鼍龙的兵器，形如竹节，本回中持此鞭与沙僧及摩昂太子交战。'}],[],西游记
西游记_物品_笔_0,笔,物品,[{'81': '唐僧写信所用。'}],[],西游记
西游记_物品_符水_0,符水,物品,"[{'67': '道士施法所用之物，符水施为。'}, {'78': '国丈施用的符咒水，用于除妖氛。'}]",[],西游记
西游记_物品_等子_0,等子,物品,[{'73': '用来称量毒药的秤，蜘蛛精曾用其称出毒药分量。'}],[],西游记
西游记_物品_简妆盒_0,简妆盒,物品,[{'70': '朱紫国宫中存放黄金宝串的盒子，现收在简妆盒里。'}],[],西游记
西游记_物品_简帖_0,简帖,物品,[{'12': '菩萨现身后从半空中落下的帖，上有颂子，指示西天取经之事。'}],[],西游记
西游记_物品_简帖_1,简帖,物品,[{'13': '太白金星化作清风遗留下的帖子，上有四句颂子，写着“吾乃西天太白星，特来搭救汝生灵。前行自有神徒助，莫为艰难报怨经。”'}],[],西游记
西游记_物品_简帖_2,简帖,物品,[{'21': '太白金星化风后留下的帖子，上有四句颂子，告知灵吉菩萨所在。'}],[],西游记
西游记_物品_简帖_3,简帖,物品,[{'24': '元始天尊给镇元子的请帖，邀其听讲混元道果。又称筒帖、简帖儿，内有颂子。'}],[],西游记
西游记_物品_简帖_4,简帖,物品,[{'43': '鼍洁写给舅爷敖顺的请帖，内容为请二舅爷来暖寿。行者截获此帖作为证据。'}],[],西游记
西游记_物品_简帖儿_0,简帖儿,物品,[{'23': '挂在古柏树上的帖子，写着八句颂子，揭示四圣试禅心的真相：黎山老母、观音、普贤、文殊化成美女。'}],[],西游记
西游记_物品_箸顶梅沉香绵丝鹤氅_0,箸顶梅沉香绵丝鹤氅,物品,[{'78': '国丈身上穿的道袍。'}],[],西游记
西游记_物品_篾丝鬏髻_0,篾丝鬏髻,物品,[{'82': '女怪头上戴的帽子，一尺二三寸高，甚不时兴。'}],[],西游记
西游记_物品_米山_0,米山,物品,[{'87': '披香殿内约十丈高下的米山，边有拳大之鸡紧一嘴慢一嘴嗛米，需鸡嗛尽米方得下雨。'}],[],西游记
西游记_物品_粉漆牌儿_0,粉漆牌儿,物品,[{'89': '狼头怪妖腰间挂的牌子，上面分别写着“刁钻古怪”和“古怪刁钻”，被孙行者取走用于变化冒充。'}],[],西游记
西游记_物品_粉面银_0,粉面银,物品,[{'56': '银子的一种，孙悟空谎称包袱里有粉面银二三十锭。'}],[],西游记
西游记_物品_素酒_0,素酒,物品,[{'82': '唐僧喜欢吃的葡萄做的素酒。他勉强吃了一钟。'}],[],西游记
西游记_物品_索子_0,索子,物品,[{'53': '绳子，用于吊桶打水，沙僧带了两条。'}],[],西游记
西游记_物品_紧箍儿_1,紧箍儿,物品,[{'8': '如来给观音的三个箍儿，有金紧禁咒语，可用来约束神通广大的妖魔。'}],[],西游记
西游记_物品_紫竹篮儿_0,紫竹篮儿,物品,[{'49': '观音菩萨用紫竹编织的篮子，系上丝绦，抛入通天河中念颂子七遍，提起时篮内有金鱼（即灵感大王）。'}],[],西游记
西游记_物品_紫芝仙果_0,紫芝仙果,物品,[{'98': '灵山胜境中的仙果，年年秀美。'}],[],西游记
西游记_物品_紫芝瑶草_0,紫芝瑶草,物品,[{'7': '寿星献于如来的仙草。'}],[],西游记
西游记_物品_紫金红葫芦_0,紫金红葫芦,物品,"[{'33': '二魔的宝贝，底儿朝天口儿朝地，叫人名若应则装进去，贴太上老君帖儿一时三刻化为脓。精细鬼拿此宝去装孙悟空，后被悟空骗换。'}, {'34': '妖魔的宝贝，善能装人，念咒可装天。精细鬼和伶俐虫执此宝贝去拿孙行者，被孙行者以假葫芦骗走，后二魔用此葫芦装了“者行孙”，最终被孙行者偷回。'}, {'35': '太上老君盛丹的宝贝，混沌初分时从昆仑山仙藤结得，能装人，原为银角大王持有，后归孙大圣。'}]",葫芦,西游记
西游记_物品_紫金钵盂_0,紫金钵盂,物品,"[{'12': '太宗送给玄奘途中化斋用的钵盂。'}, {'14': '唐僧的食器，曾让行者取钵盂寻水。'}, {'27': '悟空化斋用的器具，本回中取钵盂去摘桃，又托钵盂回来。'}, {'28': '唐僧师徒化斋用的器具，沙僧取出递与猪八戒去寻斋饭。'}, {'31': '唐僧化斋用的钵盂。八戒取来盛水，悟空念真言喷水解了虎气。'}, {'45': '沙僧捧着的食器，唐僧师徒进朝时悟净捧着钵盂。'}, {'50': '唐僧师徒化斋用的器皿，行者用来盛斋饭。'}, {'53': '盛饭的钵盂，山神土地捧来送给唐僧师徒。'}, {'57': '化斋用的器具。本章中沙僧取钵盂递给八戒去取水。'}, {'65': '唐僧的佛门至宝，与通关文牒、锦襕袈裟一同放在包袱内。'}, {'72': '唐僧化斋用的碗，八戒取出给他换了衣帽。'}, {'80': '唐僧化斋用的饭碗，沙僧取出递与行者。'}, {'81': '取水用的器具，悟空用来给唐僧盛凉水。'}, {'98': '唐王亲手所赐的钵盂，用于沿路化斋。唐僧命沙僧取出，双手奉与阿傩作为人事，阿傩接了。'}, {'100': '唐僧化缘的钵盂，钦赐之物，用于贿赂阿傩、伽叶以换取有字真经。'}]",钵盂,西游记
西游记_物品_紫金铃_0,紫金铃,物品,"[{'70': '赛太岁的宝贝，是三个金铃。第一个幌一幌放三百丈火光，第二个放三百丈烟光，第三个放三百丈黄沙。黄沙最毒。赛太岁贴身携带，后被孙悟空盗出。回目称“紫金铃”，正文称“金铃”。'}, {'71': '又称紫金铃，太上老君在八卦炉中炼成的宝物，共三个。摇动时能放出红火、青烟、黄沙。赛太岁将此铃带在腰间，后被孙悟空用毫毛变作假铃换走。'}]",金铃,西游记
西游记_物品_紫霞杯_0,紫霞杯,物品,[{'79': '国王在宴会上使用的酒杯，用以奉酒。'}],[],西游记
西游记_物品_红旗_0,红旗,物品,[{'90': '刁钻古怪和古怪刁钻所打的两面旗帜。'}],[],西游记
西游记_物品_红枣_0,红枣,物品,[{'73': '百眼魔君用来下毒的果子，共十二个红枣和两个黑枣，分别放入茶锺中。'}],[],西游记
西游记_物品_红桃_0,红桃,物品,[{'82': '孙悟空变的红桃子，被妖精吃下后钻入其肚。'}],[],西游记
西游记_物品_红葫芦_0,红葫芦,物品,[{'22': '观音菩萨交给木叉行者的宝物。用于与沙悟净的九个骷髅结作法船，渡唐僧过流沙河。'}],[],西游记
西游记_物品_红金漆匣儿_0,红金漆匣儿,物品,[{'37': '孙悟空用毫毛变的匣子，用来盛放白玉圭，并藏身其中变作立帝货。'}],[],西游记
西游记_物品_纫蓝三股攒绒带_0,纫蓝三股攒绒带,物品,[{'78': '国丈腰间系的带子。'}],[],西游记
西游记_物品_纯阴宝扇_0,纯阴宝扇,物品,[{'62': '前文借得的宝扇，扇息燥火过山，帮助师徒过山。'}],[],西游记
西游记_物品_纳锦背心_0,纳锦背心,物品,[{'50': '妖魔点化的仙庄中的衣物，八戒和沙僧穿上后被捆绑。'}],[],西游记
西游记_物品_纸_0,纸,物品,[{'81': '唐僧欲写信所用。'}],[],西游记
西游记_物品_细犬_0,细犬,物品,[{'6': '二郎爷爷的犬，赶上照齐天大圣腿肚子上一口，扯了一跌。'}],[],西游记
西游记_物品_经书_0,经书,物品,[{'99': '佛经，包括佛本行经、宝常经等。本回中经包落水打湿，于晒经石上晒晾，佛本行经沾破不全。'}],[],西游记
西游记_物品_经本_0,经本,物品,[{'36': '唐僧念诵的佛经文本。唐僧晚上铺开经本，默默看念，温习经文。'}],[],西游记
西游记_物品_绞绡_0,绞绡,物品,[{'101': '龙王赠送的丝织品，共十端。'}],[],西游记
西游记_物品_绣球_0,绣球,物品,[{'101': '殷温娇抛打卜婿的绣球，打中陈光蕊乌纱帽，促成婚事。'}],[],西游记
西游记_物品_绣球_1,绣球,物品,"[{'4': '哪吒三太子的六般兵器之一，在与孙悟空交战时使用。'}, {'51': '哪吒太子的六般兵器之一，与兕怪交战时被圈子套去。'}]",绣球儿,西游记
西游记_物品_绣球_2,绣球,物品,"[{'93': '天竺国公主抛打招驸马的绣球，被公主亲手抛在唐僧头上，滚入衣袖内。'}, {'94': '公主抛打选亲的绣球，打中了唐僧，引出成亲之事。'}, {'95': '假公主在彩楼上抛掷的绣球，用以招驸马，有意打中唐僧。'}]",[],西游记
西游记_物品_绣花针_0,绣花针,物品,"[{'3': '如意金箍棒缩小后的形态，可塞在耳朵里。'}, {'56': '孙悟空从耳中摸出的针，幌一幌变成金箍棒。'}]",[],西游记
西游记_物品_绣花针_1,绣花针,物品,[{'73': '毗蓝婆菩萨的法宝，非钢非铁非金，乃昴日星官日眼里炼成，能破百眼魔君的金光。'}],[],西游记
西游记_物品_绫锦_0,绫锦,物品,[{'54': '女王赐给孙悟空三人的衣料，共十匹，让他们做衣服遮寒，但行者不受。'}],[],西游记
西游记_物品_绳儿_0,绳儿,物品,[{'76': '孙大圣拔毫毛变的绳子，一头拴妖魔心肝，扯动则痛。八戒曾借作救命索。'}],[],西游记
西游记_物品_绳子_0,绳子,物品,[{'30': '捆缚沙和尚的绳索，后公主让老妖放松些。'}],[],西游记
西游记_物品_绳索_0,绳索,物品,[{'25': '捆绑唐僧师徒的绳子，被孙行者解脱。'}],[],西游记
西游记_物品_维摩经_0,维摩经,物品,[{'98': '佛经之一。第一次一百七十卷，第二次三十卷。'}],[],西游记
西游记_物品_维识论经_0,维识论经,物品,[{'98': '佛经之一。第一次一百卷，第二次十卷。'}],[],西游记
西游记_物品_绵布直裰_0,绵布直裰,物品,"[{'14': '观音菩萨化老母所赠的衣物，孙悟空穿上后与紧箍儿一同制伏其心。'}, {'42': '绵布直裰，观音赐给孙悟空的衣服。'}]",直裰,西游记
西游记_物品_绵绳_0,绵绳,物品,[{'75': '由救命毫毛变化而成，与金钢钻、竹片配合钻瓶。'}],[],西游记
西游记_物品_绿磁瓶_0,绿磁瓶,物品,[{'27': '白骨精第一次变化时手中所提的瓶子，内里实为青蛙、癞虾蟆。'}],[],西游记
西游记_物品_缚妖索_0,缚妖索,物品,"[{'4': '哪吒三太子的六般兵器之一，在与孙悟空交战时使用。'}, {'51': '哪吒太子的六般兵器之一，与兕怪交战时被圈子套去。'}, {'61': '哪吒的法宝，缚住牛魔王颈部并穿鼻牵走。'}, {'83': '李天王手下用来捆绑孙悟空的绳索，后用于捆住妖精。'}]",[],西游记
西游记_物品_缰绳_0,缰绳,物品,"[{'80': '牵马的绳索，沙僧拢着缰绳。'}, {'83': '拴马的绳索，被妖精咬断，半截留在路旁。'}]",[],西游记
西游记_物品_羊脂玉净瓶_0,羊脂玉净瓶,物品,"[{'33': '老魔的宝贝，功能同紫金红葫芦。伶俐虫拿此宝去装孙悟空，后被悟空骗换。'}, {'34': '妖魔的宝贝，与葫芦类似，伶俐虫将其贴给假神仙换假葫芦，后被二魔从孙行者身上搜出，最终又被孙行者偷走。'}, {'35': '太上老君盛水的宝贝，能装人，曾在洞中放光，孙大圣窃得并用其装了金角大王。'}]",净瓶,西游记
西游记_物品_美玉_0,美玉,物品,[{'92': '玄英洞中搜出的宝物。'}],[],西游记
西游记_物品_臊泥_0,臊泥,物品,[{'78': '八戒用尿和土调成的泥，行者用来贴在唐僧脸上变化模样。'}],[],西游记
西游记_物品_舍利子_0,舍利子,物品,"[{'62': '金光寺塔中的珍宝，被万圣龙王和九头驸马偷走，置于碧波潭龙宫照耀。'}, {'63': '又称佛宝，祭赛国金光寺塔顶的宝物，被万圣龙王与九头驸马偷走，后夺回安于塔顶。'}]",舍利子佛宝,西游记
西游记_物品_舍利子玲珑内丹_0,舍利子玲珑内丹,物品,[{'31': '奎木狼（黄袍怪）口中吐出的宝贝，有鸡子大小，可治心疼。孙悟空用指头弹后吸入肚中。'}],[],西游记
西游记_物品_良金_0,良金,物品,[{'92': '玄英洞中搜出的优质黄金。'}],[],西游记
西游记_物品_芭蕉扇_0,芭蕉扇,物品,"[{'34': '老魔的宝贝之一，在身边，文本提及但未使用。'}, {'35': '太上老君搧火的扇子，能搧出五行灵光火，金角大王使用，后为孙大圣偷得。'}, {'39': '太上老君炼丹房中仙童使用的扇子，用于扇火炼丹。'}, {'52': '太上老君的宝物，用以制服青牛，扇动可使怪物力软筋麻。'}]",[],西游记
西游记_物品_芭蕉扇_1,芭蕉扇,物品,"[{'59': '铁扇公主的宝物，能扇灭火焰山之火。本是昆仑山后天地生成的灵宝，太阳之精叶。有真假之分，假扇越扇火越大。'}, {'60': '铁扇公主的宝物，能扇灭八百里火焰。真扇上有三十六缕红丝，念咒“哃嘘呵吸嘻吹呼”可长至一丈二尺。孙悟空先得假扇，后变牛魔王骗得真扇。'}, {'61': '罗刹女的宝物，能扇息火焰山之火，可变大变小，孙悟空骗得后又丢失，最终由罗刹女交出。'}, {'99': '法宝，难簿中记有“求取芭蕉扇四十八难”。'}]",[],西游记
西游记_物品_花帽_0,花帽,物品,[{'15': '观音菩萨送给唐僧的帽子，内藏金箍，孙悟空戴上后受苦。'}],[],西游记
西游记_物品_花梨木匣儿_0,花梨木匣儿,物品,[{'17': '小妖所携木匣，内装请帖，被孙悟空打死小妖后获得，匣中请帖写着熊罴邀请金池长老赴佛衣会。'}],[],西游记
西游记_物品_花磁盏子_0,花磁盏子,物品,[{'53': '老婆婆用来舀落胎泉水的瓷器小碗。'}],[],西游记
西游记_物品_花褶靴_0,花褶靴,物品,[{'2': '混世魔王所穿的靴子，雄如上将。'}],[],西游记
西游记_物品_花鞋_0,花鞋,物品,"[{'81': '妖精的左脚花鞋，化作本身模样欺骗悟空。'}, {'83': '妖精的鞋子，曾吹仙气变作本身模样使遗鞋计脱身。'}]",[],西游记
西游记_物品_茯苓膏_0,茯苓膏,物品,[{'64': '赤身鬼使捧上的食物，四老和唐僧各吃了几块。'}],[],西游记
西游记_物品_草铺_0,草铺,物品,[{'81': '天王殿内为女子安排的临时睡铺。'}],[],西游记
西游记_物品_草龙_0,草龙,物品,[{'71': '孙悟空用软草扎成的草龙，让金圣宫娘娘跨上，带她飞回朱紫国。'}],[],西游记
西游记_物品_药乳_0,药乳,物品,[{'69': '药乳钵？文中“药乳并乳钵”，药乳可能指研钵中的乳钵或药膏，此处按原文提取为制药器皿之一。'}],[],西游记
西游记_物品_药师灯_0,药师灯,物品,[{'96': '道场中点的一架灯，用于消灾。'}],[],西游记
西游记_物品_药碾_0,药碾,物品,[{'69': '制药工具，用于碾碎药材。'}],[],西游记
西游记_物品_药磨_0,药磨,物品,[{'69': '制药工具，用于研磨药材。'}],[],西游记
西游记_物品_药罗_0,药罗,物品,[{'69': '制药工具，用于筛药粉。'}],[],西游记
西游记_物品_药酒_0,药酒,物品,[{'75': '老魔想用药酒药杀肚中的孙大圣，但酒被孙大圣接喝了。'}],[],西游记
西游记_物品_莲台_0,莲台,物品,[{'42': '千叶莲台，由天罡刀所化，观音坐于其上，后被红孩儿坐而受伤。'}],[],西游记
西游记_物品_莲花_0,莲花,物品,[{'8': '观音抛下的莲花，隔开猪悟能的钉耙。'}],[],西游记
西游记_物品_莲花台_0,莲花台,物品,[{'77': '文殊、普贤菩萨的法器，抛在青狮、白象背上使其皈依。'}],[],西游记
西游记_物品_菩萨戒经_0,菩萨戒经,物品,[{'98': '佛经之一。第一次一百一十六卷，第二次六十卷。'}],[],西游记
西游记_物品_菩萨经_0,菩萨经,物品,[{'98': '佛经之一，属三藏真经。第一次一千二十一卷，第二次三百六十卷。'}],[],西游记
西游记_物品_落胎泉水_0,落胎泉水,物品,[{'54': '西梁女国的泉水，可打胎。猪八戒此前曾吃过一盏儿落胎泉水，已打下胎来。'}],[],西游记
西游记_物品_葡萄酒_0,葡萄酒,物品,[{'2': '花果山众猴庆祝时饮用的酒。'}],[],西游记
西游记_物品_葫芦_1,葫芦,物品,[{'39': '太上老君装盛九转还魂丹的葫芦，老君倒吊葫芦底倾出一粒金丹。'}],[],西游记
西游记_物品_葫芦_2,葫芦,物品,[{'5': '太上老君丹房内炉左右安放的五个葫芦，内盛九转金丹。大圣将葫芦中金丹倾出吃尽。'}],[],西游记
西游记_物品_葫芦_3,葫芦,物品,[{'7': '寿星手捧，内藏万年丹。'}],[],西游记
西游记_物品_葱白色云头花绢绣锦沿边的鹤氅_0,葱白色云头花绢绣锦沿边的鹤氅,物品,[{'46': '童儿穿的道袍，被孙行者变作土黄色直裰。；由鹤氅变化的僧衣，童儿穿上后像和尚。'}],土黄色的直裰,西游记
西游记_物品_蓝布包袱_0,蓝布包袱,物品,[{'56': '孙悟空变作小和尚时肩上的包袱，内称有盘缠。'}],[],西游记
西游记_物品_蓝田碧玉带_0,蓝田碧玉带,物品,[{'11': '唐太宗所系的玉带。'}],[],西游记
西游记_物品_蓬莱碗_0,蓬莱碗,物品,[{'54': '宴席上所用的碗，带有蓬莱图案。'}],[],西游记
西游记_物品_藕丝步云履_0,藕丝步云履,物品,"[{'3': '北海龙王敖顺献上的靴子，作为披挂之一送给孙悟空。'}, {'4': '孙悟空的靴子，在出战巨灵神时穿戴。'}, {'80': '孙悟空当年脚穿的靴子。'}]","步云履,步云鞋",西游记
西游记_物品_藜杖_0,藜杖,物品,[{'67': '驼罗庄老者拄的拐杖，老者用藜杖指定行者说话。'}],[],西游记
西游记_物品_藤纥褡_0,藤纥褡,物品,[{'92': '辟尘大王所使用的兵器，似藤棍。'}],[],西游记
西游记_物品_藤缠篾织斗篷_0,藤缠篾织斗篷,物品,[{'20': '三藏法师穿戴的斗篷。'}],[],西游记
西游记_物品_蘸钢刀_0,蘸钢刀,物品,"[{'28': '黄袍怪使用的兵器，精光耀映，又名追魂取命刀，与猪八戒、沙僧交战。'}, {'29': '黄袍怪的兵器，用于与八戒沙僧厮杀。'}, {'30': '老妖的兵器，又称宝刀。锋利无比，曾用来审沙僧、杀公主。'}, {'31': '黄袍怪（奎木狼）使用的宝刀，与孙悟空的金箍棒交锋。'}]",钢刀,西游记
西游记_物品_虎头牌_0,虎头牌,物品,[{'22': '卷帘将（沙悟净）腰间悬挂的令牌，象征其官职。'}],[],西游记
西游记_物品_虎皮_0,虎皮,物品,[{'14': '孙悟空打死猛虎后剥下的皮，裁作围裙遮体。'}],[],西游记
西游记_物品_虎皮_1,虎皮,物品,[{'20': '虎先锋从自身剥下的皮，用于覆盖卧虎石制造假象。'}],[],西游记
西游记_物品_虎皮裙_0,虎皮裙,物品,"[{'31': '孙悟空围着的虎皮裙子。'}, {'32': '孙悟空穿的裙子，唐僧曾扯住它。'}, {'42': '孙悟空穿的裙子，由虎皮制成。'}]",虎皮裙子,西游记
西游记_物品_虎筋绦子_0,虎筋绦子,物品,[{'49': '孙悟空使用的绳索，穿在老鼋鼻内当作缰绳，以防老鼋无礼。'}],[],西游记
西游记_物品_虚空藏经_0,虚空藏经,物品,[{'98': '佛经之一。第一次四百卷，第二次二十卷。'}],[],西游记
西游记_物品_蟠桃_0,蟠桃,物品,"[{'5': '蟠桃园中的仙桃，分三千年、六千年、九千年一熟，人吃了可成仙了道、长生不老、与天地齐寿。大圣偷吃了许多熟桃。'}, {'6': '蟠桃园中的仙桃，被齐天大圣偷吃老树大桃。'}, {'7': '仙桃，王母亲摘大株奉献如来。半红半绿，能延寿易体。'}, {'19': '王母娘娘蟠桃会上的仙果。孙悟空曾偷盗蟠桃，天蓬元帅也曾在赴会时饮酒。'}, {'24': '天庭的仙桃，孙悟空曾偷窃。'}, {'94': '蟠桃宴上的仙桃，孙悟空因乱蟠桃宴而大反天宫，八戒因蟠桃酒醉戏弄嫦娥。'}]",[],西游记
西游记_物品_蟠桃仙酒_0,蟠桃仙酒,物品,[{'55': '天庭蟠桃会上的仙酒，孙悟空曾盗食。'}],[],西游记
西游记_物品_蟠龙拐杖_0,蟠龙拐杖,物品,"[{'78': '国丈手中拄的拐杖。'}, {'79': '国丈使用的兵器，后被认出是寿星的拐杖，被白鹿偷来。'}]",九节枯藤盘龙拐杖,西游记
西游记_物品_血书_0,血书,物品,[{'101': '殷温娇咬破手指所写，记载父母姓名、跟脚原由，系于玄奘胸前，后被法明长老收藏。'}],[],西游记
西游记_物品_行李_0,行李,物品,"[{'13': '三藏与从者携带的两个包袱，内装物件，未失落。'}, {'15': '唐僧师徒的包袱行囊，内有大唐钱钞等物。'}, {'28': '唐僧师徒西天取经携带的担子，包含衣物等，放在松林里。'}, {'29': '师徒三人的随身物品，交由驿丞保管。'}, {'43': '唐僧师徒携带的物品包裹，沙僧将它捎在马上。'}, {'54': '沙僧挑着的行李包袱，内有关文等物。猪八戒将御米三升捎在包袱之间。'}, {'57': '装行李的包袱。本章中被假行者抢走。'}, {'58': '装有取经行李的包袱，被六耳猕猴抢走。'}, {'65': '存放袈裟、钵盂、文牒等物的包裹，能放光彩，孙悟空找回并带走。'}, {'77': '唐僧师徒的包袱行囊，放在金殿左手下，内含锦襕袈裟等。'}, {'78': '唐僧携带的行李包裹。'}, {'81': '师徒携带的行李包裹。'}, {'82': '唐僧师徒的行李，八戒曾要分行李。'}, {'83': '唐僧师徒的行装，被妖精抢去，后找回。'}, {'85': '唐僧师徒的包袱行囊，沙和尚搬出。'}, {'97': '唐僧师徒的包袱，内含经钱、衬钱、衣物、通关文牒等，被带入监中。'}]","包袱,包裹,行囊,青毡包袱",西游记
西游记_物品_衣服_0,衣服,物品,[{'43': '唐僧被解救后行者取衣服为他穿上。'}],[],西游记
西游记_物品_衣服_1,衣服,物品,[{'72': '七个妖精在濯垢泉洗澡时脱下的七套衣服，被行者变鹰叼走。'}],[],西游记
西游记_物品_衣服头巾_0,衣服头巾,物品,[{'84': '行者从王小二店偷来的俗人衣物，包括衣服、头巾、搭联等，用于装扮唐僧师徒扮作俗人进城。'}],[],西游记
西游记_物品_衣服钗环_0,衣服钗环,物品,[{'95': '假公主脱下的人衣、首饰，被丢弃以现原形，后供皇后辨认。'}],[],西游记
西游记_物品_衬钱_0,衬钱,物品,"[{'56': '布施的钱，唐僧让八戒取几文衬钱买膏药。'}, {'68': '孙悟空身上带的几文钱，让八戒上街买东西用。'}]",[],西游记
西游记_物品_袈裟_1,袈裟,物品,"[{'36': '僧人的法衣。僧官披上袈裟迎接唐僧；众和尚有的披袈裟，有的着褊衫。'}, {'67': '前年被请的和尚所披的袈裟。'}]",[],西游记
西游记_物品_西天论经_0,西天论经,物品,[{'98': '佛经之一。第一次一百三十卷，第二次三十卷。'}],[],西游记
西游记_物品_解毒丹_0,解毒丹,物品,[{'73': '毗蓝婆菩萨给的三粒红丸子，能解百眼魔君的毒药茶，救醒唐僧、八戒、沙僧。'}],[],西游记
西游记_物品_请书匣儿_0,请书匣儿,物品,[{'43': '盛放请帖的匣子，黑鱼精捧着它去送信，被行者打死。'}],[],西游记
西游记_物品_请书匣儿_1,请书匣儿,物品,[{'89': '彩漆的匣子，内装请帖，由青脸儿携带送往竹节山。'}],[],西游记
西游记_物品_请帖_0,请帖,物品,[{'17': '熊罴怪写给金池长老的邀请函，内容为邀请参加佛衣会，落款“侍生熊罴顿首拜”。'}],[],西游记
西游记_物品_请帖_1,请帖,物品,[{'89': '黄狮精写给九灵元圣的邀请函，内容为邀请参加钉钯嘉会，署名“门下孙黄狮顿首百拜”。'}],[],西游记
西游记_物品_课金五十两_0,课金五十两,物品,[{'9': '龙王与袁守诚打赌的卦金。若明日有雨且按时辰数目，龙王送课金五十两奉谢。'}],[],西游记
西游记_物品_贬书_0,贬书,物品,"[{'27': '唐僧写下逐走悟空的文书，悟空接了贬书后离去。'}, {'28': '唐僧写给孙悟空的贬书，写明永不听用，孙悟空被逐赶时带在身上。'}, {'30': '唐僧写给孙悟空的驱逐文书，证明孙悟空被赶走。'}]",[],西游记
西游记_物品_赤铜刀_0,赤铜刀,物品,[{'20': '虎先锋使用的武器，有两口赤铜刀。'}],[],西游记
西游记_物品_赭黄袍_0,赭黄袍,物品,[{'11': '唐太宗还阳后所穿的黄袍。'}],[],西游记
西游记_物品_赭黄袍_1,赭黄袍,物品,[{'40': '一件赭黄色龙袍，宝林寺僧人进献的宝物。'}],[],西游记
西游记_物品_赭黄袍_2,赭黄袍,物品,[{'4': '独角鬼王献给孙悟空的袍子，孙悟空穿起后封鬼王为先锋，后见太白金星时也罩在甲上。'}],[],西游记
西游记_物品_走盘珠_0,走盘珠,物品,[{'101': '龙王赠送的宝珠，共两颗。'}],[],西游记
西游记_物品_起信论经_0,起信论经,物品,[{'98': '佛经之一。第一次一千卷，第二次五十卷。'}],[],西游记
西游记_物品_轮回琼液_0,轮回琼液,物品,[{'90': '太上老君送给太乙救苦天尊的酒，喝后醉三日。'}],[],西游记
西游记_物品_辟水珠_0,辟水珠,物品,[{'38': '井龙王或夜叉所用的避水宝物，夜叉将国王尸抬出水晶宫后摘了辟水珠，水声响起。'}],[],西游记
西游记_物品_辟水金睛兽_0,辟水金睛兽,物品,"[{'60': '牛魔王的坐骑，能辟水。牛魔王骑它赴碧波潭宴，后被孙悟空偷走并变作牛魔王去骗扇。'}, {'61': '牛魔王的坐骑，能避水，孙悟空偷骑至芭蕉洞。'}]",[],西游记
西游记_物品_辟火罩_0,辟火罩,物品,[{'16': '广目天王的宝物，孙行者借来罩住唐僧、白马和行李，使禅堂不被火烧。'}],[],西游记
西游记_物品_达公鞋_0,达公鞋,物品,[{'36': '唐僧脚上穿的鞋子，拖泥带水。'}],[],西游记
西游记_物品_达摩衣_0,达摩衣,物品,[{'36': '唐僧穿的一件二十五条衣，即僧袍。'}],[],西游记
西游记_物品_通关文牒_0,通关文牒,物品,"[{'12': '太宗写给玄奘的取经文牒，用了通行宝印，用于西行过关。'}, {'29': '唐天子颁发的通关文牒，上写取经缘由，需沿途倒换。'}, {'40': '通关文牒，唐僧师徒西行所需官方文书，国王倒换关文。'}, {'45': '唐朝的官方文书，唐僧师徒经过各国时需要倒换关文，行者带在身上。'}, {'46': '通关文牒，国王用了宝印后本想交给唐僧放行，后因道士反对收回，最终在赌赛后放行时给予唐僧。'}, {'47': '唐僧的通关文牒，国王换文后送出朝门。'}, {'54': '唐僧师徒西行取经的官方文书，上面有大唐皇帝宝印及途经各国的国印。女王在牒文后添加了孙悟空、猪悟能、沙悟净的名讳，并用了御印和手字花押。'}, {'57': '又称关文，唐王颁发的取经凭证。本章中假行者在水帘洞念诵文牒。'}, {'62': '唐僧取经的通关文书，需各国倒换验印。'}, {'64': '唐僧师徒西行通关的凭证，祭赛国王为其倒换。'}, {'65': '唐僧取经的官方文书，为佛门至宝，在包袱中。'}, {'68': '通关文牒，唐僧需要倒换关文才能通行各国。又称通关文牒。'}, {'78': '唐僧随身携带的文书，需倒换关文印信。'}, {'81': '通关文牒，与书信封在一起。'}, {'85': '通关文牒，唐僧请求倒换关文以继续西行。'}, {'88': '唐僧的通关文牒，上有各国印信，用于验证身份。唐僧在玉华王府呈上关文倒换宝印。'}, {'93': '唐僧师徒的通关文书，需在天竺国倒换，随身携带。'}, {'94': '通关文牒，唐僧师徒取经所需文书，国王用宝印押花字后交付。'}, {'96': '唐僧的官方文书，放在引袋中挂在胸前。'}, {'97': '唐僧随身携带的文书，有各国宝印花押，证明身份。'}, {'98': '唐僧奉东土大唐皇帝旨意的文书。在大雄宝殿上奉与如来，如来看了还递与三藏。'}, {'100': '唐僧所持官方文书，上有大唐及西行各国印信，向太宗缴纳。'}]","关文,文牒",西游记
西游记_物品_《道德经》_0,《道德经》,物品,[{'44': '道家经典，道士在三清观开讲此经。文本中“开讲《道德经》”。'}],[],西游记
西游记_物品_酥合香油_0,酥合香油,物品,[{'92': '点金灯所用的香油，价格昂贵，犀牛精盗取此油并摄走唐僧。'}],[],西游记
西游记_物品_金丹砂_0,金丹砂,物品,[{'52': '如来赐予十八罗汉的宝物，共十八粒，能陷住妖魔，但被金刚琢套去。'}],[],西游记
西游记_物品_金交椅_0,金交椅,物品,[{'54': '女王放在龙床左手的一把金椅，请唐僧坐下。'}],[],西游记
西游记_物品_金光明品经_0,金光明品经,物品,[{'98': '佛经之一。第二次传经时出现，五十卷。'}],[],西游记
西游记_物品_金击子_0,金击子,物品,[{'24': '敲取人参果的器具，赤金制成，长二尺，指头粗细，底有蒜疙疸头子，上系绿绒绳。'}],[],西游记
西游记_物品_金刚琢_0,金刚琢,物品,"[{'6': '太上老君的兵器，又名金钢套，乃锟钢抟炼，还丹点成，善能变化，水火不侵，能套诸物，被老君丢下打中猴王天灵。'}, {'7': '太上老君的法宝，曾抛出击打悟空。'}, {'52': '又称圈子、金刚套、连珠镯头。太上老君之宝，能套取各种兵器水火，被青牛偷下界。'}, {'71': '太上老君的法宝，孙悟空自述中提及老君曾丢下此套擒拿孙悟空。'}]","金钢套,金钢琢",西游记
西游记_物品_金刚经_0,金刚经,物品,[{'98': '佛经之一。第一次一百卷，第二次一卷。'}],[],西游记
西游记_物品_金叵罗_0,金叵罗,物品,[{'54': '宴席上所用的金制酒器。'}],[],西游记
西游记_物品_金屏_0,金屏,物品,[{'94': '四面金屏，挂在永镇华夷阁壁上，画着春夏秋冬四景，并有翰林名士题咏。'}],[],西游记
西游记_物品_金弓_0,金弓,物品,"[{'6': '二郎显圣真君的装备，曾用弹弓打中齐天大圣变的花鸨。'}, {'63': '二郎显圣的武器，装上银弹打九头虫。'}]",弹弓,西游记
西游记_物品_金旨_0,金旨,物品,[{'98': '如来的法旨。观音菩萨当年领金旨寻取经人，本回中如来传金旨召唐僧进殿，后传金旨命八大金刚送圣僧回东。'}],[],西游记
西游记_物品_金杯_0,金杯,物品,[{'70': '朱紫国国王盛酒的杯子，满斟金杯奉与行者，行者将金杯连酒望空一撇，灭了妖火。'}],[],西游记
西游记_物品_金杯_1,金杯,物品,[{'82': '妖精用来斟酒的金杯，满斟美酒递给唐僧。'}],[],西游记
西游记_物品_金漆牌儿_0,金漆牌儿,物品,"[{'74': '狮驼洞巡山小妖佩戴的身份牌。小钻风的牌背面是“威镇诸魔”金牌，正面有“小钻风”三字。孙悟空变作“总钻风”牌儿。'}, {'75': '小钻风的身份牌子，孙大圣假扮时出示以证明身份。'}]",牌儿,西游记
西游记_物品_金灯_0,金灯,物品,[{'92': '金平府金灯桥上的三盏灯，点灯用酥合香油，犀牛精假扮佛像受用。'}],[],西游记
西游记_物品_金烟墨_0,金烟墨,物品,[{'9': '一种名贵的墨，陈列在袁守诚卦铺中。'}],[],西游记
西游记_物品_金牌_0,金牌,物品,"[{'29': '宝象国国王召见猪八戒和沙僧所用的令牌。'}, {'62': '国王降下金牌，命锦衣卫去取妖贼。'}]",[],西游记
西游记_物品_金牌_1,金牌,物品,[{'31': '奎木狼腰间的金牌，上殿叩头纳罪时取出。'}],[],西游记
西游记_物品_金瓜钺斧_0,金瓜钺斧,物品,[{'10': '秦叔宝与尉迟敬德把守宫门时所执兵器。'}],[],西游记
西游记_物品_金盔_0,金盔,物品,[{'22': '卷帘将（沙悟净）头顶佩戴的头盔，日光下晃亮。'}],[],西游记
西游记_物品_金砖_0,金砖,物品,[{'93': '给孤独长者买祇园时所用，以黄金为砖布满园地。布金禅寺由此得名。'}],[],西游记
西游记_物品_金箍儿_0,金箍儿,物品,"[{'14': '嵌金花帽中的金箍，观音菩萨传授唐僧，戴上后念紧箍咒会使孙悟空头痛，无法取下。'}, {'15': '即金箍，戴在孙悟空头上，配合紧箍儿咒使用。'}, {'27': '观音菩萨给唐僧用来约束悟空的箍，戴在悟空头上，配合紧箍儿咒使用。'}, {'36': '孙行者头上戴的箍儿。行者进寺前按一按顶上金箍。'}, {'42': '如来赐给观音的三个箍之一，已用于孙悟空头上。'}, {'57': '观音菩萨赐予唐僧用来约束孙悟空的箍，念动紧箍儿咒可使箍收紧。本章中孙悟空头上的箍儿陷在肉里。'}, {'58': '孙悟空头上戴的箍，配合紧箍儿咒使用。'}, {'100': '戴在孙悟空头上的紧箍，用于约束其行为，成佛后自然消失。'}]","箍子,紧箍儿,金箍",西游记
西游记_物品_金箍儿_1,金箍儿,物品,"[{'42': '如来赐给观音的三个箍之一，未曾舍得与人，本回中给了红孩儿，变作五个套其头手、脚。'}, {'43': '观音菩萨用来降伏童子的法宝，戴在颈项手足上，见肉生根，越抹越痛。'}, {'57': '观音菩萨的三件宝贝之一，与紧箍儿、禁箍儿并称。本章中提及“金紧禁三个箍儿”。'}]",金箍,西游记
西游记_物品_金箍棒_0,金箍棒,物品,"[{'3': '天河定底神珍铁，重一万三千五百斤，两头金箍中间乌铁，上镌字。可随心意变化大小，原是大禹治水定江海浅深的定子，被孙悟空取为兵器。'}, {'4': '孙悟空的兵器，也称金箍棒、铁棒。可从耳中取出，随意变化大小，重如泰山。孙悟空曾用它打败巨灵神和哪吒。'}, {'5': '齐天大圣的兵器，又称如意棒。可从耳朵中掣出，幌一幌变成碗来粗细、丈二长短。大圣用它打退九曜星、战天神。'}, {'6': '齐天大圣的兵器，又称如意棒、金箍棒、绣花针，是天河定底的神珍铁，可变化大小。'}, {'7': '即如意金箍棒，悟空兵器。可从耳中掣出，迎风变碗口粗细，能变三条。'}, {'14': '又称天河底镇神珍铁、铁棒，原为东洋大海龙宫宝物，孙悟空用于降妖，可大小变化，平时收于耳内。'}, {'15': '孙悟空的武器，又称如意金箍棒，重且威力大，在此回中与龙争斗。'}, {'16': '孙行者的武器，从耳朵里掣出，能打碎砖墙。'}, {'17': '孙悟空的武器，又称如意棒、铁棒，重达一万三千五百斤，能随心意变化大小。'}, {'18': '行者的兵器，可变化，从耳内取出绣花针迎风变成碗来粗细，又称金箍棒。'}, {'19': '又称铁棒，孙悟空的兵器。文本中孙悟空持金箍棒与猪八戒战斗，曾用铁棒打碎云栈洞门。'}, {'20': '孙行者的武器，又称铁棒，重且威力大。'}, {'21': '孙悟空的兵器如意金箍棒，又称如意铁棒，能随心意变化。'}, {'22': '孙悟空的兵器，又称棒。本回中行者轮起铁棒欲打沙悟净，将其吓回水中。'}, {'23': '孙悟空的兵器，能变化，重万斤。本回中孙悟空揝一揝金箍棒，万道彩云生，吓得龙马快跑。'}, {'24': '孙悟空的武器，可变化，重如千斤，打石头如粉碎，但筑人参果树下的土地无痕迹。'}, {'25': '孙行者的兵器，又名铁棒。用于打人参果树、战斗等。'}, {'27': '悟空的兵器，本回中多次提及为‘铁棒’，悟空曾自称手执如意金箍棒。'}, {'30': '孙大圣的兵器，即金箍棒。猪八戒怕被此棒打。'}, {'31': '孙悟空的兵器，又称铁棒。可随意变化大小，重如泰山。'}, {'33': '孙悟空的兵器，又称铁棒，有万夫不当之勇。悟空曾理开棒使解数压惊，后变作毫毛等。'}, {'34': '孙行者的兵器，又称铁棒，重且能变化，孙行者用它打杀小妖、与二魔交战。；孙行者的宝贝，与金箍棒相同，随身变化，可大可小，能容于身上。孙行者变作苍蝇时将此宝带在身上。'}, {'35': '孙大圣的兵器，如意金箍棒，用于战斗，多次打杀小妖。'}, {'36': '孙行者的兵器，又称棍子。本回中行者执铁棒剖路开路，进寺后执铁棒威吓僧众，将棍子变得盆来粗细，竖在天井里，并一棍打碎石狮子。'}, {'38': '孙悟空的兵器，可随意伸缩。行者用金箍棒放下八戒入井，后又伸下井底将八戒连尸首提上来。'}, {'39': '孙悟空使用的武器，即如意金箍棒，重一万三千五百斤。'}, {'40': '孙大圣的兵器，能变大变小，曾使移山缩地之法时用棒一指。'}, {'41': '孙悟空使用的武器，铁棒，可变化，用于与红孩儿交战。'}, {'42': '又称铁棒，孙悟空的兵器，重万斤，可大可小。'}, {'43': '孙悟空的兵器（如意金箍棒），本回中行者用铁棒打死黑鱼精。'}, {'44': '孙悟空的武器，又称铁棒，可随意变化大小。文本中孙悟空取出铁棒打杀了两个道士。'}, {'45': '孙大圣的兵器，可变化大小，用于号令风雨雷电，向上一指则刮风，二指则布云，三指则雷鸣电闪，四指则下雨，五指则天晴。'}, {'46': '孙行者的兵器，能变化大小，他将其变作一把剃头刀为童儿剃发。'}, {'47': '孙悟空使用的武器，即金箍棒。行者曾拿铁棒去查看水边石碑。'}, {'48': '行者的武器，即金箍棒，在冰上行走时横担以防落水。'}, {'49': '孙悟空的兵器，沉重无比，曾在岸上与灵感大王交战，妖怪抵挡不住。'}, {'50': '孙悟空的兵器，可随意变化大小，本回中被独角兕大王的圈子套走。'}, {'51': '又称铁棒。孙悟空的兵器，被兕怪抢去，后孙悟空变作獾头精潜入洞中夺回。'}, {'52': '又称铁棒。孙悟空的兵器，重如龙尾，曾被金刚琢套去，后偷回。'}, {'53': '孙悟空的兵器，又称铁棒，重如龙巅。'}, {'55': '孙悟空的武器如意金箍棒，文中称铁棒。'}, {'56': '孙悟空的武器，重一万三千五百斤，可变化大小，本回中用来打杀强盗。又称金箍棒、铁棒。'}, {'57': '又称铁棒，孙悟空的兵器。本章中假行者轮铁棒打唐僧。'}, {'58': '孙悟空的武器，又称金箍铁棒、铁棒，可大可小。'}, {'59': '孙悟空的兵器，又称铁棒，可随意变化大小。'}, {'60': '孙悟空的武器，重一万三千五百斤。与牛魔王混铁棍相斗。'}, {'61': '孙悟空的兵器，又称铁棒、如意棒，可随意大小。'}, {'62': '孙悟空的兵器，用来拦住妖精并逼供。'}, {'63': '孙悟空的兵器，可变化大小，本回中吹仙气变作戒刀使用。'}, {'64': '孙悟空的武器，即金箍棒，用来拨开荆棘。'}, {'65': '又称铁棒。孙悟空的兵器，可变化大小，用于打斗和破金铙。'}, {'66': '孙悟空的兵器，又名铁棒，随意如心，重且能变化。'}, {'67': '行者的兵器，又称棒子，能撑天捣地，本回中行者用铁棒与妖怪争斗，并在妖怪腹中将铁棒搠出。'}, {'70': '孙悟空的武器，原是龙宫镇海之珍，文中称为“铁棒”、“金箍如意棒”。孙悟空用它打先锋、打有来有去。'}, {'71': '又称如意棒、铁棒，孙悟空的武器，可大可小。孙悟空以此棒与赛太岁交战，并用来打门、解锁。'}, {'72': '孙悟空的武器，本回中他掣出金箍棒欲打丝绳，但未下手。'}, {'73': '孙悟空的武器，可随心变化大小，又称如意金箍棒，从耳朵中取出。'}, {'74': '孙悟空的兵器，一条铁棒，可大可小。孙悟空曾言一棍打死十万妖精，或变长变粗滚杀妖魔。'}, {'75': '又称铁棒、哭丧棒、灵阳棒、神珍棒，孙大圣的兵器，九转镔铁炼成，老君亲手炉中煅，禹王求得号神珍，可随意变化大小轻重，曾用来闹天宫、保唐僧。'}, {'76': '孙大圣的兵器，可大可小，文中又称铁棒。曾伸出试妖魔咬合，搠二魔鼻孔，与三魔交战。'}, {'77': '孙悟空的兵器，重十万八千斤，能变化大小。'}, {'79': '孙悟空使用的兵器，又称如意棒。与国丈的蟠龙拐杖多次交锋，威力强大。'}, {'80': '孙大圣的武器，又称铁棒。本回中行者取出金箍棒开路、辖制女子。'}, {'81': '孙悟空的武器，又称金箍棒，可变化大小，威力强大。'}, {'82': '孙悟空的武器，如意金箍棒。他要用铁棒打妖精。'}, {'83': '又称铁棒。孙悟空的兵器，可随意变化大小，曾变作枣核钉儿撑住妖精上腭。'}, {'84': '孙悟空的武器，又称宝贝，可随意变化。在此回中变成千百口剃头刀，后又恢复原形收于耳内。；由金箍棒变化而成，有千百口，孙悟空和小行者各拿一把，去皇宫内院、五府六部、各衙门里剃头。'}, {'85': '孙悟空的武器，也称哭丧棒。在此回中孙悟空用它相助猪八戒。'}, {'86': '孙行者的兵器，可变化大小，本回中用以打妖怪、打破石门、掬起老怪等。'}, {'88': '孙悟空的兵器，重一万三千五百斤，能大能小，可藏于耳中。原为大禹治水时定江海深浅的定子，又称金箍棒。'}, {'89': '孙行者的兵器，重达万斤，能随心意变化。被盗后放在虎口洞东山头。'}, {'90': '孙大圣的兵器，重千斤，可变化大小。'}, {'92': '孙悟空的武器，又称铁棒，能大能小。'}, {'95': '孙悟空的兵器，又称铁棒。可变化万千，与捣药杵相斗，威名显赫。'}, {'99': '孙悟空的武器如意金箍棒，本回中行者双手轮起铁棒护持。'}, {'100': '孙悟空使用的武器，随其保护唐僧。'}]","剃头刀,哭丧棒,如意佛宝,如意棒,如意金箍棒,金箍铁棒,铁棒",西游记
西游记_物品_金紧禁箍儿_0,金紧禁箍儿,物品,[{'12': '如来赐予的三个箍儿，菩萨密密藏收以俟后用，未出卖。'}],[],西游记
西游记_物品_金线_0,金线,物品,"[{'68': '孙悟空从尾上拔毫毛变出的三条丝线，用于悬丝诊脉。每条长二丈四尺，按二十四气。'}, {'69': '三条金线，用于悬丝诊脉。行者将线头穿出窗外，系在国王手腕上诊视。'}]",[],西游记
西游记_物品_金色鲤_0,金色鲤,物品,[{'9': '金色的鲤鱼。渔翁张稍每日送一尾金色鲤给袁守诚，作为袖传一课的报酬。'}],[],西游记
西游记_物品_金花_0,金花,物品,[{'4': '玉帝赐给孙悟空的花，共十朵。'}],[],西游记
西游记_物品_金苍蝇_0,金苍蝇,物品,[{'75': '孙大圣拔脑后毫毛变出的假苍蝇，用来唬骗老魔，劈脸撞去。'}],[],西游记
西游记_物品_金钗_0,金钗,物品,[{'11': '李翠莲在门首拔下施舍给僧人的金钗，导致丈夫责骂而自缢。'}],[],西游记
西游记_物品_金钟_0,金钟,物品,[{'3': '东海龙宫之物，撞钟可召三海龙王。'}],[],西游记
西游记_物品_金钢钻_0,金钢钻,物品,[{'75': '由救命毫毛变化而成，用于钻破阴阳二气瓶。'}],[],西游记
西游记_物品_金钵盂_0,金钵盂,物品,[{'58': '如来的法宝，用于盖住变成蜜蜂的六耳猕猴。'}],[],西游记
西游记_物品_金铙_0,金铙,物品,"[{'65': '妖王的法宝，一副金铙，能将人合在里面，随大小变化，坚硬无比，后被孙悟空打破。'}, {'66': '黄眉大王的法宝，曾将孙悟空罩在里面，后被孙悟空打破，碎金被弥勒复原。；金铙被打碎后的金碴，堆在殿莲台上，后弥勒吹气复原。'}]",碎金,西游记
西游记_物品_金银一库_0,金银一库,物品,"[{'10': '相良寄放在阴司的十三库金银，太宗出名借用一库给散枉死城饿鬼。'}, {'11': '唐太宗在阴司向相良借的一库金银，还阳后命胡敬德送还。'}]",金银,西游记
西游记_物品_金银珠儿_0,金银珠儿,物品,[{'93': '布金禅寺雨后从祇园基址淋出的宝物，有造化的人能拾到。'}],[],西游记
西游记_物品_金银纸锭_0,金银纸锭,物品,[{'11': '相良买来焚烧记库的纸锭，由此在阴司积下钱钞。'}],[],西游记
西游记_物品_金鞭_0,金鞭,物品,[{'7': '王灵官的武器，与如意棒相斗。'}],[],西游记
西游记_物品_金顶毗卢帽_0,金顶毗卢帽,物品,"[{'11': '唐太宗赐给陈玄奘的帽子。'}, {'62': '唐僧的佛帽，入朝时佩戴。'}, {'78': '唐僧头戴的僧帽。'}, {'93': '唐僧所戴的帽子，被绣球打歪。'}, {'94': '唐僧所戴的帽子，孙悟空变作蜜蜂飞至其毗卢帽上，悄悄说话。'}, {'98': '唐僧所戴的僧帽。唐僧戴了毗卢帽，手持锡杖。后按一按毗卢帽。'}]",毗卢帽,西游记
西游记_物品_钟_0,钟,物品,[{'81': '寺中撞钟之物，悟空敲击引妖。'}],[],西游记
西游记_物品_钢刀_0,钢刀,物品,"[{'2': '混世魔王的兵器，一口板大的钢刀，后被悟空夺去并杀死魔王。'}, {'3': '孙悟空从混世魔王处夺得的刀，但因榔槺不遂意，后欲寻更趁手兵器。'}]",大刀,西游记
西游记_物品_钢刀_2,钢刀,物品,"[{'75': '老魔的兵器，金火炉中造，神功百炼熬，曾砍孙大圣头顶三刀。'}, {'76': '狮王（老魔）的兵器，举刀砍八戒。'}, {'77': '狮王（老魔）的兵器，锋利无情。'}]",[],西游记
西游记_物品_钢叉_0,钢叉,物品,[{'13': '刘伯钦手持的武器，三股叉，擎天幌日，用于打杀猛虎。'}],[],西游记
西游记_物品_钢斧_0,钢斧,物品,[{'32': '樵夫（日值功曹）手持的斧头，用于伐柴。'}],[],西游记
西游记_物品_钢枪_0,钢枪,物品,[{'90': '抟象狮使用的武器。'}],[],西游记
西游记_物品_钺斧_0,钺斧,物品,[{'90': '伏狸狮使用的武器。'}],[],西游记
西游记_物品_钺斧_1,钺斧,物品,[{'92': '辟寒大王所使用的兵器。'}],[],西游记
西游记_物品_铁弹_0,铁弹,物品,[{'94': '孙悟空被压五行山下时的食物，饥餐铁弹。'}],[],西游记
西游记_物品_铁杵_0,铁杵,物品,"[{'85': '老妖使用的武器，形似棒槌。'}, {'86': '南山大王使用的兵器，与孙行者的金箍棒交手时使用。'}]",[],西游记
西游记_物品_铁柜_0,铁柜,物品,[{'77': '位于锦香亭内，三魔将唐僧藏在其中，后被沙僧用降妖杖打开。'}],[],西游记
西游记_物品_铁棍_0,铁棍,物品,[{'61': '牛魔王使用的另一件兵器，与金箍棒对抗。'}],[],西游记
西游记_物品_铁牌_0,铁牌,物品,[{'3': '幽冥界城上悬挂的牌，上有三个大字‘幽冥界’。'}],[],西游记
西游记_物品_铁笊篱_0,铁笊篱,物品,[{'46': '捞取油锅中骨骸的工具，因眼孔稀疏未能捞到孙行者变的枣核钉。'}],[],西游记
西游记_物品_铁笼_0,铁笼,物品,[{'30': '宝象国朝房内关押猛虎（唐僧）的笼子，用铁绳锁住。'}],[],西游记
西游记_物品_铁笼_1,铁笼,物品,[{'43': '鼍龙准备用来蒸唐僧和八戒的器具，命令小妖刷洗抬出。'}],[],西游记
西游记_物品_铁笼_2,铁笼,物品,[{'77': '用来蒸唐僧师徒的笼子，有一格一格的格子。'}],[],西游记
西游记_物品_铁索_0,铁索,物品,[{'63': '用于锁拿小妖和龙婆，穿龙婆琵琶骨所用。'}],[],西游记
西游记_物品_铁索_1,铁索,物品,[{'92': '妖王用来锁唐僧的锁链。'}],[],西游记
西游记_物品_铁蒺藜_0,铁蒺藜,物品,[{'90': '猱狮精使用的武器。'}],[],西游记
西游记_物品_铁钩子_0,铁钩子,物品,[{'92': '用来穿犀牛精鼻子的工具。'}],[],西游记
西游记_物品_铁鼓_0,铁鼓,物品,[{'3': '东海龙宫之物，凡有紧急事擂鼓可召三海龙王。'}],[],西游记
西游记_物品_铃_0,铃,物品,[{'67': '和尚念经时手中所拿的铃。'}],[],西游记
西游记_物品_铃子_0,铃子,物品,"[{'74': '巡山小妖腰间悬挂的铃铛，与梆子配合发出声响。'}, {'75': '小妖巡山时敲打的铃铛，孙大圣进洞时卸下。'}]",梆铃,西游记
西游记_物品_铜汁_0,铜汁,物品,[{'94': '孙悟空被压五行山下时的饮料，渴饮铜汁。'}],[],西游记
西游记_物品_铜钟_0,铜钟,物品,[{'80': '镇海禅林寺中一口倒在地上的铜钟，上半截白下半截青，被道人打钟。'}],[],西游记
西游记_物品_铜锣_0,铜锣,物品,[{'70': '有来有去敲的锣，用于通报。孙悟空变作他后也敲锣。'}],[],西游记
西游记_物品_铜锤_0,铜锤,物品,[{'90': '白泽狮使用的武器。'}],[],西游记
西游记_物品_铠甲_0,铠甲,物品,[{'22': '卷帘将（沙悟净）身穿的甲胄，明霞照亮。'}],[],西游记
西游记_物品_铠甲_1,铠甲,物品,[{'92': '用犀牛皮制造的防护装备，计划给官员等人。'}],[],西游记
西游记_物品_银凿落_0,银凿落,物品,[{'54': '宴席上所用的银制酒器。'}],[],西游记
西游记_物品_银子_0,银子,物品,[{'76': '八戒攒的私房钱，四钱六分一块儿，藏在左耳朵眼，被行者诈去。'}],[],西游记
西游记_物品_银子_1,银子,物品,[{'89': '二十两白银，刁钻古怪等用来买猪羊，后被孙行者取走并赏给铁匠。'}],[],西游记
西游记_物品_银弹_0,银弹,物品,[{'63': '二郎显圣的弹药，配金弓使用。'}],[],西游记
西游记_物品_银駔马_0,银駔马,物品,"[{'12': '太宗送给玄奘作为远行脚力的马匹。'}, {'13': '三藏骑乘的马，连马共四口（包括三藏和二从者），后找回。'}, {'29': '唐僧的坐骑，用于驮行李和代步。'}, {'100': '太宗所赐的车马，请唐僧上马回朝。'}]","御车马,马匹",西游记
西游记_物品_销金包袱_0,销金包袱,物品,[{'41': '孙悟空变的包袱，被小妖捡入洞中，后孙悟空真身变作苍蝇。'}],[],西游记
西游记_物品_锁_0,锁,物品,[{'52': '金皘洞后门的锁，被孙悟空用解锁法打开。'}],[],西游记
西游记_物品_锁_1,锁,物品,[{'92': '用来锁住唐僧的铁锁，孙悟空用解锁法打开。'}],[],西游记
西游记_物品_锁子黄金甲_0,锁子黄金甲,物品,"[{'3': '西海龙王敖闰献上的铠甲，作为披挂之一送给孙悟空。'}, {'4': '孙悟空的铠甲，在出战巨灵神时穿戴。'}, {'80': '孙悟空当年身穿的铠甲。'}]","黄金甲,黄金铠甲",西游记
西游记_物品_锟鋘剑_0,锟鋘剑,物品,[{'66': '四大神将所用的宝剑，四将各持一把，锋利无比。'}],[],西游记
西游记_物品_锦布直裰_0,锦布直裰,物品,"[{'24': '孙悟空的衣服，用来兜住打落的人参果。'}, {'31': '孙悟空穿的锦布直裰。'}]",锦直裰,西游记
西游记_物品_锦绣花旗_0,锦绣花旗,物品,[{'86': '南山大王群妖扎营时所闪的旗帜，上有锦绣花纹。'}],[],西游记
西游记_物品_锦袋儿_0,锦袋儿,物品,[{'59': '灵吉菩萨装定风丹的锦袋。'}],[],西游记
西游记_物品_锦襕袈裟_0,锦襕袈裟,物品,"[{'8': '如来给予观音的宝物，让取经人穿用，可免堕轮回。'}, {'11': '唐太宗赐给陈玄奘的袈裟。'}, {'12': '如来赐予的宝贝，价值五千两，由冰蚕丝等制成，镶嵌多种宝珠，穿上可避灾厄，闲时折迭，遇圣才穿。'}, {'13': '三藏穿着的法衣，在佛前礼拜时穿着。'}, {'16': '唐僧的宝贝袈裟，佛门异宝，红光满室，彩气盈庭，被黑大王趁火打劫盗走。'}, {'17': '唐僧的袈裟，被黑熊精偷走，欲以此举办佛衣会。后由观音菩萨取回，孙悟空捧还。'}, {'18': '又称佛衣、宝贝，行者从黑风洞取回，唐僧持有的重要衣物。'}, {'37': '唐僧的宝物袈裟，被列为第三等宝贝，上有佛衣诗描述其来历与功效。'}, {'45': '唐僧的袈裟，披在身上准备进朝。'}, {'57': '观音菩萨赐给唐僧的宝贝袈裟。本章中提及为三件宝贝之一。'}, {'62': '唐僧的宝物袈裟，入朝时穿着。'}, {'65': '唐僧的佛门至宝，上有如意珠、摩尼珠等宝物，能放毫光，被妖王脱在包袱内。'}, {'66': '唐僧的袈裟，被救后披上拜谢诸神。'}, {'68': '唐僧的袈裟，八戒取出袈裟关文。'}, {'77': '唐僧的袈裟，上有夜明珠，能放光彩，孙悟空据此找到行李。'}, {'78': '唐僧身穿的珍贵袈裟。'}, {'93': '唐僧所穿的僧衣，去见驾时穿着。'}, {'96': '唐僧穿的僧衣，拜佛时穿了袈裟。'}, {'97': '唐僧的宝物袈裟，价值千金，霞光焰焰，被狱卒发现后又归还。'}, {'98': '唐僧的珍贵袈裟。次早唐僧换了衣服，披上锦襕袈裟，登堂拜辞大仙。后抖一抖锦袈裟，喜喜欢欢见如来。'}, {'99': '唐僧的宝物，难簿中记有“失却袈裟十一难”。'}]","五彩织金袈裟,袈裟,锦澜袈裟,锦襕佛衣,锦襕异宝佛袈裟,锦襕异宝袈裟",西游记
西游记_物品_锦锈团花宝幢_0,锦锈团花宝幢,物品,[{'90': '青脸儿执的旗帜类宝物。'}],[],西游记
西游记_物品_锯子_0,锯子,物品,[{'92': '用来锯下犀牛角的工具。'}],[],西游记
西游记_物品_长枪_2,长枪,物品,[{'67': '妖怪使用的兵器，实为蛇的信子，被八戒称为软柄枪。本回中妖怪舞枪与行者、八戒交战。'}],[],西游记
西游记_物品_长枪_3,长枪,物品,[{'70': '赛太岁部下先锋的武器，是人间转炼铁所制，被孙悟空一棒打断。'}],[],西游记
西游记_物品_门板_0,门板,物品,[{'9': '袁守诚卦铺的门板。龙王抡起门板便打袁守诚。'}],[],西游记
西游记_物品_闷棍_0,闷棍,物品,[{'90': '狻猊狮使用的武器。'}],[],西游记
西游记_物品_阴阳二气瓶_0,阴阳二气瓶,物品,"[{'74': '云程万里鹏随身携带的宝贝。若把人装在瓶中，一时三刻化为浆水。孙悟空听闻后心中暗惊，要仔细防他瓶儿。'}, {'75': '又称宝瓶，阴阳二气之宝，内有七宝八卦、二十四气，高二尺四寸，需三十六人按天罡之数抬动。装入人后若人说话则生火焰，还有蛇和火龙攻击。被孙大圣用金钢钻钻出眼孔泄了阴阳之气而失效。'}]",[],西游记
西游记_物品_阴阳交媾的好水_0,阴阳交媾的好水,物品,[{'82': '妖精命女怪打来的净水，用于做素果素菜筵席。'}],[],西游记
西游记_物品_降妖杵_0,降妖杵,物品,"[{'4': '哪吒三太子的六般兵器之一，在与孙悟空交战时使用。'}, {'51': '哪吒太子的六般兵器之一，与兕怪交战时被圈子套去。'}]",降魔杵,西游记
西游记_物品_降妖柱_0,降妖柱,物品,[{'7': '绑缚悟空的柱子，刀砍斧剁不能伤。'}],[],西游记
西游记_物品_降妖棒_0,降妖棒,物品,"[{'8': '沙悟净手持的宝杖，与木吒战斗。文本中称宝杖、降妖杖。'}, {'22': '沙悟净的兵器，又称宝杖、降妖杖。原是月宫梭罗派吴刚伐下的桂枝，经鲁班制造，玉皇赐给卷帘大将。能降妖伏魔，可长可短。'}, {'25': '沙和尚的兵器，与猪八戒、孙行者一起围攻镇元仙。'}, {'28': '沙僧使用的兵器，即降妖宝杖，用于与黄袍怪交战。'}, {'29': '沙悟净的兵器，降妖宝杖，用于战斗。'}, {'33': '沙僧的兵器，与二魔的七星剑交战，不敌败阵。'}, {'35': '沙和尚的兵器，用以打退群妖。'}, {'39': '沙僧使用的武器，即降妖宝杖。'}, {'40': '沙僧的兵器，用于护卫唐僧。'}, {'43': '沙僧的兵器，本回中沙僧持此杖入水与鼍龙战斗。'}, {'48': '沙僧的武器，在冰上行走时横担以防落水。'}, {'49': '沙僧的兵器，出自月宫梭罗仙木，又名宝杖，与妖怪的铜锤相斗。'}, {'53': '沙和尚的兵器，用于打斗。'}, {'54': '沙悟净的兵器，在保护唐僧时掣出宝杖劈头打向摄走唐僧的女子。'}, {'57': '又称宝杖，沙僧的兵器。本章中沙僧用降妖杖打假沙僧和假行者。'}, {'58': '沙僧的武器，又称宝杖。'}, {'74': '沙僧的兵器，称为降妖杖。沙僧曾言一杖打死一个妖魔。'}, {'76': '沙僧的兵器，与二魔交战使用。'}, {'77': '沙和尚的兵器，降妖宝杖。'}, {'82': '沙僧的武器，禅杖。他与八戒一起拦住洞门。'}, {'83': '沙僧的兵器，用于助战。'}, {'85': '沙和尚使用的武器，在此回中与妖精战斗。'}, {'88': '沙僧的兵器，重五千零四十八斤，又称降妖杖。原为卷帘大将的兵器。'}, {'89': '沙和尚的兵器，又称宝杖。被盗后放在虎口洞西山头。'}, {'90': '沙僧的兵器，重八百斤，又称宝杖。'}, {'92': '沙僧的武器，宝杖，用于战斗。'}]","宝杖,杖,禅杖,降妖宝杖,降妖杖,降妖真宝杖",西游记
西游记_物品_降魔杵_0,降魔杵,物品,[{'42': '惠岸使用的兵器，用以筑天罡刀刀柄。'}],[],西游记
西游记_物品_随心铁杆兵_0,随心铁杆兵,物品,[{'58': '六耳猕猴的武器，与如意金箍棒相似。'}],[],西游记
西游记_物品_雕翎箭_0,雕翎箭,物品,[{'37': '太子射中白兔的箭，后被插在宝林寺门槛上，太子见箭不见兔而惊讶。'}],[],西游记
西游记_物品_雕鞍_0,雕鞍,物品,[{'80': '马鞍，唐僧稳坐雕鞍。'}],[],西游记
西游记_物品_霜毫大笔_0,霜毫大笔,物品,[{'9': '一种大号毛笔，陈列在袁守诚卦铺中，与端溪砚、金烟墨相衬。后被龙王砸铺时捽碎。'}],笔,西游记
西游记_物品_青桃_0,青桃,物品,[{'82': '妖精摘的青桃子，唐僧吃了。'}],[],西游记
西游记_物品_青砂罐_0,青砂罐,物品,[{'27': '白骨精第一次变化时手中所提的罐子，内里实为长蛆。'}],[],西游记
西游记_物品_青竹篮儿_0,青竹篮儿,物品,[{'55': '观音菩萨化身的老妈妈所提的篮子，用于挑菜。'}],[],西游记
西游记_物品_青锋宝剑_0,青锋宝剑,物品,[{'37': '太子手执的兵器，在出城采猎时佩戴。'}],[],西游记
西游记_物品_青锋宝剑_1,青锋宝剑,物品,"[{'59': '铁扇公主的兵器，两口双剑。'}, {'60': '铁扇公主的武器，两把。牛魔王曾取此剑追赶孙悟空。'}]",[],西游记
西游记_物品_青锦直裰_0,青锦直裰,物品,"[{'22': '猪八戒穿的衣服。下水前他剥了青锦直裰，脱了鞋。'}, {'31': '猪八戒穿的一件衣服，被猴子们揪破。'}]",直裰子,西游记
西游记_物品_面山_0,面山,物品,[{'87': '披香殿内约二十丈高下的面山，边有金毛哈巴狗长一舌短一舌餂面，需狗餂尽面方得下雨。'}],[],西游记
西游记_物品_鞍辔_0,鞍辔,物品,[{'15': '马具，包括雕鞍、宝凳、衬屉、缰笼等，唐僧的白马原有但被龙吞，后由落伽山山神土地赠送一副。'}],[],西游记
西游记_物品_鞭儿_0,鞭儿,物品,[{'15': '落伽山山神土地赠送的挽手，皮丁儿寸札的香藤柄子，虎筋丝穿结的梢儿。'}],[],西游记
西游记_物品_飞剑_0,飞剑,物品,[{'8': '玉帝用来穿沙悟净胸胁的飞剑。'}],[],西游记
西游记_物品_飞龙宝杖_0,飞龙宝杖,物品,"[{'21': '灵吉菩萨的法宝，丢下后变成八爪金龙抓住黄风怪。'}, {'59': '灵吉菩萨的宝物，曾用来降服黄风怪。'}]",飞龙杖,西游记
西游记_物品_首楞严经_0,首楞严经,物品,[{'98': '佛经之一。第一次一百一十卷，第二次三十卷。'}],[],西游记
西游记_物品_香油_0,香油,物品,[{'46': '倒入大锅中烧滚的油，孙行者洗时滚热，羊力洗时因冷龙护持而冰冷。'}],[],西游记
西游记_物品_香炉_0,香炉,物品,"[{'67': '和尚念经时焚香所用的炉子。'}, {'87': '凤仙郡军民头顶香炉拈香，念诵阿弥陀佛。'}]",[],西游记
西游记_物品_香烛_0,香烛,物品,[{'56': '祭祀用品，唐僧想取香烛祷祝，但山中无处购买。'}],[],西游记
西游记_物品_香环_0,香环,物品,[{'101': '殷温娇给玄奘的信物，让他去寻婆婆张氏。'}],[],西游记
西游记_物品_香花宝烛_0,香花宝烛,物品,[{'83': '灵山如来的供品，金鼻白毛老鼠精曾偷食。'}],[],西游记
西游记_物品_香茶_0,香茶,物品,[{'24': '明月献给唐僧的茶。'}],[],西游记
西游记_物品_香蕙_0,香蕙,物品,[{'78': '国丈折取的香草。'}],[],西游记
西游记_物品_香藤轿_0,香藤轿,物品,[{'76': '妖魔准备的轿子，用香藤制成，抬唐僧过山。后十六小妖抬轿。'}],[],西游记
西游记_物品_马尿_0,马尿,物品,[{'69': '白龙马所尿，约少半盏，腥臊。行者认为龙马之尿可治病，与药饵搅和制丸。'}],[],西游记
西游记_物品_马蹄金_0,马蹄金,物品,[{'56': '金子的一种，孙悟空谎称包袱里有马蹄金二十来锭。'}],[],西游记
西游记_物品_鱼鳞_0,鱼鳞,物品,[{'48': '灵感大王被八戒钉钯筑落后留下的鳞片，冰盘大小，共有两个。'}],[],西游记
西游记_物品_鸬鹚杓_0,鸬鹚杓,物品,[{'54': '宴席上所用的酒杓，形状如鸬鹚。'}],[],西游记
西游记_物品_鹅笼_0,鹅笼,物品,"[{'78': '比丘国各家门首放置的笼子，内装五六岁小孩，外用五色彩缎遮幔，准备取其心肝做药引。'}, {'79': '装有被选中小儿的笼子，共一千一百一十一个，被孙悟空施法摄去，后送回。'}]",[],西游记
西游记_物品_鹅黄绫汗巾_0,鹅黄绫汗巾,物品,[{'73': '百眼魔君系着小钥匙的汗巾，用来打开小皮箱。'}],[],西游记
西游记_物品_鹦鹉杯_0,鹦鹉杯,物品,[{'54': '宴席上所用的珍贵酒杯，形状如鹦鹉。'}],[],西游记
西游记_物品_麻经葛纬云头履_0,麻经葛纬云头履,物品,[{'78': '国丈脚上穿的鞋子。'}],[],西游记
西游记_物品_麻绳_0,麻绳,物品,[{'77': '捆缚唐僧师徒的绳子，八戒抱怨勒得入肉二寸。'}],[],西游记
西游记_物品_黄庭_0,黄庭,物品,[{'1': '道德真言经书，樵夫歌唱“静坐讲黄庭”，孙悟空认为此乃神仙之言。'}],[],西游记
西游记_物品_黄旗_0,黄旗,物品,[{'70': '有来有去担着的旗子，孙悟空打死他后将其藏在路旁。'}],[],西游记
西游记_物品_黄榜_0,黄榜,物品,[{'101': '招贤文榜，太宗颁布天下，招取贤士赴长安应试。'}],[],西游记
西游记_物品_黄金_0,黄金,物品,[{'47': '珍贵金属。陈澄修桥补路等花费三十斤黄金，女儿因此取名一秤金。'}],[],西游记
西游记_物品_黄金_1,黄金,物品,[{'94': '十锭黄金，国王赠予唐僧徒弟的盘缠，八戒接了过去。'}],[],西游记
西游记_物品_黄金大锁_0,黄金大锁,物品,[{'87': '披香殿左边铁架上挂的金锁，约一尺三四寸长，锁梃指头粗细，需灯焰燎断锁梃方得下雨。'}],[],西游记
西游记_物品_黄金宝串_0,黄金宝串,物品,[{'70': '金圣娘娘心爱之物，是一双黄金宝串，原本带在手上，因端午褪下。国王交给孙悟空作为信物。文中又称金串。'}],[],西游记
西游记_物品_黄金炉瓶_0,黄金炉瓶,物品,[{'24': '五庄观正殿香几上摆设的黄金香炉和香瓶。'}],[],西游记
西游记_物品_黄钱_0,黄钱,物品,[{'11': '刘全袖带之物，用于阴司祭奠。'}],[],西游记
西游记_物品_黄骠马_0,黄骠马,物品,[{'37': '太子骑乘的坐骑，在出城采猎时使用。'}],[],西游记
西游记_物品_黍米之丹_0,黍米之丹,物品,[{'26': '三星拥有的丹药，可救活打杀了的走兽飞禽等，但无法医治人参果树。'}],[],西游记
西游记_物品_黑缨枪_0,黑缨枪,物品,[{'17': '黑熊精的武器，一杆黑缨长枪，与孙悟空的金箍棒斗了十数回合不分胜负。'}],[],西游记
西游记_物品_黑铁甲_0,黑铁甲,物品,[{'2': '混世魔王所穿的铁甲，紧勒皮条。'}],[],西游记
西游记_物品_鼓_0,鼓,物品,[{'81': '寺中报时之鼓，悟空敲击引妖。'}],[],西游记
西游记_物品_齐眉棍_0,齐眉棍,物品,[{'88': '玉华王大王子使用的兵器，凡间武器。'}],[],西游记
西游记_物品_龙头_0,龙头,物品,[{'10': '泾河龙王被斩后的血淋淋头颅，从云端落下，被秦叔宝、徐茂功等掷于帝前，后悬挂市曹。'}],[],西游记
西游记_物品_龙王牌位_0,龙王牌位,物品,[{'87': '凤仙郡百姓家家供养的龙王牌位，以祈求降雨。'}],[],西游记
西游记_物品_龙车_0,龙车,物品,[{'54': '女王乘坐的车驾，又称凤辇，装饰华丽，有六龙喷彩、双凤生祥。唐僧与女王同乘龙车入城。'}],[],西游记
西游记_组织_一十八位护教伽蓝_0,一十八位护教伽蓝,组织,"[{'15': '观音菩萨差来的护法神祇之一，共十八位，各各轮流值日保护取经者。'}, {'21': '又称护教伽蓝，奉菩萨法旨暗中保护唐僧的神灵。本回中点化一座庄院，给孙悟空三花九子膏医治眼痛，并留下颂子。'}, {'98': '如来召集的伽蓝神众，在传经之会列席。'}]","十八伽蓝,护法伽蓝",西游记
西游记_组织_七十二洞妖王_0,七十二洞妖王,组织,[{'5': '花果山的妖怪首领，共七十二洞。大圣曾与他们分饮仙酒，后独角鬼王领他们出战，尽被天兵捉拿。'}],[],西游记
西游记_组织_三十六员雷将_0,三十六员雷将,组织,[{'7': '雷部神将，奉调围困大圣，后被佛祖令停息。'}],[],西游记
西游记_组织_三千揭谛_0,三千揭谛,组织,"[{'58': '佛教护法神，在雷音寺听如来说法，后围住六耳猕猴。'}, {'77': '如来的护法神众，布散在左右。'}, {'98': '如来召集的揭谛神众，在传经之会列席。'}, {'100': '佛教护法神群体，在灵山听讲，结尾佛号中被提及。'}]","三千揭谛大菩萨,三千揭谛神",西游记
西游记_组织_三清_0,三清,组织,"[{'5': '蟠桃会所请的上八洞神仙，包括三清（玉清、上清、太清）等。'}, {'7': '道教最高神，包括元始天尊、灵宝天尊、道德天尊。'}]",上八洞三清,西游记
西游记_组织_东岳观_0,东岳观,组织,[{'96': '寇员外请来的一班道士，为唐僧师徒送行。'}],[],西游记
西游记_组织_东海龙宫_0,东海龙宫,组织,"[{'3': '东海龙王敖广管辖的水下势力，有水晶宫及众多水族官员、兵将，藏有无数宝物。'}, {'41': '东海龙王的势力，包括龙子龙孙、虾兵蟹卒、巡海夜叉等。水晶宫为其宫殿。'}, {'70': '文中提到孙悟空的铁棒是“龙宫镇海珍”，暗示龙宫的存在。'}, {'87': '东海龙王敖广的治所，行雨需上天旨意，龙王回海点兵。'}]",龙宫,西游记
西游记_组织_中书科_0,中书科,组织,[{'100': '唐朝官署，负责誊写真经。'}],[],西游记
西游记_组织_乌鸡国_0,乌鸡国,组织,"[{'37': '位于宝林寺西面四十里的城池，国王被全真篡位，国中五年前曾遭干旱。'}, {'38': '乌鸡国王治理的国家，京城有皇宫、御花园等。太子回城、唐僧师徒降妖的主要场景。'}, {'39': '西域一国，国王被狮猁王害死并冒充三年，唐僧师徒经过此地，救活国王并降妖。'}, {'40': '一个国家，唐僧师徒曾在此安邦定国，国王、太子、三宫妃后等属于此国。'}, {'54': '唐僧师徒途经的国家，其国印出现在通关文牒上。'}, {'99': '国家，难簿中记有“乌鸡国救主二十六难”。'}, {'100': '西行路上的国家，通关文牒上有其印信。'}]",乌鸡国,西游记
西游记_组织_九天仙女_0,九天仙女,组织,[{'7': '天庭仙女，奉命大开宫殿。'}],[],西游记
西游记_组织_九天应元府_0,九天应元府,组织,"[{'51': '天庭下属府衙，邓化、张蕃二雷公即由此点派。'}, {'87': '天庭府衙，天尊所在，行者至此借雷部官将。'}]","九天应元府,九天府",西游记
西游记_组织_九曜星_0,九曜星,组织,"[{'5': '天庭星官，九位星君。玉帝差他们随李天王下界，率先出战花果山，被大圣打退。'}, {'6': '天宫星神，曾挑战齐天大圣，俱败走而回。'}, {'7': '天庭星神，被悟空打得闭门闭户。'}, {'31': '天庭的神官，玉帝差人查勘时发现九曜星官皆在。'}, {'56': '天庭的九位星神，孙悟空称九曜星官怕他。'}]",九曜星官,西游记
西游记_组织_二十八宿_0,二十八宿,组织,"[{'5': '天庭星官群体，包括角亢氐房等二十八宿星。玉帝调他们随李天王下界，在花果山布阵围困。'}, {'31': '天庭的星宿神群。奎木狼是其中之一，因下界十三日（下界十三年），被其他二十七宿念咒召回。'}, {'56': '天庭的星宿神群，孙悟空称二十八宿惧他。'}, {'65': '天庭的星宿神团队，共二十八位，奉玉帝旨意下界救孙悟空，与妖王交战。'}, {'66': '天界星宿团体，奉玉帝旨意下界救孙悟空，后被黄眉大王用后天袋子装去。'}, {'92': '天庭的星宿神群，包括角木蛟、斗木獬、奎木狼、井木犴等。'}]",[],西游记
西游记_组织_云部_0,云部,组织,[{'87': '天庭部门之一，玉帝传旨云部布云。'}],[],西游记
西游记_组织_五岳四渎_0,五岳四渎,组织,[{'5': '五岳山神与四水水神，玉帝调他们率普天星相下界。'}],[],西游记
西游记_组织_五庄观_0,五庄观,组织,"[{'24': '位于万寿山中的道观，观内有人参果树，门上有‘万寿山福地，五庄观洞天’碑文，二门春联写‘长生不老神仙府，与天同寿道人家’。'}, {'25': '镇元仙的道观，位于万寿山。内有人参果树，唐僧师徒在此偷吃果子并推倒树。'}, {'26': '镇元大仙的仙宫，有人参果树，孙悟空在此偷果并推倒果树。'}, {'99': '道观，镇元子居所，难簿中记有“五庄观中十八难”。'}]",五庄观,西游记
西游记_组织_五方五老_0,五方五老,组织,"[{'5': '蟠桃会所请的尊神，包括西天佛老、南方南极观音、东方崇恩圣帝、十洲三岛仙翁、北方北极玄灵、中央黄极黄角大仙等。'}, {'7': '天庭五位老君或星老，赴安天大会。'}]",五老,西游记
西游记_组织_五百灵官_0,五百灵官,组织,[{'66': '武当山太和宫的护法神将，簇拥祖师。'}],[],西游记
西游记_组织_五百罗汉_0,五百罗汉,组织,"[{'21': '佛教罗汉群体，被黄风吹得闹喧天。'}, {'58': '五百罗汉，在雷音寺听如来说法，后围住六耳猕猴。'}, {'77': '如来的护法群体，随如来降妖，围住三个魔头。'}, {'98': '又称五百阿罗。如来召集的罗汉众，在大雄殿两边排列。'}, {'100': '五百阿罗汉群体，在结尾佛号中被提及。'}]","五百阿罗,五百阿罗大菩萨,五百阿罗汉",西游记
西游记_组织_五路猖神_0,五路猖神,组织,[{'56': '五方猖狂鬼神，孙悟空称五路猖神曾与他当后生。'}],[],西游记
西游记_组织_仪制司_0,仪制司,组织,[{'94': '朝廷机构，负责礼仪事务，带领唐僧徒弟去会同馆，请行者三人入留春亭。'}],[],西游记
西游记_组织_伏龙寺_0,伏龙寺,组织,"[{'63': '金光寺改名后的新寺名，悬有“敕建护国伏龙寺”匾额。'}, {'64': '祭赛国的一座寺庙，寺中僧人曾送唐僧师徒，有的想跟随西行。'}]",伏龙寺,西游记
西游记_组织_佛家_0,佛家,组织,"[{'54': '佛教。唐僧作为出家人，怕丧元阳败坏佛家德行，坚守戒律。'}, {'61': '释迦牟尼佛祖所代表的佛教势力，派遣四大金刚并传旨擒拿牛魔王。'}]",[],西游记
西游记_组织_佛门_0,佛门,组织,"[{'8': '佛门，如来为教主，观音等菩萨、诸佛罗汉都属于佛教。'}, {'39': '以如来佛祖、观世音菩萨、文殊菩萨等为代表的宗教势力，主导西天取经之事。'}, {'43': '佛教，孙悟空皈依佛门，唐僧取经为佛门事业。'}, {'86': '佛教，孙行者自述“皈依从释教”，唐僧师徒皆为释教弟子，前往西天取经。'}, {'94': '佛教，唐僧师徒皈依的宗教，八戒、沙僧得观音指明皈依佛教，保护唐僧西天取经。'}, {'99': '佛教，本回中提及“佛门中九九归真”。'}]","佛教,释教",西游记
西游记_组织_傲来国_0,傲来国,组织,"[{'1': '东胜神洲海外的一个国土，靠近大海，花果山所在区域。'}, {'2': '东胜神洲中的一个国家，花果山在其境内。'}, {'3': '花果山东去二百里水面的国家，有城池、六街三市、万户千门，兵器馆和武库位于其中。'}, {'6': '花果山所在的国家，属于东胜神洲。'}, {'20': '东胜神洲的一个国家，花果山水帘洞位于傲来国海东。'}, {'54': '孙悟空的原籍，位于东胜神洲。'}, {'74': '花果山水帘洞所在的国家，孙悟空祖居于此。'}]",傲来国,西游记
西游记_组织_光禄寺_0,光禄寺,组织,[{'100': '唐朝官署，负责设宴酬谢唐僧。'}],[],西游记
西游记_组织_光禄寺_1,光禄寺,组织,[{'54': '西梁女国负责安排宴席的官署。女王传旨教光禄寺排宴，准备荤素两样筵席。'}],[],西游记
西游记_组织_光禄寺_2,光禄寺,组织,[{'62': '祭赛国负责宴席的机构，备荤素筵席，翻席到建章宫。'}],[],西游记
西游记_组织_光禄寺_3,光禄寺,组织,"[{'68': '朱紫国的官署，负责办斋膳。'}, {'69': '朝廷官署，负责排宴酬谢。国王命光禄寺排宴，东阁设筵。'}, {'78': '负责安排素斋招待唐僧的官署。'}]",[],西游记
西游记_组织_光禄寺_4,光禄寺,组织,[{'79': '负责宫廷宴席的机构，为唐僧师徒准备斋供和素宴。'}],[],西游记
西游记_组织_光禄寺_5,光禄寺,组织,[{'85': '钦法国负责宫廷宴会的机构，国王命其大排筵宴。'}],[],西游记
西游记_组织_光禄寺_6,光禄寺,组织,[{'94': '朝廷机构，负责安排宴席，如十二日会喜佳筵、三席素宴等。'}],[],西游记
西游记_组织_八大金刚_0,八大金刚,组织,"[{'21': '佛教金刚群体，被黄风吹得齐嚷乱。'}, {'52': '守护雷音寺山门的金刚，雄纠纠两边挡住。'}, {'58': '佛教护法金刚，曾阻挡真假孙悟空进入雷音寺。'}, {'98': '如来座下的金刚，奉佛旨驾送圣僧回东土传留真经，并引圣僧西回，须在八日之内。'}, {'99': '佛教护法金刚，共八位。本回中送唐僧回国，后按菩萨法旨使其坠地。'}, {'100': '如来座下护法金刚，驾香风护送唐僧师徒往返东土与灵山，在半空等待。'}]",[],西游记
西游记_组织_八极_0,八极,组织,[{'7': '天庭八极神祇，赴安天大会。'}],[],西游记
西游记_组织_八菩萨_0,八菩萨,组织,"[{'7': '灵山八大菩萨。'}, {'98': '如来召集的菩萨众，在传经之会排列两侧。'}]",[],西游记
西游记_组织_六甲六丁_0,六甲六丁,组织,[{'61': '护法神将团体，奉旨围困牛魔王。'}],[],西游记
西游记_组织_北斗七元_0,北斗七元,组织,"[{'7': '天庭七元星君，赴安天大会。'}, {'51': '北斗七星君的统称，在灵霄殿前迎接孙悟空。'}]",七元,西游记
西游记_组织_十一大曜_0,十一大曜,组织,[{'98': '如来召集的星曜神众，在传经之会列席。'}],[],西游记
西游记_组织_十二元辰_0,十二元辰,组织,"[{'5': '天庭神祇，子午卯酉等十二位。玉帝调他们下界围剿花果山。'}, {'31': '天庭的神祇，与九曜星官等一同被查勘，无人离位。'}]",[],西游记
西游记_组织_十八罗汉_0,十八罗汉,组织,"[{'52': '如来座下十八位罗汉，本回中奉如来命持金丹砂助战。'}, {'77': '即十八尊轮世的阿罗汉，随如来在宝莲台下讲经。'}]",十八阿罗汉,西游记
西游记_组织_十殿阎王_0,十殿阎王,组织,"[{'3': '幽冥界的十位统治者，即十殿阎王：秦广王、初江王、宋帝王、忤官王、阎罗王、平等王、泰山王、都市王、卞城王、转轮王，共同管理阴间事务。'}, {'11': '阴司的十位冥王，共同掌管生死轮回。唐太宗曾与他们对坐。'}, {'21': '地府的十殿阎王，被黄风吹得寻觅判官。'}, {'37': '阴间十殿阎君，与全真交好，使得国王冤魂无门投告。'}, {'56': '地府的十殿阎王，孙悟空称十代阎君曾与他为仆从。'}, {'58': '地府十位阎王，包括秦广王、楚江王、宋帝王、卞城王、阎罗王、平等王、泰山王、都市王、忤官王、转轮王，在森罗宝殿会齐辨别真假孙悟空。'}]","十代冥王,十代阎君,十代阎王,十代阎罗",西游记
西游记_组织_十都_0,十都,组织,[{'7': '地府十殿阎君，赴安天大会。'}],[],西游记
西游记_组织_千真万圣_0,千真万圣,组织,[{'7': '众多神仙真圣，赴安天大会。'}],[],西游记
西游记_组织_南斗六司_0,南斗六司,组织,"[{'7': '天庭六司神祇，赴安天大会。'}, {'51': '南斗六星君的统称，在灵霄殿前迎接孙悟空。'}]",六司,西游记
西游记_组织_南来寺_0,南来寺,组织,[{'96': '寇员外请来的一班和尚，为唐僧师徒做送行佛事。'}],[],西游记
西游记_组织_可韩司_0,可韩司,组织,[{'51': '玉帝下属的部门，负责查勘诸天星斗神王是否思凡下界。'}],[],西游记
西游记_组织_司礼监_0,司礼监,组织,[{'68': '朱紫国的内宫机构，太监们属于司礼监内臣。'}],[],西游记
西游记_组织_唐朝_0,唐朝,组织,"[{'8': '东土的国家，观音前来寻取经人。'}, {'10': '唐太宗所统治的王朝，又称唐朝。太宗为大唐皇帝，有御林军、文武百官。'}, {'11': '唐朝，唐太宗统治的国家。'}, {'12': '太宗统治的皇朝，崇尚佛教，举办水陆大会，支持玄奘西天取经。'}, {'13': '三藏所属的国家，唐王治下，边界至河州卫、两界山东半边。'}, {'14': '又称唐朝，唐僧的出发地，太宗皇帝治下的中原王朝。；唐朝皇朝，太宗皇帝派遣唐僧西天取经。'}, {'15': '东土大唐国，唐僧所在的国家，奉旨派遣唐僧西天取经。'}, {'16': '唐僧出发的国家，又称东土。'}, {'20': '东土大唐国，唐僧奉圣旨从大唐出发前往西天取经。'}, {'23': '唐僧的出发地，唐王所在的国家。唐僧自称是东土大唐来的，奉旨拜佛求经。'}, {'24': '唐僧出发取经的地方。'}, {'25': '唐僧出发取经的国家。'}, {'28': '唐僧出家的国度，奉大唐皇帝敕命前往西天取经。'}, {'29': '唐僧的祖国，即南赡部洲大唐国，唐天子所在。'}, {'32': '东土大唐，唐僧所在的朝代，师徒们是唐朝来的取经人。'}, {'36': '唐僧所在的国家，即唐朝。唐僧自称是东土大唐驾下差来的，受唐王恩宥。'}, {'37': '唐僧的故国，奉旨取经的出发地。又称东土。'}, {'39': '唐僧的故国，唐王治下，位于南赡部洲。'}, {'42': '唐僧出发取经的国度。'}, {'47': '唐僧的故乡，距离陈家庄五万四千里。'}, {'54': '东土大唐国（即中华上国），唐僧的故国，唐王所在之处。'}, {'56': '唐僧出身的国家，唐太宗治下的皇朝。又称大唐。'}, {'57': '东土大唐王朝，即唐僧取经的出发地。本章中通关文牒上写明“东土大唐王皇帝李”。'}, {'59': '唐僧的故乡，取经的出发地。；东土大唐国，唐僧奉大唐皇帝之命西天取经。'}, {'62': '东土大唐，唐僧取经的出发地。'}, {'68': '东土大唐，唐僧的故乡，唐王统治的国家。又称东土大唐。'}, {'70': '唐僧和孙悟空的出发地，文中提到“东土大唐”。'}, {'72': '唐僧出发的国家，文本中提及。'}, {'73': '唐僧取经的出发地，即唐朝，唐僧自称为东土大唐驾下差往西天取经者。'}, {'80': '唐僧的故乡，即东土大唐国。'}, {'85': '唐僧的出发地，即唐朝。'}, {'86': '东土大唐王朝，唐僧的祖国，本回中称“东土唐朝”，唐僧受唐王差遣前往西天取经。'}, {'88': '唐僧的故乡，即唐朝，位于东方。'}, {'89': '唐僧师徒所属的国家，唐僧奉唐王命前往西天取经。'}, {'93': '唐僧所属的国家，皇帝派遣唐僧前往西天拜佛求经。'}, {'96': '唐僧的故乡，东土大唐皇朝，唐僧奉太宗皇帝之命西行取经之地。'}, {'98': '东土的国家，唐僧奉大唐皇帝旨意西天取经。太宗皇帝曾赐紫金钵盂。'}, {'101': '唐朝，太宗皇帝登基的王朝，天下太平，八方进贡，四海称臣。'}]","东土大唐,中华,大唐,大唐国",西游记
西游记_组织_四大天将_0,四大天将,组织,[{'58': '马、赵、温、关四位天将，随广目天王把守南天门。'}],[],西游记
西游记_组织_四大天师_0,四大天师,组织,"[{'6': '天宫的神职人员，在通明殿前迎候菩萨，引奏表章。'}, {'7': '天庭天师，奉命大开宫殿。'}, {'31': '天庭的四位天师：张、葛、许、邱。在天庭通明殿问孙悟空来由，并启奏玉帝。'}, {'51': '张道陵、葛仙翁、许旌阳、丘弘济四位天师的合称，负责传奏玉帝旨意。'}, {'58': '张、葛、许、邱四位天师，在灵霄宝殿奏报玉帝。'}, {'83': '天庭的张、葛、许、邱四位天师，在通明殿迎接孙悟空并引见玉帝。'}]",四天师,西游记
西游记_组织_四大天王_0,四大天王,组织,"[{'5': '天庭神将，玉帝差遣他们协同李天王、哪吒太子等率天兵下界捉拿大圣。在混战中与大圣交战。'}, {'6': '天宫神将，在花果山围困妖猴，与李天王共守营门。'}, {'7': '天庭护世天王，被悟空打得无形无影。'}]",四天王,西游记
西游记_组织_四大神将_0,四大神将,组织,[{'66': '大圣国师王菩萨麾下的四员神将，使锟鋘剑，随小张太子助孙悟空，被后天袋子装去。'}],[],西游记
西游记_组织_四大菩萨_0,四大菩萨,组织,[{'58': '佛教四位大菩萨，包括观音、文殊、普贤、地藏等，在雷音寺听如来说法。'}],[],西游记
西游记_组织_四大金刚_0,四大金刚,组织,"[{'7': '灵山护法金刚，在雷音宝刹前。'}, {'77': '灵山山门的守护金刚，包括不坏尊王永住金刚等，阻挡孙悟空。'}, {'98': '灵山雷音寺的护法金刚，在雷音寺山门迎住唐僧，并层层通报唐僧到来。'}]",四金刚,西游记
西游记_组织_四御_0,四御,组织,"[{'5': '蟠桃会所请的神仙之一，指四位天帝。'}, {'7': '天庭四位大帝，赴安天大会。'}]",四帝,西游记
西游记_组织_地府_0,地府,组织,"[{'10': '地府幽冥，由十代阎王掌管，有判官、太尉、鬼使、牛头马面等，负责审判亡魂。'}, {'11': '阴间地府，唐太宗魂游之处，有森罗殿、六道轮回、枉死城等。'}, {'19': '阎罗所掌的冥界。文本中提到上宝沁金钯威震地府阎罗。'}, {'21': '冥界组织，包括十代阎王、判官、牛头马面等，被黄风吹得混乱。'}, {'29': '冥界地府，唐太宗曾魂游此处。'}, {'32': '阎王所在的阴间，鬼祟解与阎王。'}, {'37': '幽冥地府，国王冤魂曾想在此告状，但因十代阎罗与全真交好而无门投告。'}, {'57': '幽冥地府，人死后魂魄所归之处。本章中在文牒中提及“魂游地府”。'}, {'58': '幽冥地府，掌管生死，有十殿阎王、地藏王菩萨等。'}, {'74': '阴司，十代阎君所在。大大王与十地阎君以兄弟相称。'}, {'81': '幽冥地府，由十代阎王管辖，孙悟空曾打入其中。'}]","地府,阴司",西游记
西游记_组织_天兵_0,天兵,组织,"[{'6': '玉帝调派的十万天兵，围困花果山，布下天罗地网。'}, {'10': '天庭兵将，在剐龙台上绑缚泾河龙王。'}, {'83': '天庭的军队，由托塔李天王和哪吒三太子统领，曾下界降妖。'}]",[],西游记
西游记_组织_天庭_0,天庭,组织,"[{'4': '玉帝统治的天界朝廷，有天宫、灵霄宝殿、御马监等机构，众仙卿、天将等组成。'}, {'6': '玉帝统领的天宫势力，包括天兵天将、诸神等。'}, {'8': '天界统治机构，玉帝为尊，有天将、天师等。'}, {'9': '以玉帝为首的天界统治机构。玉帝降下敕旨命泾河龙王行雨，又命魏征梦斩泾河龙王。'}, {'14': '天宫，孙悟空曾大闹天宫，后受封弼马温。'}, {'15': '玉帝所在的天宫，玉龙三太子曾在此被判死罪。'}, {'16': '天界统治机构，有南天门、广目天王、玉帝等。'}, {'19': '玉皇统治的天上神界，有众仙、神将、天曹等。天蓬元帅原隶属天庭，受敕封管天河。'}, {'20': '天宫中的神仙政权，孙悟空曾大反天宫，不受天禄。'}, {'22': '天界统治机构，玉皇大帝所统辖。卷帘将原为天庭的卷帘大将，南天门里为尊，灵霄殿前称上。'}, {'24': '天宫仙界的统治机构，孙悟空曾大闹天宫。'}, {'31': '天界统治机构，玉帝所在。孙悟空曾大闹天宫，后上天庭告状收服奎木狼。'}, {'32': '玉帝所在的天界，孙悟空说天魔解与玉帝。'}, {'33': '以玉帝为首的天界统治集团，有南天门、灵霄殿等，派遣五方揭谛、四值功曹护持唐僧。'}, {'39': '以玉皇大帝为首的神仙统治机构，包括南天门、灵霄殿、斗牛宫等。'}, {'42': '以玉皇上帝为首的天上统治机构，曾差十万天兵捉拿孙悟空。'}, {'43': '天界朝廷，玉帝所居。文中提及启奏天庭、天曹降旨等。'}, {'51': '天宫，玉皇大帝所统辖的神界，包括各路天将、星宿、神王等。'}, {'52': '天界统治机构，玉帝所辖，差遣李天王等助孙悟空。'}, {'53': '天界政权，曾派天兵水火帮助孙悟空降妖。'}, {'57': '天宫仙界的统治机构。本章中孙悟空曾想投奔天庭。'}, {'58': '天界，玉帝及众神居所，有南天门、灵霄宝殿等。'}, {'61': '玉帝统领的天界势力，派遣托塔李天王、哪吒等助孙悟空。'}, {'62': '神仙统治的势力，王母娘娘所属，灵霄殿所在。'}, {'65': '玉帝主宰的神仙朝廷，孙悟空曾求救于天，玉帝派遣二十八宿降妖。'}, {'66': '玉帝统辖的天界，曾派二十八宿下界救孙悟空。'}, {'70': '文中提及“南天门”、“灵霄殿”，指天界天庭。'}, {'71': '天界统治机构，玉皇大帝、太白金星、托塔天王等皆属天庭。孙悟空曾大闹天宫。'}, {'74': '天宫神仙势力，玉帝统领。曾差十万天兵降服大大王。太白金星是天庭星官。'}, {'77': '天界统治机构，有北天门、护国天王等。'}, {'81': '天宫，孙悟空曾大闹天宫。'}, {'83': '以玉皇大帝为首的天上神界政权，包括各路天王、神将、天兵等。'}, {'85': '天界的神仙统治机构，猪八戒曾在此任天蓬元帅。'}, {'86': '天宫神庭，孙行者自述曾“官封大圣居云府”，提及十万神兵、满天星宿等天庭势力。'}, {'87': '以玉帝为首的天上政权，统管降雨等事务。行者两次上天宫请旨，玉帝立三事惩罚凤仙郡。'}, {'92': '天宫，玉帝统治的神仙朝廷，孙悟空曾在此做齐天大圣。'}, {'94': '天庭，以玉皇大帝为首的天界政府，八戒曾官赐天蓬元帅，沙僧官授卷帘大将。'}]",天庭,西游记
西游记_组织_天河水府_0,天河水府,组织,[{'29': '猪八戒曾为天蓬元帅时统率八万水兵的水府。'}],[],西游记
西游记_组织_天罗地网_0,天罗地网,组织,[{'6': '围困花果山的兵力部署，由天兵层层把守。'}],[],西游记
西游记_组织_太医院_0,太医院,组织,[{'11': '宫廷医疗机构，为唐太宗进安神定魄汤药，为李玉英进汤药。'}],[],西游记
西游记_组织_太医院_1,太医院,组织,"[{'68': '朱紫国的太医机构，屡选良方未能调治国王。'}, {'78': '为国王治病但无效的御医机构。'}]",[],西游记
西游记_组织_奔芭二将军_0,奔芭二将军,组织,[{'28': '花果山群妖中的两位将军，即奔将军和芭将军，与马流二元帅一同管领众妖，迎接大圣回山。'}],[],西游记
西游记_组织_宁神司_0,宁神司,组织,"[{'4': '齐天大圣府内的一个司，设有仙吏。'}, {'5': '齐天府下设二司之一，与大圣的安静司并立，有仙吏侍卫。'}]",宁神司,西游记
西游记_组织_安静司_0,安静司,组织,"[{'4': '齐天大圣府内的一个司，设有仙吏。'}, {'5': '齐天府下设二司之一，与大圣的宁神司并立，有仙吏侍卫。'}]",安静司,西游记
西游记_组织_宝林寺_0,宝林寺,组织,"[{'37': '敕建的寺院，唐僧师徒住宿之处，位于乌鸡国以东四十里。寺中有禅堂、山门等建筑。'}, {'38': '乌鸡国城外的一座寺院，唐僧师徒借宿之处。太子出城后径至宝林寺山门前下马，拜请行者。'}, {'39': '又称敕建宝林寺，唐僧师徒夜宿的寺庙，乌鸡国国王鬼魂在此参拜唐僧求救。'}, {'40': '一座寺庙，寺中僧人曾送来冲天冠、碧玉带、赭黄袍、无忧履给乌鸡国国王。'}]",宝林寺,西游记
西游记_组织_布金寺_0,布金寺,组织,[{'96': '唐僧师徒曾阻住该寺僧人，僧见黑风过以为活佛临凡。'}],布金寺,西游记
西游记_组织_府县城隍_0,府县城隍,组织,[{'56': '各地城隍神的统称，孙悟空称府县城隍跪他。'}],[],西游记
西游记_组织_御林军_0,御林军,组织,"[{'10': '皇宫禁卫军，请太宗大驾出朝采猎。'}, {'101': '唐王发派的六万御林军，由殷丞相督兵前去江州剿灭刘洪。'}]",[],西游记
西游记_组织_御马监_0,御马监,组织,"[{'4': '天宫中管理天马的机构，设有监丞、监副、典簿、力士等官员，养有千匹天马。孙悟空曾在此任弼马温。'}, {'6': '天庭机构，齐天大圣曾被封为弼马温官。'}, {'56': '天庭管理天马的机构，孙悟空五百年前曾受玉帝封在大罗天御马监养马，官名弼马温。'}]",御马监,西游记
西游记_组织_慈云寺_0,慈云寺,组织,[{'92': '位于金平府旻天县的寺庙，唐僧师徒曾被留宿赏元宵。'}],慈云寺,西游记
西游记_组织_护教诸神_0,护教诸神,组织,[{'30': '暗中保护唐僧的神祇群体，包括丁甲、揭谛、功曹等，在半空中护佑使兵器不能打伤唐僧。'}],[],西游记
西游记_组织_护法诸天_0,护法诸天,组织,"[{'37': '护持唐僧的神祇团体，常在宝林寺山门前护法。'}, {'58': '保护佛教的诸天众神，在普陀山被惊动，后助力围住六耳猕猴。'}, {'82': '暗中保护唐僧的神祇团体。唐僧在祈祷中提及。'}]",[],西游记
西游记_组织_教坊司_0,教坊司,组织,"[{'62': '祭赛国负责音乐的机构，在宴席上动乐奏曲。'}, {'79': '负责宫中音乐的机构，在宴会上奏乐。'}, {'94': '朝廷音乐机构，负责奏乐伏侍赏春景，以新诗奏乐。'}]",[],西游记
西游记_组织_普天星相_0,普天星相,组织,[{'5': '天庭众星宿神祇的总称，玉帝调他们下界共十万天兵，布天罗地网。'}],[],西游记
西游记_组织_朱紫国_0,朱紫国,组织,"[{'68': '西牛贺洲的一个国家，有城池、皇州、五凤楼、端门、金殿、披香殿、鼓楼等。唐僧师徒经过此处。'}, {'70': '一个国度，国王因皇后被摄而患病。孙悟空师徒路过此地，治病并答应降妖。国中有避妖楼、金銮殿、昭阳宫等。'}, {'71': '人间国度，国王因射伤孔雀之子被罚拆凤三年。孙悟空受朱紫国拜请前来降妖救后。'}, {'72': '唐僧师徒此前离开的国家，文本开头提及。'}, {'99': '国家，难簿中记有“朱紫国行医五十六难”。'}, {'100': '西行路上的国家，通关文牒上有其印信。'}]",朱紫国,西游记
西游记_组织_梅山七弟兄_0,梅山七弟兄,组织,[{'28': '跟随显圣二郎神放火烧毁花果山的七个兄弟，与大圣为敌。'}],[],西游记
西游记_组织_梅山六兄弟_0,梅山六兄弟,组织,"[{'6': '二郎显圣真君的部下，包括康、张、姚、李四太尉和郭申、直健二将军，随同擒拿妖猴。'}, {'63': '二郎显圣的结义兄弟，包括康、张、姚、李、郭、直，与二郎一同打猎并助战孙悟空。'}, {'71': '二郎神的手下兄弟，孙悟空自述中提及他们与二郎一起对抗孙悟空。'}]",梅山兄弟,西游记
西游记_组织_水部_0,水部,组织,[{'51': '水德星君所统领的众神，包括四海五湖、八河四渎等龙王及黄河水伯等。'}],[],西游记
西游记_组织_沙门_0,沙门,组织,[{'14': '佛教僧团，孙悟空皈依沙门成为行者。'}],[],西游记
西游记_组织_泾河水府_0,泾河水府,组织,[{'9': '泾河龙王的统治机构，包括龙王、龙子龙孙、鲥军师、鳜少卿、鲤太宰、虾臣蟹士、巡水夜叉等水族。位于泾河水晶宫。'}],[],西游记
西游记_组织_火部_0,火部,组织,"[{'7': '天庭众神之部，奉南斗星令放火煨烧悟空。'}, {'51': '火德星君所统领的众神，包括火枪、火刀、火弓、火箭及火龙火马等。'}, {'52': '火德星君统领的天界部门，拥有火龙、火马等火器。'}]",[],西游记
西游记_组织_瑜伽门_0,瑜伽门,组织,[{'94': '佛教门派或修行法门，孙悟空皈正在瑜伽门下。'}],[],西游记
西游记_组织_祭赛国_0,祭赛国,组织,"[{'62': '西邦大国，当年有四夷朝贡，因金光寺宝塔失光而三年无朝贡，国王昏庸冤枉僧人。'}, {'63': '西域一国，国王因金光寺塔宝失窃而冤枉僧人，后得唐僧师徒相助，改寺名为伏龙寺。'}, {'64': '一个国家，唐僧师徒路过此地，国王曾厚待他们并送行。'}, {'100': '西行路上的国家，通关文牒上有其印信。'}]",祭赛国,西游记
西游记_组织_羽林军_0,羽林军,组织,[{'46': '国王的禁卫军，共三千人，摆列在朝门之外维持杀场秩序。'}],[],西游记
西游记_组织_羽林军_1,羽林军,组织,[{'79': '比丘国的宫廷禁军，围住假唐僧并押送至朝门。'}],[],西游记
西游记_组织_羽林卫_0,羽林卫,组织,[{'78': '国王派遣的军队，围住金亭馆驿捉拿唐僧。'}],[],西游记
西游记_组织_翰林院_0,翰林院,组织,[{'100': '唐朝官署，负责誊写真经。'}],[],西游记
西游记_组织_翰林院_1,翰林院,组织,[{'29': '宝象国的文官机构，大学士隶属其中，负责读家书。'}],[],西游记
西游记_组织_舍卫国_0,舍卫国,组织,"[{'93': '古印度国，给孤独长者居住之地。布金禅寺即在此国界内。'}, {'98': '一个国家，赵长者家所在之处。比丘圣僧曾在此诵经。'}, {'100': '赵长者所在国，比丘圣僧曾为之诵经。'}]",舍卫国,西游记
西游记_组织_草头神_0,草头神,组织,[{'6': '二郎显圣真君帐前的一千二百名神兵，随同出战，撒放鹰犬，掩杀妖猴。'}],[],西游记
西游记_组织_蟠桃园_0,蟠桃园,组织,"[{'4': '天宫中的桃园，位于齐天大圣府的右首。'}, {'5': '玉帝命齐天大圣权管的园子，内有三千六百株桃树，分三千年、六千年、九千年成熟。园中有土地、力士等看守，建有亭阁。'}, {'6': '天庭果园，齐天大圣曾被委派代管，但他偷吃了园中大桃。'}, {'7': '悟空代管并偷桃之处。'}]",蟠桃园,西游记
西游记_组织_西天_0,西天,组织,"[{'7': '西方极乐世界，如来居处。又称灵山胜境。'}, {'8': '佛教圣山，如来及诸佛所在，有婆罗双林、雷音宝刹等。'}, {'12': '大乘佛法所在地，玄奘取经的目标方向，路程十万八千里。'}, {'14': '唐僧取经的目的地，指西方极乐世界，有灵山、大雷音寺。'}, {'15': '西天佛地，唐僧取经的最终目的地。'}, {'19': '唐僧取经的目的地，有大雷音寺。乌巢禅师说路途遥远，多虎豹魔瘴。'}, {'20': '唐僧取经的目的地方向，雷音寺所在之处。'}, {'21': '如来佛祖所在之处，黄毛貂鼠原在此得道，后被带去见如来。'}, {'22': '唐僧取经的目的地。本回末唐僧渡河后继续向西前进。'}, {'24': '西天雷音寺所在，唐僧取经的目的地。行者言‘念念回首处，即是灵山’。'}, {'25': '唐僧取经的目的地，即西方佛界。'}, {'29': '唐僧取经的最终目的地，早赴灵山是长老的心愿。'}, {'32': '取经目的地，唐僧师徒欲往西天拜佛求经。'}, {'34': '佛祖所在之处，孙行者曾去西天拜佛祖。'}, {'36': '唐僧取经的目的地，佛祖所在之处。唐僧感叹西天难行，悟空说见佛容易。'}, {'37': '唐僧取经的目的地，有雷音寺，需拜佛求经。'}, {'39': '唐僧取经的目的地，即天竺国大雷音寺所在之处。'}, {'40': '唐僧西天取经的目的地，佛祖所在之处，师徒一心专拜灵山。'}, {'42': '唐僧取经的目的地。'}, {'46': '唐僧师徒取经的目标地，孙行者称洗净脾胃方好上西天见佛。'}, {'47': '唐僧取经的目的地，位于西方。'}, {'52': '如来佛祖所在之处，孙悟空前往求助。'}, {'53': '佛教圣地，取经目的地。'}, {'54': '佛祖所在的灵山，又称西天，是唐僧西行取经的最终目的地。'}, {'62': '如来佛所在的山，唐僧取经的目的地。'}, {'63': '佛祖所在圣地，唐僧西天取经目的地，提及“远拜灵山求佛颂”。'}, {'64': '唐僧师徒取经的目的地，唐僧诗中提到“杖锡西来拜法王”。'}, {'65': '佛祖所在圣地，唐僧曾走过灵山之路，错认小雷音寺为灵山。'}, {'70': '佛教圣地，唐僧取经的目的地。文中“西天拜佛”。'}, {'74': '佛教圣地，妖魔一封书到灵山，五百阿罗都来迎接。唐僧师徒西天拜佛求经的目的地。'}, {'77': '如来佛祖所在之处，孙悟空驾筋斗云至此求见。'}, {'81': '佛祖所在，唐僧取经目的地。'}, {'85': '佛教圣山，大雷音寺所在，孙悟空引用的颂子中提到。'}, {'87': '如来佛祖所在的灵鹫山，山中有大雷音寺，无城池。'}, {'92': '灵山佛祖所在之处，唐僧取经的目的地。'}, {'94': '西天灵山，取经的目的地，佛祖所在，国王打发师徒早去灵山见佛。'}, {'96': '佛祖所在之处，唐僧取经的目的地，距离铜台府约八百里路。'}, {'98': '西方佛地，佛祖圣境。唐僧师徒望见祥光五色、瑞霭千重，后徐徐缓步登上，经过凌云渡，最终到达雷音寺。'}, {'99': '佛教圣地，如来佛祖及诸佛菩萨所在。'}, {'100': '如来佛祖所在的圣地，唐僧取经的目的地，有珍楼、宝阁、化龙池等。'}]","灵山,西天",西游记
西游记_组织_西海龙宫_0,西海龙宫,组织,"[{'8': '西海龙宫，西海龙王敖闰管辖。'}, {'43': '西海龙王敖顺统领的势力，包括水族兵将。本回中太子摩昂领兵擒拿鼍龙。'}, {'92': '西海龙王的宫殿及水族势力，派遣水兵相助擒拿犀牛精。'}]",龙宫,西游记
西游记_组织_观音禅院_0,观音禅院,组织,[{'16': '唐僧师徒经过的寺院，供奉观音菩萨，院中有二百三十余名和尚，老院主为首，因贪图袈裟放火导致寺院被烧。'}],[],西游记
西游记_组织_金光寺_0,金光寺,组织,"[{'62': '祭赛国中的寺庙，全名“敕建护国金光寺”，内有黄金宝塔，因塔宝被污而僧人受冤。'}, {'63': '祭赛国中的寺庙，塔顶舍利子被偷导致宝塔无光，唐僧扫塔发现冤情，后改为伏龙寺。'}]",金光寺,西游记
西游记_组织_钦天监_0,钦天监,组织,[{'9': '掌管天象历法的官署。袁天罡是当朝钦天监台正先生，袁守诚是其叔父。'}],[],西游记
西游记_组织_锦衣卫_0,锦衣卫,组织,[{'62': '祭赛国的官方机构，负责捉拿、押送妖贼及校尉开路。'}],[],西游记
西游记_组织_锦衣校尉_0,锦衣校尉,组织,[{'68': '朱紫国的侍卫机构，负责看管皇榜等事务。'}],[],西游记
西游记_组织_雨部_0,雨部,组织,[{'87': '天庭部门之一，玉帝传旨雨部降雨三尺零四十二点。'}],[],西游记
西游记_组织_雷部_0,雷部,组织,"[{'7': '天庭众神之部，以雷屑钉打悟空。'}, {'87': '九天应元天尊下属的雷神部门，包括邓辛张陶、闪电娘子等，负责声雷。'}]",[],西游记
西游记_组织_雷音寺_0,雷音寺,组织,"[{'7': '灵山上的宝刹，又称雷音宝刹。如来在此召见二圣。'}, {'16': '西天佛教圣地，唐僧取经的目的地。'}, {'20': '唐僧奉旨拜佛求经的目标寺院，位于西天。'}, {'37': '西天佛祖所在的寺院，唐僧自称是上雷音寺拜佛求经的和尚。'}, {'52': '灵山上的寺院，如来居所，山门有八大金刚守护。'}, {'55': '如来佛祖所在的寺庙，蝎子精曾在那里听经并扎伤如来。'}, {'58': '如来佛祖所在的寺庙，又称大西天灵鹫仙山雷音宝刹。'}, {'70': '位于天竺国，是唐僧取经要拜见的佛寺，文中提到“天竺国雷音寺”。'}, {'74': '唐僧师徒取经目的地，即西天雷音寺。八戒问那条路通得雷音。'}, {'98': '灵山之巅的古刹，又称雷音古刹。顶摩霄汉，根接须弥，有天王殿、护法堂、浮屠塔、大雄宝殿等。如来佛祖及诸菩萨、金刚、罗汉所在之处。'}, {'99': '灵山上的寺院，如来佛祖所在处，唐僧在此参拜取经。'}]",雷音寺,西游记
西游记_组织_风部_0,风部,组织,[{'87': '天庭部门之一，玉帝传旨风部按号令下方刮风。'}],[],西游记
西游记_组织_马流二元帅_0,马流二元帅,组织,[{'28': '花果山群妖中的两位元帅，即马元帅和流元帅，负责管理洞中事务，迎接大圣回山，并告知猎户骚扰的情况。'}],[],西游记
西游记_组织_麒麟山獬豸洞_0,麒麟山獬豸洞,组织,[{'70': '以赛太岁为首的妖怪势力，占据麒麟山獬豸洞，其下有先锋、有来有去、众多小妖如虎将、熊师等。'}],[],西游记
西游记_组织_齐天府_0,齐天府,组织,[{'5': '齐天大圣在天宫的府邸，下设二司仙吏早晚扶侍。府中有安静、宁神二司。大圣后因迷路误入兜率宫。'}],齐天府,西游记
西游记_组织_龙华会_0,龙华会,组织,[{'76': '佛教法会，八戒自称也是龙华会上的一个人。'}],[],西游记
西游记_组织_龙宫_1,龙宫,组织,[{'57': '四海龙王统领的水族势力。本章中孙悟空曾想求告龙宫。'}],[],西游记
西游记_组织_龙宫_2,龙宫,组织,[{'63': '万圣龙王统领的水族势力，包括龙子龙孙、虾兵蟹将等，因偷宝被剿灭。'}],[],西游记
西游记_组织_龟蛇二将_0,龟蛇二将,组织,[{'66': '武当山荡魔天尊麾下的龟将和蛇将，能生水火，助孙悟空战黄眉大王，被后天袋子装去。'}],[],西游记
