head_id,tail_id,type,description,source_relationship_type,book
西游记_人物_唐三藏_0,西游记_人物_车迟国国王_0,上下级,[{'45': '国王召见唐三藏，唐僧以臣礼进见'}],人物与人物,西游记
西游记_人物_木叉行者_0,西游记_人物_孙悟空_0,对立,[{'6': '惠岸行者奉师命打探军情，与齐天大圣交战五六十合败阵。'}],人物与人物,西游记
西游记_地点_普陀山_0,西游记_地点_紫竹林_0,隶属,[{'22': '普陀山上有紫竹林，行者到此时诸天相迎。'}],地点与地点,西游记
西游记_地点_洪江_0,西游记_地点_龙宫_0,隶属,[{'101': '龙宫位于洪江之中，属于洪江水域。'}],地点与地点,西游记
西游记_人物_唐三藏_0,西游记_人物_陈清_0,亲密,[{'99': '陈清摆香案迎接唐僧，拜谢救女之恩。'}],人物与人物,西游记
西游记_人物_孙悟空_0,西游记_物品_九转金丹_0,持有,[{'5': '大圣将兜率宫丹房内五个葫芦中的九转金丹倾出吃尽。'}],人物与物品,西游记
西游记_人物_孙悟空_0,西游记_人物_混世魔王_0,对立,"[{'2': '孙悟空杀死欺压花果山众猴的混世魔王。'}, {'3': '孙悟空剿灭了混世魔王，夺其大刀。'}]",人物与人物,西游记
西游记_人物_院主_1,西游记_地点_镇海禅林寺_0,居住,[{'81': '院主是镇海禅林寺的喇嘛僧，常住寺中。'}],人物与地点,西游记
西游记_人物_六丁六甲_0,西游记_组织_护教诸神_0,归属,[{'30': '丁甲是护教诸神之一，在半空中护佑唐僧。'}],人物与组织,西游记
西游记_人物_孙悟空_0,西游记_技能_呼龙使圣之法_0,掌握,[{'46': '国王见孙行者有呼龙使圣之法，孙行者确实念咒唤来北海龙王'}],人物与技能,西游记
西游记_人物_唐三藏_0,西游记_人物_蝎子精_0,对立,[{'55': '蝎子精将唐三藏摄去琵琶洞，逼其成亲，唐僧不从。'}],人物与人物,西游记
西游记_人物_孙悟空_0,西游记_人物_观世音菩萨_0,合作,[{'17': '孙行者请求观世音相助收伏熊罴怪，菩萨同往黑风山。'}],人物与人物,西游记
西游记_人物_东海龙王敖广_0,西游记_人物_龙女_0,亲属,[{'3': '龙女是敖广的女儿，与龙婆一同建议。'}],人物与人物,西游记
西游记_人物_孙悟空_0,西游记_组织_二十八宿_0,合作,[{'65': '二十八宿奉玉帝旨意下界，用兵器掀抬金铙，亢金龙用角钻入，助孙悟空脱困，后共同与黄眉老佛交战。'}],人物与组织,西游记
西游记_人物_二王子_0,西游记_人物_沙悟净_0,上下级,[{'90': '沙僧收二王子为徒，传授武艺'}],人物与人物,西游记
西游记_人物_孙悟空_0,西游记_物品_九叶灵芝草_0,持有,[{'63': '孙悟空变化假驸马从万圣宫主处骗取九叶灵芝草，后用于扫塔。'}],人物与物品,西游记
西游记_地点_玄英洞_0,西游记_地点_青龙山_0,隶属,[{'92': '玄英洞位于青龙山。'}],地点与地点,西游记
西游记_人物_红孩儿_0,西游记_人物_雾里云_0,上下级,[{'41': '雾里云是红孩儿手下的六健将之一，听命于红孩儿。'}],人物与人物,西游记
西游记_人物_寇梁_0,西游记_人物_老妪_2,亲属,[{'96': '寇梁是老妪的儿子。'}],人物与人物,西游记
西游记_人物_比丘国王_0,西游记_人物_美后_0,亲密,[{'78': '国王贪恋美后之色，宠幸在宫，日夜贪欢。'}],人物与人物,西游记
西游记_人物_玉皇大帝_0,西游记_人物_邓天君_0,上下级,[{'45': '玉帝掷下旨意令邓天君等助雨，邓天君奉旨前来'}],人物与人物,西游记
西游记_人物_虎先锋_0,西游记_技能_金蝉脱壳计_0,掌握,[{'20': '虎先锋使用金蝉脱壳计脱身'}],人物与技能,西游记
西游记_人物_孙悟空_0,西游记_组织_九曜星_0,对抗,"[{'5': '大圣打退九曜星官的进攻，使其筋疲力软败阵而走。'}, {'7': '大圣大乱天宫，打得九曜星闭门闭户'}]",人物与组织,西游记
西游记_人物_僧官_0,西游记_人物_孙悟空_0,对立,[{'36': '孙行者威吓僧官，打碎石狮子，迫使僧官安排迎接唐僧。'}],人物与人物,西游记
西游记_人物_孙悟空_0,西游记_技能_真火_0,掌握,[{'81': '孙悟空吹出真火点燃琉璃灯。'}],人物与技能,西游记
西游记_地点_救生寺_0,西游记_地点_陈家庄_0,隶属,[{'99': '陈家庄百姓为感谢唐僧救命之恩修建救生寺，寺位于庄内。'}],地点与地点,西游记
西游记_地点_东海_0,西游记_组织_东海龙宫_0,驻扎,[{'87': '东海龙宫位于东海之中。'}],组织与地点,西游记
西游记_地点_齐天大圣府_0,西游记_组织_安静司_0,驻扎,[{'4': '齐天大圣府内设安静司，有仙吏在府内任职。'}],组织与地点,西游记
西游记_人物_羊力大仙_0,西游记_人物_鹿力大仙_0,合作,"[{'45': '鹿力大仙与羊力大仙同为车迟国国师，一同兴道灭僧、与唐僧师徒斗法'}, {'46': '鹿力与羊力为师兄弟，共同对付唐僧师徒'}]",人物与人物,西游记
西游记_人物_如来佛祖_0,西游记_物品_三藏真经_0,持有,[{'8': '如来有三藏真经共三十五部'}],人物与物品,西游记
西游记_地点_东胜神洲_0,西游记_地点_水帘洞_0,隶属,[{'20': '花果山水帘洞位于东胜神洲傲来国海东'}],地点与地点,西游记
西游记_人物_泾河龙王_0,西游记_人物_鲥军师_0,上下级,[{'9': '鲥军师是泾河水府的军师，向龙王献计改时辰克点数以赢赌局。'}],人物与人物,西游记
西游记_人物_孙悟空_0,西游记_人物_灵吉菩萨_0,合作,"[{'21': '孙悟空去小须弥山请灵吉菩萨降妖，灵吉菩萨应允并同往黄风山。'}, {'59': '灵吉菩萨将定风丹赠予孙悟空，助其对抗日芭蕉扇。'}]",人物与人物,西游记
西游记_人物_七个蜘蛛精_0,西游记_人物_班_0,亲属,[{'72': '班是妖精结拜的干儿子，愿拜为母。'}],人物与人物,西游记
西游记_人物_九尾狐狸_0,西游记_人物_金角大王_0,亲属,"[{'34': ""九尾狐狸是老魔的母亲，老魔称其为'母亲'并派小妖去请她带幌金绳来吃唐僧肉。""}]",人物与人物,西游记
西游记_人物_孙悟空_0,西游记_人物_护国天王_2,合作,"[{'87': '护国天王为孙悟空指路，告知三事并指引去九天应元府。'}, {'95': '护国天王率四大元帅阻拦玉兔逃跑，协助孙悟空擒妖'}]",人物与人物,西游记
西游记_人物_全真_0,西游记_人物_孙悟空_0,对立,[{'38': '孙行者设计要拿假乌鸡国王（全真），计划先捞取真国王尸首作为证据'}],人物与人物,西游记
西游记_人物_孙悟空_0,西游记_人物_巽二郎_0,上下级,[{'45': '孙大圣命令巽二郎收风，巽二郎服从'}],人物与人物,西游记
西游记_人物_小张太子_0,西游记_地点_蠙城_0,居住,[{'66': '小张太子静乐蠙城内'}],人物与地点,西游记
西游记_人物_不坏尊王永住金刚_0,西游记_地点_昆仑山金霞岭_0,居住,[{'61': '永住金刚修行于昆仑山金霞岭'}],人物与地点,西游记
西游记_人物_孙悟空_0,西游记_人物_山神_3,上下级,[{'38': '孙行者捻诀念真言拘得山神在半空中施礼听令，山神奉命收集獐鹿兔等野物'}],人物与人物,西游记
西游记_人物_白龙马_0,西游记_地点_西海_0,出身,[{'100': '白龙马原是西海龙王之子'}],人物与地点,西游记
西游记_人物_相良_0,西游记_地点_开封府_0,居住,[{'11': '相良在河南开封府居住并贩卖乌盆瓦器。'}],人物与地点,西游记
西游记_地点_宝华山_0,西游记_地点_鸡鸣关_0,隶属,[{'93': '百脚山下有一座鸡鸣关，行人须等鸡鸣时才能通过'}],地点与地点,西游记
西游记_地点_幽冥_0,西游记_地点_幽冥关隘_0,隶属,[{'58': '幽冥关隘是幽冥界的地关。'}],地点与地点,西游记
西游记_人物_孙悟空_0,西游记_技能_筋斗云_0,掌握,"[{'2': '孙悟空从菩提祖师学成筋斗云，一筋斗十万八千里。'}, {'3': '孙悟空有筋斗云神通，可瞬息过二百里水面。'}, {'4': '悟空筋斗云十分快疾，把金星撇在脑后先至南天门。'}, {'5': '大圣的筋斗云极快，以此诓骗赤脚大仙去通明殿演礼。'}, {'7': '大圣自称‘会驾筋斗云，一纵十万八千里’'}, {'8': '孙悟空会驾筋斗云，一去十万八千里'}, {'14': '孙悟空自称会驾筋斗云，一个筋斗十万八千里'}, {'16': '孙行者能一筋斗跳上南天门'}, {'21': '孙悟空纵筋斗云前往小须弥山请灵吉菩萨。'}, {'22': '老孙的觔斗云，一纵有十万八千里。'}, {'26': '孙悟空急纵觔斗云离开五庄观前往东洋大海求方。'}, {'27': '行者多次纵筋斗云往返，如从南山摘桃回来、被逐后径回花果山。'}, {'35': '孙大圣精通筋斗云，一个筋斗十万八千里，用于逃遁追击。'}, {'37': '孙悟空一筋斗跳在空中观察乌鸡国城池'}, {'39': '孙悟空一筋斗云撞入南天门去兜率宫求丹。'}, {'41': '孙大圣能驾筋斗云，但因受伤腰膝疼痛难以驾起。'}, {'42': '孙悟空驾筋斗云，半个时辰从号山到南海'}, {'47': '齐天大圣纵筋斗云跳在空中观看通天河的宽阔。'}, {'51': '孙悟空多次驾筋斗云往返于天庭与凡间，快速飞行。'}, {'52': '孙悟空纵筋斗云往返灵山、天庭等处。'}, {'53': '孙悟空驾筋斗云去解阳山取水。'}, {'55': '孙悟空驾筋斗云去东天门请昴日星官。'}, {'56': '孙大圣会筋斗云，一个筋斗十万八千里，本回末驾筋斗云离去。'}, {'57': '孙悟空多次驾筋斗云往来于各地'}, {'58': '行者筋斗云快，一个筋斗十万八千里。'}, {'59': '孙悟空能驾筋斗云，一个筋斗十万八千里。'}, {'61': '孙大圣驾筋斗云腾空战斗'}, {'65': '孙悟空使用筋斗云跳出楼窗外或跳上九霄逃离。'}, {'66': '孙悟空驾筋斗云一个筋斗十万八千里，往返各处'}, {'70': '孙悟空自述‘本来筋斗如神助，一打十万八千路’'}, {'73': '孙悟空纵筋斗云从黄花观直上紫云山，千里之遥瞬息即至。'}, {'74': '孙悟空唿哨一声，纵筋斗云跳上高峰。'}, {'77': '孙悟空擅长驾筋斗云，一个筋斗十万八千里'}, {'79': '孙悟空翻筋斗跳在空中，追赶与国丈战斗。'}, {'80': '孙大圣会筋斗云，本回中纵筋斗到半空查看林中情况。'}, {'81': '孙悟空能一个筋斗云送到长安。'}, {'87': '孙悟空精通筋斗云，一个筋斗十万八千里。'}, {'88': '孙悟空纵筋斗云，在半空演示武艺。'}, {'90': '孙大圣驾筋斗云，一个筋斗十万八千里'}, {'92': '孙悟空驾筋斗云上天求救。'}, {'95': '孙悟空纵筋斗云追击玉兔至西天门和毛颖山'}, {'97': '孙悟空驾筋斗云往来幽冥地界'}]",人物与技能,西游记
西游记_人物_托塔李天王_0,西游记_组织_天庭_0,归属,"[{'4': '托塔李天王是天庭元帅，奉旨讨伐孙悟空。'}, {'51': '托塔李天王是天庭大将，奉玉帝旨意下界擒魔。'}, {'52': '李天王是天庭大将，受玉帝调遣。'}, {'61': '托塔李天王奉玉帝旨意前来助力'}]",人物与组织,西游记
西游记_人物_明月_0,西游记_人物_镇元子_0,上下级,"[{'24': '镇元子是明月之师，明月是徒弟'}, {'25': '镇元仙是明月的师父，明月是其弟子。'}]",人物与人物,西游记
西游记_人物_唐三藏_0,西游记_人物_白龙马_0,上下级,"[{'15': '唐僧骑乘玉龙三太子化成的龙马，龙马成为其西行坐骑。'}, {'30': '小白龙是唐僧的脚力，称唐僧为师父，主动去救师父。'}, {'31': '白龙马是唐僧的坐骑，受唐僧驱使。'}, {'56': '龙马是唐三藏的坐骑，本回中唐僧骑着它赶路。'}, {'84': '白马是唐三藏的坐骑，一路驮行'}, {'100': '白龙马作为唐僧脚力，驮负圣僧'}]",人物与人物,西游记
西游记_人物_乌鸡国太子_0,西游记_人物_正宫娘娘_0,亲属,"[{'37': '正宫皇后是乌鸡国太子的母亲'}, {'38': '太子跪于锦香亭下称娘娘为母亲，娘娘抱太子流泪，确认母子关系'}]",人物与人物,西游记
西游记_人物_银角大王_0,西游记_物品_羊脂玉净瓶_0,持有,[{'34': '二魔持有净瓶，从孙行者身上搜出后又被他偷走。'}],人物与物品,西游记
西游记_人物_灵感大王_0,西游记_地点_水府_0,居住,[{'48': '灵感大王居于通天河底的水府宫殿中，原文称其回归水内、坐在宫中。'}],人物与地点,西游记
西游记_人物_百花羞_0,西游记_地点_碗子山波月洞_0,居住,"[{'29': '百花羞被黄袍怪摄至波月洞，在此生活十三年'}, {'30': '三公主被老妖掳到波月庄做压寨夫人。'}]",人物与地点,西游记
西游记_人物_唐三藏_0,西游记_人物_观世音菩萨_0,亲密,"[{'16': ""三藏感念观音菩萨恩德，称'弟子屡感菩萨圣恩'""}]",人物与人物,西游记
西游记_人物_孙悟空_0,西游记_技能_分身法_0,掌握,"[{'2': '孙悟空使用身外身法，拔毫毛变出小猴。'}, {'3': '孙悟空使分身法变出千百小猴搬运兵器。'}, {'5': '大圣拔毫毛嚼碎喷出，变出千百个大圣，打退哪吒太子和四大天王。'}, {'6': '齐天大圣用分身法战退十万天兵。'}, {'21': '孙悟空拔毫毛嚼碎变出百十个分身围打黄风大圣。'}, {'27': '行者拔脑后毫毛变出三个行者，连同本身共四个向师父下拜。'}, {'35': '孙大圣使用身外身法，拔毫毛变出多个行者打退群妖。'}, {'51': '孙悟空拔毫毛变出三五十个小猴围攻兕怪。'}, {'73': '孙悟空拔毫毛变出七十个小行者，用分身法搅断丝绳。'}, {'75': '孙大圣被砍成两半后变作两个身子，使用分身法。'}, {'84': '孙悟空施展大分身普会神法拔毫毛变小行者和瞌睡虫'}, {'86': '孙行者使用分身法变出多个自身攻打小妖'}, {'90': '孙大圣能拔毫毛变出千万分身'}]",人物与技能,西游记
西游记_人物_唐三藏_0,西游记_物品_鞍辔_0,持有,[{'15': '唐僧接受落伽山山神土地赠送的鞍辔，用于龙马。'}],人物与物品,西游记
西游记_人物_殷开山_0,西游记_人物_唐三藏_0,亲属,"[{'11': '殷开山是陈玄奘的外公，当朝一路总管。'}, {'101': '殷开山是玄奘的外祖父，玄奘到相府认亲。'}]",人物与人物,西游记
西游记_人物_灵感大王_0,西游记_人物_斑衣鳜婆_0,上下级,[{'49': '鳜婆是灵感大王的属下，坐在侧手商议吃唐僧，识得孙悟空来历。'}],人物与人物,西游记
西游记_人物_银角大王_0,西游记_技能_泰山下顶之法_0,掌握,[{'33': '二魔将泰山遣在空中劈头压住孙悟空，使泰山下顶之法压得行者力软筋麻。'}],人物与技能,西游记
西游记_人物_猪八戒_0,西游记_组织_龙华会_0,归属,[{'76': '猪八戒自称是龙华会上的一个人。'}],人物与组织,西游记
西游记_地点_宝华山_0,西游记_地点_布金禅寺_0,隶属,[{'95': '国王改百脚山为宝华山，并敕建宝华山给孤布金寺'}],地点与地点,西游记
西游记_人物_斗木獬_0,西游记_人物_玉皇大帝_0,上下级,[{'92': '玉帝下旨派斗木獬等四木禽星下界降妖。'}],人物与人物,西游记
西游记_人物_孙悟空_0,西游记_人物_白鼋_0,合作,[{'49': '老鼋为报恩，自愿驮唐僧师徒过通天河，答应送过河。'}],人物与人物,西游记
西游记_人物_九头驸马_0,西游记_人物_猪八戒_0,对立,[{'63': '猪八戒被九头驸马擒入龙宫，后得救并与之交战，且战且退引出水面。'}],人物与人物,西游记
西游记_人物_如来佛祖_0,西游记_技能_紧箍儿咒_0,传授,[{'39': '如来将紧箍儿咒传授给观世音菩萨。'}],人物与技能,西游记
西游记_人物_二郎显圣真君_0,西游记_人物_观世音菩萨_0,合作,[{'7': '二圣向如来汇报：后观世音举二郎真君同义兄弟追杀悟空'}],人物与人物,西游记
西游记_人物_二郎显圣真君_0,西游记_物品_三尖两刃枪_0,持有,[{'6': '二郎神手执三尖两刃枪与齐天大圣赌斗。'}],人物与物品,西游记
西游记_人物_唐三藏_0,西游记_人物_陈澄_0,亲密,[{'99': '陈澄拜请唐僧至庄，感谢救子之恩。'}],人物与人物,西游记
西游记_人物_比丘国王_0,西游记_组织_羽林卫_0,领导,[{'78': '国王差遣羽林卫围住馆驿捉拿唐僧。'}],人物与组织,西游记
西游记_地点_三十三天_0,西游记_地点_离恨天_0,隶属,[{'39': '离恨天位于三十三天之上，属于三十三天区域。'}],地点与地点,西游记
西游记_人物_孙悟空_0,西游记_人物_身本忧_0,对立,[{'14': '孙悟空打死剪径毛贼身本忧'}],人物与人物,西游记
西游记_人物_七个蜘蛛精_0,西游记_人物_百眼魔君_0,合作,[{'73': '七个蜘蛛精与百眼魔君同堂学艺，称其为师兄，求其帮忙报仇。'}],人物与人物,西游记
西游记_人物_南山大王_0,西游记_人物_铁背苍狼怪_0,上下级,[{'86': '铁背苍狼怪是南山大王的先锋，出谋划策设计分瓣梅花计'}],人物与人物,西游记
西游记_人物_玉兔_0,西游记_地点_广寒宫_0,居住,[{'95': '玉兔原是广寒宫中捣玄霜仙药的玉兔，偷出下界'}],人物与地点,西游记
西游记_人物_孙悟空_0,西游记_人物_白骨夫人_0,对立,[{'27': '行者识破白骨精三次变化，挥棒将其打死。'}],人物与人物,西游记
西游记_人物_燃灯古佛_0,西游记_人物_白雄尊者_0,上下级,[{'98': '燃灯古佛在宝阁上听闻阿傩、伽叶传了无字经，吩咐白雄尊者施展神威追上唐僧夺回无字经，让他回来换有字真经。'}],人物与人物,西游记
西游记_人物_沙悟净_0,西游记_组织_天庭_0,归属,"[{'22': '原为卷帘大将，南天门里为尊，灵霄殿前称上，后因罪遭贬。'}, {'94': '沙悟净原为卷帘大将，官授卷帘大将，归属天庭'}]",人物与组织,西游记
西游记_人物_孙悟空_0,西游记_人物_辟尘大王_0,对立,"[{'91': '孙悟空为救师父与辟尘大王斗战。'}, {'92': '孙悟空与辟尘大王战斗，后被摩昂等擒拿。'}]",人物与人物,西游记
西游记_人物_五方揭谛_0,西游记_人物_沙悟净_0,合作,[{'29': '五方揭谛在空中助战八戒沙僧'}],人物与人物,西游记
西游记_人物_东海龙王敖广_0,西游记_人物_敖钦_0,亲属,[{'3': '敖钦是敖广的弟弟，南海龙王。'}],人物与人物,西游记
西游记_人物_寇梁_0,西游记_人物_寇洪_0,亲属,"[{'96': '寇梁是寇洪的长子。'}, {'97': '寇洪是寇梁的父亲，寇梁为长子'}]",人物与人物,西游记
西游记_人物_陈光蕊_0,西游记_地点_海州_0,出身,[{'101': '陈光蕊是海州弘农县人。'}],人物与地点,西游记
西游记_人物_孙悟空_0,西游记_组织_蟠桃园_0,领导,[{'5': '玉帝命大圣权管蟠桃园，大圣入园查勘并偷吃蟠桃。'}],人物与组织,西游记
西游记_地点_南天门_0,西游记_地点_灵霄宝殿_0,连通,"[{'4': '从南天门经天宫内路径可到达灵霄宝殿，太白金星引悟空入内。'}, {'51': '孙悟空经南天门入灵霄殿，南天门是进入天庭的正门。'}]",地点与地点,西游记
西游记_人物_木叉行者_0,西游记_人物_观世音菩萨_0,上下级,"[{'12': '木叉是观世音菩萨的弟子，陪同菩萨在长安售卖袈裟锡杖'}, {'22': '木叉奉菩萨之命，携葫芦助渡河。'}]",人物与人物,西游记
西游记_人物_土地_7,西游记_组织_蟠桃园_0,归属,[{'5': '土地是蟠桃园的土地神，负责看守园门，引大圣查勘桃园。'}],人物与组织,西游记
西游记_人物_哪吒三太子_0,西游记_物品_缚妖索_0,持有,"[{'51': '哪吒太子持缚妖索与兕怪交战，后被圈子套去。'}, {'61': '哪吒用缚妖索穿牛魔王鼻孔牵走'}]",人物与物品,西游记
西游记_地点_会同馆_0,西游记_组织_朱紫国_0,驻扎,[{'68': '会同馆是朱紫国中的衙门，唐僧师徒在此歇息。'}],组织与地点,西游记
西游记_人物_猪八戒_0,西游记_物品_担子_0,持有,[{'100': '猪八戒挑着经担'}],人物与物品,西游记
西游记_人物_赵寡妇_0,西游记_物品_大柜_0,持有,[{'84': '赵寡妇家有一张大柜用于客人住宿'}],人物与物品,西游记
西游记_人物_孙悟空_0,西游记_地点_暴纱亭_0,居住,[{'89': '孙行者随唐僧在玉华州王府暴纱亭居住。'}],人物与地点,西游记
西游记_人物_孙悟空_0,西游记_物品_丹_0,争夺,[{'19': '孙悟空大闹天宫时偷吃仙丹。'}],人物与物品,西游记
西游记_人物_独角鬼王_0,西游记_人物_孙悟空_0,上下级,[{'5': '大圣命独角鬼王领帅七十二洞妖王出阵迎战九曜星。'}],人物与人物,西游记
西游记_人物_二郎显圣真君_0,西游记_组织_草头神_0,领导,[{'6': '二郎神统率帐前一千二百草头神出战花果山。'}],人物与组织,西游记
西游记_人物_刘全_0,西游记_人物_李翠莲_0,亲属,[{'11': '刘全与李翠莲是夫妻，因李翠莲拔金钗斋僧被骂而自缢，后借尸还魂团聚。'}],人物与人物,西游记
西游记_人物_孙悟空_0,西游记_技能_小坐跌法_0,掌握,[{'81': '孙悟空使小坐跌法将妖精掀翻。'}],人物与技能,西游记
西游记_人物_九头驸马_0,西游记_人物_二郎显圣真君_0,对立,[{'63': '二郎神用金弓银弹打九头虫，并放细犬咬下九头虫一颗头，致其负伤逃生。'}],人物与人物,西游记
西游记_人物_观世音菩萨_0,西游记_技能_大乘佛法三藏_0,掌握,[{'12': '菩萨宣称自己拥有大乘佛法三藏，能超亡者升天、度难人脱苦'}],人物与技能,西游记
西游记_人物_唐三藏_0,西游记_人物_熊罴怪_0,对立,[{'16': '黑大王盗走三藏的锦襕袈裟，与三藏为敌对关系'}],人物与人物,西游记
西游记_人物_刘洪_0,西游记_人物_家僮_0,对立,[{'101': '刘洪杀死陈光蕊的家僮。'}],人物与人物,西游记
西游记_人物_唐三藏_0,西游记_组织_护法诸天_0,合作,[{'82': '护法诸天暗中保护唐僧西天取经'}],人物与组织,西游记
西游记_人物_狐阿七大王_0,西游记_物品_方天戟_0,持有,[{'35': '狐阿七大王手执方天戟与孙大圣交战。'}],人物与物品,西游记
西游记_人物_鼍洁_0,西游记_地点_黑水河_0,居住,[{'43': '鼍洁从西洋海来，强占黑水河神府居住。'}],人物与地点,西游记
西游记_地点_坛场_0,西游记_地点_车迟国_0,隶属,[{'45': '求雨坛场位于车迟国中'}],地点与地点,西游记
西游记_人物_灵感大王_0,西游记_物品_石匣_0,持有,"[{'48': '灵感大王用六尺长的石匣将唐僧盖在水府宫后。'}, {'49': '灵感大王将唐僧盖在宫后石匣中，石匣形似猪槽长六尺。'}]",人物与物品,西游记
西游记_人物_朱紫国王_0,西游记_人物_孙悟空_0,亲密,[{'69': '孙大圣为国王诊脉制药，用乌金丹治愈其忧疑之疾，国王感激拜谢，孙大圣主动提出为其降妖救回金圣宫'}],人物与人物,西游记
西游记_人物_孙悟空_0,西游记_组织_唐朝_0,归属,[{'89': '孙行者是东土大唐前往西天取经的僧人。'}],人物与组织,西游记
西游记_人物_先锋_0,西游记_组织_麒麟山獬豸洞_0,归属,[{'70': '先锋是赛太岁部下，属于麒麟山獬豸洞势力'}],人物与组织,西游记
西游记_人物_哪吒三太子_0,西游记_物品_绣球_1,持有,[{'51': '哪吒太子持绣球与兕怪交战，后被圈子套去。'}],人物与物品,西游记
西游记_人物_伯钦父亲_0,西游记_人物_刘伯钦_0,亲属,[{'13': '刘伯钦之父已故，伯钦请三藏超度其父'}],人物与人物,西游记
西游记_人物_猪八戒_0,西游记_物品_九齿钉钯_0,持有,"[{'8': '猪悟能手执九齿钉耙'}, {'18': '猪刚鬣有九齿钉钯作为兵器，自称不怕法师'}, {'19': '猪八戒使用九齿钉钯，即上宝沁金钯。'}, {'20': '猪悟能使用九齿钉钯'}, {'21': '猪八戒用九齿钉钯打杀虎先锋及洞中小妖。'}, {'22': '八戒执钯推水，双手舞钯。'}, {'25': '猪八戒使用钉钯战斗，并试图筑破镇元仙袖子。'}, {'28': '猪八戒使用九齿钉钯开路并与黄袍怪交战'}, {'29': '猪八戒使用九齿钉钯作为兵器，与黄袍怪战斗'}, {'30': '猪八戒使用九齿钉钯作为武器。'}, {'32': '猪八戒使用钉钯作为武器，与银角大王战斗。'}, {'35': '猪八戒用九齿钉钯筑死狐阿七大王。'}, {'38': '猪八戒用铁钯将御花园门筑得粉碎，又将芭蕉树筑倒'}, {'39': '猪八戒使用九齿钉钯筑打狮猁王。'}, {'40': '八戒使用九齿钉钯作为兵器。'}, {'41': '八戒使用九齿钯助攻红孩儿。'}, {'48': '八戒腰横钉钯，并用其筑打灵感大王。'}, {'49': '猪八戒使用九齿钉钯与灵感大王交战，称钯能筑倒太山。'}, {'55': '猪八戒使用钉钯筑门和战斗。'}, {'56': '猪八戒使用钉钯，本回中用钉钯筑坑埋尸。'}, {'61': '猪八戒使用九齿钉钯作战'}, {'63': '猪八戒使用九齿钉钯作战，并曾丢失后被孙悟空偷回。'}, {'64': '猪八戒使用钉钯分开荆棘开路，并将树精筑倒。'}, {'65': '猪八戒使用九齿钉钯与黄眉老佛交战。'}, {'67': '八戒使用九齿钯与妖怪战斗。'}, {'72': '八戒举着钉钯欲筑妖精，后又筑房子放火。'}, {'74': '猪八戒使用九齿钉钯作为兵器。'}, {'76': '猪八戒使用钉钯作为兵器。'}, {'78': '八戒使用钉钯筑土和泥。'}, {'82': '八戒使用钉钯作为武器，拦住洞门'}, {'85': '猪八戒使用九齿钉钯与老妖战斗'}, {'86': '猪八戒使用钉钯筑石门、筑坟冢、筑杀妖怪'}, {'88': '猪八戒持有九齿钉钯，重五千零四十八斤。'}, {'89': '猪八戒进入虎口洞后夺回九齿渗金钉钯，重新持有。'}, {'90': '八戒使用九齿钯作为兵器，重八百斤'}, {'92': '猪八戒的武器，用于战斗。'}]",人物与物品,西游记
西游记_地点_南赡部洲_0,西游记_地点_盱眙山_0,隶属,[{'66': '盱眙山位于南赡部洲泗洲'}],地点与地点,西游记
西游记_人物_七仙姑_0,西游记_地点_濯垢泉_0,居住,[{'72': '濯垢泉原是上方七仙姑的浴池，后让给妖精。'}],人物与地点,西游记
西游记_人物_山神_5,西游记_地点_金皘山_0,守护,[{'50': '山神自称金皘山山神，与土地一同守护此山。'}],人物与地点,西游记
西游记_人物_地藏王菩萨_0,西游记_人物_寇洪_0,上下级,[{'97': '地藏王收留寇洪为掌善缘簿案长，并应孙悟空请求延其阳寿一纪'}],人物与人物,西游记
西游记_人物_牛魔王_0,西游记_人物_老龙精_0,亲密,[{'60': '牛魔王与老龙精是朋友，赴碧波潭酒宴。'}],人物与人物,西游记
西游记_人物_国丈_0,西游记_物品_麻经葛纬云头履_0,持有,[{'78': '国丈脚上穿着麻经葛纬云头履。'}],人物与物品,西游记
西游记_人物_东海龙王敖广_0,西游记_人物_玉皇大帝_0,上下级,[{'3': '东海龙王敖广进表，玉帝览毕传旨，龙神归海。'}],人物与人物,西游记
西游记_人物_泼法金刚_0,西游记_地点_五台山秘魔岩_0,居住,[{'61': '泼法金刚修行于五台山秘魔岩'}],人物与地点,西游记
西游记_人物_唐三藏_0,西游记_技能_紧箍儿咒_0,掌握,"[{'14': '唐僧受观音传授，默念紧箍咒可使悟空头痛'}, {'16': '三藏会念紧箍咒来约束孙行者'}, {'25': '唐三藏会念紧箍儿咒，用以控制孙行者。'}, {'26': '唐僧以念那话儿经（紧箍咒）约束孙悟空，若三日内不回便念此经。'}, {'27': '唐僧会念紧箍儿咒，本回中多次念咒惩罚悟空。'}, {'30': '唐僧会用紧箍儿咒约束孙悟空。'}, {'31': '唐僧会念紧箍儿咒管教孙悟空，孙悟空曾求他莫念。'}, {'38': '唐僧会念紧箍儿咒，猪八戒撺唆后他果真念起咒语勒得猴子眼胀头疼'}, {'39': '唐僧念紧箍儿咒使孙悟空头痛难禁，以此管教他。'}, {'40': '唐僧因孙大圣弄他下马而大怒，要念紧箍儿咒约束行者。'}, {'56': '唐三藏会念紧箍儿咒，本回中念了十余遍逼迫孙悟空离开。'}, {'57': '唐僧念紧箍儿咒赶走孙悟空'}, {'58': '唐僧会念紧箍儿咒，曾念咒试验真假孙悟空，二人均头疼。'}, {'76': '唐僧会念紧箍咒，八戒曾撺掇他咒孙悟空。'}, {'96': '唐僧会念紧箍儿咒以约束孙悟空。'}, {'100': '唐僧会念紧箍咒以管束孙悟空'}]",人物与技能,西游记
西游记_人物_增长天王_0,西游记_地点_东天门_0,守护,[{'55': '增长天王在东天门处，见孙悟空作礼询问。'}],人物与地点,西游记
西游记_人物_灵吉菩萨_0,西游记_物品_飞龙宝杖_0,持有,"[{'21': '灵吉菩萨使用飞龙宝杖变化为八爪金龙抓住黄风怪。'}, {'59': '灵吉菩萨持有飞龙杖，曾用于降服黄风怪。'}]",人物与物品,西游记
西游记_人物_黄狮精_0,西游记_物品_九齿钉钯_0,持有,[{'89': '黄狮精偷走九齿渗金钉钯，并准备举办钉钯嘉会。'}],人物与物品,西游记
西游记_人物_唐三藏_0,西游记_组织_佛家_0,归属,[{'54': '唐三藏是出家人，坚守佛家德行，奉佛旨西天取经。'}],人物与组织,西游记
西游记_人物_广目天王_0,西游记_组织_四大天将_0,领导,[{'58': '广目天王率马赵温关四大天将把守南天门。'}],人物与组织,西游记
西游记_人物_九灵元圣_0,西游记_人物_孙悟空_0,对立,"[{'89': '九灵元圣答应黄狮精要擒拿孙行者等人报仇。'}, {'90': '孙大圣与九灵元圣激战，寻机救师父与王子'}]",人物与人物,西游记
西游记_地点_洪福寺_0,西游记_地点_长安城_0,隶属,"[{'12': '洪福寺位于长安城，玄奘在此修行'}, {'100': '洪福寺位于长安，是唐僧旧住的寺院'}]",地点与地点,西游记
西游记_人物_孙悟空_0,西游记_物品_钢刀_0,争夺,[{'2': '孙悟空从混世魔王手中夺得钢刀并将其杀死。'}],人物与物品,西游记
西游记_地点_金銮宝殿_2,西游记_地点_灭法国_0,隶属,[{'85': '金銮宝殿是钦法国国王的朝堂，国王在此接见唐僧'}],地点与地点,西游记
西游记_人物_尉迟敬德_0,西游记_组织_唐朝_0,归属,[{'10': '尉迟敬德是大唐将领，与秦叔宝同为门神。'}],人物与组织,西游记
西游记_人物_银角大王_0,西游记_技能_松绳咒_0,掌握,[{'34': '二魔念松绳咒脱出幌金绳，反将孙行者扣住。'}],人物与技能,西游记
西游记_人物_殷开山_0,西游记_人物_陈光蕊_0,亲属,[{'101': '殷开山将女儿许配给陈光蕊，为岳父女婿。'}],人物与人物,西游记
西游记_人物_唐三藏_0,西游记_技能_受生度亡经_0,掌握,[{'12': '玄奘在法会上念诵《受生度亡经》'}],人物与技能,西游记
西游记_人物_孙悟空_0,西游记_人物_巴将军_0,上下级,[{'3': '孙悟空将两个通背猿猴封为崩、芭二将军。'}],人物与人物,西游记
西游记_人物_东海龙王敖广_0,西游记_人物_敖闰_0,亲属,[{'3': '敖闰是敖广的弟弟，西海龙王。'}],人物与人物,西游记
西游记_人物_牛魔王_0,西游记_地点_摩云洞_0,居住,"[{'60': '牛魔王与玉面公主居住在摩云洞。'}, {'61': '牛魔王在积雷山摩云洞有洞府'}]",人物与地点,西游记
西游记_人物_猪八戒_0,西游记_地点_福陵山_0,居住,"[{'8': '猪悟能占据福陵山山场'}, {'18': '猪刚鬣自称家住福陵山'}, {'94': '猪八戒被贬后住福陵山，造恶无边'}]",人物与地点,西游记
西游记_人物_孙悟空_0,西游记_地点_驼罗庄_0,守护,[{'67': '行者应驼罗庄李老儿请求，为驼罗庄降妖除害。'}],人物与地点,西游记
西游记_人物_孙悟空_0,西游记_技能_金钢之躯_0,掌握,"[{'7': '大圣运用三昧火煅成金钢之躯，刀砍斧剁不能伤'}, {'19': '孙悟空经历锻炼获得铜头铁臂。'}]",人物与技能,西游记
西游记_人物_火德星君_0,西游记_物品_火弓_0,持有,[{'51': '火德星君令火部神兵放火，火弓被兕怪的圈子套去。'}],人物与物品,西游记
西游记_人物_孙悟空_0,西游记_物品_紫金红葫芦_0,持有,"[{'33': '孙悟空从精细鬼处骗得紫金红葫芦。'}, {'35': '孙大圣从银角大王处夺得紫金红葫芦，并用来装银角。'}]",人物与物品,西游记
西游记_地点_誊黄寺_0,西游记_地点_长安城_0,隶属,[{'100': '誊黄寺建于长安城东，用于誊写经文的寺院'}],地点与地点,西游记
西游记_人物_东来佛祖_0,西游记_地点_极乐世界_0,居住,[{'66': '东来佛祖收服黄眉大王后驾祥云径转极乐世界'}],人物与地点,西游记
西游记_人物_可韩丈人真君_0,西游记_人物_玉皇大帝_0,上下级,[{'51': '玉帝降旨可韩司查勘满天星宿神王有无思凡下界，可韩丈人真君领旨执行。'}],人物与人物,西游记
西游记_人物_孙悟空_0,西游记_人物_敖顺_1,上下级,[{'45': '孙大圣命令敖顺助力下雨，敖顺遵命'}],人物与人物,西游记
西游记_人物_王小二_0,西游记_地点_王小二店_0,居住,[{'84': '王小二经营并居住在王小二店'}],人物与地点,西游记
西游记_人物_巴山虎_0,西游记_地点_莲花洞_0,居住,[{'34': '巴山虎是莲花洞的常随小妖，住在洞中。'}],人物与地点,西游记
西游记_人物_唐太宗_0,西游记_人物_李元吉_0,亲属,[{'10': '李元吉是唐太宗之弟，在阴司与建成一同揪打索命。'}],人物与人物,西游记
西游记_人物_六丁六甲_0,西游记_人物_观世音菩萨_0,上下级,[{'99': '观音菩萨派遣六丁六甲保护唐僧，现缴法旨。'}],人物与人物,西游记
西游记_人物_唐太宗_0,西游记_人物_殷开山_0,上下级,[{'101': '唐太宗准殷开山奏请，发御林军由殷丞相督兵剿贼。'}],人物与人物,西游记
西游记_人物_赛太岁_0,西游记_物品_宣花钺斧_0,持有,[{'71': '赛太岁手持一柄宣花钺斧与孙悟空交战。'}],人物与物品,西游记
西游记_人物_九灵元圣_0,西游记_人物_黄狮精_0,亲属,[{'89': '九灵元圣是黄狮精的祖翁，黄狮精称其为祖爷爷。'}],人物与人物,西游记
西游记_人物_大圣国师王菩萨_0,西游记_人物_孙悟空_0,合作,[{'66': '国师王菩萨应请派小张太子和四大神将助孙悟空'}],人物与人物,西游记
西游记_地点_碗子山波月洞_0,西游记_地点_荆棘丛_0,连通,[{'29': '波月洞后门外有荆棘丛，唐僧从后门逃出藏身其中'}],地点与地点,西游记
西游记_人物_唐太宗_0,西游记_人物_胡敬德_0,上下级,[{'11': '太宗差胡敬德前往开封府向相良还金银并监造相国寺。'}],人物与人物,西游记
西游记_人物_乌鸡国太子_0,西游记_物品_白玉圭_0,持有,[{'38': '太子从袖中取出金厢白玉圭递给娘娘，称是父王遗下的表记'}],人物与物品,西游记
西游记_人物_沙悟净_0,西游记_技能_摄法_0,掌握,[{'99': '沙僧提议师徒都作起摄法将师父驾过河，表明他掌握摄法。'}],人物与技能,西游记
西游记_地点_方丈_2,西游记_地点_镇海禅林寺_0,隶属,[{'80': '方丈是镇海禅林寺中住持的居室，本回中唐僧被喇嘛和尚引至方丈。'}],地点与地点,西游记
西游记_地点_黄风岭_0,西游记_地点_黄风洞_0,隶属,[{'20': '黄风洞在黄风岭中'}],地点与地点,西游记
西游记_地点_太和宫_0,西游记_地点_武当山_0,隶属,[{'66': '太和宫是武当山上的宫殿'}],地点与地点,西游记
西游记_人物_孙悟空_0,西游记_技能_缩地法_0,掌握,"[{'22': '缩地法，老孙件件皆知。'}, {'40': '孙大圣使移山缩地之法，用金箍棒往后一指，让师徒越过峰头。'}]",人物与技能,西游记
西游记_人物_沙悟净_0,西游记_物品_降妖棒_0,持有,"[{'8': '沙悟净手执一根降妖宝杖'}, {'22': '手持宝杖甚峥嵘，手中执定降妖杖。'}, {'25': '沙和尚使用宝杖参与围攻镇元仙。'}, {'28': '沙僧使用降妖宝杖与黄袍怪交锋'}, {'29': '沙悟净使用降妖宝杖与黄袍怪厮杀'}, {'33': '沙僧掣出降妖棒与二魔对战。'}, {'35': '沙和尚举降妖杖打退群妖。'}, {'39': '沙僧使用降妖宝杖参与战斗。'}, {'40': '沙僧使用宝杖作为兵器护卫唐僧。'}, {'43': '沙僧手持降妖宝杖下水与鼍龙争斗。'}, {'48': '沙和尚在冰上横担降妖宝杖以防落水。'}, {'49': '沙僧使用降妖真宝杖，与灵感大王相斗。'}, {'54': '沙悟净掣出宝杖打向摄走唐僧的女子。'}, {'57': '沙僧用降妖杖打死假沙僧'}, {'58': '沙僧使用降妖宝杖打进水帘洞寻找包袱。'}, {'74': '沙僧使用降妖宝杖作为兵器。'}, {'76': '沙僧使用降妖杖作为兵器。'}, {'82': '沙僧使用杖作为武器，拦住洞门'}, {'85': '沙和尚掣禅杖与假妖精战斗'}, {'88': '沙僧持有降妖宝杖，重五千零四十八斤。'}, {'89': '沙和尚进入虎口洞后夺回降妖杖，重新持有。'}, {'90': '沙僧使用降妖杖作为兵器，重八百斤'}, {'92': '沙僧的武器，用于战斗。'}]",人物与物品,西游记
西游记_地点_西牛贺洲_0,西游记_地点_铜台府_0,隶属,[{'96': '铜台府属于西牛贺洲。'}],地点与地点,西游记
西游记_人物_泾河龙王_0,西游记_地点_泾河_0,居住,[{'9': '泾河龙王是泾河水府主人，管辖泾河，水族均在泾河之中。'}],人物与地点,西游记
西游记_人物_胜至金刚_0,西游记_地点_峨眉山清凉洞_0,居住,[{'61': '胜至金刚修行于峨眉山清凉洞'}],人物与地点,西游记
西游记_人物_唐三藏_0,西游记_人物_百花羞_0,合作,[{'29': '百花羞解救被绑的唐僧并托其捎带家书至宝象国'}],人物与人物,西游记
西游记_人物_小张太子_0,西游记_技能_长生诀_0,掌握,[{'66': '小张太子学成长生不老之术，容颜永似少年郎'}],人物与技能,西游记
西游记_人物_胡敬德_0,西游记_组织_唐朝_0,归属,[{'11': '胡敬德是唐朝将领，被奉为鄂国公。'}],人物与组织,西游记
西游记_人物_邓化_0,西游记_组织_九天应元府_0,归属,[{'51': '邓化是九天府点派的雷公，奉旨下界助阵。'}],人物与组织,西游记
西游记_人物_猪八戒_0,西游记_地点_高老庄_0,居住,"[{'18': '猪刚鬣作为女婿住在高老庄高太公家的后宅'}, {'20': '猪悟能曾在高老庄居住'}, {'23': '猪八戒曾在高老庄做女婿，长期居住在此，后被孙悟空降服离开。'}, {'32': '猪八戒原居住高老庄，有浑家，曾想回去。'}]",人物与地点,西游记
西游记_人物_泾河龙王_0,西游记_人物_鼍洁_0,亲属,[{'43': '泾河龙王是鼍洁的父亲，因错行风雨被斩。'}],人物与人物,西游记
西游记_人物_六丁六甲_0,西游记_人物_玉皇大帝_0,上下级,[{'7': '玉帝教六丁六甲将悟空解下付与老君'}],人物与人物,西游记
西游记_人物_李翠莲_0,西游记_地点_均州_0,出身,[{'11': '李翠莲是均州人氏，与刘全同乡。'}],人物与地点,西游记
西游记_人物_陈光蕊_0,西游记_物品_走盘珠_0,持有,[{'101': '龙王赠送走盘珠两颗给陈光蕊。'}],人物与物品,西游记
西游记_人物_刘伯钦_0,西游记_人物_媳妇_0,亲属,[{'13': '刘伯钦之妻，与婆婆一同准备洁净茶饭'}],人物与人物,西游记
西游记_人物_孙悟空_0,西游记_物品_牙牌_0,持有,[{'70': '孙悟空解下有来有去的牙牌带在腰间，用于假扮'}],人物与物品,西游记
西游记_地点_灵感大王庙_0,西游记_地点_陈家庄_0,隶属,[{'48': '灵感庙是陈家庄的庙宇，庄内祭赛在此进行。'}],地点与地点,西游记
西游记_人物_唐三藏_0,西游记_人物_熊山君_0,对立,[{'13': '熊山君建议食二留一，与三藏为敌'}],人物与人物,西游记
西游记_人物_白鹦哥_0,西游记_人物_观世音菩萨_0,上下级,[{'58': '白鹦哥是观音菩萨身边的灵禽，随观音一同送孙悟空回唐僧处。'}],人物与人物,西游记
西游记_人物_九灵元圣_0,西游记_人物_二王子_0,对立,[{'90': '九灵元圣张口噙走二王子'}],人物与人物,西游记
西游记_人物_猪八戒_0,西游记_人物_奎木狼_0,对立,"[{'28': '猪八戒为救师父与黄袍怪在云端厮杀数十回合'}, {'29': '猪八戒奉国王旨意与黄袍怪厮杀，欲捉拿妖怪救公主'}]",人物与人物,西游记
西游记_地点_泗洲_0,西游记_地点_盱眙山_0,隶属,[{'66': '盱眙山即泗洲的蠙城所在'}],地点与地点,西游记
西游记_人物_孙悟空_0,西游记_技能_翻江搅海_0,掌握,[{'15': '孙悟空施展翻江搅海神通，搅浑鹰愁涧逼出玉龙。'}],人物与技能,西游记
西游记_人物_伶俐虫_0,西游记_人物_孙悟空_0,对立,[{'33': '孙悟空变作老真人骗伶俐虫，用假葫芦换走了羊脂玉净瓶。'}],人物与人物,西游记
西游记_人物_玉面公主_0,西游记_地点_摩云洞_0,居住,"[{'60': '玉面公主的洞府，与牛魔王同居。'}, {'61': '玉面公主居住在积雷山摩云洞'}]",人物与地点,西游记
西游记_人物_孙悟空_0,西游记_人物_蝎子精_0,对立,[{'55': '孙悟空与蝎子精打斗，被倒马毒扎伤头皮，后请昴日星官降伏。'}],人物与人物,西游记
西游记_人物_小张太子_0,西游记_组织_四大神将_0,领导,[{'66': '小张太子帅领四大神将前往小雷音寺助孙悟空'}],人物与组织,西游记
西游记_人物_孙悟空_0,西游记_技能_唵囒静法界乾元亨利贞咒_0,掌握,"[{'15': '孙悟空念唵字咒语唤出当坊土地和本处山神。'}, {'24': '行者念唵字咒拘花园土地'}, {'38': '孙行者念诵唵蓝净法界真言，拘得山神土地前来听令'}, {'65': '孙悟空念此咒语拘来五方揭谛、六丁六甲、护教伽蓝等神。'}, {'73': '孙悟空念唵字真言拘唤土地神。'}, {'77': '孙悟空念此咒语拘唤北海龙王'}, {'78': ""行者念动真言'唵净法界'，以此拘来城隍土地等众神。""}, {'79': '孙悟空念动唵字真言拘出柳林坡土地，询问清华洞所在。'}, {'84': '孙悟空念动唵字真言唤土地神祇布散瞌睡虫'}]",人物与技能,西游记
西游记_地点_西城_0,西游记_地点_西梁女国_0,隶属,[{'54': '西城是西梁女国的西面城门。'}],地点与地点,西游记
西游记_人物_孙悟空_0,西游记_人物_白龙马_0,合作,[{'69': '孙大圣为制药向马取马尿，马虽不情愿但最终努出少半盏'}],人物与人物,西游记
西游记_人物_孙悟空_0,西游记_人物_玉皇大帝_0,合作,[{'33': '孙悟空请玉帝借天装闭半个时辰，玉帝准哪吒之策助其成功。'}],人物与人物,西游记
西游记_人物_独角兕大王_0,西游记_人物_火德星君_0,对立,[{'51': '火德星君率火部众神放火烧兕怪，火龙火马等火具均被圈子套去。'}],人物与人物,西游记
西游记_人物_观世音菩萨_0,西游记_技能_紧箍儿咒_0,传授,"[{'14': '观音化为老母将定心真言（紧箍咒）教给唐僧'}, {'27': '菩萨暗授唐僧一卷《紧箍儿咒》，用于约束悟空。'}, {'39': '观世音菩萨将紧箍儿咒传授给唐僧。'}]",人物与技能,西游记
西游记_地点_东天门_0,西游记_地点_光明宫_0,隶属,[{'55': '光明宫在东天门内，悟空去光明宫寻昴日星官。'}],地点与地点,西游记
西游记_人物_唐三藏_0,西游记_技能_净口业的真言_0,掌握,[{'13': '三藏为超度前先念诵净口业的真言以净化口业'}],人物与技能,西游记
西游记_地点_凤仙郡_0,西游记_地点_甘霖普济寺_0,隶属,[{'87': '甘霖普济寺建在凤仙郡，为感谢唐僧师徒所建。'}],地点与地点,西游记
西游记_人物_泾河龙王_0,西游记_人物_魏征_0,对立,"[{'9': '泾河龙王因违犯天条，被玉帝命人曹官魏征梦斩。'}, {'10': '魏征奉天命在剐龙台上用霜锋梦斩泾河龙王。'}, {'39': '魏徵奉天条梦斩泾河老龙，导致唐王游地府。'}]",人物与人物,西游记
西游记_人物_唐太宗_0,西游记_组织_唐朝_0,归属,[{'29': '唐天子是大唐国的皇帝'}],人物与组织,西游记
西游记_人物_唐三藏_0,西游记_人物_白鼋_0,合作,[{'49': '老鼋驮唐僧过河，并请求唐僧到西天问佛祖何时得脱本壳。'}],人物与人物,西游记
西游记_人物_三宫皇后_0,西游记_物品_乾坤地理裙_0,持有,[{'46': '三宫皇后亲手将乾坤地理裙与山河社稷袄一同放入柜中'}],人物与物品,西游记
西游记_人物_赵寡妇_0,西游记_地点_赵寡妇店_0,居住,[{'84': '赵寡妇经营并居住在赵寡妇店'}],人物与地点,西游记
西游记_人物_孙悟空_0,西游记_技能_瞌睡虫_0,掌握,"[{'71': '孙悟空拔一根毫毛变作瞌睡虫，放在春娇脸上使其瞌睡。'}, {'77': '孙悟空有瞌睡虫，抛在小妖脸上使其睡倒'}, {'86': '孙行者将毫毛变作瞌睡虫抛到众妖脸上使其睡倒'}]",人物与技能,西游记
西游记_地点_三星洞_0,西游记_地点_西牛贺洲_0,隶属,[{'2': '三星洞位于西牛贺洲。'}],地点与地点,西游记
西游记_人物_牛魔王_0,西游记_人物_玉面公主_0,亲属,[{'60': '牛魔王被玉面公主招赘为夫，同居积雷山摩云洞。'}],人物与人物,西游记
西游记_人物_须菩提祖师_0,西游记_技能_筋斗云_0,传授,[{'2': '菩提祖师传授孙悟空筋斗云。'}],人物与技能,西游记
西游记_人物_嫦娥_0,西游记_人物_猪八戒_0,对立,[{'94': '猪八戒因蟠桃酒醉戏弄嫦娥，被贬下凡'}],人物与人物,西游记
西游记_人物_独角兕大王_0,西游记_物品_金刚琢_0,持有,[{'52': '兕大王使用金刚琢套取孙悟空金箍棒、哪吒六件神兵、火部火器等。'}],人物与物品,西游记
西游记_人物_孙悟空_0,西游记_物品_金箍棒_0,持有,"[{'3': '孙悟空从东海龙宫海藏中取走如意金箍棒，作为兵器。'}, {'4': '孙悟空手持如意金箍棒与巨灵神、哪吒交战。'}, {'5': '大圣从耳中掣出金箍棒，幌一幌变粗，用作兵器打退众天神。'}, {'6': '齐天大圣使用如意金箍棒与二郎神及其他天兵交战。'}, {'7': '大圣从耳中掣出如意棒，迎风变碗口粗细'}, {'14': '孙悟空从耳中取出如意金箍棒打虎并收放自如'}, {'15': '孙悟空用金箍铁棒与玉龙三太子争斗，自称此棍为随身兵器。'}, {'16': '孙行者从耳朵里掣出铁棒，打碎砖墙'}, {'17': '孙行者从龙宫获得金箍棒，作为武器使用。'}, {'18': '行者从耳内取出绣花针变成金箍铁棒，作为兵器'}, {'19': '孙悟空使用金箍棒作为兵器。'}, {'20': '孙行者使用金箍铁棒'}, {'21': '孙悟空使用如意金箍棒（铁棒）与黄风大圣战斗。'}, {'22': '行者轮起铁棒，望那怪着头一下。'}, {'23': '金箍棒是孙悟空的兵器，重万斤，能变化，本回中悟空揝一揝金箍棒吓跑龙马。'}, {'25': '孙行者使用金箍棒打人参果树和战斗。'}, {'27': '行者手执如意金箍棒（铁棒）打杀妖精。'}, {'30': '孙大圣持有哭丧棒（即金箍棒）。'}, {'31': '孙悟空使用金箍棒作为兵器，变三头六臂时化为三根。'}, {'33': '孙悟空使用如意金箍棒，理开棒使解数压惊，与妖魔对阵。'}, {'34': '孙行者使用金箍棒与二魔交战，打杀小妖，此宝随身变化。'}, {'35': '孙大圣使用金箍棒战斗，为其兵器。'}, {'36': '孙行者执铁棒剖路开路，并以此威吓僧众、打碎石狮子。'}, {'38': '孙行者用金箍棒放猪八戒下井，后又伸下井底将八戒连尸首提上来'}, {'40': '孙大圣使用金箍棒作为兵器，能变大变小。'}, {'41': '孙大圣使用金箍棒与红孩儿交战。'}, {'42': '孙悟空使用金箍棒与妖精交战'}, {'43': '行者掣铁棒将黑鱼精打死。'}, {'44': '孙悟空从耳中取出金箍棒打杀道士。'}, {'45': '孙大圣从耳中取出金箍棒用于号令风雨雷电'}, {'46': '孙行者将金箍棒变作剃头刀为童儿剃发'}, {'47': '齐天大圣拿了铁棒去查看通天河边的石碑。'}, {'48': '孙大圣在冰上横担铁棒以防落水。'}, {'49': '孙悟空使用铁棒与灵感大王交战，妖怪抵挡不住。'}, {'50': '孙悟空手持金箍棒与独角兕大王交战，后被圈子套走。'}, {'51': '孙悟空的金箍棒原为其兵器，被兕怪抢去后又夺回。'}, {'52': '孙悟空持有金箍棒大战兕大王，曾被金刚琢套去后偷回。'}, {'55': '孙悟空用铁棒与蝎子精战斗。'}, {'56': '孙大圣的武器是如意金箍棒，重一万三千五百斤，本回中用来打杀强盗。'}, {'58': '孙悟空手持如意金箍棒与六耳猕猴打斗。'}, {'59': '孙悟空持有金箍棒作为兵器。'}, {'60': '孙悟空使用金箍棒与牛魔王争斗。'}, {'61': '孙大圣使用金箍棒战斗'}, {'62': '孙悟空掣出金箍棒拦住塔门，逼问妖精。'}, {'63': '孙悟空使用金箍棒作为兵器。'}, {'64': '孙悟空使用铁棒拨开荆棘开路。'}, {'65': '孙悟空用金箍棒打破金铙及与黄眉老佛交战。'}, {'66': '孙悟空使用金箍棒（铁棒）与黄眉大王交战'}, {'67': '行者使用铁棒与妖怪战斗。'}, {'70': '孙悟空持金箍棒与先锋、妖精战斗'}, {'71': '孙悟空使用金箍棒与赛太岁交战，并用以解锁。'}, {'72': '行者掣出金箍棒欲打丝绳，但未下手。'}, {'73': '孙悟空从耳中取出金箍棒与百眼魔君打斗。'}, {'74': '孙悟空手里执一根金箍棒，作为兵器。'}, {'75': '孙大圣使用金箍棒作为兵器，与老魔对战。'}, {'76': '孙大圣使用金箍棒作为兵器，与妖魔交战。'}, {'77': '孙悟空的金箍棒是其主要兵器，重十万八千斤'}, {'79': '孙悟空使用金箍棒与国丈的蟠龙拐杖大战，威力强大。'}, {'80': '孙大圣使用金箍棒，本回中取出金箍棒开路、辖制女子。'}, {'81': '孙悟空使用金箍铁棒作为武器与妖精对战。'}, {'82': '孙大圣要用铁棒打妖精'}, {'83': '孙悟空使用金箍棒作为兵器与妖精争斗'}, {'84': '孙悟空使用金箍棒变化剃头刀'}, {'85': '孙悟空用金箍棒助战猪八戒'}, {'86': '孙行者使用金箍棒作为兵器打妖怪、打破石门'}, {'88': '孙悟空随身携带如意金箍棒，可大可小。'}, {'89': '孙行者进入虎口洞后夺回金箍棒，重新持有。'}, {'90': '孙大圣使用金箍棒作为兵器，重千斤'}, {'92': '孙悟空的武器，用于战斗。'}, {'95': '孙悟空使用金箍棒与玉兔的捣药杵战斗'}, {'99': '行者双手轮起铁棒护持经书。'}, {'100': '孙悟空手持金箍棒保护唐僧'}]",人物与物品,西游记
西游记_人物_木吒_0,西游记_物品_浑铁棍_0,持有,[{'8': '木吒使一条浑铁棍，重有千斤'}],人物与物品,西游记
西游记_人物_丘弘济_0,西游记_组织_四大天师_0,归属,[{'51': '丘弘济是四天师之一，在灵霄殿前迎着孙悟空。'}],人物与组织,西游记
西游记_人物_六耳猕猴_0,西游记_物品_随心铁杆兵_0,持有,[{'58': '六耳猕猴使用随心铁杆兵与孙悟空的金箍棒对敌。'}],人物与物品,西游记
西游记_人物_东海龙王敖广_0,西游记_人物_孙悟空_0,上下级,[{'69': '孙大圣召唤东海龙王敖广前来助无根水，龙王听从调遣，以喷嚏涎津化作甘霖'}],人物与人物,西游记
西游记_人物_猪八戒_0,西游记_技能_天罡数变化_0,掌握,[{'18': '猪刚鬣自称有天罡数的变化'}],人物与技能,西游记
西游记_人物_老者_0,西游记_地点_两界山_0,居住,[{'14': '老者是两界山下的陈姓老人，一百三十岁'}],人物与地点,西游记
西游记_人物_唐太宗_0,西游记_人物_魏征_0,上下级,"[{'9': '魏征是唐太宗驾下丞相，太宗召其入便殿对弈。'}, {'10': '唐太宗是君主，魏征是臣子，二人对弈后魏征梦斩泾河龙王，后又奉旨把守后门。'}, {'11': '唐太宗是皇帝，魏征是丞相，君臣关系。魏征断言太宗会还魂，并安排汤药等。'}, {'12': '太宗命魏征赍旨宣玄奘入朝接受袈裟锡杖'}, {'68': '魏徵是唐王驾前丞相，贤臣。'}]",人物与人物,西游记
西游记_地点_五凤楼_2,西游记_地点_车迟国_0,隶属,[{'45': '五凤楼是车迟国宫殿的楼阁'}],地点与地点,西游记
西游记_人物_孙悟空_0,西游记_物品_金漆牌儿_0,持有,[{'74': '孙悟空打死小钻风后，解下其金漆牌儿带在自己腰里。'}],人物与物品,西游记
西游记_人物_陈光蕊_0,西游记_组织_唐朝_0,归属,[{'101': '陈光蕊是唐朝状元，授官江州州主，属于大唐官员。'}],人物与组织,西游记
西游记_人物_猪八戒_0,西游记_技能_腾云驾雾_0,掌握,[{'29': '猪八戒足下生云直上空里，腾云前往波月洞'}],人物与技能,西游记
西游记_人物_崔珪_0,西游记_人物_魏征_0,合作,[{'68': '魏徵写信给崔判官，请他帮唐王增寿。'}],人物与人物,西游记
西游记_人物_托塔李天王_0,西游记_物品_照妖镜_1,持有,"[{'6': '李天王擎照妖镜立在空中，照耀防备妖猴逃窜。'}, {'58': '托塔李天王用照妖镜照真假孙悟空，但未能分辨。'}, {'61': '托塔李天王用照妖镜照住牛魔王本象'}]",人物与物品,西游记
西游记_人物_孙悟空_0,西游记_技能_望闻问切_0,掌握,[{'68': '孙悟空向朱紫国众臣讲述望闻问切之理。'}],人物与技能,西游记
西游记_人物_孙悟空_0,西游记_物品_如意钩子_0,争夺,[{'53': '孙悟空夺过如意真仙的如意钩子并折为四段掷于地。'}],人物与物品,西游记
西游记_人物_如来佛祖_0,西游记_地点_布金禅寺_0,居住,[{'93': '佛祖释迦牟尼曾在给孤独园讲经说法'}],人物与地点,西游记
西游记_人物_沙悟净_0,西游记_人物_猪八戒_0,合作,"[{'25': '猪八戒与沙和尚一起参与战斗对抗镇元仙。'}, {'35': '猪八戒和沙和尚共同追击老魔，配合战斗。'}, {'45': '猪八戒和沙和尚一同随孙大圣戏弄道士、撒尿冒充圣水'}, {'54': '猪悟能与沙悟净同为唐僧徒弟，本回中一起配合行动。'}, {'86': '猪八戒与沙和尚一同哭拜假人头、看守行李'}, {'89': '猪八戒与沙和尚配合孙行者，共同打败黄狮精。'}, {'100': '猪八戒与沙和尚同为唐僧弟子，共同保护唐僧取经'}]",人物与人物,西游记
西游记_人物_孙悟空_0,西游记_物品_蟠桃_0,争夺,[{'19': '孙悟空大闹天宫时盗取蟠桃。'}],人物与物品,西游记
西游记_人物_童儿_0,西游记_人物_虎力大仙_0,上下级,[{'46': '童儿是虎力大仙的徒弟，被藏入柜中参与猜枚'}],人物与人物,西游记
西游记_人物_凌空子_0,西游记_人物_猪八戒_0,对立,[{'64': '猪八戒用钉钯将凌空子（桧树精）筑倒。'}],人物与人物,西游记
西游记_人物_沙悟净_0,西游记_组织_西天_0,归属,"[{'63': '沙僧受戒为僧，随唐僧西天取经。'}, {'100': '沙和尚皈依佛教，成为金身罗汉'}]",人物与组织,西游记
西游记_人物_陈关保_0,西游记_人物_陈清_0,亲属,[{'47': '陈清是陈关保的父亲，在关圣爷爷位下求得儿子，取名关保。'}],人物与人物,西游记
西游记_人物_唐三藏_0,西游记_组织_唐朝_0,归属,"[{'12': '玄奘是大唐法师，奉太宗旨意主持水陆大会并前往西天取经'}, {'13': '三藏是大唐驾下钦差，奉唐王之命西天取经'}, {'14': '唐僧是大唐太宗皇帝派往西天取经的御弟三藏'}, {'15': '唐僧是东土大唐的圣僧，奉旨前往西天取经。'}, {'23': '唐僧是东土大唐来的和尚，奉唐王旨意西天拜佛求经。'}, {'24': '唐三藏是东土大唐驾下的圣僧'}, {'25': '唐三藏是从东土大唐出发前往西天取经的和尚。'}, {'28': '唐僧是大唐僧人，奉大唐皇帝敕命前往西天取经'}, {'32': '唐僧是东土大唐派往西天取经的和尚。'}, {'36': '唐三藏是东土大唐驾下差来的和尚，代表大唐西天取经。'}, {'37': '唐三藏奉东土大唐旨意，上西天拜佛求经'}, {'42': '唐僧是东土大唐和尚，奉旨去西天取经'}, {'47': '唐僧是东土大唐钦差前往西天取经的僧人。'}, {'54': '唐三藏是东土大唐的御弟圣僧，奉唐王之命取经。'}, {'57': '唐三藏是东土大唐派往西天取经的圣僧'}, {'62': '唐三藏是东土大唐差往西天取经的圣僧，属于大唐。'}, {'68': '唐僧是东土大唐的法师，奉唐王旨意去西天取经。'}, {'70': '唐僧是东土大唐前往西天取经的和尚'}, {'72': '三藏是东土大唐派往西天取经的和尚。'}, {'73': '唐三藏自称是东土大唐差往西天取经的和尚。'}, {'80': '唐僧乃东土大唐驾下钦差，奉命往西天取经。'}, {'85': '唐僧是东土大唐驾下差往西天取经的和尚'}, {'86': '唐僧是东土大唐的和尚，受唐王差遣取经'}, {'88': '唐僧是东土大唐差往西天拜佛求经的僧人。'}, {'89': '唐僧奉东土大唐唐王命前往西天取经。'}, {'93': '唐玄奘奉东土大唐皇帝之旨，前往西天拜佛求经'}, {'96': '唐僧是东土大唐钦差往西天取经的僧人。'}, {'98': '唐僧是东土大唐的圣僧，奉大唐皇帝旨意西天取经，持有通关文牒。'}]",人物与组织,西游记
西游记_人物_奎木狼_0,西游记_人物_孙悟空_0,对立,[{'31': '孙悟空为救师父与黄袍怪（奎木狼）交战，争斗胜负。'}],人物与人物,西游记
西游记_组织_二十八宿_0,西游记_组织_天庭_0,隶属,"[{'65': '二十八宿为天庭的星宿神团队，奉玉帝旨意下界。'}, {'66': '二十八宿是天庭的星宿，奉玉帝旨意下界救孙悟空'}]",组织与组织,西游记
西游记_人物_孙悟空_0,西游记_物品_贬书_0,持有,[{'27': '行者接了贬书，收入袖中。'}],人物与物品,西游记
西游记_人物_孙悟空_0,西游记_人物_巨灵神_0,对立,[{'4': '巨灵神作为先锋与孙悟空交战，被孙悟空打断斧柄败逃。'}],人物与人物,西游记
西游记_地点_水帘洞_0,西游记_地点_铁板桥_0,隶属,[{'3': '铁板桥位于水帘洞下，桥下水流直通东海龙宫。'}],地点与地点,西游记
西游记_人物_大鹏金翅雕_0,西游记_人物_佛母孔雀大明王菩萨_0,亲属,[{'77': '大鹏与孔雀大明王是一母所生的兄弟'}],人物与人物,西游记
西游记_人物_独角兕大王_0,西游记_物品_点钢枪_0,持有,[{'50': '独角兕大王让小妖抬出丈二长的点钢枪，与孙悟空交战。'}],人物与物品,西游记
西游记_人物_木吒_0,西游记_地点_普陀_0,守护,[{'8': '木吒在普陀为护法'}],人物与地点,西游记
西游记_人物_先锋_0,西游记_人物_赛太岁_0,上下级,[{'70': '先锋是赛太岁部下，奉大王令取宫女'}],人物与人物,西游记
西游记_地点_齐天大圣府_0,西游记_组织_宁神司_0,驻扎,[{'4': '齐天大圣府内设宁神司，有仙吏在府内任职。'}],组织与地点,西游记
西游记_人物_殷开山_0,西游记_组织_唐朝_0,归属,[{'101': '殷开山是唐朝丞相，为大唐效力。'}],人物与组织,西游记
西游记_人物_孙悟空_0,西游记_技能_遁身法_0,掌握,"[{'65': '孙悟空使用遁身法将身一小，脱下绳索解救众人。'}, {'77': '孙悟空有遁法，但被大鹏抓住后难以逃脱'}, {'90': '孙大圣使遁法将身变小脱出绳索'}]",人物与技能,西游记
西游记_人物_孙悟空_0,西游记_人物_黄狮精_0,对立,"[{'89': '孙行者与猪八戒、沙和尚一起大战黄狮精，夺回兵器。'}, {'90': '孙大圣打死黄狮精，为救兵器及报复'}]",人物与人物,西游记
西游记_人物_护教伽蓝_0,西游记_人物_猪八戒_0,合作,[{'29': '一十八位护教伽蓝在空中助战八戒沙僧'}],人物与人物,西游记
西游记_人物_唐三藏_0,西游记_技能_净身心的神咒_0,掌握,[{'13': '三藏又念净身心的神咒以净化身心'}],人物与技能,西游记
西游记_人物_孙悟空_0,西游记_人物_社令_0,上下级,[{'78': '行者拘唤社令，命其协助救助小儿。'}],人物与人物,西游记
西游记_人物_如来佛祖_0,西游记_组织_三十六员雷将_0,领导,[{'7': '佛祖传法旨教雷将停息干戈，放开营所'}],人物与组织,西游记
西游记_人物_增长天王_0,西游记_组织_天庭_0,归属,"[{'4': '增长天王是天庭南天门守将，属天庭麾下。'}, {'92': '增长天王是西天门天王，属于天庭。'}]",人物与组织,西游记
西游记_人物_如来佛祖_0,西游记_人物_青毛狮子怪_0,上下级,[{'39': '如来命令狮猁王将乌鸡国国王推入井中浸三年以报文殊之仇。'}],人物与人物,西游记
西游记_人物_上官正_0,西游记_人物_孙悟空_0,合作,[{'87': '孙悟空劝上官正皈依向善，共同促成降雨。'}],人物与人物,西游记
西游记_地点_南赡部洲_0,西游记_组织_唐朝_0,驻扎,[{'96': '东土大唐位于南赡部洲。'}],组织与地点,西游记
西游记_人物_孙悟空_0,西游记_人物_张蕃_0,合作,[{'51': '孙悟空建议玉帝派雷公助阵，张蕃与邓化同下界。'}],人物与人物,西游记
西游记_地点_天竺国_0,西游记_地点_留春亭_0,隶属,[{'95': '留春亭是天竺国宫殿中的亭子，国王请唐僧师徒在此摆斋安歇'}],地点与地点,西游记
西游记_人物_净乐国王_0,西游记_人物_荡魔天尊_0,亲属,[{'66': '净乐国王是荡魔天尊的父亲，荡魔天尊降诞于王宫'}],人物与人物,西游记
西游记_人物_唐三藏_0,西游记_人物_猪八戒_0,上下级,"[{'19': '唐僧收猪八戒为徒，起别名八戒。'}, {'20': '三藏是猪悟能的师父，猪悟能伏侍师父'}, {'22': '唐僧是猪八戒师父，八戒称师父。'}, {'23': '唐僧是猪八戒的师父，八戒随唐僧西行，称唐僧为师父。'}, {'25': '唐三藏是猪八戒的师父，八戒称其师父。'}, {'28': '唐僧是师父，猪八戒是徒弟，唐僧命猪八戒开路化斋'}, {'29': '唐僧是猪八戒的师父，八戒称唐僧为师父'}, {'31': '唐僧是猪八戒的师父，猪八戒为二徒弟。'}, {'32': '唐僧是猪八戒的师父，猪八戒是唐僧的二徒弟。'}, {'35': '唐僧是猪八戒的师父，猪八戒是其徒弟。'}, {'36': '唐三藏是猪八戒的师父，猪八戒是唐三藏的二徒弟。'}, {'39': '唐僧是猪八戒的师父，八戒称唐僧为师父。'}, {'44': '唐僧是猪八戒的师父，八戒是其徒弟。'}, {'45': '唐三藏是猪八戒的师父，猪八戒随唐僧西天取经'}, {'49': '唐僧是猪八戒的师父，八戒称唐僧为师父，一同保唐僧西行。'}, {'53': '唐三藏是猪八戒的师父，猪八戒称其为师父。'}, {'54': '唐三藏是猪悟能师父，猪悟能是二徒弟。'}, {'56': '唐三藏是猪八戒的师父，猪八戒是唐三藏的二徒弟。'}, {'58': '唐僧是猪八戒的师父，八戒尊称唐僧为师父。'}, {'61': '唐僧是猪八戒的师父'}, {'62': '猪八戒拜唐三藏为师，随其取经。'}, {'63': '唐僧是猪八戒的师父，猪八戒随唐僧取经。'}, {'67': '三藏是八戒之师，八戒称三藏为师父。'}, {'68': '唐僧是猪八戒的师父。'}, {'72': '三藏是八戒的师父，八戒自认弟子。'}, {'74': '猪八戒是唐僧的第二个徒弟，法名悟能，随唐僧西行。'}, {'75': '唐僧是猪八戒的师父，取经团队成员。'}, {'76': '唐僧是猪八戒的师父，猪八戒称唐僧为师父。'}, {'77': '唐僧是猪八戒的师父，一同取经'}, {'81': '唐三藏是猪八戒的师父，八戒随行保护。'}, {'84': '唐三藏是猪八戒师父'}, {'86': '唐僧是猪八戒的师父'}, {'89': '唐僧是猪八戒的师父。'}, {'91': '唐僧是猪八戒的师父，猪八戒是唐僧的二徒弟。'}, {'94': '唐僧是猪八戒的师父，曾举杖责打'}, {'96': '唐僧是猪八戒的师父，喝斥其贪吃懒惰。'}, {'97': '唐僧是猪八戒师父，猪八戒是二徒弟'}, {'100': '唐僧在途中收猪八戒为徒'}]",人物与人物,西游记
西游记_人物_比丘国王_0,西游记_物品_宝印_0,持有,[{'78': '国王用宝印在通关文牒上盖印。'}],人物与物品,西游记
西游记_人物_唐三藏_0,西游记_物品_经书_0,持有,[{'99': '唐僧保护经书，按定经包。'}],人物与物品,西游记
西游记_地点_千花洞_0,西游记_地点_紫云山_0,隶属,[{'73': '千花洞位于紫云山之中。'}],地点与地点,西游记
西游记_人物_黄眉老佛_0,西游记_人物_孙悟空_0,对立,[{'66': '黄眉大王先后用金铙罩住、用后天袋子装走孙悟空及众神，多次交战'}],人物与人物,西游记
西游记_人物_猪八戒_0,西游记_人物_翠兰_0,亲属,[{'18': '猪刚鬣强占翠兰为妻，将她关在后宅半年'}],人物与人物,西游记
西游记_人物_百眼魔君_0,西游记_物品_毒药_0,持有,[{'73': '百眼魔君用小皮箱存放毒药，并称出毒药下在茶中。'}],人物与物品,西游记
西游记_人物_哪吒三太子_0,西游记_人物_玉皇大帝_0,上下级,"[{'5': '玉帝差哪吒太子作为前部先锋下界捉拿大圣。'}, {'33': '哪吒出班奏请玉帝借皂雕旗助孙悟空装天，玉帝准奏。'}]",人物与人物,西游记
西游记_地点_河州卫_0,西游记_组织_唐朝_0,驻扎,[{'13': '河州卫是大唐的山河边界，有镇边总兵驻守'}],组织与地点,西游记
西游记_人物_西海龙王敖闰_0,西游记_人物_白龙马_0,亲属,"[{'8': '玉龙是西海龙王敖闰之子'}, {'23': '龙马三太子是西海龙王敖闰之子，因纵火烧明珠被父亲告了忤逆。'}]",人物与人物,西游记
西游记_地点_獬豸洞_0,西游记_地点_西宫_0,隶属,[{'71': '西宫是獬豸洞中另一处宫室，赛太岁去此睡眠。'}],地点与地点,西游记
西游记_人物_九灵元圣_0,西游记_人物_太乙救苦天尊_0,上下级,[{'90': '九灵元圣是太乙救苦天尊的坐骑，听命于天尊'}],人物与人物,西游记
西游记_地点_东阁_2,西游记_地点_西梁女国_0,隶属,[{'54': '东阁是西梁女国宫廷中设宴的地方。'}],地点与地点,西游记
西游记_人物_南山大王_0,西游记_人物_猪八戒_0,对立,[{'86': '猪八戒协助孙行者攻打南山大王，最终筑死老怪'}],人物与人物,西游记
西游记_人物_虎力大仙_0,西游记_技能_砍头法_0,掌握,[{'46': '虎力大仙自称会砍头法，砍下头后能叫头回来再安上'}],人物与技能,西游记
西游记_人物_陈澄_0,西游记_物品_数珠_0,持有,[{'47': '陈澄项下挂着数珠，口念阿弥陀佛。'}],人物与物品,西游记
西游记_人物_孙悟空_0,西游记_人物_山神_5,合作,[{'50': '山神化为老翁指引孙悟空，告知金皘洞妖魔所在，并自报身份。'}],人物与人物,西游记
西游记_人物_熊罴怪_0,西游记_人物_金池长老_0,上下级,[{'17': '黑熊精传授养神服气之术给金池长老，金池长老因此长寿，二人以朋友相称。'}],人物与人物,西游记
西游记_人物_观世音菩萨_0,西游记_人物_沙悟净_0,上下级,[{'54': '南海观世音菩萨解脱沙悟净苦，使其秉善皈依，保护唐僧取经。'}],人物与人物,西游记
西游记_人物_孙悟空_0,西游记_人物_火焰山土地_0,合作,[{'61': '火焰山土地指引并协助孙大圣'}],人物与人物,西游记
西游记_人物_九头驸马_0,西游记_物品_月牙铲_0,持有,[{'63': '九头驸马使用月牙铲与孙悟空交战。'}],人物与物品,西游记
西游记_人物_孙悟空_0,西游记_人物_寿星_0,合作,[{'79': '寿星用寒光罩住白鹿，请求孙悟空饶其性命，并一同带白鹿与狐狸入朝现相。'}],人物与人物,西游记
西游记_地点_黑风山_0,西游记_地点_黑风洞_0,隶属,"[{'16': '黑风洞位于黑风山中'}, {'17': '黑风洞位于黑风山中，是黑风山的一部分。'}]",地点与地点,西游记
西游记_人物_唐三藏_0,西游记_地点_东土大唐国_0,出身,[{'46': '国王称唐僧为东土的和尚，唐僧来自东土唐朝'}],人物与地点,西游记
西游记_人物_孙悟空_0,西游记_物品_臊泥_0,持有,[{'78': '行者使用臊泥贴在唐僧脸上，念咒变作行者模样。'}],人物与物品,西游记
西游记_人物_毗蓝婆菩萨_0,西游记_物品_解毒丹_0,持有,[{'73': '毗蓝婆菩萨拿出三粒红丸子解毒丹救醒唐僧师徒。'}],人物与物品,西游记
西游记_人物_荡魔天尊_0,西游记_地点_太和宫_0,居住,[{'66': '荡魔天尊居于太和宫，五百灵官簇拥'}],人物与地点,西游记
西游记_人物_镇元子_0,西游记_物品_玉塵_0,持有,"[{'25': '镇元仙用玉塵左遮右挡迎战孙悟空等人的兵器。'}, {'26': '镇元大仙使用塵尾作为武器，抵挡孙悟空师兄弟的三般兵器。'}]",人物与物品,西游记
西游记_人物_孙悟空_0,西游记_人物_猪八戒_0,上下级,"[{'19': '孙悟空与猪八戒以先进者为兄，猪八戒称孙悟空为师兄。'}, {'32': '孙悟空是大师兄，支配猪八戒去巡山，八戒听从调度。'}]",人物与人物,西游记
西游记_人物_七个蜘蛛精_0,西游记_人物_唐三藏_0,对立,[{'72': '七个妖精将唐僧吊在梁上，计划蒸吃，师徒敌对。'}],人物与人物,西游记
西游记_人物_沙悟净_0,西游记_技能_丹凤朝阳_0,掌握,[{'88': '沙僧在演示降妖宝杖时使用丹凤朝阳招数。'}],人物与技能,西游记
西游记_人物_混世魔王_0,西游记_物品_甲胄_0,持有,[{'2': '混世魔王穿戴甲胄出战。'}],人物与物品,西游记
西游记_人物_孙悟空_0,西游记_人物_明月_0,对立,[{'25': '孙行者用瞌睡虫弄睡明月，并推倒果树，明月指责其行为。'}],人物与人物,西游记
西游记_人物_刘洪_0,西游记_人物_殷温娇_0,对立,[{'101': '刘洪强占殷温娇为妻，殷温娇被迫顺从。'}],人物与人物,西游记
西游记_人物_观世音菩萨_0,西游记_人物_唐三藏_0,合作,[{'12': '菩萨选定玄奘为取经人，送袈裟锡杖并指点大乘佛法，共同推动西天取经'}],人物与人物,西游记
西游记_人物_土地_11,西游记_人物_孙悟空_0,上下级,[{'78': '行者拘唤土地，命其协助救助小儿。'}],人物与人物,西游记
西游记_人物_白龙马_0,西游记_人物_观世音菩萨_0,上下级,[{'15': '观音菩萨救下玉龙三太子，命其在此等候取经人作为脚力，后将其化为龙马。'}],人物与人物,西游记
西游记_人物_乌鸡国国王_0,西游记_人物_正宫娘娘_0,亲属,"[{'37': '正宫皇后是乌鸡国国王的正妻'}, {'38': '正宫娘娘为乌鸡国王的正宫皇后，太子之母，娘娘认得金厢白玉圭是当时国王之宝'}]",人物与人物,西游记
西游记_人物_孙悟空_0,西游记_人物_通背猿猴_0,上下级,[{'1': '美猴王在花果山分派君臣佐使，通背猿猴为其臣属。'}],人物与人物,西游记
西游记_人物_哪吒三太子_0,西游记_物品_皂雕旗_0,持有,[{'33': '哪吒从真武处借来皂雕旗，在南天门展开遮闭日月星辰。'}],人物与物品,西游记
西游记_人物_孙悟空_0,西游记_人物_寇洪_0,亲密,[{'97': '孙悟空到地府请求延寿，救活寇洪，寇洪感激再造之恩'}],人物与人物,西游记
西游记_人物_孙悟空_0,西游记_人物_邓化_0,合作,[{'51': '孙悟空建议玉帝派雷公助阵，邓化与张蕃同下界，但未放雷捎。'}],人物与人物,西游记
西游记_人物_猪八戒_0,西游记_组织_唐朝_0,归属,[{'89': '猪八戒是东土大唐取经团队的一员。'}],人物与组织,西游记
西游记_人物_孙悟空_0,西游记_人物_镇元子_0,亲密,[{'27': '镇元子与行者结为兄弟，两人情投意合，留住了五六日。'}],人物与人物,西游记
西游记_人物_如来佛祖_0,西游记_地点_雷音宝刹_0,居住,[{'8': '如来居住在灵山大雷音宝刹'}],人物与地点,西游记
西游记_人物_孙悟空_0,西游记_人物_耳听怒_0,对立,[{'14': '孙悟空打死剪径毛贼耳听怒'}],人物与人物,西游记
西游记_人物_奎木狼_0,西游记_人物_沙悟净_0,对立,[{'31': '奎木狼擒获沙僧，囚于洞中。'}],人物与人物,西游记
西游记_人物_孙悟空_0,西游记_组织_御马监_0,归属,[{'4': '孙悟空被任命为弼马温，在御马监滋养天马半月有余。'}],人物与组织,西游记
西游记_人物_孙悟空_0,西游记_人物_蛟魔王_0,亲密,"[{'3': '孙悟空与蛟魔王等结为七弟兄。'}, {'4': '孙悟空与蛟魔王等六弟兄结义，互称大圣。'}, {'41': '蛟魔王是孙大圣结拜七兄弟中的二哥。'}]",人物与人物,西游记
西游记_人物_玉皇大帝_0,西游记_人物_沙悟净_0,上下级,[{'22': '玉皇亲口封卷帘将，后因其失手打碎玉玻璃而贬下界。'}],人物与人物,西游记
西游记_地点_酒馆_0,西游记_地点_长安城_0,隶属,[{'9': '酒馆位于长安城内，张稍与李定卖完柴鱼后在此饮酒。'}],地点与地点,西游记
西游记_地点_兜率宫_0,西游记_地点_天宫_0,隶属,[{'71': '兜率宫是太上老君在天宫中的宫殿。'}],地点与地点,西游记
西游记_人物_唐三藏_0,西游记_物品_绣球_2,持有,[{'93': '公主抛出的绣球打在唐僧头上，滚入其衣袖内，被唐僧持有'}],人物与物品,西游记
西游记_人物_唐三藏_0,西游记_人物_拂云叟_0,亲密,[{'64': '拂云叟与唐僧论道谈诗，并做媒，劝唐僧接受杏仙。'}],人物与人物,西游记
西游记_人物_羊力大仙_0,西游记_技能_禳星_0,掌握,[{'44': '羊力大仙在三清观参与禳星。'}],人物与技能,西游记
西游记_地点_长安城_0,西游记_地点_金銮宝殿_0,隶属,[{'11': '金銮宝殿是皇宫中的正殿，位于长安。'}],地点与地点,西游记
西游记_人物_善财龙女_0,西游记_人物_观世音菩萨_0,上下级,[{'42': '善财龙女是观音身边的龙女，奉命行事'}],人物与人物,西游记
西游记_人物_唐三藏_0,西游记_地点_聚贤庄_0,出身,[{'14': '唐僧俗家姓陈，是海州弘农郡聚贤庄人氏'}],人物与地点,西游记
西游记_人物_孙悟空_0,西游记_物品_七星剑_0,持有,[{'35': '金角大王的七星剑坠落尘埃，被孙大圣得到。'}],人物与物品,西游记
西游记_人物_孙悟空_0,西游记_人物_水德星君_0,合作,[{'51': '孙悟空到乌浩宫请水德星君派水部助阵，水德星君令黄河水伯随行。'}],人物与人物,西游记
西游记_人物_观世音菩萨_0,西游记_物品_丝绦_0,持有,[{'49': '观音解下束袄的丝绦，拴在紫竹篮儿上抛入河中。'}],人物与物品,西游记
西游记_人物_铁背苍狼怪_0,西游记_技能_分瓣梅花计_0,掌握,[{'86': '铁背苍狼怪设计并实施分瓣梅花计调开孙行者等三人'}],人物与技能,西游记
西游记_人物_孙悟空_0,西游记_组织_马流二元帅_0,领导,[{'28': '孙悟空回山后，马流二元帅管领众妖，迎接并听从大圣指挥'}],人物与组织,西游记
西游记_人物_大力金刚_0,西游记_人物_牛魔王_0,对立,[{'61': '大力金刚奉如来密令阻挡牛魔王'}],人物与人物,西游记
西游记_人物_唐太宗_0,西游记_人物_观世音菩萨_0,合作,[{'10': '观音菩萨用杨柳枝喝退泾河龙王，救脱唐太宗。'}],人物与人物,西游记
西游记_人物_四海龙王_0,西游记_人物_孙悟空_0,合作,"[{'28': '孙悟空向四海龙王借甘霖仙水以恢复花果山'}, {'41': '孙大圣请四海龙王助雨灭火，龙王兄弟率水族前来相助。'}, {'42': '孙悟空请四海龙王助雨灭三昧真火'}]",人物与人物,西游记
西游记_人物_媳妇_0,西游记_人物_老妪_0,亲属,[{'13': '老妪是婆婆，媳妇是儿媳，共同操持家务'}],人物与人物,西游记
西游记_人物_唐三藏_0,西游记_地点_金山寺_0,居住,[{'101': '玄奘被法明长老救起后一直在金山寺长大修行。'}],人物与地点,西游记
西游记_人物_护教伽蓝_0,西游记_人物_沙悟净_0,合作,[{'29': '一十八位护教伽蓝在空中助战八戒沙僧'}],人物与人物,西游记
西游记_地点_暴纱亭_0,西游记_地点_玉华王府_0,隶属,[{'88': '暴纱亭位于玉华王府内。'}],地点与地点,西游记
西游记_人物_猪八戒_0,西游记_人物_孙悟空_0,对立,"[{'18': '行者受唐僧之命去降服猪刚鬣，追打猪刚鬣'}, {'27': '八戒屡次在唐僧面前进谗言，挑拨离间，导致悟空被逐。'}]",人物与人物,西游记
西游记_人物_唐三藏_0,西游记_人物_天竺国王_0,亲属,[{'94': '国王招唐僧为驸马，成为岳父与女婿关系'}],人物与人物,西游记
西游记_人物_元始天尊_0,西游记_人物_荡魔天尊_0,上下级,[{'66': '元始天尊符召荡魔天尊收降东北方黑气妖氛'}],人物与人物,西游记
西游记_人物_猪八戒_0,西游记_技能_按摩禅法_0,掌握,[{'41': '八戒用按摩禅法搓热双手捂住孙悟空七窍，救活被冷水激晕的孙悟空。'}],人物与技能,西游记
西游记_地点_衡阳峪黑水河神府_0,西游记_地点_黑水河_0,隶属,[{'43': '水府位于黑水河中，台门外横书‘衡阳峪黑水河神府’。'}],地点与地点,西游记
西游记_人物_孙悟空_0,西游记_技能_避水诀_0,掌握,"[{'3': '孙悟空使闭水法分开水路，潜入东洋海底。'}, {'22': '水里勾当，还要捻诀，又念念避水咒，方才走得。'}, {'41': '孙大圣使逼水法分开东洋海波浪前往水晶宫。'}, {'49': '孙悟空下水需捻避水诀，但捻诀后无法使用铁棒和神通，曾捻诀钻出波中。'}]",人物与技能,西游记
西游记_人物_陈光蕊_0,西游记_物品_明珠玉带_0,持有,[{'101': '龙王赠送明珠玉带一条给陈光蕊。'}],人物与物品,西游记
西游记_人物_唐三藏_0,西游记_物品_《多心经》_0,持有,"[{'32': '唐僧记得乌巢和尚传授的《心经》，并引用其中语句。'}, {'93': '唐僧将乌巢禅师传授的《般若心经》视为随身衣钵，每日念诵'}]",人物与物品,西游记
西游记_人物_九尾狐狸_0,西游记_物品_幌金绳_0,持有,[{'34': '九尾狐狸收着幌金绳，孙行者打死她后搜出此绳。'}],人物与物品,西游记
西游记_人物_孙悟空_0,西游记_物品_锁子黄金甲_0,持有,[{'3': '西海龙王敖闰献上锁子黄金甲，孙悟空穿戴。'}],人物与物品,西游记
西游记_人物_沙悟净_0,西游记_技能_腾云驾雾_0,掌握,[{'29': '沙悟净纵云跳起，与八戒一同去捉怪'}],人物与技能,西游记
西游记_人物_孙悟空_0,西游记_人物_沙悟净_0,上下级,[{'32': '唐僧让孙悟空调度八戒和沙僧，孙悟空对沙僧有支配权。'}],人物与人物,西游记
西游记_人物_金角大王_0,西游记_地点_莲花洞_0,居住,"[{'32': '金角大王占据莲花洞为洞府。'}, {'33': '老魔是莲花洞的大王，居住于此。'}, {'34': '老魔居住在平顶山莲花洞，与二魔一同占据此洞府。'}, {'35': '金角大王与银角大王占据莲花洞为洞府，长期居住。'}]",人物与地点,西游记
西游记_地点_东天门_0,西游记_地点_东极妙岩宫_0,连通,[{'90': '从东天门可进入东极妙岩宫，孙大圣由此前往'}],地点与地点,西游记
西游记_人物_孙悟空_0,西游记_物品_幌金绳_0,持有,[{'35': '孙大圣取出幌金绳，也是所得宝贝之一。'}],人物与物品,西游记
西游记_人物_唐三藏_0,西游记_物品_有字真经_0,持有,[{'100': '唐僧从灵山取回有字真经共五千零四十八卷'}],人物与物品,西游记
西游记_人物_玉皇大帝_0,西游记_人物_白龙马_0,上下级,[{'8': '玉帝因玉龙忤逆将其吊在空中打罚'}],人物与人物,西游记
西游记_人物_沙悟净_0,西游记_人物_鼍洁_0,对立,[{'43': '沙僧下水与鼍龙争斗三十回合不分胜负。'}],人物与人物,西游记
西游记_人物_刘全_0,西游记_地点_均州_0,出身,[{'11': '刘全是均州人，家乡在均州。'}],人物与地点,西游记
西游记_人物_孙悟空_0,西游记_物品_舍利子_0,持有,[{'63': '孙悟空骗取舍利子后安于金光寺塔顶。'}],人物与物品,西游记
西游记_人物_五方揭谛_0,西游记_人物_山神_2,合作,[{'33': '五方揭谛与山神商议移山放出孙悟空。'}],人物与人物,西游记
西游记_地点_两界山_0,西游记_组织_唐朝_0,驻扎,[{'13': '两界山东半边属大唐所管，大唐在此设定边界'}],组织与地点,西游记
西游记_人物_孙悟空_0,西游记_人物_金角大王_0,对立,"[{'32': '金角大王要捉唐僧，孙悟空作为保护者，与之敌对。'}, {'35': '孙大圣与金角大王在莲花洞外激战，偷走其宝贝，最终将其装入净瓶。'}]",人物与人物,西游记
西游记_人物_孙悟空_0,西游记_物品_金击子_0,持有,[{'24': '行者从道房偷取金击子使用'}],人物与物品,西游记
西游记_人物_灵感大王_0,西游记_人物_猪八戒_0,对立,[{'49': '猪八戒与沙僧在水中与灵感大王大战两个时辰，后又诱其出水。'}],人物与人物,西游记
西游记_人物_唐太宗_0,西游记_人物_太后_0,亲属,[{'10': '太后是唐太宗之母，召医官入宫用药，又宣徐茂功、护国公、尉迟公见驾。'}],人物与人物,西游记
西游记_人物_祭赛国王_0,西游记_组织_祭赛国_0,领导,"[{'62': '国王是祭赛国的国君，统治该国。'}, {'63': '祭赛国王是该国的君主。'}]",人物与组织,西游记
西游记_人物_三魔_0,西游记_物品_画杆方天戟_1,持有,[{'76': '三魔使用画杆方天戟攻击孙大圣。'}],人物与物品,西游记
西游记_人物_孙悟空_0,西游记_物品_生死簿_0,持有,[{'3': '孙悟空在森罗殿查看生死簿，并勾销了猴属名号。'}],人物与物品,西游记
西游记_人物_二郎显圣真君_0,西游记_人物_太上老君_0,合作,[{'6': '太上老君用金刚琢助二郎神打中齐天大圣。'}],人物与人物,西游记
西游记_人物_六耳猕猴_0,西游记_物品_行李_0,持有,"[{'57': '假行者打晕唐僧后抢走青毡包袱'}, {'58': '六耳猕猴冒充孙悟空打倒唐僧后抢走了青毡包袱。'}]",人物与物品,西游记
西游记_人物_陈光蕊_0,西游记_物品_如意珠_0,持有,[{'101': '龙王赠送如意珠给还魂后的陈光蕊。'}],人物与物品,西游记
西游记_组织_唐朝_0,西游记_地点_长安城_0,驻扎,"[{'12': '大唐的京城是长安，皇帝及朝廷常驻于此'}, {'101': '大唐王朝建都长安，文武百官驻于长安。'}]",组织与地点,西游记
西游记_人物_孙悟空_0,西游记_物品_羊脂玉净瓶_0,持有,"[{'33': '孙悟空从伶俐虫处骗得羊脂玉净瓶。'}, {'35': '孙大圣潜入莲花洞窃得羊脂玉净瓶，并用其装了金角大王。'}]",人物与物品,西游记
西游记_人物_金鼻白毛老鼠精_0,西游记_地点_无底洞_0,居住,[{'81': '毛姹女的老巢是陷空山无底洞。'}],人物与地点,西游记
西游记_人物_上官正_0,西游记_地点_凤仙郡_0,居住,[{'87': '上官正是凤仙郡郡侯，管理并居住于此。'}],人物与地点,西游记
西游记_人物_灵吉菩萨_0,西游记_人物_黄风怪_0,上下级,[{'21': '灵吉菩萨受如来法令镇押黄风怪，本回中用飞龙杖将其收服。'}],人物与人物,西游记
西游记_人物_孙悟空_0,西游记_人物_朱紫国王_0,合作,"[{'68': '孙悟空揭了招医皇榜，要替朱紫国王治病。'}, {'70': '孙悟空为朱紫国治病并答应救皇后，国王提供黄金宝串作为信物'}, {'71': '孙悟空受朱紫国拜请，降伏赛太岁救回皇后，朱紫国王设宴酬谢。'}]",人物与人物,西游记
西游记_人物_唐三藏_0,西游记_人物_黄风怪_0,对立,[{'20': '黄风怪欲吃唐僧肉，将其绑在后园定风桩上'}],人物与人物,西游记
西游记_人物_熊罴怪_0,西游记_地点_黑风洞_0,居住,"[{'16': '黑大王居住于黑风洞中'}, {'17': '熊罴怪的洞府为黑风洞，位于黑风山。'}]",人物与地点,西游记
西游记_人物_沙悟净_0,西游记_人物_玉皇大帝_0,上下级,[{'8': '玉帝因沙悟净打碎玻璃盏将其贬下界，并用飞剑惩罚'}],人物与人物,西游记
西游记_人物_孙悟空_0,西游记_物品_鹅笼_0,持有,[{'79': '孙悟空奉师命将一千一百一十一个鹅笼中的小儿摄走藏匿，后功成送回。'}],人物与物品,西游记
西游记_人物_丹桂_0,西游记_人物_猪八戒_0,对立,[{'64': '猪八戒用钉钯将丹桂（丹桂树精）筑倒。'}],人物与人物,西游记
西游记_人物_唐三藏_0,西游记_物品_通关文牒_0,持有,"[{'12': '玄奘领受太宗所写通关文牒以通行西行关卡'}, {'29': '唐僧持有唐天子颁发的通关文牒，到宝象国倒换'}, {'45': '行者带了通关文牒，实为唐僧所有，用于倒换关文'}, {'46': '赌赛后国王将关文交给唐僧，放其西行'}, {'47': '车迟国国王在关文上换印后送出朝门，由唐僧持有。'}, {'54': '唐三藏持有通关文牒，本回中请女王加盖印章。'}, {'62': '唐三藏入朝时取出关文倒换验印。'}, {'64': '唐僧持有通关文牒，由祭赛国王为其倒换。'}, {'68': '唐僧持有通关文牒，需倒换才能通行。'}, {'78': '唐僧随身携带通关文牒，用于倒换关文。'}, {'81': '唐三藏将关文与书信封在一起。'}, {'85': '唐僧请求钦法国国王倒换关文，以继续西行'}, {'88': '唐僧持有通关关文，并在玉华王府呈上倒换宝印。'}, {'93': '唐僧随身携带通关文牒，需在天竺国倒换'}, {'94': '唐僧持有通关文牒，国王用宝印后交付'}, {'96': '行者将通关文牒挂在唐僧胸前。'}, {'97': '唐僧随身携带通关文牒，有各国宝印花押，证明身份'}, {'100': '唐僧将通关文牒呈交唐太宗，上有各国印信'}]",人物与物品,西游记
西游记_人物_金池长老_0,西游记_组织_观音禅院_0,领导,"[{'16': ""老院主是观音禅院的师祖，众僧称其为'师祖'，在寺中地位最高""}]",人物与组织,西游记
西游记_人物_玉皇大帝_0,西游记_人物_观世音菩萨_0,合作,[{'15': '观音菩萨亲见玉帝，为玉龙三太子求情，玉帝准其下界为唐僧脚力。'}],人物与人物,西游记
西游记_人物_唐三藏_0,西游记_人物_唐太宗_0,上下级,"[{'13': '唐王降敕封三藏为钦差，遣其西天取经，三藏尊奉君命'}, {'23': '唐王是东土大唐君主，派遣唐僧前往西天拜佛求经，唐僧奉旨不敢违君命。'}, {'36': '唐王差遣唐三藏上西天取经，唐三藏受唐王恩宥。'}, {'48': '唐王曾御手擎杯奉饯，唐僧奉旨西天取经，君臣关系明确。'}, {'54': '唐王认唐三藏为御弟，赐其西天取经，唐僧念念不忘唐王嘱托。'}, {'56': '唐太宗是东土大唐皇帝，差遣唐三藏前往西天取经。'}, {'62': '大唐王选派唐三藏前往西天取经。'}, {'68': '唐王是君王，唐僧是御弟法师，奉命取经。'}, {'98': '唐王是东土大唐的君王，曾赐予唐僧紫金钵盂，唐僧奉旨西天取经，承诺回朝奏上唐王厚谢。'}]",人物与人物,西游记
西游记_人物_角木蛟_0,西游记_人物_辟暑大王_0,对立,[{'92': '角木蛟擒拿辟暑大王。'}],人物与人物,西游记
西游记_人物_孙悟空_0,西游记_人物_敖闰_0,上下级,[{'45': '孙大圣命令敖闰下雨，敖闰遵命'}],人物与人物,西游记
西游记_地点_云楼宫_0,西游记_地点_天宫_0,隶属,[{'42': '云楼宫殿位于天宫'}],地点与地点,西游记
西游记_人物_玉皇大帝_0,西游记_人物_许旌阳真人_0,上下级,[{'5': '许旌阳真人在玉帝早朝时启奏，建议给齐天大圣一件事管，玉帝采纳。'}],人物与人物,西游记
西游记_人物_二郎显圣真君_0,西游记_技能_法天象地_0,掌握,[{'6': '二郎神抖擞神威，摇身一变变得身高万丈。'}],人物与技能,西游记
西游记_地点_长安城_0,西游记_地点_雁塔寺_0,隶属,[{'100': '雁塔寺是长安城中的寺院，唐僧在此诵经'}],地点与地点,西游记
西游记_人物_唐太宗_0,西游记_人物_相良_0,合作,[{'11': '唐太宗在阴司借了相良一库金银，还阳后命胡敬德如数送还，相良不受，遂用于修建相国寺。'}],人物与人物,西游记
西游记_人物_唐三藏_0,西游记_人物_护教伽蓝_0,合作,[{'29': '一十八位护教伽蓝暗中保护唐僧，助八戒沙僧战斗'}],人物与人物,西游记
西游记_人物_孙悟空_0,西游记_人物_托塔李天王_0,合作,"[{'51': '孙悟空请托塔李天王率天兵下界助阵，共同对抗兕怪。'}, {'61': '托塔李天王持照妖镜相助孙大圣'}, {'83': '李天王点起天兵与孙悟空一同下界降妖救出唐僧'}]",人物与人物,西游记
西游记_人物_沙悟净_0,西游记_人物_灵感大王_0,对立,[{'49': '沙僧与猪八戒合战灵感大王，在水底争斗。'}],人物与人物,西游记
西游记_人物_老夫人_0,西游记_地点_无底洞_0,居住,[{'82': '老夫人住在陷空山无底洞内'}],人物与地点,西游记
西游记_人物_五城兵马官_0,西游记_人物_比丘国王_0,上下级,[{'78': '五城兵马官向国王奏报昨夜冷风刮去鹅笼小儿。'}],人物与人物,西游记
西游记_人物_猪八戒_0,西游记_物品_九环锡杖_0,持有,[{'45': '八戒拿了锡杖进朝'}],人物与物品,西游记
西游记_人物_地藏王菩萨_0,西游记_地点_幽冥_0,居住,[{'58': '地藏王菩萨居幽冥翠云宫，管理阴司事务。'}],人物与地点,西游记
西游记_人物_金角大王_0,西游记_物品_影神图_0,创造,[{'32': '金角大王画出唐僧师徒的影神图，用于辨认。'}],人物与物品,西游记
西游记_人物_唐三藏_0,西游记_组织_护教诸神_0,合作,[{'30': '护教诸神在半空中护佑唐僧，使其不被兵器所伤。'}],人物与组织,西游记
西游记_人物_孙悟空_0,西游记_物品_金钢钻_0,创造,[{'75': '孙大圣拔救命毫毛变作金钢钻，用于钻破阴阳二气瓶。'}],人物与物品,西游记
西游记_人物_不坏尊王永住金刚_0,西游记_地点_昆仑山金霞岭_0,守护,[{'77': '不坏尊王永住金刚驻守在昆仑山金霞岭，把守灵山山门'}],人物与地点,西游记
西游记_人物_巨灵神_0,西游记_物品_宣花斧_0,持有,[{'4': '巨灵神手持宣花斧与孙悟空交战，被悟空打断斧柄。'}],人物与物品,西游记
西游记_人物_唐三藏_0,西游记_物品_紫金钵盂_0,持有,"[{'12': '玄奘接受太宗所赐紫金钵盂用于化斋'}, {'72': '八戒取出钵盂给三藏换了衣帽，用于化斋。'}, {'98': '唐僧命沙僧取出紫金钵盂，双手奉与阿傩，作为传经的人事。'}, {'100': '唐僧将钦赐紫金钵盂送给阿傩、伽叶以换取有字真经'}]",人物与物品,西游记
西游记_人物_唐三藏_0,西游记_技能_《金刚经》_0,掌握,[{'13': '三藏朗音高诵《金刚经》'}],人物与技能,西游记
西游记_人物_七个蜘蛛精_0,西游记_地点_濯垢泉_0,居住,[{'72': '妖精占据濯垢泉，一日三遭出来洗澡。'}],人物与地点,西游记
西游记_人物_玉皇大帝_0,西游记_人物_邓化_0,上下级,[{'51': '玉帝传旨九天府点邓化、张蕃二雷公与天王合力缚妖。'}],人物与人物,西游记
西游记_人物_傅奕_0,西游记_人物_萧瑀_0,对立,[{'11': '萧瑀主张佛法不可废，傅奕上疏止浮图言无佛，二人在朝堂上辩论。'}],人物与人物,西游记
西游记_人物_二郎显圣真君_0,西游记_组织_梅山六兄弟_0,领导,[{'63': '二郎神统领梅山六兄弟一同打猎和助战。'}],人物与组织,西游记
西游记_人物_刘全_0,西游记_物品_南瓜_0,持有,[{'11': '刘全头顶一对南瓜进贡给十代阎王。'}],人物与物品,西游记
西游记_人物_孙悟空_0,西游记_物品_金苍蝇_0,创造,[{'75': '孙大圣拔脑后毫毛变出金苍蝇，飞去唬骗老魔。'}],人物与物品,西游记
西游记_人物_西梁女国女王_0,西游记_人物_迎阳驿驿丞_0,上下级,[{'54': '迎阳驿驿丞奉女王之命主婚，并启奏女王。'}],人物与人物,西游记
西游记_人物_明月_0,西游记_物品_丝帕_0,持有,[{'24': '明月用丝帕垫盘底'}],人物与物品,西游记
西游记_地点_避妖楼_0,西游记_组织_朱紫国_0,驻扎,[{'70': '避妖楼是朱紫国所建，国王曾在此避妖'}],组织与地点,西游记
西游记_人物_崩将军_0,西游记_人物_孙悟空_0,上下级,[{'6': '崩将军是齐天大圣麾下，被二郎神阵势唬得使不得刀剑。'}],人物与人物,西游记
西游记_人物_二大王_0,西游记_人物_云程万里鹏_0,亲密,[{'74': '云程万里鹏与大大王、二大王结为兄弟，合意捉拿唐僧。'}],人物与人物,西游记
西游记_人物_孙悟空_0,西游记_技能_砍头法_0,掌握,[{'46': '孙行者自称曾遇方上禅和子教会砍头法，砍头后能叫头回来再长上'}],人物与技能,西游记
西游记_人物_沙悟净_0,西游记_物品_行李_0,持有,[{'77': '沙僧挑着行李，内有锦襕袈裟等物'}],人物与物品,西游记
西游记_人物_如来佛祖_0,西游记_人物_普贤菩萨_0,上下级,[{'77': '如来派迦叶去峨眉山宣普贤菩萨前来降妖'}],人物与人物,西游记
西游记_人物_孙悟空_0,西游记_人物_独角鬼王_0,上下级,[{'4': '独角鬼王献赭黄袍，孙悟空封其为前部总督先锋。'}],人物与人物,西游记
西游记_人物_二郎显圣真君_0,西游记_人物_玉皇大帝_0,亲属,[{'6': '玉帝是二郎显圣真君的舅舅，称其为‘朕之令甥’。'}],人物与人物,西游记
西游记_人物_孙悟空_0,西游记_人物_东海龙王敖广_0,上下级,[{'45': '孙大圣喝问敖广，命令龙王下雨，敖广遵命'}],人物与人物,西游记
西游记_人物_银角大王_0,西游记_人物_沙悟净_0,对立,[{'33': '二魔与沙僧交战，战败沙僧并挟在左胁下拿进洞。'}],人物与人物,西游记
西游记_地点_化生寺_0,西游记_地点_多宝台_0,隶属,[{'12': '多宝台是化生寺内的讲经台，玄奘在此讲法'}],地点与地点,西游记
西游记_人物_唐三藏_0,西游记_技能_《弥陀经》_0,掌握,[{'13': '三藏各诵几卷《弥陀经》'}],人物与技能,西游记
西游记_人物_蝎子精_0,西游记_技能_倒马毒_0,掌握,[{'55': '蝎子精能使用倒马毒神通扎伤对手，曾扎伤如来和孙悟空、猪八戒。'}],人物与技能,西游记
西游记_人物_青毛狮子怪_0,西游记_物品_阴阳二气瓶_0,持有,[{'75': '青毛狮子怪命令小妖抬出阴阳二气瓶，用于装孙大圣。'}],人物与物品,西游记
西游记_地点_小须弥山_0,西游记_地点_禅院_0,隶属,[{'59': '灵吉菩萨的禅院位于小须弥山上。'}],地点与地点,西游记
西游记_地点_东阁_0,西游记_地点_长安城_0,隶属,[{'100': '东阁位于长安，太宗在此设宴酬谢唐僧师徒'}],地点与地点,西游记
西游记_人物_孙悟空_0,西游记_地点_花果山_0,居住,"[{'2': '孙悟空的老家花果山，是群猴居住之地。'}, {'3': '孙悟空为花果山水帘洞天生圣人，荣归故里，常居此处。'}, {'4': '孙悟空是花果山美猴王，反下天宫后回到花果山。'}, {'5': '大圣下界为王，返回花果山并与众猴居住。'}, {'6': '齐天大圣本为东胜神洲傲来国花果山石卵化生，以此为居处。'}, {'28': '孙悟空被唐僧逐赶后返回花果山，重振山林，安居乐业'}]",人物与地点,西游记
西游记_人物_孙悟空_0,西游记_技能_七十二变_0,掌握,"[{'2': '孙悟空从菩提祖师学成七十二般变化。'}, {'3': '孙悟空自闻道后，有七十二般地煞变化之功。'}, {'7': '大圣自称‘我有七十二般变化，万劫不老长生’'}, {'34': '孙行者施展七十二变神通，变苍蝇、变倚海龙、变老奶奶等。'}, {'35': '孙大圣拥有七十二变化神通，文中多次提及。'}, {'41': '孙大圣有七十二般变化，具有七十二条性命。'}, {'42': '孙悟空拥有七十二般变化，可变牛魔王等'}, {'46': '沙僧称孙行者有七十二般变化，孙行者多次变化实施法术'}, {'61': '孙大圣精通七十二变，变化多端'}, {'72': '行者变作麻苍蝇跟踪妖精，又变作饿老鹰叼走衣服，并用毫毛变七样鹰。'}, {'74': '孙悟空有七十二副嘴脸，能捻着诀摇身一变，变作小和尚、苍蝇、总钻风等。'}, {'75': '孙大圣会七十二般变化，能变飞禽、走兽、人物等。'}, {'77': '孙悟空会变化法，变作苍蝇、毫毛假身等'}, {'79': '孙悟空变作假唐僧入朝，剖腹现心后又收法现出本相。'}, {'92': '孙悟空变作火焰虫儿飞入玄英洞。'}, {'97': '孙悟空变作蜢虫儿、大法身等显圣'}]",人物与技能,西游记
西游记_人物_宝象国国王_0,西游记_人物_奎木狼_0,亲属,[{'30': '老妖自称三驸马，国王是其岳父。'}],人物与人物,西游记
西游记_人物_奔波儿灞_0,西游记_人物_孙悟空_0,对立,[{'62': '孙悟空在塔顶捉住巡塔的奔波儿灞，逼其供出偷宝真相。'}],人物与人物,西游记
西游记_人物_托塔李天王_0,西游记_人物_玉皇大帝_0,上下级,"[{'5': '玉帝差李天王协同哪吒太子等率天兵下界捉拿大圣。'}, {'52': '玉帝差遣托塔李天王率天兵助孙悟空擒妖。'}, {'58': '玉帝传旨宣托塔李天王用照妖镜照辨真假孙悟空。'}]",人物与人物,西游记
西游记_人物_观世音菩萨_0,西游记_技能_观音扭_0,掌握,[{'43': '菩萨用杨柳枝蘸甘露洒童子，叫声‘合’，使童子双手合掌不能开放，即观音扭法术。'}],人物与技能,西游记
西游记_人物_孙悟空_0,西游记_人物_黄河水伯_0,合作,[{'51': '孙悟空带领黄河水伯至金皘洞倒水灌洞，以图渰死兕怪。'}],人物与人物,西游记
西游记_人物_萧瑀_0,西游记_人物_观世音菩萨_0,合作,[{'12': '萧瑀引菩萨入朝见太宗，促成袈裟锡杖赐予玄奘'}],人物与人物,西游记
西游记_人物_托塔李天王_0,西游记_组织_天兵_0,领导,[{'6': '李天王奉旨率十万天兵围剿花果山。'}],人物与组织,西游记
西游记_人物_唐太宗_0,西游记_人物_观世音菩萨_0,上下级,[{'29': '观世音菩萨金身出现，指示唐天子派唐僧西天取经'}],人物与人物,西游记
西游记_人物_三王子_0,西游记_人物_猪八戒_0,上下级,[{'89': '小王子拜猪八戒为师，学习武艺。'}],人物与人物,西游记
西游记_人物_金角大王_0,西游记_物品_七星剑_0,持有,[{'35': '金角大王手持七星剑与孙大圣战斗。'}],人物与物品,西游记
西游记_人物_白龙马_0,西游记_组织_西天_0,归属,[{'100': '白龙马皈依佛教，成为八部天龙马'}],人物与组织,西游记
西游记_人物_摩昂_0,西游记_人物_鼍洁_0,对立,[{'43': '摩昂奉父命率兵擒拿鼍洁，用三棱简击败并捆绑。'}],人物与人物,西游记
西游记_人物_沙悟净_0,西游记_人物_三王子_0,上下级,"[{'88': '三王子拜沙僧为师，沙僧传授武艺。'}, {'90': '沙僧收三王子为徒，传授武艺'}]",人物与人物,西游记
西游记_人物_唐太宗_0,西游记_人物_李玉英_0,亲属,[{'11': '唐太宗是李玉英的皇兄，御妹李玉英跌死后借尸还魂。'}],人物与人物,西游记
西游记_人物_荡魔天尊_0,西游记_人物_玉皇大帝_0,上下级,[{'66': '玉帝敕赐真武之名，令其威镇北方剪伐妖邪'}],人物与人物,西游记
西游记_人物_蝎子精_0,西游记_地点_毒敌山琵琶洞_0,居住,[{'55': '蝎子精住在毒敌山琵琶洞，门上有‘毒敌山琵琶洞’六字。'}],人物与地点,西游记
西游记_人物_孙悟空_0,西游记_物品_钢刀_0,持有,[{'3': '孙悟空从混世魔王处夺得一口大刀。'}],人物与物品,西游记
西游记_人物_国丈_0,西游记_人物_寿星_0,上下级,[{'79': '国丈本为寿星的脚力白鹿，偷走蟠龙拐杖下界成精，寿星赶来将其罩住收服。'}],人物与人物,西游记
西游记_人物_唐太宗_0,西游记_人物_萧瑀_0,上下级,"[{'11': '萧瑀是宰相，在朝中为太宗臣子，主张佛法不可废。'}, {'12': '萧瑀是大唐宰相，朝中向太宗启奏卖袈裟僧人之事'}]",人物与人物,西游记
西游记_人物_孙悟空_0,西游记_组织_蟠桃园_0,归属,[{'7': '二圣向如来汇报：玉帝着大圣代管蟠桃园，他即偷桃'}],人物与组织,西游记
西游记_人物_唐太宗_0,西游记_人物_李建成_0,亲属,[{'10': '李建成是唐太宗之兄，在阴司与元吉一同揪打索命。'}],人物与人物,西游记
西游记_人物_辟尘大王_0,西游记_物品_藤纥褡_0,持有,[{'92': '辟尘大王的兵器。'}],人物与物品,西游记
西游记_人物_灞波儿奔_0,西游记_地点_乱石山碧波潭_0,居住,[{'62': '灞波儿奔是乱石山碧波潭万圣龙王差来的小妖，居住于此。'}],人物与地点,西游记
西游记_人物_唐三藏_0,西游记_技能_揭斋之咒_0,掌握,[{'13': '三藏吃饭前合掌诵念揭斋之咒'}],人物与技能,西游记
西游记_人物_唐三藏_0,西游记_地点_智渊寺_0,居住,"[{'44': '唐僧师徒被众僧请入智渊寺安歇一宿。'}, {'45': '唐僧师徒将行囊马匹交与智渊寺僧看守，暂住于此'}]",人物与地点,西游记
西游记_人物_万圣公主_0,西游记_物品_舍利子_0,持有,[{'63': '万圣宫主与万圣龙王、九头驸马共偷舍利子，存于浑金匣中。'}],人物与物品,西游记
西游记_人物_可韩丈人真君_0,西游记_组织_可韩司_0,领导,[{'51': '可韩丈人真君是可韩司的主神，奉玉帝旨意查勘诸天星斗。'}],人物与组织,西游记
西游记_人物_银角大王_0,西游记_技能_紧绳咒_0,掌握,[{'34': '二魔念紧绳咒将孙行者紧紧扣住，使其不得脱身。'}],人物与技能,西游记
西游记_人物_如来佛祖_0,西游记_组织_四大菩萨_0,领导,[{'58': '四大菩萨在雷音寺听如来说法，后遵如来令围住六耳猕猴。'}],人物与组织,西游记
西游记_人物_唐三藏_0,西游记_人物_观世音菩萨_0,上下级,"[{'14': '观音化身为老母传授唐僧紧箍咒'}, {'84': '观音菩萨化作老母警告唐三藏灭法国危险'}, {'100': '观音菩萨劝善唐僧皈依佛教并取经'}]",人物与人物,西游记
西游记_人物_清风_0,西游记_人物_镇元子_0,上下级,"[{'24': '镇元子是清风之师，清风是徒弟'}, {'25': '镇元仙是清风的师父，清风是其弟子。'}]",人物与人物,西游记
西游记_人物_银角大王_0,西游记_人物_唐三藏_0,对立,[{'33': '二魔变作老道士骗唐僧，摄走唐僧进莲花洞。'}],人物与人物,西游记
西游记_人物_香兰_0,西游记_人物_高太公_0,亲属,[{'18': '香兰是高太公的大女儿，从小配与本庄人家'}],人物与人物,西游记
西游记_人物_猪八戒_0,西游记_技能_摄法_0,掌握,"[{'62': '猪八戒与孙悟空一同驾风头，使摄法带妖贼飞行。'}, {'99': '沙僧提议师徒都作起摄法，八戒亦会，表明他掌握摄法。'}]",人物与技能,西游记
西游记_人物_孙悟空_0,西游记_技能_黄龙转身_0,掌握,[{'88': '孙悟空在演示金箍棒时使用黄龙转身招数。'}],人物与技能,西游记
西游记_地点_号山_0,西游记_地点_枯松涧_0,隶属,[{'42': '枯松涧是号山中的山涧'}],地点与地点,西游记
西游记_人物_泾河龙王_0,西游记_人物_玉皇大帝_0,上下级,"[{'9': '玉帝降敕旨命泾河龙王施雨，龙王违旨后被判由魏征处斩。'}, {'43': '玉帝降旨命人曹官魏征梦中斩了泾河龙王。'}]",人物与人物,西游记
西游记_人物_车迟国国王_0,西游记_人物_虎力大仙_0,上下级,"[{'45': '国王尊虎力大仙为国师，但国王是君主，道士为臣'}, {'46': '国王尊虎力为国师，虎力在朝堂跪拜启奏，听命于国王'}]",人物与人物,西游记
西游记_人物_火焰山土地_0,西游记_人物_牛魔王_0,对立,[{'61': '火焰山土地带领阴兵阻挡牛魔王'}],人物与人物,西游记
西游记_地点_剥皮亭_1,西游记_地点_隐雾山折岳连环洞_0,隶属,[{'86': '剥皮亭是隐雾山折岳连环洞内的亭子，存放吃不了的人头'}],地点与地点,西游记
西游记_人物_猪八戒_0,西游记_物品_臊泥_0,创造,[{'78': '八戒用尿和土调成臊泥，用于变化。'}],人物与物品,西游记
西游记_人物_九灵元圣_0,西游记_人物_大王子_0,对立,[{'90': '九灵元圣张口噙走大王子'}],人物与人物,西游记
西游记_人物_七个蜘蛛精_0,西游记_人物_蜜_0,亲属,[{'72': '蜜是妖精结拜的干儿子，愿拜为母。'}],人物与人物,西游记
西游记_人物_七个蜘蛛精_0,西游记_人物_蚂_0,亲属,[{'72': '蚂是妖精结拜的干儿子，愿拜为母。'}],人物与人物,西游记
西游记_人物_唐三藏_0,西游记_人物_特处士_0,对立,[{'13': '特处士询问可否待客，参与对三藏的谋害'}],人物与人物,西游记
西游记_人物_土地神祗_0,西游记_人物_孙悟空_0,上下级,[{'14': '土神监押被压的孙悟空，供给铁丸铜汁'}],人物与人物,西游记
西游记_人物_观世音菩萨_0,西游记_物品_紫竹篮儿_0,创造,[{'49': '观音未及梳妆，运神功削竹篾织成紫竹篮儿，用来擒金鱼精。'}],人物与物品,西游记
西游记_人物_百花羞_0,西游记_物品_家书_0,创造,"[{'29': '百花羞修家书一封，陈述被妖魔霸占的遭遇并求救'}, {'30': '三公主暗中写了求救信，托唐僧传给父王。'}]",人物与物品,西游记
西游记_人物_九灵元圣_0,西游记_人物_猱狮_0,上下级,[{'90': '猱狮拜九灵元圣为祖翁'}],人物与人物,西游记
西游记_人物_银角大王_0,西游记_地点_兜率宫_0,居住,[{'35': '银角大王原是太上老君看银炉的童子，居住在兜率院。'}],人物与地点,西游记
西游记_人物_如来佛祖_0,西游记_物品_九品宝莲台_0,持有,[{'77': '如来端坐九品宝莲台上讲经'}],人物与物品,西游记
西游记_地点_轮藏堂_0,西游记_地点_镇海禅林寺_0,隶属,[{'80': '轮藏堂是镇海禅林寺内的堂屋，本回中描述轮藏堂描花堆翠。'}],地点与地点,西游记
西游记_地点_小西天_0,西游记_地点_西牛贺洲_0,隶属,[{'66': '小西天位于西牛贺洲'}],地点与地点,西游记
西游记_人物_孙悟空_0,西游记_地点_会同馆_0,居住,[{'69': '孙大圣与师弟在会同馆制药并住宿'}],人物与地点,西游记
西游记_人物_刘伯钦_0,西游记_人物_老妪_0,亲属,[{'13': '刘伯钦之母老妪，安排素斋并请三藏超度亡夫'}],人物与人物,西游记
西游记_地点_后宫_0,西游记_地点_獬豸洞_0,隶属,[{'71': '后宫是獬豸洞中金圣宫娘娘的寝宫。'}],地点与地点,西游记
西游记_人物_李彪_0,西游记_人物_江州同知_0,对立,[{'101': '江州同知差哨兵擒获水贼李彪。'}],人物与人物,西游记
西游记_人物_猪八戒_0,西游记_人物_银角大王_0,对立,[{'32': '银角大王认出猪八戒，与之战斗二十回合，最终率小妖擒获猪八戒。'}],人物与人物,西游记
西游记_人物_唐三藏_0,西游记_物品_达摩衣_0,持有,[{'36': '唐三藏穿一领二十五条达摩衣。'}],人物与物品,西游记
西游记_人物_鼍洁_0,西游记_物品_铁笼_1,持有,[{'43': '鼍怪吩咐刷洗铁笼，准备蒸唐僧和八戒。'}],人物与物品,西游记
西游记_人物_孙悟空_0,西游记_物品_皇榜_0,持有,[{'68': '孙悟空揭了皇榜，并接在手中。'}],人物与物品,西游记
西游记_人物_唐三藏_0,西游记_技能_大乘佛法三藏_0,缺失,[{'12': '玄奘不知大乘教法，闻听后发愿前往西天求取大乘佛法三藏'}],人物与技能,西游记
西游记_人物_猪八戒_0,西游记_人物_三王子_0,上下级,[{'90': '八戒收三王子为徒，传授武艺'}],人物与人物,西游记
西游记_人物_白龙马_0,西游记_物品_有字真经_0,持有,[{'100': '白龙马驮负圣经去东'}],人物与物品,西游记
西游记_人物_猪八戒_0,西游记_技能_钯柴手_0,掌握,[{'64': '猪八戒使出钯柴手技能，将钉钯变大分开荆棘。'}],人物与技能,西游记
西游记_人物_熊罴怪_0,西游记_物品_锦襕袈裟_0,持有,"[{'16': '黑大王趁火灾盗走锦襕袈裟'}, {'17': '熊罴怪偷走唐僧的锦襕佛衣，欲举办佛衣会庆寿。'}]",人物与物品,西游记
西游记_地点_弱水_0,西游记_地点_流沙河_0,隶属,[{'8': '弱水三千是流沙河界的水域'}],地点与地点,西游记
西游记_人物_土地_6,西游记_人物_孙悟空_0,合作,[{'50': '土地化为僮仆与山神一同候接孙悟空，现出本相告知妖魔信息。'}],人物与人物,西游记
西游记_人物_太上老君_0,西游记_人物_孙悟空_0,对立,"[{'5': '大圣偷吃太上老君丹房中的五葫芦九转金丹。'}, {'6': '太上老君自天门外丢下金刚琢，打中齐天大圣天灵，使其跌跤被擒。'}, {'7': '老君抛金钢琢打中大圣，又将其推入八卦炉煅炼'}, {'19': '太上老君将孙悟空放入八卦炉中用神火锻炼。'}, {'34': '太上老君曾将孙行者放在八卦炉中炼了四十九日，炼成铜头铁背、火眼金睛。'}]",人物与人物,西游记
西游记_人物_泾河龙王_0,西游记_人物_唐太宗_0,对立,[{'68': '泾河龙王因唐王许救又杀之而告到阴司。'}],人物与人物,西游记
西游记_地点_宝象国_0,西游记_地点_白玉阶_0,隶属,[{'29': '白玉阶是宝象国皇宫前的台阶，属于宝象国'}],地点与地点,西游记
西游记_人物_九灵元圣_0,西游记_人物_唐三藏_0,对立,[{'90': '九灵元圣张口噙走唐僧'}],人物与人物,西游记
西游记_地点_土地庙_0,西游记_地点_御花园_1,隶属,[{'95': '土地庙在御花园中，妖精在此取出捣药杵'}],地点与地点,西游记
西游记_人物_七个蜘蛛精_0,西游记_人物_蜻_0,亲属,[{'72': '蜻是妖精结拜的干儿子，愿拜为母。'}],人物与人物,西游记
西游记_人物_银角大王_0,西游记_人物_精细鬼_0,上下级,"[{'33': '二魔命令精细鬼拿紫金红葫芦去装孙悟空。'}, {'34': '精细鬼是莲花洞的小妖，二魔差遣他去拿孙行者，后因失宝被二魔喝起。'}]",人物与人物,西游记
西游记_人物_张稍_0,西游记_人物_李定_0,亲密,[{'9': '二人是樵渔之交，在泾河岸边对答诗词，以朋友相称。'}],人物与人物,西游记
西游记_人物_孙悟空_0,西游记_人物_金鼻白毛老鼠精_0,对立,"[{'81': '孙悟空识破毛姹女是妖精，并与其斗法。'}, {'83': '孙悟空为救师父与金鼻白毛老鼠精大战'}]",人物与人物,西游记
西游记_人物_伽叶_0,西游记_人物_阿傩_0,合作,"[{'98': '阿傩与伽叶共同引唐僧四众至珍楼斋食，后开宝阁取经，并一起向唐僧索要人事，随后又一起传无字经及有字经。'}, {'100': '阿傩与伽叶一同在宝阁传经予唐僧'}]",人物与人物,西游记
西游记_人物_大王子_0,西游记_人物_玉华王_0,亲属,[{'88': '玉华王是大王子的父亲。'}],人物与人物,西游记
西游记_人物_牛魔王_0,西游记_人物_玉面公主_0,亲密,[{'61': '玉面公主是牛魔王的爱妾'}],人物与人物,西游记
西游记_人物_玉兰_0,西游记_人物_高太公_0,亲属,[{'18': '玉兰是高太公的二女儿，从小配与本庄人家'}],人物与人物,西游记
西游记_人物_昴日星官_0,西游记_人物_毗蓝婆菩萨_0,亲属,[{'73': '毗蓝婆菩萨说昴日星官是她的小儿。'}],人物与人物,西游记
西游记_人物_孙悟空_0,西游记_组织_雷部_0,对抗,[{'7': '雷部众神以雷屑钉打大圣，不能伤损'}],人物与组织,西游记
西游记_人物_广目天王_0,西游记_物品_辟火罩_0,持有,[{'16': '广目天王拥有辟火罩，并借给孙行者使用'}],人物与物品,西游记
西游记_人物_唐太宗_0,西游记_人物_秦叔宝_0,上下级,[{'10': '秦叔宝是大唐将领，与尉迟敬德披挂执金瓜钺斧把守宫门护卫太宗。'}],人物与人物,西游记
西游记_人物_孙悟空_0,西游记_人物_三王子_0,上下级,[{'89': '小王子拜孙行者为师，学习武艺。'}],人物与人物,西游记
西游记_人物_唐三藏_0,西游记_人物_阿傩_0,对立,[{'98': '阿傩向唐僧索要人事未得，故意将无字经传与唐僧，引发唐僧师徒不满。'}],人物与人物,西游记
西游记_人物_祭赛国王_0,西游记_人物_唐三藏_0,合作,[{'63': '祭赛国王求助唐僧师徒降妖索宝，事后设宴酬谢。'}],人物与人物,西游记
西游记_人物_万圣龙王_0,西游记_物品_舍利子_0,持有,[{'62': '万圣龙王偷了塔中舍利子佛宝，置于碧波潭龙宫照耀。'}],人物与物品,西游记
西游记_人物_猪八戒_0,西游记_组织_西天_0,归属,"[{'63': '猪八戒皈依佛教，随唐僧西天取经。'}, {'100': '猪八戒皈依佛教，成为净坛使者'}]",人物与组织,西游记
西游记_人物_金圣娘娘_0,西游记_物品_五彩仙衣_0,持有,"[{'70': '金圣娘娘穿了神仙送的五彩仙衣，浑身生刺'}, {'71': '金圣宫娘娘穿上棕衣变的霞裳，浑身生毒刺，后被张紫阳脱下。'}]",人物与物品,西游记
西游记_人物_唐三藏_0,西游记_组织_沙门_0,归属,[{'14': '唐僧是沙门中的和尚'}],人物与组织,西游记
西游记_人物_猪八戒_0,西游记_物品_御米三升_0,持有,[{'54': '猪悟能接过女王赐的御米三升，捎在包袱中。'}],人物与物品,西游记
西游记_人物_刘洪_0,西游记_人物_陈光蕊_0,对立,[{'101': '刘洪在洪江渡口打死陈光蕊，抛尸水中。'}],人物与人物,西游记
西游记_人物_红孩儿_0,西游记_人物_观世音菩萨_0,上下级,"[{'43': '观音菩萨用金箍和甘露降伏童子，令其拜到落伽山，归入正果。'}, {'49': '善财童子被观音收留，早晚不离左右，专侍莲台之下。'}, {'58': '善财童子是观音菩萨身边的童子，协助辨别真假孙悟空。'}, {'60': '观音菩萨收牛圣婴为善财童子，成为其弟子。'}, {'84': '观音菩萨搀着善财童子，显示师徒关系'}]",人物与人物,西游记
西游记_人物_独角兕大王_0,西游记_人物_哪吒三太子_0,对立,[{'51': '哪吒太子奉玉帝旨意与兕怪交战，被兕怪用圈子套走六般兵器，赤手逃生。'}],人物与人物,西游记
西游记_人物_唐三藏_0,西游记_物品_鞭儿_0,持有,[{'15': '唐僧接受落伽山山神土地赠送的鞭儿（挽手）。'}],人物与物品,西游记
西游记_人物_猪八戒_0,西游记_人物_赤身鬼使_0,对立,[{'64': '猪八戒用钉钯将赤身鬼使（枫树精）筑倒。'}],人物与人物,西游记
西游记_人物_玉面公主_0,西游记_地点_积雷山_0,居住,[{'60': '玉面公主招赘牛魔王后居住于积雷山摩云洞。'}],人物与地点,西游记
西游记_人物_六丁六甲_0,西游记_人物_猪八戒_0,合作,[{'29': '六丁六甲在空中助战八戒沙僧'}],人物与人物,西游记
西游记_人物_黄眉老佛_0,西游记_地点_小雷音寺_0,居住,[{'66': '黄眉大王假充佛祖占据小雷音寺，聚众怪于宝阁'}],人物与地点,西游记
西游记_人物_青毛狮子怪_0,西游记_组织_天庭_0,对抗,[{'74': '大大王曾吞了十万天兵，吓得众天兵不敢交锋，关了南天门。'}],人物与组织,西游记
西游记_地点_八角琉璃井_0,西游记_地点_御花园_0,隶属,[{'38': '御花园中芭蕉树下有石板盖住一口井，即八角琉璃井，国王尸首沉于此井'}],地点与地点,西游记
西游记_人物_铁扇公主_0,西游记_技能_哃嘘呵吸嘻吹呼_0,掌握,[{'60': '铁扇公主掌握芭蕉扇咒语，可变化扇子大小。'}],人物与技能,西游记
西游记_人物_孙悟空_0,西游记_物品_定风丹_0,持有,"[{'59': '孙悟空从灵吉菩萨处获得定风丹，可抵御芭蕉扇的风。'}, {'61': '孙大圣将定风丹噙在口中咽下'}]",人物与物品,西游记
西游记_人物_青毛狮子怪_0,西游记_人物_大鹏金翅雕_0,合作,[{'77': '三魔头齐心合力擒拿唐僧师徒'}],人物与人物,西游记
西游记_人物_银角大王_0,西游记_人物_倚海龙_0,上下级,[{'34': '倚海龙是莲花洞的常随小妖，二魔差遣他去请老奶奶带幌金绳。'}],人物与人物,西游记
西游记_人物_太上老君_0,西游记_物品_葫芦_1,持有,[{'39': '太上老君用葫芦装盛九转还魂丹，倒吊倾出金丹。'}],人物与物品,西游记
西游记_人物_孙悟空_0,西游记_技能_火眼金睛_0,掌握,"[{'7': '大圣在八卦炉巽位被烟熏红双眼，唤作火眼金睛'}, {'15': '孙悟空用火眼金睛查看白马踪迹，能看清千里之内细节。'}, {'18': '行者有火眼金睛，能识别妖怪'}, {'19': '孙悟空在八卦炉中被炼出火眼金睛。'}, {'27': '行者睁火眼金睛观看，认出妖精的变化。'}, {'37': '孙悟空用火眼金睛看见乌鸡国上空有妖气黑锁金门'}, {'47': '齐天大圣用火眼金睛观看，白日里常看千里，夜里看三五百里。'}, {'49': '孙悟空具有火眼金睛，鳜婆描述其为毛脸雷公嘴、火眼金睛。'}, {'81': '孙悟空用火眼金睛识破毛姹女的伪装。'}, {'94': '孙悟空的火眼金睛能识别真假善恶'}, {'95': '孙悟空用火眼金睛在毗卢帽上观看，识破公主头顶妖氛'}, {'98': '孙大圣用火眼金睛认出了撑无底船的接引佛祖正是南无宝幢光王佛。'}]",人物与技能,西游记
西游记_人物_上官正_0,西游记_物品_斋天素供_0,持有,[{'87': '上官正于三年前献供斋天素供，后推倒喂狗。'}],人物与物品,西游记
西游记_人物_孙悟空_0,西游记_物品_玉液琼浆_0,持有,[{'5': '大圣偷喝瑶池的玉液琼浆，并偷回花果山与众猴办仙酒会。'}],人物与物品,西游记
西游记_人物_混世魔王_0,西游记_物品_钢刀_0,持有,[{'2': '混世魔王手持钢刀出战。'}],人物与物品,西游记
西游记_组织_天庭_0,西游记_组织_御马监_0,隶属,[{'4': '御马监是天堂中管理天马的机构，隶属天庭。'}],组织与组织,西游记
西游记_人物_赛太岁_0,西游记_地点_麒麟山_0,居住,[{'71': '赛太岁占据麒麟山獬豸洞为妖。'}],人物与地点,西游记
西游记_人物_孙悟空_0,西游记_人物_鼻嗅爱_0,对立,[{'14': '孙悟空打死剪径毛贼鼻嗅爱'}],人物与人物,西游记
西游记_人物_九灵元圣_0,西游记_人物_猪八戒_0,对立,[{'90': '九灵元圣张口噙走八戒'}],人物与人物,西游记
西游记_人物_如来佛祖_0,西游记_人物_佛母孔雀大明王菩萨_0,亲属,[{'77': '如来曾封孔雀为佛母孔雀大明王菩萨，认其为母'}],人物与人物,西游记
西游记_人物_托塔李天王_0,西游记_人物_孙悟空_0,对立,"[{'5': '大圣与李天王率领的天兵交战，打退其部将并战败其阵势。'}, {'6': '李天王率天兵围剿花果山，与齐天大圣混战。'}]",人物与人物,西游记
西游记_人物_太上老君_0,西游记_物品_芭蕉扇_0,持有,[{'52': '太上老君用芭蕉扇扇动使青牛力软筋麻，现出本相。'}],人物与物品,西游记
西游记_人物_银角大王_0,西游记_人物_土地_3,上下级,[{'33': '二魔念动遣山咒法拘唤土地，令其移山压孙悟空。'}],人物与人物,西游记
西游记_人物_魏征_0,西游记_物品_书信_0,创造,[{'10': '魏征写书信一封交与太宗，托其捎给阴司判官崔珪，求放还阳。'}],人物与物品,西游记
西游记_人物_大力金刚_0,西游记_组织_佛家_0,归属,[{'61': '大力金刚奉如来密令擒魔王'}],人物与组织,西游记
西游记_人物_大鹏金翅雕_0,西游记_物品_画杆方天戟_1,持有,[{'77': '大鹏使用方天戟，百样峥嵘'}],人物与物品,西游记
西游记_人物_猪八戒_0,西游记_地点_云栈洞_0,出身,[{'100': '猪八戒出身于福陵山云栈洞'}],人物与地点,西游记
西游记_人物_孙悟空_0,西游记_人物_沙悟净_0,合作,"[{'23': '孙悟空与沙僧同为唐僧徒弟，共同保护师父西行，相互扶持。'}, {'24': '行者分人参果给沙僧，一同吃果'}, {'25': '孙行者与沙和尚一起战斗对抗镇元仙。'}, {'31': '孙悟空救出沙僧，一同设计捉拿奎木狼。'}, {'34': '孙行者变化救唐僧，沙僧与猪八戒一同被吊，孙行者最终要救出他们。'}, {'35': '沙和尚举降妖杖打退群妖，协助孙大圣制服妖魔。'}, {'36': '沙和尚与孙行者同是唐僧徒弟，一路共同保护唐僧西行取经。'}, {'39': '孙悟空与沙僧合作，沙僧取水灌丹并一同围堵狮猁王。'}, {'41': '孙大圣与沙僧在松林商议降妖之策，沙僧提出以相生相克之理。'}, {'44': '孙悟空带领沙僧一同前往三清观偷吃供品。'}, {'45': '孙大圣与沙和尚一起假冒三清戏弄道士，并协助师父求雨'}, {'46': '沙和尚与孙行者同为唐僧徒弟，沙僧称赞孙行者有七十二般变化'}, {'53': '孙悟空叫沙和尚一同去解阳山取落胎泉水，沙僧负责打水。'}, {'54': '孙悟空与沙悟净一同执行假亲脱网之计，同心保护唐僧。'}, {'57': '观音菩萨命孙悟空与沙僧同去花果山分辨真假行者'}, {'58': '孙悟空与沙僧一同驾云至花果山辨认假行者，后同到菩萨处。'}, {'68': '孙悟空与沙僧在会同馆安排茶饭，共同完成取经任务。'}, {'69': '孙大圣与沙僧共同制药，沙僧协助取大黄并质疑马尿入药'}, {'76': '孙大圣与沙僧同属取经团队，沙僧信任孙大圣未死。'}, {'77': '孙悟空与沙和尚是同门师兄弟，共同保护唐僧'}, {'78': '沙僧与八戒一同守护假行者，配合行者计策。'}, {'80': '孙大圣与沙僧同为唐僧徒弟，协作护送唐僧。'}, {'81': '孙悟空与沙僧同心协力寻找师父。'}, {'83': '沙僧与猪八戒一起助孙悟空打妖精'}, {'84': '孙悟空与沙僧师兄弟共同取经'}, {'86': '孙行者与沙和尚共同照顾师父、哭拜假人头'}, {'87': '孙悟空与沙僧同保唐僧，在凤仙郡共同辅助求雨。'}, {'89': '孙行者与沙和尚一起扮作贩猪羊客人，进入虎口洞夺回兵器。'}, {'91': '孙悟空与沙僧为师兄弟，共同保护唐僧取经、降妖。'}, {'92': '师兄弟共同与犀牛精战斗，救师父。'}, {'97': '二人同为唐僧徒弟，共同保护师父，一起被抓入狱'}, {'100': '孙悟空与沙和尚同为唐僧弟子，共同保护唐僧取经'}]",人物与人物,西游记
西游记_地点_敕建宝林寺_0,西游记_地点_禅堂_1,隶属,[{'36': '禅堂是敕建宝林寺内供僧人坐禅安歇的房间，唐僧师徒在此安歇。'}],地点与地点,西游记
西游记_人物_王灵官_0,西游记_人物_孙悟空_0,对立,[{'7': '王灵官在灵霄殿前持金鞭挡住大圣，与之厮杀'}],人物与人物,西游记
西游记_人物_独角兕大王_0,西游记_物品_纳锦背心_0,持有,[{'50': '独角兕大王点化仙庄设下三件纳锦背心，八戒和沙僧穿上后被擒。'}],人物与物品,西游记
西游记_地点_幽冥关隘_0,西游记_地点_森罗殿_0,隶属,[{'3': '森罗殿是幽冥界十代冥王的正殿。'}],地点与地点,西游记
西游记_地点_东华门_0,西游记_地点_长安城_0,隶属,[{'12': '东华门是长安城的城门'}],地点与地点,西游记
西游记_人物_孙悟空_0,西游记_物品_辟水金睛兽_0,持有,[{'60': '孙悟空偷了辟水金睛兽，变作牛魔王去骗扇。'}],人物与物品,西游记
西游记_人物_崔珪_0,西游记_物品_生死簿_0,持有,"[{'10': '崔珪是酆都掌案判官，怀揣生死簿，掌管天下万国国王天禄。'}, {'11': '崔判官查看生死文簿，为唐太宗增加阳寿。'}]",人物与物品,西游记
西游记_人物_唐三藏_0,西游记_技能_安邦天宝篆_0,掌握,[{'12': '玄奘在法会上宣讲《安邦天宝篆》'}],人物与技能,西游记
西游记_人物_唐三藏_0,西游记_物品_血书_0,持有,[{'101': '法明长老将血书交给玄奘，玄奘得知身世。'}],人物与物品,西游记
西游记_地点_西番哈咇国_0,西游记_地点_里社祠_0,隶属,[{'15': '里社祠位于西番哈咇国界内，是乡间社庙。'}],地点与地点,西游记
西游记_人物_灵吉菩萨_0,西游记_地点_小须弥山_0,居住,"[{'21': '灵吉菩萨在小须弥山设有讲经禅院，作为道场。'}, {'59': '灵吉菩萨的道场在小须弥山禅院。'}]",人物与地点,西游记
西游记_人物_唐太宗_0,西游记_人物_唐三藏_0,上下级,"[{'11': '太宗赐陈玄奘左僧纲、右僧纲、天下大阐都僧纲之职，并赐袈裟毗卢帽，命其主持水陆大会。'}, {'100': '唐太宗称唐僧为御弟，亲自迎接并设宴酬谢'}]",人物与人物,西游记
西游记_人物_观世音菩萨_0,西游记_物品_红葫芦_0,持有,[{'22': '菩萨袖中取出一个红葫芦儿。'}],人物与物品,西游记
西游记_人物_三王子_0,西游记_人物_九灵元圣_0,对立,[{'90': '九灵元圣张口噙走三王子'}],人物与人物,西游记
西游记_地点_御花园_1,西游记_地点_留春亭_0,隶属,[{'94': '留春亭是御花园中的亭子'}],地点与地点,西游记
西游记_地点_奈河桥_0,西游记_地点_幽冥_0,隶属,[{'97': '奈河桥位于幽冥地界'}],地点与地点,西游记
西游记_地点_厨房_0,西游记_地点_道房_0,相邻,[{'24': '道房与厨房紧紧的间壁'}],地点与地点,西游记
西游记_人物_唐太宗_0,西游记_组织_十殿阎王_0,合作,[{'11': '十代阎王与唐太宗对坐，为其增寿二十年，太宗承诺进瓜果谢恩，后刘全代进。'}],人物与组织,西游记
西游记_人物_吴道子_0,西游记_组织_唐朝_0,归属,[{'12': '吴道子是大唐画师，后图功臣于凌烟阁'}],人物与组织,西游记
西游记_地点_七绝山_0,西游记_地点_稀柿衕_0,隶属,[{'67': '稀柿衕是七绝山中的一条夹石胡同。'}],地点与地点,西游记
西游记_人物_虎力大仙_0,西游记_物品_宝剑_1,持有,[{'45': '小道士递宝剑给虎力大仙，用于念咒烧符'}],人物与物品,西游记
西游记_人物_唐三藏_0,西游记_人物_刘伯钦_0,合作,[{'13': '刘伯钦打虎救下三藏，请至家中款待，并护送其至两界山'}],人物与人物,西游记
西游记_人物_孙悟空_0,西游记_人物_四值功曹_0,上下级,[{'32': '日值功曹变化樵夫向孙悟空报信，被孙悟空识破后叱退，功曹施礼称大圣。'}],人物与人物,西游记
西游记_人物_红孩儿_0,西游记_物品_火尖枪_0,持有,[{'41': '红孩儿使用一杆丈八长的火尖枪与孙大圣交战。'}],人物与物品,西游记
西游记_人物_孙悟空_0,西游记_人物_阎王_0,合作,[{'97': '孙悟空入森罗殿查询寇洪下落，阎王告知地藏王处'}],人物与人物,西游记
西游记_人物_猪八戒_0,西游记_物品_行李_0,持有,[{'58': '猪八戒去花果山水帘洞寻得包袱，驾风带回。'}],人物与物品,西游记
西游记_人物_白龙马_0,西游记_物品_明珠_0,持有,[{'15': '玉龙三太子项下原有一颗明珠，被观音摘去。'}],人物与物品,西游记
西游记_人物_猪八戒_0,西游记_人物_虎先锋_0,对立,"[{'20': '猪悟能一钯筑死虎先锋'}, {'21': '猪八戒打杀了虎先锋，孙悟空踩着虎尸骂战。'}]",人物与人物,西游记
西游记_人物_独角兕大王_0,西游记_人物_太上老君_0,上下级,[{'52': '兕大王是太上老君的青牛坐骑，老君持芭蕉扇念咒将其收服。'}],人物与人物,西游记
西游记_人物_寇栋_0,西游记_人物_老妪_2,亲属,[{'96': '寇栋是老妪的儿子。'}],人物与人物,西游记
西游记_人物_黄风怪_0,西游记_物品_定风桩_0,持有,[{'20': '黄风怪将唐僧绑在后园定风桩上，定风桩为洞内物'}],人物与物品,西游记
西游记_地点_万寿山_0,西游记_地点_昆仑脉_0,隶属,[{'24': '万寿山根接昆仑脉，属于昆仑脉'}],地点与地点,西游记
西游记_地点_御花园_0,西游记_地点_避妖楼_0,隶属,[{'69': '避妖楼位于御花园后'}],地点与地点,西游记
西游记_人物_黑水河河神_0,西游记_人物_鼍洁_0,对立,[{'43': '黑水河河神被鼍洁强占水府，多年冤屈。'}],人物与人物,西游记
西游记_地点_望经楼_0,西游记_地点_长安城_0,隶属,[{'100': '望经楼建于长安西安关外，太宗在此迎接取经人'}],地点与地点,西游记
西游记_人物_李玉英_0,西游记_地点_皇宫_0,居住,[{'11': '唐御妹李玉英居住在皇宫内院。'}],人物与地点,西游记
西游记_人物_孙悟空_0,西游记_技能_摄法_0,掌握,"[{'3': '孙悟空弄摄法唤转狂风，带领小猴回山。'}, {'62': '孙悟空与猪八戒驾风头，使摄法带妖贼飞行。'}, {'84': '孙悟空使用摄法从王小二店驾云出去携带衣物'}, {'99': '沙僧提议师徒都作起摄法，行者也会但故意说驾不去，表明他掌握摄法。'}]",人物与技能,西游记
西游记_人物_王小二_0,西游记_人物_王小二婆婆_0,亲属,[{'84': '王小二与王小二婆婆是夫妻'}],人物与人物,西游记
西游记_人物_唐太宗_0,西游记_物品_黄榜_0,持有,[{'101': '唐太宗颁布招贤文榜，广招贤士。'}],人物与物品,西游记
西游记_人物_唐三藏_0,西游记_技能_小乘教法_0,掌握,[{'12': '玄奘及众僧所讲均为小乘教法，只能浑俗和光'}],人物与技能,西游记
西游记_人物_国丈_0,西游记_物品_蟠龙拐杖_0,持有,[{'78': '国丈手中拄着九节枯藤盘龙拐杖。'}],人物与物品,西游记
西游记_人物_大圣国师王菩萨_0,西游记_地点_盱眙山_0,居住,[{'66': '盱眙山是国师王菩萨的道场'}],人物与地点,西游记
西游记_人物_太乙救苦天尊_0,西游记_地点_东极妙岩宫_0,居住,[{'90': '太乙救苦天尊居住于东极妙岩宫'}],人物与地点,西游记
西游记_人物_观世音菩萨_0,西游记_地点_南海_0,居住,"[{'54': '南海观世音菩萨的道场在南海。'}, {'55': '观音菩萨化作一道金光，径回南海。'}, {'65': '唐僧提及观音菩萨在南海道场。'}, {'71': '观音菩萨收伏金毛犼后，骑犼回南海。'}, {'84': '观音菩萨驾祥云返回南海宝山'}]",人物与地点,西游记
西游记_人物_玉皇大帝_0,西游记_物品_玉帝敕旨_0,创造,[{'9': '玉帝降下敕旨，写明明日施雨的时辰和雨数，由金衣力士送交泾河龙王。'}],人物与物品,西游记
西游记_人物_孙悟空_0,西游记_人物_黎山老母_0,合作,[{'73': '黎山老姆假扮孝妇指点孙悟空去请毗蓝婆菩萨降妖。'}],人物与人物,西游记
西游记_人物_猪八戒_0,西游记_人物_观世音菩萨_0,上下级,"[{'22': '菩萨赐八戒法名悟能，劝化皈依。'}, {'94': '观音指明善道，令猪八戒皈依佛教'}, {'100': '观音菩萨劝善八戒，使其皈依佛教保护唐僧'}]",人物与人物,西游记
西游记_人物_僧官_0,西游记_地点_敕建宝林寺_0,居住,[{'36': '僧官是宝林寺的院主，长期住持在该寺。'}],人物与地点,西游记
西游记_人物_六耳猕猴_0,西游记_人物_沙悟净_0,对立,[{'57': '假行者变出假沙僧，沙僧打死假沙僧后假行者率众围攻沙僧'}],人物与人物,西游记
西游记_人物_车迟国国王_0,西游记_物品_宝印_0,持有,[{'46': '国王用宝印在关文上盖章'}],人物与物品,西游记
西游记_人物_红孩儿_0,西游记_技能_五十三参_0,掌握,[{'43': '童子归正果后，五十三参参拜观音。'}],人物与技能,西游记
西游记_人物_观世音菩萨_0,西游记_人物_白龙马_0,上下级,"[{'23': '观音菩萨救了龙马三太子的性命，并亲自将其退鳞去角变作白马，命其驮唐僧西行。'}, {'69': '观音菩萨救下西海飞龙（即白龙马），将其锯角退鳞变作马，驮唐僧西天取经'}, {'100': '观音菩萨救解小白龙，令其化作白马做唐僧脚力'}]",人物与人物,西游记
西游记_人物_孙悟空_0,西游记_物品_蟠桃_0,持有,[{'5': '大圣爬上大树摘下熟桃，多次偷吃蟠桃园中的仙桃。'}],人物与物品,西游记
西游记_地点_西梁女国_0,西游记_地点_金銮宝殿_1,隶属,[{'54': '金銮宝殿是西梁女国朝堂。'}],地点与地点,西游记
西游记_人物_如来佛祖_0,西游记_人物_猪八戒_0,上下级,[{'100': '如来封猪八戒为净坛使者'}],人物与人物,西游记
西游记_人物_唐三藏_0,西游记_人物_祭赛国王_0,合作,[{'62': '国王宴请唐僧师徒，请求他们捉妖取宝，解救金光寺僧人。'}],人物与人物,西游记
西游记_人物_天竺皇后_0,西游记_人物_素娥仙子_0,亲属,[{'95': '皇后随国王至布金寺认出真公主，母女相认'}],人物与人物,西游记
西游记_人物_如来佛祖_0,西游记_人物_观世音菩萨_0,上下级,"[{'12': '观世音菩萨自领如来佛旨到长安访察取经人'}, {'14': '观音菩萨奉佛旨上东土寻取经人'}, {'42': '如来赐给观音金紧禁三个箍儿'}, {'58': '如来佛祖是佛教最高领袖，观音菩萨是如来下属，如来命观音送孙悟空回唐僧处。'}, {'98': '观世音菩萨在传经会后向如来缴还金旨，并建议在八日内完成一藏之数，如来应允。'}]",人物与人物,西游记
西游记_人物_唐太宗_0,西游记_人物_李渊_0,亲属,[{'10': '李渊是唐太宗之父，在阴司街边上前说“世民来了”。'}],人物与人物,西游记
西游记_人物_唐三藏_0,西游记_物品_银駔马_0,持有,"[{'12': '玄奘接受太宗所赐银駔马作为脚力'}, {'13': '三藏骑乘的马匹，后经太白金星指引找回'}]",人物与物品,西游记
西游记_人物_虎先锋_0,西游记_物品_赤铜刀_0,持有,[{'20': '虎先锋持有两口赤铜刀'}],人物与物品,西游记
西游记_人物_唐三藏_0,西游记_人物_白骨夫人_0,对立,[{'27': '白骨精意图捉拿唐僧，吃其肉以长生不老。'}],人物与人物,西游记
西游记_组织_太医院_1,西游记_组织_朱紫国_0,隶属,[{'68': '太医院是朱紫国太医机构，屡选良方未能调治国王。'}],组织与组织,西游记
西游记_地点_无底洞_0,西游记_地点_陷空山_0,隶属,"[{'81': '无底洞位于陷空山之中。'}, {'83': '无底洞位于陷空山上，周围三百余里'}]",地点与地点,西游记
西游记_人物_孙悟空_0,西游记_人物_铁扇公主_0,对立,"[{'59': '铁扇公主因红孩儿之事与孙悟空为仇，拒绝借扇并与其打斗。'}, {'60': '孙悟空为借芭蕉扇与铁扇公主冲突，先被扇走，后变作牛魔王骗得真扇。'}]",人物与人物,西游记
西游记_人物_孙悟空_0,西游记_人物_监斩官_0,对立,[{'46': '孙行者因监斩官谎报其已死而大怒，一棒将监斩官打成肉团'}],人物与人物,西游记
西游记_人物_唐三藏_0,西游记_物品_藤缠篾织斗篷_0,持有,[{'20': '三藏按按藤缠篾织斗篷'}],人物与物品,西游记
西游记_人物_唐三藏_0,西游记_人物_孤直公_0,亲密,[{'64': '孤直公与唐僧联句作诗，并提议保亲，欲让杏仙与唐僧成亲。'}],人物与人物,西游记
西游记_人物_孙悟空_0,西游记_人物_广目天王_0,合作,[{'16': '孙行者向广目天王借辟火罩以保护唐僧，天王借予'}],人物与人物,西游记
西游记_人物_孙悟空_0,西游记_人物_黄风怪_0,对立,[{'21': '孙悟空为救师父与黄风大圣交战，黄风大圣用三昧神风伤孙悟空眼睛。'}],人物与人物,西游记
西游记_人物_井木犴_0,西游记_人物_玉皇大帝_0,上下级,[{'92': '玉帝下旨派井木犴等四木禽星下界降妖。'}],人物与人物,西游记
西游记_人物_大鹏金翅雕_0,西游记_人物_如来佛祖_0,上下级,[{'77': '如来佛祖亲自收服大鹏金翅雕，令其在光焰上做护法'}],人物与人物,西游记
西游记_人物_乌鸡国国王_0,西游记_人物_乌鸡国太子_0,亲属,"[{'37': '乌鸡国太子是乌鸡国国王亲生的储君'}, {'38': '太子称乌鸡国王为父王，国王托梦给太子并遗下金厢白玉圭为表记'}, {'39': '乌鸡国国王和太子是亲生父子，太子后来拜见复活的父王。'}]",人物与人物,西游记
西游记_人物_比丘国王_0,西游记_人物_美后_0,亲属,[{'79': '国王纳美后为妃，宠幸在宫，后被八戒筑死现出白面狐狸本相。'}],人物与人物,西游记
西游记_人物_虎力大仙_0,西游记_技能_禳星_0,掌握,[{'44': '虎力大仙在三清观带领道士禳星。'}],人物与技能,西游记
西游记_地点_普陀崖_0,西游记_地点_普陀山_0,隶属,[{'49': '普陀崖是落伽山上的崖壁，孙悟空径至普陀崖上。'}],地点与地点,西游记
西游记_人物_奎木狼_0,西游记_地点_兜率宫_0,居住,[{'31': '奎木狼被贬至兜率宫，为太上老君烧火。'}],人物与地点,西游记
西游记_人物_孙悟空_0,西游记_人物_有来有去_0,对立,[{'70': '孙悟空一棒打死有来有去，夺得战书和牙牌'}],人物与人物,西游记
西游记_地点_狮驼岭_0,西游记_地点_笔峰_0,隶属,[{'74': '笔峰是狮驼岭山头上长出的山峰。'}],地点与地点,西游记
西游记_人物_唐三藏_0,西游记_地点_暴纱亭_0,居住,"[{'89': '唐僧师徒在玉华州王府暴纱亭居住。'}, {'90': '唐僧师徒在玉华州暴纱亭安歇'}]",人物与地点,西游记
西游记_人物_黄眉老佛_0,西游记_物品_狼牙棒_1,持有,"[{'65': '黄眉老佛使用短软狼牙棒与孙悟空等交战。'}, {'66': '黄眉大王使用狼牙棒（敲磬槌儿）作战'}]",人物与物品,西游记
西游记_人物_南山大王_0,西游记_人物_孙悟空_0,对立,[{'86': '孙行者因师父被捉与南山大王激战，最终将其打死'}],人物与人物,西游记
西游记_人物_孙悟空_0,西游记_人物_红孩儿_0,对立,"[{'40': '红孩儿摄走唐僧，孙大圣欲除妖救师，双方敌对。'}, {'41': '红孩儿摄走唐僧，孙大圣寻上门交战，双方水火不容。'}, {'42': '红孩儿与孙悟空交战，用三昧真火烧败行者'}, {'59': '孙悟空曾与红孩儿争斗并导致其被观音收服，铁扇公主因此怀恨。'}, {'60': '孙悟空在号山枯松涧火云洞与牛圣婴冲突，后观音收牛圣婴为善财童子，牛魔王因此怨恨。'}]",人物与人物,西游记
西游记_人物_猪八戒_0,西游记_地点_乌斯藏_0,出身,[{'23': '猪八戒原籍乌斯藏高老儿庄，曾是此地的居民。'}],人物与地点,西游记
西游记_地点_长安城_0,西游记_地点_长安大市街_0,隶属,[{'8': '长安大市街是长安城中的街道'}],地点与地点,西游记
西游记_人物_朱紫国王_0,西游记_地点_避妖楼_0,居住,[{'69': '国王为躲避赛太岁而建避妖楼，每闻风响即与后妃入内躲避'}],人物与地点,西游记
西游记_人物_灵吉菩萨_0,西游记_物品_定风丹_0,持有,[{'21': '灵吉菩萨持有如来所赐定风丹，能定风。'}],人物与物品,西游记
西游记_地点_照胎泉_0,西游记_地点_西梁女国_0,隶属,"[{'53': '照胎泉位于西梁女国城外迎阳馆驿门外。'}, {'54': '照胎泉是西梁女国的一处泉水。'}]",地点与地点,西游记
西游记_人物_唐三藏_0,西游记_人物_妖精_0,对立,[{'80': '妖精变化女子绑在树上，企图骗取唐僧同情并抓住他吸取元阳，是敌对关系。'}],人物与人物,西游记
西游记_地点_普陀山_0,西游记_地点_潮音洞_0,隶属,[{'22': '普陀山潮音洞，菩萨居处。'}],地点与地点,西游记
西游记_人物_孙悟空_0,西游记_人物_牛魔王_0,亲密,"[{'3': '孙悟空与牛魔王等六妖王结为七弟兄，日逐讲文论武。'}, {'4': '孙悟空与牛魔王等六弟兄结义，互称大圣。'}, {'40': '五百年前孙大圣与牛魔王结为七兄弟，称牛魔王为大哥。'}, {'41': '五百年前孙大圣与牛魔王结为七兄弟，牛魔王为大哥，孙大圣为七弟。'}, {'42': '孙悟空与牛魔王当年意合情投，交游甚厚'}, {'59': '牛魔王曾与孙悟空结拜为兄弟，孙悟空称其为大哥。'}]",人物与人物,西游记
西游记_人物_太阴星君_0,西游记_地点_广寒宫_0,居住,[{'95': '太阴星君是月宫之主，从广寒宫下界收服玉兔'}],人物与地点,西游记
西游记_人物_玉皇大帝_0,西游记_人物_翊圣真君_0,上下级,[{'7': '玉帝传旨命翊圣真君同往西方请佛老'}],人物与人物,西游记
西游记_人物_斑衣鳜婆_0,西游记_技能_变化_0,掌握,[{'48': '斑衣鳜婆献策时可令善变化者变作人形，暗示自身亦掌握变化。'}],人物与技能,西游记
西游记_人物_五方揭谛_0,西游记_人物_如来佛祖_0,上下级,[{'7': '如来召五方揭谛同土地神祗监押五行山悟空'}],人物与人物,西游记
西游记_人物_国丈_0,西游记_物品_箸顶梅沉香绵丝鹤氅_0,持有,[{'78': '国丈身上穿着箸顶梅沉香绵丝鹤氅。'}],人物与物品,西游记
西游记_人物_巴将军_0,西游记_人物_孙悟空_0,上下级,[{'6': '巴将军是齐天大圣麾下，被二郎神阵势唬得使不得刀剑。'}],人物与人物,西游记
西游记_人物_普贤_0,西游记_地点_峨眉_0,居住,[{'65': '唐僧提及普贤菩萨在峨眉道场。'}],人物与地点,西游记
西游记_人物_大圣国师王菩萨_0,西游记_地点_大圣禅寺_0,居住,[{'66': '国师王菩萨驻锡泗洲大圣禅寺'}],人物与地点,西游记
西游记_人物_玉皇大帝_0,西游记_人物_金头揭谛_0,上下级,"[{'65': '金头揭谛因孙悟空被困，急入南天门上灵霄宝殿向玉帝启奏求救。'}, {'66': '金头揭谛奏请玉帝，玉帝钦差二十八宿下界救孙悟空'}]",人物与人物,西游记
西游记_人物_三王子_0,西游记_人物_玉华王_0,亲属,"[{'88': '玉华王是三王子的父亲。'}, {'89': '小王子是老王子的儿子。'}]",人物与人物,西游记
西游记_人物_许旌阳_0,西游记_组织_四大天师_0,归属,[{'51': '许旌阳是四天师之一，在灵霄殿前与孙悟空对话并建议选天将。'}],人物与组织,西游记
西游记_人物_东来佛祖_0,西游记_人物_孙悟空_0,合作,[{'66': '东来佛祖亲自设瓜田计并传授禁字法术，助孙悟空收服黄眉大王'}],人物与人物,西游记
西游记_人物_孙悟空_0,西游记_人物_敖钦_0,上下级,[{'45': '孙大圣命令敖钦下雨，敖钦遵命'}],人物与人物,西游记
西游记_人物_殷温娇_0,西游记_人物_陈光蕊_0,亲属,[{'101': '陈光蕊与殷温娇成婚，为夫妻。'}],人物与人物,西游记
西游记_人物_沙悟净_0,西游记_人物_观世音菩萨_0,上下级,"[{'22': '菩萨劝化沙悟净，指河为姓，赐法名悟净。'}, {'57': '沙僧到落伽山告假行者，菩萨听取后命悟空同他去分辨真假'}, {'94': '观音劝沙悟净皈依佛教，等候唐僧'}, {'100': '观音菩萨劝善沙僧，使其皈依佛教保护唐僧'}]",人物与人物,西游记
西游记_人物_殷开山_0,西游记_组织_御林军_0,领导,[{'101': '殷丞相督领六万御林军前往江州剿贼。'}],人物与组织,西游记
西游记_人物_孙悟空_0,西游记_地点_镇海禅林寺_0,守护,[{'81': '孙悟空答应为镇海禅林寺剿除吃人妖精。'}],人物与地点,西游记
西游记_人物_孙悟空_0,西游记_组织_火部_0,对抗,[{'7': '南斗星令火部众神放火煨烧大圣，不能伤损'}],人物与组织,西游记
西游记_人物_孙悟空_0,西游记_人物_山神_0,上下级,[{'27': '行者念咒唤来本处山神与土地一同作证。'}],人物与人物,西游记
西游记_人物_孙悟空_0,西游记_人物_流元帅_0,上下级,[{'3': '孙悟空将两个赤尻马猴封为马、流二元帅。'}],人物与人物,西游记
西游记_人物_孙悟空_0,西游记_技能_指物腾那_0,掌握,[{'34': '孙行者用指物腾那手段，拔毫毛变作假幌金绳等。'}],人物与技能,西游记
西游记_人物_百眼魔君_0,西游记_技能_金光_0,掌握,[{'73': '百眼魔君两胁千只眼迸放金光，能罩人困人。'}],人物与技能,西游记
西游记_人物_荡魔天尊_0,西游记_组织_龟蛇二将_0,归属,[{'66': '龟蛇二将是荡魔天尊麾下，助孙悟空被后天袋子装去'}],人物与组织,西游记
西游记_人物_火德星君_0,西游记_物品_火马_0,持有,[{'51': '火德星君令火部神兵放火，火马被兕怪的圈子套去。'}],人物与物品,西游记
西游记_人物_元始天尊_0,西游记_人物_镇元子_0,亲密,[{'24': '三清是家师的朋友，元始天尊与镇元子是朋友'}],人物与人物,西游记
西游记_人物_孙悟空_0,西游记_技能_乌龙掠地势_0,掌握,[{'21': '孙悟空使乌龙掠地势拨开黄风大圣的钢叉。'}],人物与技能,西游记
西游记_人物_魏征_0,西游记_组织_唐朝_0,归属,"[{'10': '魏征是大唐臣子，效力于唐太宗。'}, {'12': '魏征是大唐朝臣'}, {'68': '魏徵是大唐的丞相，效力于大唐。'}, {'101': '魏征是唐朝丞相，为大唐效力。'}]",人物与组织,西游记
西游记_地点_通天河_0,西游记_地点_陈家庄_0,相邻,[{'49': '陈家庄位于通天河岸边，唐僧师徒从庄中至河边。'}],地点与地点,西游记
西游记_人物_唐三藏_0,西游记_物品_贬书_0,持有,[{'30': '唐僧亲笔写了贬书，将孙悟空赶走。'}],人物与物品,西游记
西游记_人物_七个蜘蛛精_0,西游记_人物_蜍_0,亲属,[{'72': '蜍是妖精结拜的干儿子，愿拜为母。'}],人物与人物,西游记
西游记_地点_敕建宝林寺_0,西游记_地点_方丈_1,隶属,[{'36': '方丈是敕建宝林寺内僧官居住的房间。'}],地点与地点,西游记
西游记_人物_张氏_0,西游记_地点_万花店_0,居住,[{'101': '张氏在万花店刘小二店中暂住染病。'}],人物与地点,西游记
西游记_地点_东海_0,西游记_地点_蓬莱仙境_0,隶属,[{'26': '蓬莱仙境位于东洋大海之中，孙悟空驾觔斗云径上东洋大海到达蓬莱。'}],地点与地点,西游记
西游记_人物_玉皇大帝_0,西游记_物品_面山_0,创造,[{'87': '玉帝立面山约二十丈高，旁有狗餂面，以惩罚凤仙郡。'}],人物与物品,西游记
西游记_人物_华光菩萨_0,西游记_人物_火焰五光佛_0,上下级,[{'96': '华光菩萨是火焰五光佛的徒弟。'}],人物与人物,西游记
西游记_地点_照胎泉_0,西游记_地点_迎阳驿_0,隶属,[{'53': '照胎泉在迎阳馆驿门外。'}],地点与地点,西游记
西游记_人物_地藏王菩萨_0,西游记_人物_谛听_0,上下级,[{'58': '地藏王菩萨命谛听辨别真假孙悟空，谛听是地藏经案下伏的神兽。'}],人物与人物,西游记
西游记_人物_五方揭谛_0,西游记_人物_土地_3,合作,[{'33': '五方揭谛与土地商议移山放出孙悟空。'}],人物与人物,西游记
西游记_人物_哪吒三太子_0,西游记_技能_三头六臂_0,掌握,"[{'4': '哪吒变作三头六臂，手持六般兵器与悟空交战。'}, {'51': '哪吒太子变作三头六臂，手持六般兵器与兕怪斗战。'}, {'61': '哪吒变出三头六臂飞身战斗'}]",人物与技能,西游记
西游记_人物_宝象国国王_0,西游记_人物_猪八戒_0,合作,[{'29': '宝象国国王委托猪八戒去波月洞降妖救百花羞公主'}],人物与人物,西游记
西游记_人物_孙悟空_0,西游记_人物_猕猴王_0,亲密,"[{'3': '孙悟空与猕猴王等结为七弟兄。'}, {'4': '孙悟空与猕猴王等六弟兄结义，互称大圣。'}, {'41': '猕猴王是孙大圣结拜七兄弟中的五哥。'}]",人物与人物,西游记
西游记_人物_唐太宗_0,西游记_人物_尉迟敬德_0,上下级,[{'10': '尉迟敬德是大唐将领，与秦叔宝一同把守宫门护卫太宗。'}],人物与人物,西游记
西游记_人物_猪八戒_0,西游记_技能_弄风_0,掌握,[{'18': '猪刚鬣会弄风，云来雾去，走石飞砂'}],人物与技能,西游记
西游记_人物_孙悟空_0,西游记_人物_电母_0,上下级,[{'45': '孙大圣命令电母按棍子号令闪电，电母答应'}],人物与人物,西游记
西游记_人物_孙悟空_0,西游记_组织_天庭_0,归属,"[{'4': '孙悟空接受玉帝招安，先后任弼马温、齐天大圣，归属天庭体系。'}, {'86': '孙行者曾官封大圣居云府，属于天庭势力'}]",人物与组织,西游记
西游记_人物_唐三藏_0,西游记_人物_老夫人_0,对立,[{'82': '老夫人摄来唐僧，强逼成亲'}],人物与人物,西游记
西游记_地点_南天门_0,西游记_地点_天宫_0,隶属,"[{'42': '南天门是天宫的门户'}, {'74': '南天门是天宫之门，当年大大王吞天兵时众天兵关了南天门。'}]",地点与地点,西游记
西游记_人物_唐三藏_0,西游记_地点_文华殿_0,居住,[{'69': '国王留唐僧在文华殿住宿，作当头'}],人物与地点,西游记
西游记_人物_孙悟空_0,西游记_物品_战书_0,持有,[{'70': '孙悟空打死有来有去后，取下战书藏于袖内'}],人物与物品,西游记
西游记_人物_孙悟空_0,西游记_物品_山河社稷袄_0,创造,[{'46': '孙行者将柜中山河社稷袄和乾坤地理裙变成破烂流丢一口钟，并撒上臊溺'}],人物与物品,西游记
西游记_人物_蜈蚣精_0,西游记_地点_宝华山_0,居住,[{'93': '百脚山上生有蜈蚣精，常在路下伤人'}],人物与地点,西游记
西游记_人物_金角大王_0,西游记_组织_天庭_0,归属,[{'32': '金角大王自称当年出天界，曾属于天庭。'}],人物与组织,西游记
西游记_地点_万寿山_0,西游记_组织_五庄观_0,驻扎,"[{'24': '五庄观位于万寿山中'}, {'25': '五庄观是镇元仙的道观，位于万寿山。'}, {'26': '五庄观是镇元大仙的仙宫，位于万寿山。'}]",组织与地点,西游记
西游记_地点_大雄宝殿_0,西游记_地点_敕建宝林寺_0,隶属,[{'36': '大雄宝殿是敕建宝林寺内的主要佛殿。'}],地点与地点,西游记
西游记_人物_孙悟空_0,西游记_人物_灵感大王_0,对立,"[{'48': '孙大圣在灵感庙中假扮童男，与灵感大王战斗，随后追赶。'}, {'49': '孙悟空在通天河岸与灵感大王交战，妖怪抵挡不住败回水中。'}]",人物与人物,西游记
西游记_人物_沙悟净_0,西游记_组织_佛门_0,归属,[{'94': '沙悟净受菩萨劝化皈依佛教，保护唐僧取经'}],人物与组织,西游记
西游记_人物_陈清_0,西游记_地点_陈家庄_0,居住,"[{'48': '陈清是陈家庄祭主，居于陈家庄。'}, {'49': '陈清是陈家庄的老者，在庄中居住。'}]",人物与地点,西游记
西游记_人物_木叉行者_0,西游记_物品_浑铁棍_0,持有,[{'6': '惠岸行者执一条浑铁棍与齐天大圣交战。'}],人物与物品,西游记
西游记_人物_万岁狐王_0,西游记_人物_玉面公主_0,亲属,[{'60': '万岁狐王是玉面公主的父亲，已死，遗下百万家私。'}],人物与人物,西游记
西游记_人物_如意真仙_0,西游记_人物_牛魔王_0,亲属,[{'53': '如意真仙自称是牛魔王的兄弟。'}],人物与人物,西游记
西游记_人物_托塔李天王_0,西游记_人物_牛魔王_0,对立,[{'61': '托塔李天王用照妖镜照住牛魔王'}],人物与人物,西游记
西游记_人物_四值功曹_0,西游记_人物_孙悟空_0,上下级,[{'78': '行者拘唤四值功曹，命其协助救助小儿。'}],人物与人物,西游记
西游记_人物_宝象国国王_0,西游记_物品_玉宝_0,持有,[{'29': '宝象国国王用本国玉宝在文牒上盖印花押'}],人物与物品,西游记
西游记_人物_崔珪_0,西游记_地点_幽冥_0,居住,[{'68': '崔玨是酆都城的判官，在冥司任职。'}],人物与地点,西游记
西游记_人物_黄风怪_0,西游记_物品_披挂_0,持有,[{'21': '黄风大圣披挂金盔金甲等装备出战。'}],人物与物品,西游记
西游记_人物_孙悟空_0,西游记_人物_舌尝思_0,对立,[{'14': '孙悟空打死剪径毛贼舌尝思'}],人物与人物,西游记
西游记_人物_布金寺老僧_0,西游记_人物_素娥仙子_0,合作,[{'95': '老僧将公主锁藏于僻静房中以保护，公主装疯配合，等待救援'}],人物与人物,西游记
西游记_人物_观世音菩萨_0,西游记_地点_普陀山_0,居住,"[{'12': '观世音菩萨居于南海普陀山，自此处领佛旨前往长安'}, {'15': '观音菩萨居於落伽山紫竹林中，自此出发降服玉龙。'}, {'17': '观世音菩萨的道场在南海落伽山。'}, {'42': '观音住在南海普陀山落伽崖潮音洞'}, {'58': '观音菩萨居南海普陀山潮音洞。'}]",人物与地点,西游记
西游记_人物_如意真仙_0,西游记_地点_落胎泉_0,守护,[{'53': '如意真仙护住落胎泉，不肯白送与人。'}],人物与地点,西游记
西游记_人物_唐三藏_0,西游记_人物_虎先锋_0,对立,[{'20': '虎先锋用金蝉脱壳计擒拿三藏'}],人物与人物,西游记
西游记_人物_猪八戒_0,西游记_地点_高老庄_0,出身,[{'54': '猪悟能祖贯西牛贺洲乌斯庄人氏。'}],人物与地点,西游记
西游记_人物_孙悟空_0,西游记_物品_紫金铃_0,争夺,[{'70': '孙悟空潜入洞中盗取紫金铃，与赛太岁争夺该宝贝'}],人物与物品,西游记
西游记_人物_崔珪_0,西游记_人物_魏征_0,亲密,[{'10': '魏征与崔珪乃八拜之交，相知甚厚，写信托其放太宗还阳。'}],人物与人物,西游记
西游记_地点_昭阳宫_0,西游记_组织_朱紫国_0,驻扎,[{'70': '昭阳宫是朱紫国后宫，金圣娘娘的住处'}],组织与地点,西游记
西游记_人物_不坏尊王永住金刚_0,西游记_组织_佛家_0,归属,[{'61': '永住金刚领大雷音寺佛老亲言'}],人物与组织,西游记
西游记_人物_六耳猕猴_0,西游记_人物_孙悟空_0,对立,[{'58': '六耳猕猴假扮孙悟空，二人从花果山打到灵山，最终被如来识破后孙悟空将其打死。'}],人物与人物,西游记
西游记_人物_四值功曹_0,西游记_人物_孙悟空_0,合作,[{'66': '日值功曹告知孙悟空地窖所在并建议请小张太子救援'}],人物与人物,西游记
西游记_地点_狮驼国_0,西游记_地点_金銮殿_7,隶属,[{'77': '金銮殿是狮驼国中的宫殿，属于狮驼国'}],地点与地点,西游记
西游记_人物_五方揭谛_0,西游记_组织_天庭_0,归属,[{'33': '五方揭谛受天庭差遣护持唐僧。'}],人物与组织,西游记
西游记_地点_藏风山凹_0,西游记_地点_黄风岭_0,隶属,[{'20': '藏风山凹是黄风岭中的一处山凹'}],地点与地点,西游记
西游记_人物_哪吒三太子_0,西游记_人物_老夫人_0,亲属,[{'83': '金鼻白毛老鼠精拜哪吒三太子为兄'}],人物与人物,西游记
西游记_地点_水晶宫_3,西游记_组织_泾河水府_0,驻扎,[{'9': '泾河水府的宫殿为水晶宫，龙王、水族在此议事。'}],组织与地点,西游记
西游记_人物_孙悟空_0,西游记_人物_精细鬼_0,对立,[{'33': '孙悟空变作老真人骗精细鬼，用假葫芦换走了紫金红葫芦。'}],人物与人物,西游记
西游记_人物_青衣仙女_0,西游记_人物_孙悟空_0,对立,[{'5': '大圣被青衣仙女摘桃惊醒，用定身法定住七衣仙女。'}],人物与人物,西游记
西游记_地点_东关厢街口_0,西游记_地点_西梁女国_0,隶属,[{'54': '东关厢街口是西梁女国东边的街口。'}],地点与地点,西游记
西游记_人物_孙悟空_0,西游记_物品_九转还魂丹_0,持有,[{'39': '孙悟空从太上老君处求得一粒九转还魂丹，并用来救活乌鸡国国王。'}],人物与物品,西游记
西游记_人物_唐太宗_0,西游记_地点_长安城_0,居住,"[{'12': '太宗是大唐皇帝，居于长安城'}, {'101': '唐太宗登基建都于长安城。'}]",人物与地点,西游记
西游记_人物_万圣龙王_0,西游记_人物_九头驸马_0,亲属,[{'63': '万圣龙王是九头驸马的岳父，原文老龙称九头驸马为“贤婿”。'}],人物与人物,西游记
西游记_人物_公主_0,西游记_人物_唐三藏_0,亲属,[{'94': '公主抛绣球选中唐僧，招为驸马，未婚夫妻'}],人物与人物,西游记
西游记_人物_银角大王_0,西游记_物品_七星剑_0,持有,"[{'32': '银角大王使用七星剑与猪八戒战斗。'}, {'33': '二魔举七星剑与沙僧的降妖棒交战。'}, {'34': '二魔持有七星剑，与孙行者交战时使用，砍行者头皮也不曾红。'}]",人物与物品,西游记
西游记_人物_如来佛祖_0,西游记_技能_起死回生真言_0,掌握,[{'83': '如来念动起死回生真言，以碧藕荷叶重造哪吒肉身'}],人物与技能,西游记
西游记_地点_八角琉璃井_0,西游记_地点_水晶宫_1,隶属,[{'38': '八角琉璃井底有水晶宫，井龙王居其中，国王尸首横在廊庑下'}],地点与地点,西游记
西游记_人物_孙悟空_0,西游记_技能_护身法_0,掌握,[{'59': '孙悟空掌握护身法，但此次未使用导致毫毛被烧。'}],人物与技能,西游记
西游记_人物_羊力大仙_0,西游记_人物_车迟国国王_0,上下级,[{'44': '国王尊羊力大仙为国师，君臣相敬。'}],人物与人物,西游记
西游记_人物_唐三藏_0,西游记_物品_香环_0,持有,[{'101': '殷温娇给玄奘一只香环，让他去寻婆婆张氏。'}],人物与物品,西游记
西游记_人物_孙悟空_0,西游记_人物_摩昂_0,合作,[{'43': '孙悟空与摩昂太子合作，由摩昂擒拿鼍龙。'}],人物与人物,西游记
西游记_人物_唐三藏_0,西游记_人物_南山大王_0,对立,[{'85': '老妖用分瓣梅花计摄走唐僧，绑在后园'}],人物与人物,西游记
西游记_人物_木叉行者_0,西游记_人物_托塔李天王_0,亲属,[{'6': '惠岸行者是李天王第二太子木叉。'}],人物与人物,西游记
西游记_人物_布金寺老僧_0,西游记_人物_唐三藏_0,合作,[{'93': '老院主向唐僧师徒诉说真公主之事，请其到国中广施法力辨明真假'}],人物与人物,西游记
西游记_人物_龙王_0,西游记_地点_洪江_0,守护,[{'101': '龙王是洪江的龙王，守护洪江水域。'}],人物与地点,西游记
西游记_地点_灵霄宝殿_0,西游记_组织_天庭_0,驻扎,"[{'8': '天庭的灵霄殿是卷帘大将侍銮舆之处'}, {'58': '灵霄宝殿是玉帝的宫殿，位于天庭。'}, {'62': '灵霄殿是大罗天上的宫殿，属于天庭。'}, {'65': '灵霄宝殿是玉帝的朝堂，金头揭谛在此启奏。'}, {'92': '灵霄宝殿是天庭的大殿。'}]",组织与地点,西游记
西游记_地点_御花园_0,西游记_地点_海榴亭_0,隶属,[{'69': '海榴亭位于御花园内，是端阳节国王与嫔后解粽插艾之处'}],地点与地点,西游记
西游记_人物_孙悟空_0,西游记_人物_独角兕大王_0,对立,[{'50': '孙悟空为救师父与独角兕大王斗战三十余合，金箍棒被其圈子套走。'}],人物与人物,西游记
西游记_地点_金平府_0,西游记_地点_青龙山_0,隶属,[{'92': '青龙山位于金平府东北艮地。'}],地点与地点,西游记
西游记_地点_人参园_0,西游记_地点_菜园_0,连通,[{'24': '菜园内有一层门通向人参园'}],地点与地点,西游记
西游记_人物_孙悟空_0,西游记_物品_金线_0,创造,[{'68': '孙悟空从尾上拔毫毛变作三条金线，用于悬丝诊脉。'}],人物与物品,西游记
西游记_人物_土地神祗_0,西游记_人物_如来佛祖_0,上下级,"[{'7': '如来召土地神祗居住五行山监押悟空，给铁丸铜汁'}, {'14': '土神是如来派去监押孙悟空的神祇'}]",人物与人物,西游记
西游记_人物_二郎显圣真君_0,西游记_人物_玉皇大帝_0,上下级,"[{'6': '玉帝降调兵旨意，差大力鬼王赍调二郎神助力擒妖。'}, {'7': '玉帝赏赐二郎真君，真君谢恩回灌江口'}]",人物与人物,西游记
西游记_人物_泾河龙王_0,西游记_组织_泾河水府_0,领导,[{'9': '泾河龙王是泾河水府的主人，统治水族。'}],人物与组织,西游记
西游记_人物_城隍_1,西游记_人物_孙悟空_0,上下级,[{'78': '行者拘唤城隍，命其将鹅笼小儿摄出城外收藏。'}],人物与人物,西游记
西游记_人物_红孩儿_0,西游记_人物_牛魔王_0,亲属,[{'60': '牛魔王是牛圣婴的父亲，怪孙悟空害其子。'}],人物与人物,西游记
西游记_人物_唐三藏_0,西游记_物品_行李_0,持有,"[{'13': '三藏与从者携带两个包袱，未被失落'}, {'78': '唐僧携带行李包裹。'}, {'97': '唐僧师徒的行李包袱被带入监中'}]",人物与物品,西游记
西游记_人物_翠兰_0,西游记_人物_高太公_0,亲属,[{'18': '高太公是翠兰的父亲'}],人物与人物,西游记
西游记_人物_灵感大王_0,西游记_技能_作冷结冰_0,掌握,"[{'48': ""灵感大王会作冷结冰的法术，在斑衣鳜婆询问时明确回答'更会'。""}]",人物与技能,西游记
西游记_人物_唐三藏_0,西游记_人物_西梁女国女王_0,亲密,[{'54': '女王愿以一国之富招唐僧为夫，亲自出城迎接，同乘凤辇，求亲成婚。'}],人物与人物,西游记
西游记_地点_乌斯藏_0,西游记_地点_高老庄_0,隶属,[{'23': '高老庄位于乌斯藏地区，乌斯藏是更大的地理范围。'}],地点与地点,西游记
西游记_人物_唐三藏_0,西游记_人物_寅将军_0,对立,[{'13': '寅将军将三藏绑缚欲吞食，因三藏本无明而未能得逞'}],人物与人物,西游记
西游记_人物_流元帅_0,西游记_人物_孙悟空_0,上下级,[{'6': '流元帅是齐天大圣麾下，被二郎神阵势唬得摇不得旌旗。'}],人物与人物,西游记
西游记_人物_七个蜘蛛精_0,西游记_人物_蜢_0,亲属,[{'72': '蜢是妖精结拜的干儿子，愿拜为母。'}],人物与人物,西游记
西游记_地点_枯松涧_0,西游记_地点_号山枯松涧火云洞_0,隶属,[{'42': '火云洞位于枯松涧'}],地点与地点,西游记
西游记_人物_白龙马_0,西游记_人物_玉皇大帝_0,上下级,[{'15': '玉帝曾判玉龙三太子死罪，后因观音求情赦免。'}],人物与人物,西游记
西游记_人物_孙悟空_0,西游记_人物_黑水河河神_0,合作,[{'43': '黑水河河神向行者哭诉冤情，请求报仇，行者应允帮助。'}],人物与人物,西游记
西游记_人物_唐三藏_0,西游记_人物_虎力大仙_0,对立,[{'45': '虎力大仙向国王告状欲害唐僧，双方在斗法中对抗'}],人物与人物,西游记
西游记_人物_乌鸡国国王_0,西游记_人物_孙悟空_0,合作,[{'37': '孙悟空答应帮乌鸡国国王降服全真，辨明邪正'}],人物与人物,西游记
西游记_人物_沙悟净_0,西游记_物品_紫金钵盂_0,持有,[{'45': '悟净捧着钵盂进朝'}],人物与物品,西游记
西游记_人物_火德星君_0,西游记_物品_火龙_0,持有,[{'51': '火德星君令火部神兵放火，火龙被兕怪的圈子套去。'}],人物与物品,西游记
西游记_地点_西梁女国_0,西游记_组织_光禄寺_1,驻扎,[{'54': '光禄寺是西梁女国的官署，负责安排宴席。'}],组织与地点,西游记
西游记_人物_猪八戒_0,西游记_人物_高太公_0,亲属,"[{'18': '高太公招猪刚鬣为女婿，猪刚鬣是他的三女婿'}, {'23': '猪八戒曾是高太公的女婿，因在高老庄做女婿时被孙悟空降服，后被逼出家。'}]",人物与人物,西游记
西游记_人物_太白金星_0,西游记_物品_简帖_1,创造,[{'13': '太白金星化作清风留下简帖，上书四句颂子'}],人物与物品,西游记
西游记_人物_观世音菩萨_0,西游记_人物_木叉行者_0,上下级,"[{'42': '惠岸是观音亲传授的徒弟，称护法惠岸行者'}, {'58': '木叉行者是观音菩萨的弟子，协助辨别真假孙悟空。'}]",人物与人物,西游记
西游记_人物_地藏王菩萨_0,西游记_地点_翠云宫_0,居住,"[{'3': '地藏王菩萨居于翠云宫，十代冥王来此拜见。'}, {'58': '地藏王菩萨居幽冥翠云宫。'}]",人物与地点,西游记
西游记_人物_沙悟净_0,西游记_物品_九个骷髅_0,持有,"[{'8': '沙悟净将九个取经人骷髅用索儿穿在一处'}, {'22': '项下骷髅悬九个。'}]",人物与物品,西游记
西游记_地点_摩云洞_0,西游记_地点_积雷山_0,隶属,"[{'60': '摩云洞位于积雷山之中。'}, {'61': '摩云洞位于积雷山之中'}]",地点与地点,西游记
西游记_人物_观世音菩萨_0,西游记_人物_金头揭谛_0,上下级,[{'15': '金头揭谛奉观音之命暗中保护取经人，主动前往南海禀报唐僧遇阻之事。；观音菩萨派遣金头揭谛等神祇暗中保护取经人，金头揭谛返回复命。'}],人物与人物,西游记
西游记_人物_孙悟空_0,西游记_人物_青毛狮子怪_0,对立,"[{'39': '孙悟空与狮猁王交战，追赶并欲打死妖魔。'}, {'76': '孙大圣被老魔吞入腹中，后用毫毛拴其心肝，降服后又交战。'}, {'77': '孙悟空与狮王激烈争斗，狮王擒拿孙悟空等人'}]",人物与人物,西游记
西游记_人物_独角兕大王_0,西游记_人物_孙悟空_0,对立,"[{'51': '孙悟空因唐僧被兕怪抓走而与兕怪多次交战，欲救回师父。'}, {'52': '孙悟空与兕大王多次死斗，兕大王抓唐僧、套取金箍棒及众天神兵器。'}]",人物与人物,西游记
西游记_人物_虎力大仙_0,西游记_技能_呼风唤雨_1,掌握,"[{'44': '虎力大仙能呼风唤雨，只在翻掌之间。'}, {'45': '虎力大仙会五雷法，发文书惊动玉帝，是真正的五雷法'}, {'46': '虎力大仙空有唤雨呼风法，但最终被孙行者破法而死'}]",人物与技能,西游记
西游记_人物_如来佛祖_0,西游记_人物_孙悟空_0,上下级,"[{'14': '如来佛祖将孙悟空压在五行山下'}, {'34': '孙行者曾西天拜佛祖，自述止拜了三个人，佛祖为其中之一。'}, {'52': '如来为佛祖，孙悟空皈依释教，如来指示并派罗汉助战。'}, {'58': '如来佛祖识破六耳猕猴并告知孙悟空真相，承诺功成后令其坐莲台，悟空叩头谢恩。'}, {'77': '如来是悟空的祖师，悟空拜求如来收服妖魔'}, {'100': '如来封孙悟空为斗战胜佛'}]",人物与人物,西游记
西游记_人物_观世音菩萨_0,西游记_物品_救命毫毛_0,创造,[{'15': '观音菩萨摘下杨柳叶变成三根救命毫毛，赐予孙悟空。'}],人物与物品,西游记
西游记_人物_青毛狮子怪_0,西游记_技能_呼风唤雨_0,掌握,[{'39': '狮猁王呼风唤雨显神通，以此取得国王信任并害死真国王。'}],人物与技能,西游记
西游记_人物_沙悟净_0,西游记_技能_饿虎扑食_0,掌握,[{'88': '沙僧在演示降妖宝杖时使用饿虎扑食招数。'}],人物与技能,西游记
西游记_人物_孙悟空_0,西游记_物品_芭蕉扇_0,持有,[{'35': '孙大圣偷得芭蕉扇，从金角大王肩上拔取。'}],人物与物品,西游记
西游记_地点_端门_0,西游记_组织_朱紫国_0,驻扎,[{'68': '端门是朱紫国宫殿之门，唐僧在此烦奏事官转达。'}],组织与地点,西游记
西游记_人物_殷温娇_0,西游记_物品_汗衫_0,持有,[{'101': '殷温娇用贴身汗衫包裹儿子玄奘放入江中。'}],人物与物品,西游记
西游记_地点_大雄殿_0,西游记_地点_镇海禅林寺_0,隶属,[{'80': '大雄殿是镇海禅林寺内的大殿，本回中描述大雄殿上舞青光。'}],地点与地点,西游记
西游记_地点_普陀崖_0,西游记_地点_紫竹林_0,隶属,[{'49': '竹林位于普陀崖上，观音曾入竹林观玩并削篾编篮。'}],地点与地点,西游记
西游记_人物_白龙马_0,西游记_人物_猪八戒_0,合作,[{'31': '白龙马打伤后劝说猪八戒去请孙悟空救师父。'}],人物与人物,西游记
西游记_人物_天佑_0,西游记_人物_玉皇大帝_0,上下级,[{'7': '天佑同天蓬出殿请如来，听命于玉帝'}],人物与人物,西游记
西游记_地点_蛇盘山_0,西游记_地点_鹰愁陡涧_0,隶属,[{'15': '鹰愁陡涧位于蛇盘山中，文中称此处为蛇盘山鹰愁涧。'}],地点与地点,西游记
西游记_人物_国丈_0,西游记_地点_清华洞_0,居住,[{'79': '国丈（白鹿精）与美后在清华洞内的清华仙府居住，被孙悟空和八戒寻到。'}],人物与地点,西游记
西游记_人物_白骨夫人_0,西游记_技能_解尸法_0,掌握,[{'27': '妖精在行者棍下两次预先出化元神，留下假尸首脱身。'}],人物与技能,西游记
西游记_人物_银角大王_0,西游记_地点_莲花洞_0,居住,"[{'32': '银角大王与金角大王同住莲花洞。'}, {'33': '二魔是莲花洞的二大王，日常居住于此。'}, {'34': '二魔居住在平顶山莲花洞，与老魔一同占据此洞府。'}, {'35': '银角大王与金角大王一同居住在莲花洞。'}]",人物与地点,西游记
西游记_人物_沙悟净_0,西游记_人物_青毛狮子怪_0,对立,[{'39': '沙僧掣宝杖与狮猁王战斗。'}],人物与人物,西游记
西游记_地点_九曲盘桓洞_0,西游记_地点_竹节山_0,隶属,"[{'89': '九曲盘桓洞位于竹节山中。'}, {'90': '九曲盘桓洞位于竹节山中'}]",地点与地点,西游记
西游记_人物_普贤菩萨_0,西游记_物品_莲花台_0,持有,[{'77': '普贤抛莲花台在白象背上，跨坐收服'}],人物与物品,西游记
西游记_人物_二大王_0,西游记_地点_狮驼洞_0,居住,[{'74': '大大王与二大王久住在狮驼岭狮驼洞。'}],人物与地点,西游记
西游记_人物_敖顺_1,西游记_人物_泾河龙王_0,亲属,[{'43': '敖顺的妹妹嫁与泾河龙王，故敖顺为泾河龙王妻兄。'}],人物与人物,西游记
西游记_人物_车迟国国王_0,西游记_组织_羽林军_0,领导,[{'46': '国王传旨命羽林军三千摆列朝门之外，维持杀场秩序'}],人物与组织,西游记
西游记_人物_广智_0,西游记_人物_金池长老_0,上下级,"[{'16': ""广智向老院主献计杀害唐僧，老院主称其为'我儿'并采纳其计""}]",人物与人物,西游记
西游记_人物_婆婆_0,西游记_人物_老杨_0,亲属,[{'56': '老杨与婆婆是夫妻关系，共同收留唐僧师徒借宿。'}],人物与人物,西游记
西游记_组织_天庭_0,西游记_组织_水部_0,隶属,[{'51': '水部是天庭下属神部，由水德星君统领。'}],组织与组织,西游记
西游记_人物_唐三藏_0,西游记_人物_红孩儿_0,对立,"[{'40': '红孩儿用旋风将唐僧摄走，意图吃其肉延寿。'}, {'41': '红孩儿将唐僧摄至洞中，捆在后院准备蒸吃。'}, {'42': '红孩儿摄去唐僧，欲蒸食延寿'}]",人物与人物,西游记
西游记_人物_孙悟空_0,西游记_人物_布雾郎君_0,上下级,[{'45': '孙大圣命令布雾郎君收雾，布雾郎君服从'}],人物与人物,西游记
西游记_地点_金銮宝殿_0,西游记_地点_长安城_0,隶属,"[{'12': '金銮宝殿是大唐皇宫正殿，位于长安城内'}, {'100': '金銮殿是唐朝朝堂，位于长安'}]",地点与地点,西游记
西游记_人物_如来佛祖_0,西游记_物品_宝盆_0,持有,[{'8': '如来有宝盆，内设百样花千般异果'}],人物与物品,西游记
西游记_人物_猪八戒_0,西游记_人物_玉面公主_0,对立,[{'61': '猪八戒一钯筑死玉面公主'}],人物与人物,西游记
西游记_人物_云程万里鹏_0,西游记_人物_唐三藏_0,对立,[{'74': '云程万里鹏与大大王等合意捉拿唐僧，要吃唐僧肉。'}],人物与人物,西游记
西游记_人物_孙悟空_0,西游记_物品_衣服头巾_0,持有,[{'84': '孙悟空从王小二店偷得衣服头巾用于装扮'}],人物与物品,西游记
西游记_人物_青脸儿_0,西游记_人物_黄狮精_0,上下级,[{'89': '青脸儿是黄狮精手下小妖，奉命往竹节山送请帖。'}],人物与人物,西游记
西游记_人物_公主_0,西游记_物品_绣球_2,持有,"[{'93': '假公主亲手将绣球抛向唐僧，招其为驸马'}, {'94': '公主持有绣球并抛出，选中唐僧为驸马'}]",人物与物品,西游记
西游记_人物_唐太宗_0,西游记_人物_徐茂功_0,上下级,[{'10': '徐茂功是大唐臣子，太宗宣其吩咐国家大事，托付后事。'}],人物与人物,西游记
西游记_人物_大王子_0,西游记_物品_齐眉棍_0,持有,[{'88': '大王子使用齐眉棍作为兵器。'}],人物与物品,西游记
西游记_人物_南山大王_0,西游记_物品_铁杵_0,持有,"[{'85': '老妖使用铁杵作为武器与猪八戒战斗'}, {'86': '南山大王使用铁杵与孙行者金箍棒交手'}]",人物与物品,西游记
西游记_人物_素娥仙子_0,西游记_地点_布金禅寺_0,居住,[{'95': '素娥被玉兔抛于荒野后被布金寺老僧收留，藏于后房'}],人物与地点,西游记
西游记_人物_孙悟空_0,西游记_人物_护教伽蓝_0,上下级,[{'78': '行者拘唤护教伽蓝，命其协助救助小儿。'}],人物与人物,西游记
西游记_人物_金角大王_0,西游记_物品_芭蕉扇_0,持有,[{'35': '金角大王将芭蕉扇插在项后，用来搧出大火。'}],人物与物品,西游记
西游记_人物_火德星君_0,西游记_物品_火鼠_0,持有,[{'51': '火德星君令火部神兵放火，火鼠被兕怪的圈子套去。'}],人物与物品,西游记
西游记_地点_南天门_0,西游记_组织_天庭_0,驻扎,"[{'16': '南天门是天庭的门户，孙行者从此处进入天庭'}, {'58': '南天门是天庭的正门，由广目天王等天将把守。'}]",组织与地点,西游记
西游记_人物_唐三藏_0,西游记_人物_燃灯古佛_0,合作,[{'98': '燃灯古佛为让唐僧得到有字真经，派白雄尊者夺回无字经，促使唐僧返回雷音寺换经。'}],人物与人物,西游记
西游记_人物_文殊菩萨_0,西游记_人物_青毛狮子怪_0,上下级,"[{'39': '文殊菩萨是狮猁王的主人，用照妖镜收服并骑回五台山。'}, {'77': '文殊菩萨念动真言收服青狮（狮王），跨坐莲花台'}]",人物与人物,西游记
西游记_人物_孙悟空_0,西游记_人物_狐阿七大王_0,对立,[{'35': '孙大圣与狐阿七大王交手，将其击败。'}],人物与人物,西游记
西游记_人物_九灵元圣_0,西游记_地点_九曲盘桓洞_0,居住,"[{'89': '九灵元圣居住在竹节山九曲盘桓洞。'}, {'90': '九曲盘桓洞是九灵元圣的巢穴，他常在洞中歇息'}]",人物与地点,西游记
西游记_人物_狮奴_0,西游记_物品_轮回琼液_0,持有,[{'90': '狮奴偷吃太上老君送的轮回琼液，醉倒三日'}],人物与物品,西游记
西游记_人物_玉皇大帝_0,西游记_人物_秦广王_0,上下级,[{'3': '秦广王进表，玉帝览毕传旨，冥君归地府。'}],人物与人物,西游记
西游记_人物_孙悟空_0,西游记_人物_禺狨王_0,亲密,"[{'3': '孙悟空与禺狨王等结为七弟兄。'}, {'4': '孙悟空与禺狨王等六弟兄结义，互称大圣。'}, {'41': '獝狨王是孙大圣结拜七兄弟中的六哥。'}]",人物与人物,西游记
西游记_人物_孙悟空_0,西游记_地点_花果山_0,出身,"[{'1': '孙悟空本是花果山山顶仙石所产石卵化成的石猴，在花果山出生并成长。'}, {'7': '大圣自述‘天地生成灵混仙，花果山中一老猿’'}, {'8': '孙悟空是花果山所产的妖猴'}, {'14': '孙悟空自称五百年前据花果山称王为怪'}, {'17': '孙行者出生于花果山，曾在此为帅首。'}, {'33': '孙悟空自述花果山生了他。'}, {'35': '孙大圣自称家居花果山，是其出生成长之地。'}, {'52': '孙悟空自称祖居花果山称王位。'}, {'58': '孙悟空的老家是花果山，曾为花果山之主。'}, {'63': '孙悟空自称“祖住花果山”。'}, {'67': '行者自称祖居东胜大神洲，花果山前自幼修，出身于花果山。'}, {'77': '孙悟空曾想回花果山称王道寡，那是他的老家'}, {'81': '孙悟空曾在家乡花果山伏虎降龙。'}, {'86': '孙行者祖居花果山，自述花果山头仙石卵产化根苗'}, {'100': '孙悟空原是东胜神洲傲来国花果山人氏'}]",人物与地点,西游记
西游记_人物_孙悟空_0,西游记_物品_绳儿_0,创造,[{'76': '孙大圣拔毫毛变作一条绳儿，一头拴住老魔心肝。'}],人物与物品,西游记
西游记_人物_孙悟空_0,西游记_组织_七十二洞妖王_0,领导,[{'5': '大圣与七十二洞妖王分饮仙酒，并命令他们出战。'}],人物与组织,西游记
西游记_组织_安静司_0,西游记_组织_齐天府_0,隶属,[{'5': '齐天府下设安静司，有仙吏侍卫。'}],组织与组织,西游记
西游记_人物_三宫妃后_0,西游记_组织_乌鸡国_0,归属,[{'40': '三宫妃后是乌鸡国国王的妃嫔，随国王送行。'}],人物与组织,西游记
西游记_人物_火德星君_0,西游记_物品_火刀_0,持有,[{'51': '火德星君令火部神兵放火，火刀被兕怪的圈子套去。'}],人物与物品,西游记
西游记_人物_沙悟净_0,西游记_人物_黄牙老象_0,对立,"[{'76': '二魔挺枪刺沙僧，沙僧举降妖杖迎敌。'}, {'77': '象王用鼻子卷住沙和尚擒拿'}]",人物与人物,西游记
西游记_人物_孙悟空_0,西游记_物品_救命毫毛_0,持有,"[{'2': '孙悟空身上有八万四千毛羽，根根能变。'}, {'7': '大圣拔下一根毫毛吹口仙气，变作浓墨双毫笔'}, {'15': '孙悟空接受观音赐予的三根救命毫毛，藏于脑后以备危急。'}, {'25': '孙行者拔脑后毫毛变化假身或柳树替身。'}, {'34': '孙行者拔毫毛变作假葫芦、巴山虎、倚海龙、抬轿小妖、假身、假幌金绳等。'}, {'42': '孙悟空脑后救命毫毛，可拔下变物'}, {'44': '孙悟空拔下毫毛嚼碎分给众僧护身。'}, {'72': '行者拔下毫毛嚼碎变作七样鹰消灭虫蛭。'}, {'75': '孙大圣脑后有三根救命毫毛，为观音菩萨所赐，用于脱身。'}, {'76': '孙大圣拔下毫毛变绳儿拴妖魔心肝。'}, {'85': '孙悟空拔毫毛变作分身，真身去助战'}, {'86': '孙行者拔下自身毫毛施展分身法和瞌睡虫法术'}]",人物与物品,西游记
西游记_人物_殷夫人_0,西游记_人物_陈光蕊_0,亲属,[{'101': '殷夫人是陈光蕊的岳母。'}],人物与人物,西游记
西游记_人物_玉皇大帝_0,西游记_人物_顺风耳_0,上下级,[{'1': '玉帝命顺风耳与千里眼一同开南天门观看金光之处，顺风耳奉旨而行。'}],人物与人物,西游记
西游记_地点_一天门_0,西游记_地点_武当山_0,隶属,[{'66': '一天门是武当山仙境的天门之一'}],地点与地点,西游记
西游记_地点_郑家杂货店_0,西游记_组织_朱紫国_0,驻扎,[{'68': '郑家杂货店是朱紫国街市上的店铺，油盐酱醋齐全。'}],组织与地点,西游记
西游记_人物_孙悟空_0,西游记_组织_乌鸡国_0,合作,[{'37': '孙悟空将为乌鸡国降妖捉怪，帮助恢复正朔'}],人物与组织,西游记
西游记_人物_唐三藏_0,西游记_人物_金角大王_0,对立,[{'32': '金角大王听闻吃唐僧肉可延寿长生，派银角大王去捉拿唐僧。'}],人物与人物,西游记
西游记_人物_张紫阳_0,西游记_物品_五彩仙衣_0,持有,[{'71': '张紫阳将旧棕衣变作霞裳送给金圣宫娘娘，后亲自前来脱下收回。'}],人物与物品,西游记
西游记_地点_后宰门_1,西游记_地点_狮驼国_0,隶属,[{'77': '后宰门是狮驼国的后门，属于狮驼国'}],地点与地点,西游记
西游记_人物_孙悟空_0,西游记_人物_毛颖山山神_0,上下级,[{'95': '孙悟空唤出山神，山神与土地一同带路寻找兔穴'}],人物与人物,西游记
西游记_人物_净乐国王_0,西游记_地点_净乐国_0,出身,[{'66': '净乐国王是净乐国的国王'}],人物与地点,西游记
西游记_人物_五方揭谛_0,西游记_人物_观世音菩萨_0,上下级,[{'99': '观音菩萨派遣五方揭谛暗中保护圣僧，今圣僧行满，揭谛向菩萨缴法旨。'}],人物与人物,西游记
西游记_人物_万圣公主_0,西游记_人物_九头驸马_0,亲属,"[{'62': '万圣公主招得九头驸马为婿。'}, {'63': '万圣宫主是九头驸马的妻子，原文称“公主连名称万圣”，且九头驸马为“驸马”。'}]",人物与人物,西游记
西游记_人物_毗蓝婆菩萨_0,西游记_物品_绣花针_1,持有,[{'73': '毗蓝婆菩萨从衣领中取出绣花针抛向空中破去金光。'}],人物与物品,西游记
西游记_地点_地窖_0,西游记_地点_小雷音寺_0,隶属,[{'66': '地窖在小雷音寺内，关押众神'}],地点与地点,西游记
西游记_人物_三王子_0,西游记_人物_唐三藏_0,上下级,[{'88': '三王子拜沙僧为师，即成为唐僧的徒孙。'}],人物与人物,西游记
西游记_地点_东胜神洲_0,西游记_地点_花果山_0,隶属,"[{'58': '花果山位于东胜神洲。'}, {'67': '行者祖居东胜大神洲，花果山位于东胜大神洲。'}, {'86': '花果山是东胜神洲的仙山，地理上从属于东胜神洲'}]",地点与地点,西游记
西游记_人物_尉迟敬德_0,西游记_人物_秦叔宝_0,合作,[{'10': '秦叔宝与尉迟敬德共同披挂执金瓜钺斧，把守宫门镇鬼。'}],人物与人物,西游记
西游记_人物_二郎显圣真君_0,西游记_人物_孙悟空_0,对立,"[{'6': '二郎神奉调与齐天大圣赌斗变化，大战三百余合，最终在金刚琢和细犬相助下将其擒获。'}, {'7': '二郎真君曾与义兄弟追杀悟空，将其擒获'}]",人物与人物,西游记
西游记_地点_化生寺_0,西游记_地点_长安城_0,隶属,[{'12': '化生寺位于长安城内，水陆大会在此举办'}],地点与地点,西游记
西游记_人物_银角大王_0,西游记_人物_孙悟空_0,对立,"[{'33': '二魔用遣山咒法将须弥山、峨眉山、泰山压住孙悟空。'}, {'34': '孙行者与二魔在半空中大战三十回合不分胜负，互相敌对。'}]",人物与人物,西游记
西游记_人物_太上老君_0,西游记_人物_银角大王_0,上下级,[{'35': '银角大王原是太上老君看银炉的童子，受老君管辖。'}],人物与人物,西游记
西游记_人物_四海龙王_0,西游记_人物_红孩儿_0,对立,[{'42': '红孩儿的三昧真火使四海龙王私雨无效'}],人物与人物,西游记
西游记_人物_陈光蕊_0,西游记_人物_唐三藏_0,亲属,[{'11': '陈光蕊是陈玄奘的父亲，海州状元，官拜文渊殿大学士。'}],人物与人物,西游记
西游记_人物_唐三藏_0,西游记_人物_辟暑大王_0,对立,"[{'91': '辟暑大王参与摄走唐僧，欲将其煎吃。'}, {'92': '辟暑大王等摄走唐僧。'}]",人物与人物,西游记
西游记_人物_猪八戒_0,西游记_物品_银子_0,持有,[{'76': '猪八戒攒了四钱六分银子私房，藏在左耳朵眼。'}],人物与物品,西游记
西游记_人物_寿星_0,西游记_物品_枣儿_0,持有,[{'79': '寿星袖中有三个枣儿，原备与东华帝君献茶，后送给比丘国王祛病。'}],人物与物品,西游记
西游记_人物_百花羞_0,西游记_人物_宝象国国王_0,亲属,[{'30': '宝象国国王是三公主的父亲。'}],人物与人物,西游记
西游记_人物_女怪_0,西游记_人物_老夫人_0,上下级,[{'82': '女怪是老夫人的手下，听命打水安排筵席'}],人物与人物,西游记
西游记_人物_金圣娘娘_0,西游记_地点_獬豸洞_0,居住,"[{'69': '金圣宫被赛太岁摄走，拘于麒麟山獬豸洞中'}, {'71': '金圣宫娘娘被掳至獬豸洞居住三年，直至被救出。'}]",人物与地点,西游记
西游记_人物_唐太宗_0,西游记_物品_凤辇龙车_0,持有,[{'12': '太宗前往化生寺拈香时乘坐凤辇龙车'}],人物与物品,西游记
西游记_地点_平顶山_0,西游记_地点_莲花洞_0,隶属,[{'32': '莲花洞位于平顶山中。'}],地点与地点,西游记
西游记_人物_如来佛祖_0,西游记_组织_三千揭谛_0,领导,[{'58': '三千揭谛在雷音寺听如来说法，后围住六耳猕猴。'}],人物与组织,西游记
西游记_人物_猪八戒_0,西游记_技能_三十六般变化_0,掌握,"[{'29': '猪八戒在阶前卖弄手段，捻诀念咒变化身高至八九丈'}, {'47': '八戒会三十六般变化，变作一秤金的模样。'}, {'67': '八戒自称有三十六般变化，能变大猪拱开稀柿衕。'}, {'85': '猪八戒使用三十六般变化变作矮胖和尚去斋僧'}]",人物与技能,西游记
西游记_人物_殷温娇_0,西游记_人物_唐三藏_0,亲属,[{'101': '殷温娇生下玄奘，为母子。'}],人物与人物,西游记
西游记_人物_真武_0,西游记_地点_北天门_0,守护,[{'33': '真武祖师镇守北天门，哪吒前往北天门向真武借旗。'}],人物与地点,西游记
西游记_组织_天庭_0,西游记_组织_火部_0,隶属,[{'51': '火部是天庭下属神部，由火德星君统领。'}],组织与组织,西游记
西游记_人物_黄风怪_0,西游记_物品_三股钢叉_0,持有,[{'21': '黄风大圣使用一杆三股钢叉与孙悟空交战。'}],人物与物品,西游记
西游记_人物_独角兕大王_0,西游记_人物_唐三藏_0,对立,[{'51': '兕怪将唐僧拿入金皘洞中，欲蒸煮晒，与取经团队为敌。'}],人物与人物,西游记
西游记_人物_猪八戒_0,西游记_人物_沙悟净_0,合作,"[{'23': '猪八戒与沙僧同为唐僧徒弟，共同挑担牵马，协作西行。'}, {'28': '猪八戒与沙僧共同寻找师父，并合力与黄袍怪战斗'}, {'31': '猪八戒与沙僧将奎木狼的两个孩子掼碎在金銮殿前。'}, {'39': '猪八戒与沙僧联手围住狮猁王，共同作战。'}, {'58': '猪八戒与沙僧商议去花果山取包袱，后一同保护师父。'}, {'81': '猪八戒与沙僧一同看守师父并协助寻师。'}, {'83': '猪八戒与沙僧共同助战救师父'}, {'84': '猪八戒与沙僧师兄弟共同取经'}, {'91': '猪八戒与沙僧为师兄弟，共同保护唐僧取经、降妖。'}, {'92': '同为唐僧徒弟，一起战斗。'}]",人物与人物,西游记
西游记_人物_唐三藏_0,西游记_物品_无字经_0,持有,[{'100': '唐僧初次取经时得到无字空本，后返回换取有字真经'}],人物与物品,西游记
西游记_人物_猪八戒_0,西游记_人物_腊梅_0,对立,[{'64': '猪八戒用钉钯将腊梅（腊梅树精）筑倒。'}],人物与人物,西游记
西游记_人物_金角大王_0,西游记_物品_羊脂玉净瓶_0,持有,"[{'33': '老魔拥有羊脂玉净瓶，交给伶俐虫去装孙悟空。'}, {'35': '金角大王洞中尚有羊脂玉净瓶，曾被孙大圣窃得又复归。'}]",人物与物品,西游记
西游记_地点_三清观_0,西游记_地点_车迟国_0,隶属,"[{'44': '三清观位于车迟国城中。'}, {'45': '三清观位于车迟国中'}]",地点与地点,西游记
西游记_人物_九灵元圣_0,西游记_人物_抟象狮_0,上下级,[{'90': '抟象狮拜九灵元圣为祖翁'}],人物与人物,西游记
西游记_人物_二王子_0,西游记_人物_猪八戒_0,上下级,"[{'88': '二王子拜猪八戒为师，猪八戒传授武艺。'}, {'90': '八戒收二王子为徒，传授武艺'}]",人物与人物,西游记
西游记_地点_正阳门_1,西游记_地点_狮驼国_0,隶属,[{'77': '正阳门是狮驼国的前门，属于狮驼国'}],地点与地点,西游记
西游记_人物_九灵元圣_0,西游记_人物_雪狮_0,上下级,[{'90': '雪狮拜九灵元圣为祖翁'}],人物与人物,西游记
西游记_地点_聚仙庵_0,西游记_地点_落胎泉_0,隶属,[{'53': '落胎泉位于聚仙庵内。'}],地点与地点,西游记
西游记_人物_哪吒三太子_0,西游记_人物_孙悟空_0,对立,"[{'4': '哪吒与孙悟空交战，被孙悟空打伤左膊败阵。'}, {'5': '大圣与哪吒太子交战，使用分身法将其打退。'}]",人物与人物,西游记
西游记_人物_唐三藏_0,西游记_地点_洪福寺_0,居住,"[{'12': '玄奘修行于洪福寺，回寺告知徒弟们取经之愿'}, {'100': '唐僧取经前常住长安洪福寺，归来后也居于洪福寺'}, {'101': '玄奘立意安禅，被送入洪福寺内修行。'}]",人物与地点,西游记
西游记_人物_孙悟空_0,西游记_物品_杂彩花旗_0,持有,"[{'4': '孙悟空命四健将置办写有‘齐天大圣’的旌旗，立竿张挂。'}, {'28': '孙悟空将打死的猎户的杂色旗号拆洗做成杂彩花旗，上写“重修花果山复整水帘洞齐天大圣”挂于洞外'}]",人物与物品,西游记
西游记_人物_国丈_0,西游记_人物_比丘国王_0,上下级,[{'79': '国丈进献美女并献药方，国王尊其为国丈，言听计从，直至被孙悟空识破。'}],人物与人物,西游记
西游记_人物_东海龙王敖广_0,西游记_人物_敖顺_0,亲属,[{'3': '敖顺是敖广的弟弟，北海龙王。'}],人物与人物,西游记
西游记_人物_如来佛祖_0,西游记_人物_玉皇大帝_0,合作,"[{'7': '玉帝传旨请如来降伏悟空，事后设安天大会致谢'}, {'8': '玉帝请如来降伏孙悟空，并设安天大会感谢'}]",人物与人物,西游记
西游记_人物_孙悟空_0,西游记_物品_人参果_0,争夺,[{'25': '孙行者偷吃人参果三个，导致与五庄观冲突。'}],人物与物品,西游记
西游记_人物_九灵元圣_0,西游记_人物_黄狮精_0,上下级,[{'90': '黄狮精等六狮拜九灵元圣为祖翁，尊其为祖'}],人物与人物,西游记
西游记_人物_玉皇大帝_0,西游记_物品_黄金大锁_0,创造,[{'87': '玉帝立黄金大锁于铁架，下悬明灯燎锁梃，以惩罚凤仙郡。'}],人物与物品,西游记
西游记_人物_有来有去_0,西游记_组织_麒麟山獬豸洞_0,归属,[{'70': '有来有去是赛太岁的心腹小校，属于麒麟山獬豸洞势力'}],人物与组织,西游记
西游记_人物_须菩提祖师_0,西游记_技能_七十二变_0,传授,[{'2': '菩提祖师传授孙悟空七十二般变化。'}],人物与技能,西游记
西游记_人物_车迟国国王_0,西游记_人物_鹿力大仙_0,上下级,"[{'44': '国王尊鹿力大仙为国师，君臣相敬。'}, {'45': '国王尊鹿力大仙为国师，君臣关系'}, {'46': '国王尊鹿力为国师，鹿力在朝堂奏事'}]",人物与人物,西游记
西游记_人物_孙悟空_0,西游记_人物_老杨的儿子_0,对立,[{'56': '孙大圣认出老杨的儿子是强盗，将其割下首级杀死。'}],人物与人物,西游记
西游记_人物_刘洪_0,西游记_地点_江州私衙_0,居住,[{'101': '刘洪冒名在江州州主，住在私衙。'}],人物与地点,西游记
西游记_人物_猪八戒_0,西游记_人物_孙悟空_0,合作,"[{'24': '八戒怂恿行者偷人参果，行者去偷并分享'}, {'41': '孙大圣与八戒一同跳过枯松涧寻战红孩儿，互相配合降妖。'}, {'46': '孙行者和八戒同为唐僧徒弟，共同参与赌赛，八戒虽骂孙行者但实为同门'}, {'47': '齐天大圣与八戒一同变作童男童女，代陈家庄祭祀灵感大王。'}, {'63': '孙悟空与猪八戒一同前往碧波潭索宝，协同作战。'}, {'67': '行者与八戒共同与红鳞大蟒战斗，并合作由八戒变猪拱开稀柿衕。'}, {'78': '八戒和泥协助行者变化，共同保护师父。'}, {'80': '孙大圣与八戒同为唐僧徒弟，共同协作保护唐僧西行。本回中孙大圣阻止八戒误救妖精。'}]",人物与人物,西游记
西游记_人物_孙悟空_0,西游记_人物_邓天君_0,上下级,[{'45': '孙大圣命令邓天君暂停雷电，邓天君称大圣吩咐不敢不从'}],人物与人物,西游记
西游记_人物_黄眉老佛_0,西游记_组织_二十八宿_0,对抗,[{'65': '黄眉老佛用白布搭包将二十八宿及五方揭谛等众神装走捆绑。'}],人物与组织,西游记
西游记_人物_孙悟空_0,西游记_物品_辟火罩_0,持有,[{'16': '孙行者借得辟火罩后罩住唐僧、白马和行李'}],人物与物品,西游记
西游记_人物_猪八戒_0,西游记_人物_南山大王_0,对立,[{'85': '猪八戒与老妖在山凹中激烈战斗，老妖败退'}],人物与人物,西游记
西游记_人物_精细鬼_0,西游记_地点_莲花洞_0,居住,[{'34': '精细鬼是莲花洞的小妖，住在洞中，受二魔差遣。'}],人物与地点,西游记
西游记_人物_唐太宗_0,西游记_人物_秦广王_0,合作,[{'10': '十代阎王迎迓太宗入森罗殿，审理泾河龙王对案后送其还阳。'}],人物与人物,西游记
西游记_人物_斑衣鳜婆_0,西游记_人物_灵感大王_0,亲密,[{'48': '灵感大王承诺捉住唐僧后与斑衣鳜婆拜为兄妹，事后互称兄妹。'}],人物与人物,西游记
西游记_人物_唐太宗_0,西游记_组织_太医院_0,领导,[{'11': '太医院为唐太宗进汤药，归太宗调用。'}],人物与组织,西游记
西游记_人物_全真_0,西游记_技能_点石成金_0,掌握,[{'37': '全真能将石头变成金子'}],人物与技能,西游记
西游记_地点_压龙山_0,西游记_地点_压龙山压龙洞_0,隶属,[{'35': '压龙洞在压龙山上，是老魔投奔的洞府。'}],地点与地点,西游记
西游记_地点_小西天_0,西游记_地点_小雷音寺_0,隶属,"[{'65': '小雷音寺位于小西天山上，是黄眉老佛假设的寺院。'}, {'66': '小雷音寺位于小西天'}]",地点与地点,西游记
西游记_人物_金头揭谛_0,西游记_组织_护教诸神_0,归属,[{'30': '揭谛是护教诸神之一，在半空中护佑唐僧。'}],人物与组织,西游记
西游记_人物_玉兔_0,西游记_物品_绣球_2,持有,[{'95': '假公主在彩楼上抛绣球招亲，有意打中唐僧'}],人物与物品,西游记
西游记_人物_魏征_0,西游记_技能_梦斩_0,掌握,[{'9': '魏征受天帝之命于午时三刻在梦中斩杀泾河老龙。'}],人物与技能,西游记
西游记_人物_黄风怪_0,西游记_组织_西天_0,归属,[{'21': '黄风大圣原是灵山脚下的得道老鼠，因偷油逃至黄风山成精。'}],人物与组织,西游记
西游记_人物_玉皇大帝_0,西游记_物品_米山_0,创造,[{'87': '玉帝立米山约十丈高，旁有鸡嗛米，以惩罚凤仙郡。'}],人物与物品,西游记
西游记_人物_太上老君_0,西游记_物品_紫金铃_0,创造,[{'71': '金铃乃太上老君在八卦炉中炼成的宝物，赛太岁自述其来历。'}],人物与物品,西游记
西游记_地点_三十里店_0,西游记_地点_敕建宝林寺_0,相邻,[{'36': '敕建宝林寺正西四五里处有三十里店，是卖饭人家。'}],地点与地点,西游记
西游记_人物_赛太岁_0,西游记_地点_獬豸洞_0,居住,"[{'69': '赛太岁在麒麟山獬豸洞居住'}, {'71': '赛太岁住在獬豸洞，洞内有剥皮亭、后宫等。'}]",人物与地点,西游记
西游记_地点_乌浩宫_0,西游记_地点_北天门_0,连通,[{'51': '孙悟空经北天门至乌浩宫请水德星君。'}],地点与地点,西游记
西游记_地点_木仙庵_0,西游记_地点_荆棘岭_0,隶属,[{'64': '木仙庵位于荆棘岭上，是树精们的聚会之所。'}],地点与地点,西游记
西游记_人物_火德星君_0,西游记_组织_火部_0,领导,[{'51': '火德星君统率火部众神，包括火枪、火刀等火具。'}],人物与组织,西游记
西游记_人物_孙悟空_0,西游记_物品_凤翅紫金冠_0,持有,[{'3': '南海龙王敖钦献上凤翅紫金冠，孙悟空穿戴。'}],人物与物品,西游记
西游记_人物_红孩儿_0,西游记_地点_号山枯松涧火云洞_0,居住,"[{'40': '红孩儿居住在枯松涧边的火云洞中。'}, {'41': '红孩儿住在号山枯松涧火云洞，门前有石碣镌刻八字。'}, {'42': '红孩儿是火云洞的圣婴大王，洞府在此'}, {'60': '牛圣婴曾居住号山枯松涧火云洞，在此捉住唐僧。'}]",人物与地点,西游记
西游记_人物_刘伯钦_0,西游记_物品_钢叉_0,持有,[{'13': '刘伯钦手执三股钢叉，打杀猛虎'}],人物与物品,西游记
西游记_人物_孙悟空_0,西游记_组织_四大天王_0,对抗,"[{'5': '大圣与四大天王交战，用分身法战败他们。'}, {'7': '大圣大乱天宫，打得四天王无影无形'}]",人物与组织,西游记
西游记_人物_大王子_0,西游记_人物_孙悟空_0,上下级,"[{'88': '大王子拜孙悟空为师，孙悟空传授武艺。'}, {'90': '孙大圣收大王子为徒，传授武艺'}]",人物与人物,西游记
西游记_人物_孙悟空_0,西游记_物品_藕丝步云履_0,持有,[{'3': '北海龙王敖顺献上藕丝步云履，孙悟空穿戴。'}],人物与物品,西游记
西游记_地点_三十三天_0,西游记_地点_南天门_0,连通,[{'39': '孙悟空从南天门进入天庭，经此到达三十三天。'}],地点与地点,西游记
西游记_人物_普贤菩萨_0,西游记_人物_黄牙老象_0,上下级,[{'77': '普贤菩萨念动真言收服白象（象王），跨坐莲花台'}],人物与人物,西游记
西游记_人物_唐三藏_0,西游记_人物_太白金星_0,合作,"[{'13': '太白金星化作老叟搭救三藏，留下简帖指引前路，助力取经'}, {'74': '太白金星变作老者向唐僧报信，提醒狮驼岭妖魔厉害。'}]",人物与人物,西游记
西游记_人物_孙悟空_0,西游记_物品_金线_0,持有,[{'69': '孙大圣用三条金线为国王悬丝诊脉'}],人物与物品,西游记
西游记_地点_天竺国_0,西游记_地点_御花园_1,隶属,[{'95': '御花园是天竺国皇宫中的花园，妖精在此取兵器并与孙悟空斗战'}],地点与地点,西游记
西游记_人物_公主_0,西游记_人物_真公主_0,对立,[{'93': '妖邪将真公主摄去，自己变作假公主，欲借招驸马采唐僧元阳'}],人物与人物,西游记
西游记_人物_孙悟空_0,西游记_物品_衣服_1,持有,[{'72': '行者变饿老鹰将妖精洗澡脱下的七套衣服尽数叼走。'}],人物与物品,西游记
西游记_人物_孙悟空_0,西游记_物品_葱白色云头花绢绣锦沿边的鹤氅_0,创造,[{'46': '孙行者吹仙气将童儿的鹤氅变成土黄色直裰'}],人物与物品,西游记
西游记_地点_观音院_0,西游记_地点_黑风山_0,相邻,[{'17': '黑风山与观音院相邻，黑熊精常去观音院与金池长老讲经。'}],地点与地点,西游记
西游记_人物_猪八戒_0,西游记_人物_灵感大王_0,对立,[{'48': '八戒在灵感庙中假扮童女，用钉钯筑打灵感大王。'}],人物与人物,西游记
西游记_人物_猪八戒_0,西游记_物品_手帕_0,持有,[{'23': '妇人给猪八戒一方手帕顶在头上撞天婚，八戒接过后顶在头上乱扑。'}],人物与物品,西游记
西游记_人物_沙悟净_0,西游记_物品_人参果_0,持有,[{'24': '沙僧吃下一枚人参果'}],人物与物品,西游记
西游记_人物_熊罴怪_0,西游记_人物_观世音菩萨_0,上下级,[{'17': '观世音收伏熊罴怪，摩顶受戒，带回落伽山做守山大神。'}],人物与人物,西游记
西游记_人物_广目天王_0,西游记_人物_玉皇大帝_0,上下级,[{'58': '广目天王镇守南天门，奉玉帝之命阻挡真假悟空。'}],人物与人物,西游记
西游记_人物_火德星君_0,西游记_地点_彤华宫_0,居住,[{'51': '火德星君居于彤华宫，孙悟空至此请其助阵。'}],人物与地点,西游记
西游记_人物_二郎显圣真君_0,西游记_地点_灌江口_0,居住,"[{'6': '二郎显圣真君居灌洲灌江口，享受下方香火。'}, {'7': '真君受赏赐后谢恩，回灌江口'}, {'63': '二郎神战后率众回灌口驻地。'}]",人物与地点,西游记
西游记_人物_狐阿七大王_0,西游记_地点_压龙山_0,居住,[{'35': '狐阿七大王是压龙山的妖怪，率兵助阵。'}],人物与地点,西游记
西游记_人物_青毛狮子怪_0,西游记_人物_猪八戒_0,对立,[{'39': '猪八戒举钉钯筑打狮猁王。'}],人物与人物,西游记
西游记_人物_唐三藏_0,西游记_人物_孙悟空_0,上下级,"[{'14': '唐僧收孙悟空为徒弟，悟空拜师'}, {'15': '唐僧是孙悟空的师父，孙悟空尊称唐僧为师父并保护其西行取经。'}, {'16': '三藏收孙行者为徒弟，孙行者称三藏为师父'}, {'17': '唐僧是孙悟空的师父，孙悟空一路护送唐僧西天取经。'}, {'18': '三藏是行者师父，行者称三藏为师父'}, {'19': '唐僧收孙悟空为徒，孙悟空保护唐僧取经。'}, {'20': '三藏是孙行者的师父，孙行者保三藏西天取经'}, {'21': '唐僧是孙悟空的师父，孙悟空尊称其为师父，一路保护取经。'}, {'22': '唐僧是孙悟空师父，一路收服保护。'}, {'23': '唐僧是孙悟空的师父，悟空保护唐僧西行，服从师父管教。'}, {'24': '唐三藏是师父，大圣是徒弟'}, {'25': '唐三藏是孙行者的师父，用紧箍儿咒约束孙行者。'}, {'26': '唐僧是孙悟空的师父，能用紧箍咒约束孙悟空，给其三日期限求医树之方。'}, {'27': '唐僧是孙悟空的师父，本回中因误会念紧箍儿咒并写下贬书逐走悟空。'}, {'31': '唐僧是孙悟空的师父，孙悟空为唐僧大徒弟，护卫取经。'}, {'32': '唐僧是孙悟空的师父，孙悟空是唐僧的大徒弟，保护唐僧西天取经。'}, {'34': '唐僧是孙行者的师父，孙行者曾拜他为师，为救唐僧而受辱跪拜九尾狐狸。'}, {'35': '唐僧是孙大圣的师父，孙大圣尊称其为师父，并解救其出洞。'}, {'36': '唐三藏是孙行者的师父，孙行者是唐三藏的大徒弟，一路保护师父西行。'}, {'37': '孙悟空是唐三藏的大徒弟，听从师父指令'}, {'38': '唐僧为孙行者的师父，听信猪八戒撺唆后念紧箍儿咒逼迫行者救治乌鸡国王'}, {'39': '唐僧是孙悟空的师父，念紧箍儿咒管教孙悟空。'}, {'40': '唐僧是孙大圣的师父，孙大圣保护唐僧西天取经。'}, {'41': '孙大圣是唐僧的徒弟，尊称唐僧为师父，一路保护取经。'}, {'43': '唐僧是孙悟空的师父，悟空保护唐僧西天取经。'}, {'44': '唐僧是孙悟空的师父，悟空是其徒弟。'}, {'45': '唐三藏是孙大圣的师父，孙大圣保护唐僧西天取经'}, {'46': '唐僧是孙行者的师父，孙行者尊称其为师父，并在赌赛中送唐僧上禅台'}, {'47': '唐僧是齐天大圣的师父，齐天大圣保护唐僧西天取经。'}, {'48': '唐僧是孙大圣的师父，孙大圣称唐僧为师父。'}, {'49': '唐僧是孙悟空的师父，悟空称唐僧为师父，保其西天取经。'}, {'50': '孙悟空是唐僧的大徒弟，称唐僧为师父，保护其西天取经。'}, {'51': '孙悟空保护唐僧西天取经，称唐僧为师父，唐僧是孙悟空的师父。'}, {'52': '唐僧是孙悟空的师父，悟空屡次救师出险。'}, {'53': '唐三藏是孙悟空的师父，孙悟空称其为师父。'}, {'54': '唐三藏是孙悟空师父，孙悟空是唐三藏大徒弟，奉师命保护西行。'}, {'56': '唐三藏是孙大圣的师父，孙大圣是唐三藏的大徒弟，一路保护取经。'}, {'57': '唐僧因孙悟空打死草寇而念紧箍儿咒，将其逐走'}, {'58': '唐僧是孙悟空的师父，曾因误会赶走悟空，后在观音劝说下重新收留。'}, {'60': '唐僧是孙悟空的师父，孙悟空保护他西天取经。'}, {'61': '唐僧是孙悟空的师父，师徒关系'}, {'62': '孙悟空拜唐三藏为师，随其取经。'}, {'63': '唐僧是孙悟空的师父，孙悟空保护唐僧西天取经。'}, {'65': '唐僧是孙悟空的师父，唐僧遇难时呼唤悟空，悟空解救师父。'}, {'67': '三藏是行者之师，行者称三藏为师父。'}, {'68': '唐僧是孙悟空的师父，带领他去西天取经。'}, {'69': '唐僧是孙大圣的师父，本章中唐僧被国王留作当头，孙大圣宽慰师父并制药医病'}, {'70': '唐僧是孙悟空的师父，孙悟空保唐僧西天取经'}, {'71': '唐僧是孙悟空的师父，本回末尾提议拜别朱紫国继续西行。'}, {'72': '三藏是行者的师父，行者称一日为师终身为父。'}, {'73': '唐三藏是孙悟空的师父，孙悟空尊称其为师父。'}, {'74': '孙悟空是唐僧的大徒弟，保护唐僧西天取经，称唐僧为师父。'}, {'75': '唐僧是孙大圣的师父，取经领导者，关系为师父与徒弟的上下级。'}, {'76': '唐僧是孙悟空的师父，孙悟空称唐僧为师父。'}, {'77': '唐僧是孙悟空的师父，孙悟空保护唐僧西天取经'}, {'78': '唐僧是孙大圣的师父，师徒关系，唐僧吩咐悟空同行保护。'}, {'79': '孙悟空称唐僧为师父，变作假唐僧入朝降妖，并吹气将唐僧恢复原身。'}, {'80': '孙大圣是唐僧的大徒弟，一路保护唐僧西行取经。本回中唐僧称孙大圣为徒弟，孙大圣识破妖精保护师父。'}, {'81': '唐三藏是孙悟空的师父，悟空保护唐僧西天取经。'}, {'82': '孙大圣是唐僧的大徒弟，称唐僧为师父'}, {'83': '孙悟空是唐三藏的徒弟，保护师父西天取经'}, {'84': '唐三藏是孙悟空师父，一路教导'}, {'86': '唐僧是孙行者的师父，孙行者尊称唐僧为师父'}, {'87': '唐僧是孙悟空的师父，带领孙悟空西天取经。'}, {'89': '唐僧是孙行者的师父，孙行者称唐僧为师父。'}, {'90': '唐僧是孙大圣的师父，指导其修行取经'}, {'91': '唐僧是孙悟空的师父，孙悟空是唐僧的大徒弟。'}, {'92': '唐僧是孙悟空的师父，孙悟空保护唐僧西天取经。'}, {'94': '唐僧是孙悟空的师父，可以念紧箍咒约束他'}, {'96': '唐僧是孙悟空的师父，以紧箍儿咒约束猴子。'}, {'97': '唐僧是孙悟空师父，孙悟空是大徒弟，尊师命'}, {'100': '唐僧在途中收孙悟空为徒'}]",人物与人物,西游记
西游记_人物_玉兔_0,西游记_物品_捣药杵_0,持有,[{'95': '玉兔从御花园土地庙取出捣药杵与孙悟空斗战'}],人物与物品,西游记
西游记_人物_摩昂_0,西游记_人物_辟尘大王_0,对立,[{'92': '摩昂率兵围住辟尘儿并擒拿。'}],人物与人物,西游记
西游记_地点_金銮殿_5,西游记_组织_朱紫国_0,驻扎,"[{'68': '金殿是朱紫国国王上朝的大殿，国王在此召见唐僧。'}, {'70': '金銮殿是朱紫国的朝殿，国王在此与大臣议事'}]",组织与地点,西游记
西游记_人物_一秤金_0,西游记_人物_陈澄_0,亲属,[{'47': '陈澄是陈一秤金的父亲，五十岁无儿，后生得一女，取名一秤金。'}],人物与人物,西游记
西游记_人物_菩萨_0,西游记_人物_孙悟空_0,上下级,[{'18': '菩萨帮助行者降服黑风洞妖怪，行者辞别菩萨'}],人物与人物,西游记
西游记_地点_玉华州_0,西游记_地点_王府_0,隶属,[{'89': '王府位于玉华州城中，是州王的宫殿。'}],地点与地点,西游记
西游记_人物_唐三藏_0,西游记_技能_劝修功卷_0,掌握,[{'12': '玄奘在水陆大会上宣讲《劝修功卷》'}],人物与技能,西游记
西游记_人物_太阴星君_0,西游记_人物_玉兔_0,上下级,[{'95': '太阴星君称玉兔为其广寒宫捣药之玉兔，收服带回月宫'}],人物与人物,西游记
西游记_地点_皇宫_0,西游记_地点_长安城_0,隶属,"[{'9': '皇宫位于长安城内，是皇帝居所及朝会之所。'}, {'11': '皇宫位于长安城内。'}]",地点与地点,西游记
西游记_人物_羊力大仙_0,西游记_技能_大开剥_0,掌握,[{'46': '羊力大仙在小茅山学来大开剥法术，包括剖腹剜心和滚油锅等'}],人物与技能,西游记
西游记_组织_十殿阎王_0,西游记_组织_地府_0,隶属,[{'37': '十代阎罗是阴司的阎君，掌管幽冥地府'}],组织与组织,西游记
西游记_人物_万圣公主_0,西游记_人物_万圣龙王_0,亲属,"[{'62': '万圣龙王生了一个女儿，即万圣公主。'}, {'63': '万圣龙王是万圣宫主的父亲，原文龙婆称“小女万圣宫主”。'}]",人物与人物,西游记
西游记_人物_镇元子_0,西游记_物品_七星鞭_0,持有,[{'25': '镇元仙用龙皮做的七星鞭抽打唐僧师徒。'}],人物与物品,西游记
西游记_人物_水德星君_0,西游记_地点_乌浩宫_0,居住,[{'51': '水德星君居于乌浩宫，孙悟空至此请其助阵。'}],人物与地点,西游记
西游记_人物_沙悟净_0,西游记_人物_黄眉老佛_0,对立,[{'65': '黄眉老佛将沙僧擒拿捆绑。'}],人物与人物,西游记
西游记_地点_南天门_0,西游记_地点_彤华宫_0,连通,[{'51': '孙悟空经南天门至彤华宫请火德星君。'}],地点与地点,西游记
西游记_人物_二从者_0,西游记_人物_熊山君_0,对立,[{'13': '熊山君建议食其二，致使二从者被吃'}],人物与人物,西游记
西游记_人物_昴日星官_0,西游记_地点_光明宫_0,居住,[{'55': '昴日星官住在东天门里的光明宫。'}],人物与地点,西游记
西游记_人物_冥君_0,西游记_人物_唐太宗_0,上下级,[{'29': '冥君因唐太宗阳寿未绝而放其回生'}],人物与人物,西游记
西游记_人物_玉皇大帝_0,西游记_组织_天庭_0,领导,"[{'8': '玉帝是天庭之主'}, {'33': '玉帝是天庭之主，统领天庭众神。'}, {'58': '玉帝是天界之主，统治天庭，在灵霄宝殿降立问真假悟空。'}, {'87': '玉帝是天庭主宰，统领众神。'}, {'92': '玉帝是天庭之主。'}]",人物与组织,西游记
西游记_人物_猪八戒_0,西游记_地点_云栈洞_0,居住,"[{'8': '猪悟能居住在云栈洞'}, {'18': '猪刚鬣的住所是福陵山的云栈洞'}, {'19': '猪八戒被贬后居于福陵山云栈洞，后烧毁。'}]",人物与地点,西游记
西游记_人物_太上老君_0,西游记_物品_金刚琢_0,创造,[{'52': '太上老君自幼炼成金刚琢，为过函关化胡之器。'}],人物与物品,西游记
西游记_人物_敖顺_1,西游记_人物_鼍洁_0,亲属,[{'43': '敖顺是鼍洁的二舅爷，鼍洁乃其妹之子。'}],人物与人物,西游记
西游记_地点_七绝山_0,西游记_地点_驼罗庄_0,相邻,[{'67': '驼罗庄西去三十余里有七绝山稀柿衕。'}],地点与地点,西游记
西游记_人物_四值功曹_0,西游记_人物_猪八戒_0,合作,[{'29': '四值功曹在空中助战八戒沙僧'}],人物与人物,西游记
西游记_人物_孙悟空_0,西游记_技能_大品天仙诀_0,掌握,[{'17': '孙行者从灵台山老仙长处学得大品天仙诀，修炼成仙。'}],人物与技能,西游记
西游记_人物_如来佛祖_0,西游记_组织_雷音寺_0,领导,[{'58': '如来佛祖是雷音寺之主，在此讲法并识破六耳猕猴。'}],人物与组织,西游记
西游记_人物_红孩儿_0,西游记_人物_铁扇公主_0,亲属,[{'60': '铁扇公主是牛圣婴的母亲，因孙悟空害子之仇不借扇。'}],人物与人物,西游记
西游记_人物_孙悟空_0,西游记_人物_玉兔_0,对立,[{'95': '孙悟空识破假公主为玉兔所变，与之战斗，追杀至西天门和毛颖山'}],人物与人物,西游记
西游记_人物_九尾狐狸_0,西游记_地点_压龙山压龙洞_0,居住,[{'34': '九尾狐狸居住在压龙山压龙洞，孙行者变作倚海龙前往此处请她。'}],人物与地点,西游记
西游记_人物_银角大王_0,西游记_人物_伶俐虫_0,上下级,"[{'33': '二魔命令伶俐虫拿羊脂玉净瓶去装孙悟空。'}, {'34': '伶俐虫是莲花洞的小妖，二魔差遣他去拿孙行者，后因失宝被二魔喝起。'}]",人物与人物,西游记
西游记_人物_寇栋_0,西游记_人物_寇洪_0,亲属,"[{'96': '寇栋是寇洪的次子。'}, {'97': '寇洪是寇栋的父亲，寇栋为次子'}]",人物与人物,西游记
西游记_人物_金圣娘娘_0,西游记_地点_后宫_0,居住,[{'71': '金圣宫娘娘在獬豸洞的后宫寝宫居住，赛太岁常来此。'}],人物与地点,西游记
西游记_人物_猪八戒_0,西游记_人物_大王子_0,上下级,[{'90': '八戒收大王子为徒，传授武艺'}],人物与人物,西游记
西游记_人物_银角大王_0,西游记_人物_猪八戒_0,对立,[{'33': '二魔将猪八戒拿进洞，浸在后边净水池中。'}],人物与人物,西游记
西游记_人物_唐三藏_0,西游记_人物_玉兔_0,对立,[{'95': '玉兔变作假公主抛绣球欲配唐僧，诱取元阳，破其修行'}],人物与人物,西游记
西游记_人物_孙悟空_0,西游记_人物_清风_0,对立,[{'25': '孙行者用瞌睡虫弄睡清风，并推倒果树，清风指责其行为。'}],人物与人物,西游记
西游记_人物_银角大王_0,西游记_人物_巴山虎_0,上下级,[{'34': '巴山虎是莲花洞的常随小妖，二魔差遣他去请老奶奶带幌金绳。'}],人物与人物,西游记
西游记_人物_孙悟空_0,西游记_组织_西天_0,归属,"[{'52': '孙悟空皈依释教，归属灵山。'}, {'63': '孙悟空皈依沙门，保护唐僧前往灵山取经。'}, {'100': '孙悟空皈依佛教，成为斗战胜佛'}]",人物与组织,西游记
西游记_地点_天竺国_0,西游记_地点_鳷鹊宫_0,隶属,[{'95': '鳷鹊宫是天竺国后宫宫殿，公主在此迎接国王，孙悟空在此揪住假公主'}],地点与地点,西游记
西游记_地点_天竺国_0,西游记_地点_玉华县_0,隶属,[{'88': '玉华县是天竺国下辖的郡县。'}],地点与地点,西游记
西游记_人物_袁天罡_0,西游记_人物_袁守诚_0,亲属,[{'9': '袁守诚是袁天罡的叔父。'}],人物与人物,西游记
西游记_人物_南斗星_0,西游记_组织_火部_0,领导,[{'7': '南斗星奋令火部众神放火煨烧大圣'}],人物与组织,西游记
西游记_人物_奎木狼_0,西游记_人物_猪八戒_0,对立,[{'31': '猪八戒与奎木狼交战，被其击败。'}],人物与人物,西游记
西游记_人物_九天荡魔祖师_0,西游记_人物_猪八戒_0,亲密,[{'18': '猪刚鬣自称曾与九天荡魔祖师做过相识'}],人物与人物,西游记
西游记_人物_金鼻白毛老鼠精_0,西游记_技能_遗鞋计_0,掌握,[{'83': '金鼻白毛老鼠精曾用遗鞋计化清风脱身'}],人物与技能,西游记
西游记_人物_黄狮精_0,西游记_地点_虎口洞_0,居住,"[{'89': '黄狮精居住在豹头山虎口洞中。'}, {'90': '虎口洞是黄狮精的洞府，位于豹头山'}]",人物与地点,西游记
西游记_人物_孙悟空_0,西游记_人物_熊罴怪_0,对立,[{'17': '孙行者与熊罴怪为争夺锦襕佛衣在黑风山大战，不分胜负。'}],人物与人物,西游记
西游记_地点_兜率宫_0,西游记_地点_离恨天_0,隶属,"[{'5': '兜率天宫位于三十三天之上的离恨天，是太上老君居所。'}, {'39': '兜率宫位于离恨天之中，是太上老君的居所。'}]",地点与地点,西游记
西游记_人物_南斗星_0,西游记_组织_雷部_0,领导,[{'7': '南斗星又着雷部众神以雷屑钉打大圣'}],人物与组织,西游记
西游记_人物_孙悟空_0,西游记_人物_高太公_0,合作,[{'18': '行者答应为高太公降服妖怪，高太公提供食宿'}],人物与人物,西游记
西游记_人物_不坏尊王永住金刚_0,西游记_组织_四大金刚_0,归属,[{'77': '不坏尊王永住金刚是四大金刚之一'}],人物与组织,西游记
西游记_地点_宝象国_0,西游记_地点_金亭馆驿_0,隶属,"[{'29': '馆驿是宝象国中安歇唐僧师徒的驿站，属于宝象国'}, {'30': '金亭馆驿是宝象国的馆驿，唐僧师徒居住之处。'}]",地点与地点,西游记
西游记_人物_金角大王_0,西游记_人物_银角大王_0,亲属,"[{'32': '金角大王与银角大王是兄弟，同占莲花洞。'}, {'35': '金角大王与银角大王以兄弟相称，有手足之情。'}]",人物与人物,西游记
西游记_人物_殷温娇_0,西游记_物品_绣球_0,持有,[{'101': '殷温娇高结彩楼，抛打绣球卜婿。'}],人物与物品,西游记
西游记_人物_观世音菩萨_0,西游记_物品_锦襕袈裟_0,持有,[{'12': '菩萨奉佛旨将锦襕异宝袈裟带至长安售卖，后赠与玄奘'}],人物与物品,西游记
西游记_人物_七个蜘蛛精_0,西游记_人物_孙悟空_0,对立,"[{'72': '行者变鹰叼走妖精衣服，又用毫毛变鹰消灭妖精的干儿子虫蛭，救师父与妖精敌对。'}, {'73': '孙悟空用铁棒将七个蜘蛛精全部打死。'}]",人物与人物,西游记
西游记_人物_孙悟空_0,西游记_技能_解锁法_0,掌握,"[{'25': '孙行者使用解锁法打开五庄观几层锁闭的门。'}, {'52': '孙悟空用解锁法念咒打开金皘洞后门锁。'}, {'62': '孙悟空使解锁法，用手一抹便打开小和尚的铁锁。'}, {'71': '孙悟空取出金箍棒望门一指，使出解锁之法将门轻轻打开。'}, {'92': '孙悟空用手一抹解开唐僧的锁。'}, {'99': '行者使解锁法开了山门锁。'}]",人物与技能,西游记
西游记_人物_如来佛祖_0,西游记_技能_大乘佛法三藏_0,掌握,[{'12': '大乘佛法三藏位于西天大雷音寺如来处'}],人物与技能,西游记
西游记_人物_金鼻白毛老鼠精_0,西游记_物品_双股剑_0,持有,[{'81': '毛姹女使用双股剑与孙悟空对战。'}],人物与物品,西游记
西游记_地点_长安城_0,西游记_组织_唐朝_0,驻扎,[{'8': '大唐国以长安为都城'}],组织与地点,西游记
西游记_地点_盘丝岭_0,西游记_地点_盘丝洞_0,隶属,[{'72': '盘丝洞位于盘丝岭下，岭下有洞。'}],地点与地点,西游记
西游记_人物_袁守诚_0,西游记_技能_妙算_0,掌握,[{'9': '袁守诚能袖传一课，准确推算方位和天气。'}],人物与技能,西游记
西游记_地点_花园_0,西游记_地点_菜园_0,连通,[{'24': '花园内有一层门通向菜园'}],地点与地点,西游记
西游记_人物_刁钻古怪_0,西游记_人物_黄狮精_0,上下级,[{'89': '刁钻古怪是黄狮精手下的小妖，奉命买猪羊。'}],人物与人物,西游记
西游记_地点_花果山_0,西游记_组织_马流二元帅_0,驻扎,[{'28': '马流二元帅在花果山管领众妖，迎接大圣回山'}],组织与地点,西游记
西游记_人物_孙悟空_0,西游记_物品_竹片_0,创造,[{'75': '孙大圣拔救命毫毛变作竹片，与金钢钻配合钻瓶。'}],人物与物品,西游记
西游记_人物_孙悟空_0,西游记_组织_天庭_0,合作,[{'52': '孙悟空上天庭求助，玉帝差遣李天王、哪吒、火德、雷公等助战。'}],人物与组织,西游记
西游记_人物_比丘国王_0,西游记_组织_太医院_1,领导,[{'78': '太医院为国王治病但无效，受国王管辖。'}],人物与组织,西游记
西游记_人物_九灵元圣_0,西游记_人物_白泽狮_0,上下级,[{'90': '白泽狮拜九灵元圣为祖翁'}],人物与人物,西游记
西游记_人物_鬼使_0,西游记_技能_借尸还魂_0,掌握,[{'11': '鬼使将李翠莲的灵魂推入李玉英体内，执行了借尸还魂术。'}],人物与技能,西游记
西游记_人物_玉皇大帝_0,西游记_地点_金阙瑶宫_0,居住,[{'8': '玉帝大开金阙瑶宫'}],人物与地点,西游记
西游记_地点_庄院_1,西游记_地点_盘丝洞_0,隶属,[{'72': '庄院是盘丝洞前的村庄模样，实为妖精洞府的外表。'}],地点与地点,西游记
西游记_人物_刘洪_0,西游记_人物_李彪_0,合作,[{'101': '刘洪与李彪合谋杀害陈光蕊一家。'}],人物与人物,西游记
西游记_人物_九灵元圣_0,西游记_人物_伏狸狮_0,上下级,[{'90': '伏狸狮拜九灵元圣为祖翁'}],人物与人物,西游记
西游记_人物_灵感大王_0,西游记_技能_兴风作雪_0,掌握,[{'48': '灵感大王能踏长空兴风作雪，用于冻结通天河。'}],人物与技能,西游记
西游记_人物_张蕃_0,西游记_人物_玉皇大帝_0,上下级,[{'51': '玉帝传旨九天府点张蕃、邓化二雷公与天王合力缚妖。'}],人物与人物,西游记
西游记_人物_孙悟空_0,西游记_人物_辟寒大王_0,对立,"[{'91': '孙悟空为救师父与辟寒大王斗战。'}, {'92': '孙悟空与辟寒大王战斗，最终被井木犴咬死。'}]",人物与人物,西游记
西游记_人物_孙悟空_0,西游记_技能_剖腹剜心_0,掌握,[{'46': '孙行者主动剖开肚腹拿出脏腑洗净后安回，吹气长合'}],人物与技能,西游记
西游记_地点_白虎殿_0,西游记_地点_长安城_0,隶属,[{'11': '白虎殿位于长安皇宫内。'}],地点与地点,西游记
西游记_地点_昭阳宫_0,西游记_地点_梳妆阁_0,隶属,[{'70': '梳妆阁位于昭阳宫内'}],地点与地点,西游记
西游记_人物_美后_0,西游记_地点_清华洞_0,居住,[{'79': '美后（白面狐狸）与国丈同住清华洞仙府，最后被八戒筑死于洞中。'}],人物与地点,西游记
西游记_人物_寅将军_0,西游记_地点_双叉岭_0,居住,[{'13': '寅将军是双叉岭的老虎精，盘踞于此为魔王'}],人物与地点,西游记
西游记_人物_万圣龙王_0,西游记_人物_孙悟空_0,对立,[{'63': '孙悟空一棒打死万圣龙王，原文“只一下，把个老龙头打得稀烂”。'}],人物与人物,西游记
西游记_人物_勾死人_0,西游记_人物_孙悟空_0,对立,[{'3': '孙悟空将勾取他魂魄的两个勾死人打为肉酱。'}],人物与人物,西游记
西游记_人物_孙悟空_0,西游记_技能_法天象地_0,掌握,"[{'3': '孙悟空使法天象地神通，身长万丈，手中铁棒上抵三十三天，下至十八层地狱。'}, {'6': '齐天大圣也使神通变得与二郎神身躯一样。'}, {'61': '孙大圣施展法天象地，身高万丈'}]",人物与技能,西游记
西游记_人物_沙悟净_0,西游记_人物_猪八戒_0,对立,[{'22': '二人在流沙河水陆多次大战，不分胜负。'}],人物与人物,西游记
西游记_人物_孙悟空_0,西游记_技能_天罡搬运功_0,掌握,[{'70': '孙悟空自述‘全仗天罡搬运功’'}],人物与技能,西游记
西游记_人物_熊罴怪_0,西游记_地点_黑风山_0,居住,"[{'16': '黑大王是黑风山黑风洞的妖精'}, {'17': '熊罴怪住在黑风山黑风洞，是山中的妖怪。'}]",人物与地点,西游记
西游记_人物_孙悟空_0,西游记_物品_绵绳_0,创造,[{'75': '孙大圣拔救命毫毛变作绵绳，与金钢钻、竹片配合钻瓶。'}],人物与物品,西游记
西游记_人物_玉兔_0,西游记_人物_素娥仙子_0,对立,[{'95': '玉兔因素娥打其一掌，怀恨思凡，将投胎为公主的素娥抛于荒野'}],人物与人物,西游记
西游记_人物_唐太宗_0,西游记_人物_泾河龙王_0,上下级,[{'9': '泾河龙王在梦中向唐太宗求救，自称业龙、称太宗为真龙，太宗许诺救助。'}],人物与人物,西游记
西游记_人物_刘伯钦_0,西游记_组织_唐朝_0,归属,[{'13': '刘伯钦自称是唐朝百姓，受大唐水土之恩'}],人物与组织,西游记
西游记_人物_如来佛祖_0,西游记_人物_文殊菩萨_0,上下级,"[{'39': '如来差遣文殊菩萨，令狮猁王下凡惩罚乌鸡国国王。'}, {'77': '如来派阿傩去五台山宣文殊菩萨前来降妖'}]",人物与人物,西游记
西游记_人物_红孩儿_0,西游记_技能_解尸之法_0,掌握,[{'40': '红孩儿被孙大圣掼摔时，使出解尸之法，出元神逃脱。'}],人物与技能,西游记
西游记_人物_孙悟空_0,西游记_人物_黄眉老佛_0,对立,[{'65': '黄眉老佛假扮如来擒拿唐僧，与孙悟空交战，并用金铙和搭包困住孙悟空。'}],人物与人物,西游记
西游记_人物_孙悟空_0,西游记_人物_狮驼王_0,亲密,"[{'3': '孙悟空与狮驼王等结为七弟兄。'}, {'4': '孙悟空与狮驼王等六弟兄结义，互称大圣。'}, {'41': '狮狔王是孙大圣结拜七兄弟中的四哥。'}]",人物与人物,西游记
西游记_地点_西牛贺洲_0,西游记_组织_西天_0,驻扎,[{'96': '灵山坐落于西牛贺洲。'}],组织与地点,西游记
西游记_人物_王母娘娘_0,西游记_人物_孙悟空_0,对立,[{'5': '大圣偷吃蟠桃园中的仙桃，搅乱王母娘娘的蟠桃胜会。'}],人物与人物,西游记
西游记_人物_孙悟空_0,西游记_技能_哃嘘呵吸嘻吹呼_0,掌握,[{'60': '孙悟空从铁扇公主处学到芭蕉扇咒语，可使扇子变大。'}],人物与技能,西游记
西游记_地点_西梁女国_0,西游记_地点_通天河_0,相邻,[{'48': '通天河对岸即为西梁女国，行人常踏冰过河做买卖。'}],地点与地点,西游记
西游记_人物_文殊菩萨_0,西游记_地点_五台山_0,居住,[{'77': '五台山是文殊菩萨的道场'}],人物与地点,西游记
西游记_人物_孙悟空_0,西游记_技能_拿法_0,掌握,[{'62': '孙悟空使个拿法，一手将怪物抓将过来。'}],人物与技能,西游记
西游记_人物_乌鸡国国王_0,西游记_组织_乌鸡国_0,归属,[{'40': '国王是乌鸡国君主，南面称孤。'}],人物与组织,西游记
西游记_人物_唐三藏_0,西游记_人物_大王子_0,上下级,[{'88': '大王子等拜孙悟空等人为师，即成为唐僧的徒孙。'}],人物与人物,西游记
西游记_人物_唐三藏_0,西游记_人物_钦法国国王_0,上下级,[{'85': '钦法国国王拜唐僧为师，愿为门下'}],人物与人物,西游记
西游记_地点_普陀崖_0,西游记_地点_翠岩_0,隶属,[{'49': '翠岩是普陀崖前的一块岩石，孙悟空被吩咐在此坐候。'}],地点与地点,西游记
西游记_人物_高太公_0,西游记_人物_高才_0,上下级,[{'18': '高才是高太公的家人，听命于高太公去寻法师降妖'}],人物与人物,西游记
西游记_人物_唐三藏_0,西游记_人物_黄眉老佛_0,对立,"[{'65': '黄眉老佛设计假设小雷音寺，将唐三藏捆绑擒拿。'}, {'66': '黄眉大王将唐僧吊在宝殿廊下'}]",人物与人物,西游记
西游记_人物_刘全_0,西游记_人物_鬼使_0,合作,[{'11': '鬼使接引刘全进瓜果至森罗殿，并帮助其夫妻还魂。'}],人物与人物,西游记
西游记_人物_卵二姐_0,西游记_人物_猪八戒_0,亲属,[{'8': '卵二姐招猪悟能为家长，二人结为夫妻'}],人物与人物,西游记
西游记_人物_孙悟空_0,西游记_人物_沙悟净_0,对立,[{'22': '孙悟空两次出手打沙悟净（饿鹰雕食、轮棒），沙悟净惧怕躲入水。'}],人物与人物,西游记
西游记_人物_镇元子_0,西游记_技能_袖里乾坤_0,掌握,[{'25': '镇元仙施展袖里乾坤神通，将唐僧师徒连马一袖子笼住。'}],人物与技能,西游记
西游记_人物_唐太宗_0,西游记_人物_徐世勣_0,上下级,[{'9': '徐世勣是唐太宗朝中文官，太宗召其上殿询问梦境并采纳建议。'}],人物与人物,西游记
西游记_人物_殷温娇_0,西游记_物品_血书_0,创造,[{'101': '殷温娇咬破手指写下血书记载父母姓名和原由。'}],人物与物品,西游记
西游记_人物_如来佛祖_0,西游记_人物_伽叶_0,上下级,"[{'7': '如来唤迦叶尊者相随，收各仙献礼'}, {'8': '如来命迦叶布散宝盆中的花果'}, {'77': '迦叶是如来尊者，奉旨去峨眉山'}]",人物与人物,西游记
西游记_人物_孙悟空_0,西游记_人物_南山大王_0,对立,[{'85': '孙悟空隐身助战猪八戒，共同击退老妖'}],人物与人物,西游记
西游记_地点_便殿_0,西游记_地点_皇宫_0,隶属,[{'9': '便殿是皇宫中的偏殿，唐太宗在此召见魏征对弈。'}],地点与地点,西游记
西游记_人物_黄狮精_0,西游记_物品_金箍棒_0,持有,[{'89': '黄狮精偷走金箍棒并供奉在虎口洞东山头。'}],人物与物品,西游记
西游记_人物_泾河龙王_0,西游记_地点_长安城北_0,居住,[{'68': '泾河龙王在长安城北的怪水之中。'}],人物与地点,西游记
西游记_人物_唐三藏_0,西游记_人物_镇元子_0,对立,[{'25': '镇元仙因人参果树被毁而擒拿唐僧师徒，欲拷打报仇。'}],人物与人物,西游记
西游记_人物_樵子_0,西游记_人物_老妪_1,亲属,[{'86': '老妪是樵子的母亲，倚门哭泣思念儿子'}],人物与人物,西游记
西游记_人物_奎木狼_0,西游记_人物_百花羞_0,亲属,"[{'29': '黄袍怪强占百花羞为妻十三年，生有二子'}, {'31': '奎木狼（黄袍怪）摄公主为妻，配一十三年夫妻。'}]",人物与人物,西游记
西游记_人物_十八公_0,西游记_人物_猪八戒_0,对立,[{'64': '猪八戒用钉钯将十八公（松树精）筑倒。'}],人物与人物,西游记
西游记_人物_土地_3,西游记_人物_孙悟空_0,合作,[{'33': '土地与五方揭谛等念咒语移开山，放出被压的孙悟空。'}],人物与人物,西游记
西游记_人物_二郎显圣真君_0,西游记_物品_细犬_0,持有,[{'6': '二郎神的细犬赶上照齐天大圣腿肚子咬了一口。'}],人物与物品,西游记
西游记_人物_孙悟空_0,西游记_人物_须菩提祖师_0,上下级,"[{'1': '须菩提祖师收孙悟空为徒，赐法名孙悟空。'}, {'2': '菩提祖师收孙悟空为徒，传授道法。'}]",人物与人物,西游记
西游记_人物_张紫阳_0,西游记_人物_金圣娘娘_0,合作,[{'71': '张紫阳三年前将旧棕衣变作霞裳送给皇后，使其生毒刺防身，后前来解魇收回。'}],人物与人物,西游记
西游记_地点_五凤楼_3,西游记_地点_西梁女国_0,隶属,[{'54': '五凤楼是西梁女国朝堂前的楼阁。'}],地点与地点,西游记
西游记_人物_全真_0,西游记_地点_锺南山_0,出身,[{'37': '全真从锺南山来到乌鸡国'}],人物与地点,西游记
西游记_人物_猪八戒_0,西游记_物品_珍珠篏锦汗衫儿_0,持有,[{'23': '猪八戒穿上妇人（黎山老母所化）给的珍珠篏锦汗衫儿，被绳索紧紧绷住，疼痛难禁。'}],人物与物品,西游记
西游记_地点_五凤楼_5,西游记_组织_朱紫国_0,驻扎,[{'68': '五凤楼是朱紫国宫殿建筑，唐僧进朝时经过。'}],组织与地点,西游记
西游记_人物_哪吒三太子_0,西游记_人物_牛魔王_0,对立,[{'61': '哪吒降服牛魔王，砍头、火烧、缚索'}],人物与人物,西游记
西游记_地点_暴纱亭_0,西游记_地点_玉华州_0,隶属,[{'90': '暴纱亭位于玉华州城楼上'}],地点与地点,西游记
西游记_人物_张氏_0,西游记_地点_海州_0,出身,[{'101': '张氏是陈光蕊的母亲，原居海州。'}],人物与地点,西游记
西游记_人物_清风_0,西游记_物品_金击子_0,持有,[{'24': '清风拿金击子敲人参果'}],人物与物品,西游记
西游记_人物_寇栋_0,西游记_人物_寇梁_0,亲属,[{'96': '寇梁和寇栋是兄弟。'}],人物与人物,西游记
西游记_人物_孙悟空_0,西游记_人物_小钻风_0,对立,"[{'74': '孙悟空为探路打死小钻风，取走其牌儿。'}, {'75': '孙大圣打杀小钻风，并变化成其模样混入狮驼洞。'}]",人物与人物,西游记
西游记_人物_清风_0,西游记_组织_五庄观_0,归属,"[{'24': '清风是五庄观弟子'}, {'25': '清风是五庄观镇元仙的弟子，属于五庄观。'}]",人物与组织,西游记
西游记_人物_如来佛祖_0,西游记_物品_压帖_0,持有,[{'7': '如来从袖中抽出六字真言帖子，递与阿傩贴于山顶'}],人物与物品,西游记
西游记_人物_云程万里鹏_0,西游记_人物_青毛狮子怪_0,亲密,[{'74': '云程万里鹏与大大王、二大王结为兄弟，合意捉拿唐僧。'}],人物与人物,西游记
西游记_人物_太白金星_0,西游记_组织_天庭_0,归属,"[{'4': '太白金星是天庭仙卿，奉玉帝旨意办事。'}, {'92': '太白金星是天庭星官。'}]",人物与组织,西游记
西游记_地点_待客馆_0,西游记_地点_玉华王府_0,隶属,[{'88': '待客馆是玉华王府门前的建筑，属王府的一部分。'}],地点与地点,西游记
西游记_人物_如来佛祖_0,西游记_人物_阿傩_0,上下级,"[{'7': '如来唤阿傩尊者相随，并命其将六字真言贴于五行山顶'}, {'8': '如来命阿傩捧走宝盆中的花果'}, {'77': '阿傩是如来尊者，奉旨去五台山'}, {'98': '如来命阿傩引唐僧四众到珍楼斋食，后开宝阁取经传与唐僧。'}, {'100': '阿傩是如来座下尊者，奉命传经'}]",人物与人物,西游记
西游记_人物_沙悟净_0,西游记_地点_流沙河_0,出身,"[{'54': '沙悟净原籍流沙河人氏。'}, {'100': '沙和尚原是流沙河作怪者'}]",人物与地点,西游记
西游记_人物_钦法国国王_0,西游记_地点_灭法国_0,居住,[{'84': '灭法国国王是灭法国的君主'}],人物与地点,西游记
西游记_组织_宁神司_0,西游记_组织_齐天府_0,隶属,[{'5': '齐天府下设宁神司，有仙吏侍卫。'}],组织与组织,西游记
西游记_人物_孙悟空_0,西游记_人物_马元帅_0,上下级,[{'3': '孙悟空将两个赤尻马猴封为马、流二元帅，掌军务。'}],人物与人物,西游记
西游记_地点_比丘国_0,西游记_地点_金銮殿_8,隶属,[{'78': '金銮殿是比丘国朝中正殿。'}],地点与地点,西游记
西游记_人物_唐太宗_0,西游记_人物_朱太尉_0,合作,"[{'10': '朱太尉奉十王命，执引魂幡在前引路，送太宗还魂。'}, {'11': '朱太尉奉阎王之命送唐太宗还阳，在渭水河边将其推下马使其还魂。'}]",人物与人物,西游记
西游记_人物_须菩提祖师_0,西游记_物品_戒尺_0,持有,[{'2': '菩提祖师手持戒尺打悟空三下暗示三更传道。'}],人物与物品,西游记
西游记_人物_阿傩_0,西游记_物品_紫金钵盂_0,持有,[{'98': '阿傩接收了唐僧奉上的紫金钵盂作为人事，此后才将真有字的经卷传与唐僧。'}],人物与物品,西游记
西游记_人物_唐三藏_0,西游记_物品_金顶毗卢帽_0,持有,"[{'11': '唐太宗赐给陈玄奘毗卢帽一顶。'}, {'62': '唐三藏戴了毗卢帽入朝。'}, {'78': '唐僧头戴金顶毗卢帽。'}, {'94': '唐僧头戴毗卢帽，孙悟空变蜜蜂飞至其上'}]",人物与物品,西游记
西游记_人物_牛魔王_0,西游记_技能_七十二变_0,掌握,[{'61': '牛魔王也会七十二变，用于变化争斗'}],人物与技能,西游记
西游记_人物_百眼魔君_0,西游记_地点_黄花观_0,居住,[{'73': '百眼魔君是黄花观的道士，在观中居住修炼。'}],人物与地点,西游记
西游记_人物_唐三藏_0,西游记_人物_天竺国王_0,合作,[{'95': '唐僧向国王详细说明布金寺老僧所述公主遭遇，国王深信并同往寻女'}],人物与人物,西游记
西游记_人物_万圣公主_0,西游记_地点_乱石山碧波潭_0,居住,"[{'62': '万圣公主居住在乱石山碧波潭。'}, {'63': '万圣宫主是碧波潭龙宫的公主。'}]",人物与地点,西游记
西游记_人物_黄狮精_0,西游记_物品_四明铲_0,持有,[{'90': '黄狮精使用铲作为兵器'}],人物与物品,西游记
西游记_人物_赛太岁_0,西游记_物品_紫金铃_0,持有,"[{'70': '赛太岁贴身带着三个金铃，为他的宝贝'}, {'71': '赛太岁将三个紫金铃带在腰间，视为宝贝，后被孙悟空盗走。'}]",人物与物品,西游记
西游记_人物_唐三藏_0,西游记_人物_奎木狼_0,对立,[{'28': '唐僧误入碗子山波月洞，被黄袍怪擒获绑在定魂桩上，欲吃其肉'}],人物与人物,西游记
西游记_人物_急如火_0,西游记_人物_红孩儿_0,上下级,"[{'41': '急如火是红孩儿手下的六健将之一，听命于红孩儿。'}, {'42': '红孩儿差遣急如火等六健将去请老大王'}]",人物与人物,西游记
西游记_人物_孙悟空_0,西游记_物品_瞌睡虫儿_0,持有,[{'25': '孙行者从增长天王处赢得的瞌睡虫儿，用来弄睡清风明月。'}],人物与物品,西游记
西游记_人物_孙悟空_0,西游记_组织_佛门_0,归属,"[{'39': '孙悟空皈依佛果，保唐僧西天取经。'}, {'43': '孙悟空皈依佛门，保护唐僧取经。'}, {'86': '孙行者皈依释教，扶持唐僧向西取经'}, {'94': '孙悟空皈依佛教，入瑜伽门'}]",人物与组织,西游记
西游记_地点_五凤楼_6,西游记_地点_灭法国_0,隶属,[{'85': '五凤楼是钦法国朝外的建筑，柜子被抬至此'}],地点与地点,西游记
西游记_人物_魏征_0,西游记_组织_天庭_0,归属,[{'9': '魏征是人曹官，奉玉帝金旨执行梦斩泾河老龙。'}],人物与组织,西游记
西游记_人物_唐三藏_0,西游记_人物_灵感大王_0,对立,[{'48': '灵感大王用计使唐僧坠冰，将其捉入水府，用石匣关押。'}],人物与人物,西游记
西游记_人物_孙悟空_0,西游记_人物_百眼魔君_0,对立,[{'73': '孙悟空与百眼魔君大战，百眼魔君放金光罩住孙悟空，最后被毗蓝婆收伏。'}],人物与人物,西游记
西游记_人物_上官正_0,西游记_人物_玉皇大帝_0,对立,[{'87': '玉帝因上官正推倒斋天素供、口出秽言，立三事惩罚凤仙郡。'}],人物与人物,西游记
西游记_人物_灵感大王_0,西游记_物品_九瓣赤铜锤_0,持有,[{'49': '灵感大王手执九瓣赤铜锤，与八戒、沙僧交战，原是未开菡萏运炼而成。'}],人物与物品,西游记
西游记_人物_猪八戒_0,西游记_物品_黄金_1,持有,[{'94': '猪八戒接了国王赠送的十锭黄金'}],人物与物品,西游记
西游记_人物_黄牙老象_0,西游记_物品_枪_0,持有,"[{'76': '二魔使用枪作为兵器。'}, {'77': '象王使用长枪，俊秀而能'}]",人物与物品,西游记
西游记_人物_吴道子_0,西游记_人物_唐太宗_0,上下级,[{'12': '吴道子奉太宗旨意描画观世音菩萨真像'}],人物与人物,西游记
西游记_人物_火德星君_0,西游记_物品_火箭_0,持有,[{'51': '火德星君令火部神兵放火，火箭被兕怪的圈子套去。'}],人物与物品,西游记
西游记_人物_唐三藏_0,西游记_物品_贬书_0,创造,[{'27': '唐僧写下贬书，逐走悟空。'}],人物与物品,西游记
西游记_人物_土地_10,西游记_地点_盘丝岭_0,守护,[{'72': '土地是盘丝岭当地土地老儿，被行者拘来问话。'}],人物与地点,西游记
西游记_人物_孙悟空_0,西游记_人物_阿傩_0,对立,[{'98': '孙大圣发现无字经后大声叫嚷，要告到如来处，指责阿傩掯财作弊。'}],人物与人物,西游记
西游记_人物_伏虎罗汉_0,西游记_人物_降龙罗汉_0,合作,[{'98': '降龙罗汉与伏虎罗汉一同敲响云磬，召集诸佛圣众参加传经之会。'}],人物与人物,西游记
西游记_人物_北海龙王敖顺_0,西游记_人物_孙悟空_0,合作,[{'77': '孙悟空拘唤北海龙王敖顺变冷风护持蒸笼，使唐僧三人不被蒸坏'}],人物与人物,西游记
西游记_人物_朱紫国王_0,西游记_组织_朱紫国_0,领导,[{'68': '朱紫国王是朱紫国的君主。'}],人物与组织,西游记
西游记_人物_真公主_0,西游记_人物_布金寺老僧_0,合作,[{'93': '老院主将真公主锁在空房保护，每日送饭，并托唐僧辨明真假'}],人物与人物,西游记
西游记_人物_孙悟空_0,西游记_地点_东胜神洲_0,出身,"[{'2': '孙悟空出生于东胜神洲傲来国花果山。'}, {'20': '孙行者祖贯东胜神洲'}, {'67': '行者祖居东胜大神洲，出身于此大洲。'}, {'86': '孙行者祖居东胜神洲，花果山位于东胜神洲'}]",人物与地点,西游记
西游记_人物_如意真仙_0,西游记_人物_红孩儿_0,亲属,[{'53': '如意真仙称红孩儿为舍侄，红孩儿是其侄子。'}],人物与人物,西游记
西游记_人物_赵寡妇_0,西游记_人物_赵寡妇女儿_0,亲属,[{'84': '赵寡妇的女儿是其女'}],人物与人物,西游记
西游记_人物_陈关保_0,西游记_人物_陈澄_0,亲属,[{'48': '陈澄是陈关保之父，原文交代二人为父子关系。'}],人物与人物,西游记
西游记_人物_五方揭谛_0,西游记_人物_猪八戒_0,合作,[{'29': '五方揭谛在空中助战八戒沙僧'}],人物与人物,西游记
西游记_人物_公主_0,西游记_人物_唐三藏_0,对立,[{'93': '假公主抛绣球打中唐僧，欲招为驸马以采取元阳真气成太乙上仙'}],人物与人物,西游记
西游记_人物_太上老君_0,西游记_人物_玉皇大帝_0,上下级,[{'7': '老君向玉帝奏请将悟空放入八卦炉煅炼，玉帝准奏'}],人物与人物,西游记
西游记_人物_辟暑大王_0,西游记_物品_大刀_1,持有,[{'92': '辟暑大王的兵器。'}],人物与物品,西游记
西游记_人物_孙悟空_0,西游记_人物_风婆婆_0,上下级,[{'45': '孙大圣命令风婆婆收风，风婆婆服从'}],人物与人物,西游记
西游记_地点_东海_0,西游记_地点_花果山_0,相邻,"[{'28': '花果山靠近东洋大海，孙悟空跨海返回'}, {'30': '花果山位于东洋大海附近，八戒驾云经过东洋大海到达花果山。'}]",地点与地点,西游记
西游记_人物_秦叔宝_0,西游记_组织_唐朝_0,归属,[{'10': '秦叔宝是大唐将领，与尉迟敬德同为门神。'}],人物与组织,西游记
西游记_人物_二从者_0,西游记_人物_特处士_0,对立,[{'13': '特处士与熊山君同来，默认食用二从者'}],人物与人物,西游记
西游记_人物_唐三藏_0,西游记_物品_达公鞋_0,持有,[{'36': '唐三藏足下登一双拖泥带水的达公鞋。'}],人物与物品,西游记
西游记_人物_沙悟净_0,西游记_人物_道人_0,对立,[{'53': '沙僧闯入聚仙庵打水时将道人左臂打折。'}],人物与人物,西游记
西游记_人物_当驾太师_0,西游记_人物_西梁女国女王_0,上下级,[{'54': '当驾太师奉女王之命为媒人，前往驿中求亲。'}],人物与人物,西游记
西游记_人物_鼍洁_0,西游记_物品_请书匣儿_0,持有,[{'43': '鼍洁派黑鱼精捧着盛有简帖的请书匣儿去请舅爷。'}],人物与物品,西游记
西游记_地点_镇海禅林寺_0,西游记_地点_鼓楼_1,隶属,[{'80': '鼓楼是镇海禅林寺内的建筑，本回中描述鼓楼倒塌。'}],地点与地点,西游记
西游记_人物_熊罴怪_0,西游记_地点_普陀山_0,守护,[{'17': '观世音收伏熊罴怪后，带他去做落伽山守山大神，镇守后山。'}],人物与地点,西游记
西游记_人物_观世音菩萨_0,西游记_技能_金箍儿咒_0,掌握,[{'42': '观音念金箍儿咒惩治红孩儿，不同于紧箍儿咒'}],人物与技能,西游记
西游记_人物_万圣公主_0,西游记_物品_九叶灵芝草_0,持有,"[{'62': '万圣公主偷了王母娘娘的九叶灵芝草，养在潭底温养宝物。'}, {'63': '万圣宫主从王母娘娘处偷来九叶灵芝草，并存于白玉匣中。'}]",人物与物品,西游记
西游记_人物_猪八戒_0,西游记_物品_戒刀_1,持有,"[{'40': '八戒用戒刀挑断绳索放下红孩儿变的童子。'}, {'92': '猪八戒用戒刀砍犀牛头。'}]",人物与物品,西游记
西游记_人物_荡魔天尊_0,西游记_地点_南赡部洲_0,守护,[{'66': '荡魔天尊威镇南赡部洲，剪伐妖魔'}],人物与地点,西游记
西游记_人物_大鹏金翅雕_0,西游记_人物_黄牙老象_0,合作,[{'77': '三魔头齐心合力擒拿唐僧师徒'}],人物与人物,西游记
西游记_人物_太上老君_0,西游记_物品_金刚琢_0,持有,"[{'6': '太上老君从左膊取下金钢琢，丢下打中齐天大圣。'}, {'7': '老君曾抛金钢琢打中大圣，助二郎拿住'}]",人物与物品,西游记
西游记_人物_托塔李天王_0,西游记_人物_木叉行者_0,亲属,[{'42': '惠岸是托塔李天王第二太子，称父王'}],人物与人物,西游记
西游记_地点_剥皮亭_0,西游记_地点_獬豸洞_0,隶属,"[{'70': '剥皮亭是獬豸洞内的一座八窗明亮亭子'}, {'71': '剥皮亭是獬豸洞中的亭子，赛太岁在此发号施令。'}]",地点与地点,西游记
西游记_地点_大雷音寺_0,西游记_组织_西天_0,驻扎,"[{'12': '大雷音寺是西天佛教组织的重要据点，如来居此'}, {'39': '西天是取经目的地，如来佛祖居于天竺国大雷音寺。'}]",组织与地点,西游记
西游记_地点_五色琉璃塔_0,西游记_组织_金光寺_0,驻扎,[{'62': '五色琉璃塔是金光寺内的宝塔，金光寺管辖该塔。'}],组织与地点,西游记
西游记_人物_火焰山土地_0,西游记_人物_太上老君_0,上下级,[{'60': '老君因土地失守八卦炉，将其贬下凡间做火焰山土地。'}],人物与人物,西游记
西游记_人物_猪八戒_0,西游记_技能_分水法_0,掌握,[{'63': '猪八戒使用分水法跳入碧波潭。'}],人物与技能,西游记
西游记_人物_六耳猕猴_0,西游记_地点_水帘洞_0,居住,"[{'57': '假行者占据水帘洞，在此召集众猴并念诵通关文牒'}, {'58': '六耳猕猴擅居水帘洞，作为巢穴。'}]",人物与地点,西游记
西游记_人物_鼍洁_0,西游记_物品_竹节钢鞭_0,持有,[{'43': '鼍龙用一根竹节钢鞭与沙僧和摩昂交战。'}],人物与物品,西游记
西游记_人物_傲来国君王_0,西游记_组织_傲来国_0,领导,[{'3': '傲来国君王是傲来国的君主。'}],人物与组织,西游记
西游记_人物_南山大王_0,西游记_人物_唐三藏_0,对立,[{'86': '南山大王用分瓣梅花计捉拿唐僧，意图吃唐僧肉'}],人物与人物,西游记
西游记_人物_七个蜘蛛精_0,西游记_人物_猪八戒_0,对立,[{'72': '八戒下水变鲇鱼戏弄妖精，后又举钯欲筑，被丝绳困住跌伤。'}],人物与人物,西游记
西游记_人物_乌巢禅师_0,西游记_技能_多心经_0,传授,"[{'19': '乌巢禅师传授唐僧《多心经》一卷。'}, {'43': '浮屠山乌巢禅师口授唐僧《多心经》共二百七十字。'}]",人物与技能,西游记
西游记_人物_五方揭谛_0,西游记_组织_八大金刚_0,合作,[{'99': '五方揭谛奉菩萨法旨赶上八大金刚，附耳低言传令再设一难。'}],人物与组织,西游记
西游记_人物_泾河龙王_0,西游记_人物_袁守诚_0,对立,[{'9': '龙王与袁守诚打赌降雨，因赌输砸毁卦铺，袁守诚指出龙王违犯天条将被处斩。'}],人物与人物,西游记
西游记_地点_三清观_0,西游记_地点_五谷轮回之所_0,隶属,[{'44': '五谷轮回之所（厕所）在三清观内。'}],地点与地点,西游记
西游记_人物_如来佛祖_0,西游记_人物_孙悟空_0,对立,"[{'7': '如来与悟空打赌并将其压在五行山下'}, {'8': '如来与孙悟空打赌，将其抓住并指化五行山压住'}]",人物与人物,西游记
西游记_人物_奎木狼_0,西游记_技能_黑眼定身法_0,掌握,[{'30': '老妖使用黑眼定身法将唐僧变作猛虎。'}],人物与技能,西游记
西游记_人物_孙悟空_0,西游记_人物_意见欲_0,对立,[{'14': '孙悟空打死剪径毛贼意见欲'}],人物与人物,西游记
西游记_人物_火德星君_0,西游记_物品_火轮儿_0,持有,[{'51': '火德星君令火部神兵放火，火轮儿（此处为火德星君的火具之一，与哪吒的火轮儿不同）被兕怪的圈子套去。'}],人物与物品,西游记
西游记_人物_土地老儿_0,西游记_人物_孙悟空_0,上下级,[{'73': '孙悟空念唵字真言拘来土地老儿，土地战兢听命。'}],人物与人物,西游记
西游记_人物_孙悟空_0,西游记_技能_聚则成形，散则成气_0,掌握,[{'34': '孙行者被识破后，将身一幌，聚则成形，散则成气，预先走了。'}],人物与技能,西游记
西游记_人物_李翠莲_0,西游记_物品_白绫带_0,持有,[{'11': '李翠莲用白绫带悬梁自缢。'}],人物与物品,西游记
西游记_人物_猪八戒_0,西游记_人物_黄眉老佛_0,对立,[{'65': '黄眉老佛将猪八戒擒拿捆绑。'}],人物与人物,西游记
西游记_组织_光禄寺_3,西游记_组织_朱紫国_0,隶属,[{'68': '光禄寺是朱紫国官署，负责办斋。'}],组织与组织,西游记
西游记_组织_祭赛国_0,西游记_组织_锦衣卫_0,隶属,[{'62': '锦衣卫是祭赛国的官方机构，隶属于祭赛国。'}],组织与组织,西游记
西游记_人物_唐三藏_0,西游记_人物_布金寺老僧_0,合作,[{'95': '老僧向唐僧告知真公主遭遇，嘱托其查访解救'}],人物与人物,西游记
西游记_人物_孤直公_0,西游记_人物_猪八戒_0,对立,[{'64': '猪八戒用钉钯将孤直公（柏树精）筑倒。'}],人物与人物,西游记
西游记_组织_祭赛国_0,西游记_组织_金光寺_0,隶属,"[{'62': '金光寺是祭赛国敕建的护国寺，隶属于祭赛国。'}, {'63': '金光寺位于祭赛国境内，受国王管辖。'}]",组织与组织,西游记
西游记_人物_唐三藏_0,西游记_人物_白鼋_0,对立,[{'99': '因唐僧未代问寿数，老鼋将身淬水，使师徒落水。'}],人物与人物,西游记
西游记_人物_孙悟空_0,西游记_人物_玉皇大帝_0,对立,[{'42': '玉皇上帝曾差十万天兵捉拿孙悟空'}],人物与人物,西游记
西游记_人物_孙悟空_0,西游记_人物_本处山神_0,上下级,[{'15': '孙悟空唤出本处山神，与土地一同说明鹰愁涧及玉龙情况。'}],人物与人物,西游记
西游记_人物_铁扇公主_0,西游记_人物_红孩儿_0,亲属,"[{'40': '罗刹女是红孩儿的母亲。'}, {'59': '铁扇公主是红孩儿的母亲，原文中罗刹女称红孩儿为“我儿”。'}]",人物与人物,西游记
西游记_人物_六耳猕猴_0,西游记_人物_唐三藏_0,对立,"[{'57': '假行者打晕唐僧并抢走青毡包袱'}, {'58': '六耳猕猴冒充孙悟空打倒唐僧，抢走青毡包袱。'}]",人物与人物,西游记
西游记_人物_法明长老_0,西游记_人物_唐三藏_0,上下级,[{'101': '法明长老在金山寺收养并剃度玄奘为师徒。'}],人物与人物,西游记
西游记_地点_坎源山_0,西游记_地点_水脏洞_0,隶属,[{'2': '水脏洞位于坎源山中。'}],地点与地点,西游记
西游记_人物_太上老君_0,西游记_地点_兜率宫_0,居住,"[{'5': '太上老君居于兜率天宫，在此与燃灯古佛讲道。'}, {'7': '老君到兜率宫，将悟空推入八卦炉煅炼'}, {'35': '太上老君居住在兜率院，收走宝贝后同归兜率院。'}, {'52': '太上老君居于离恨天兜率宫。'}]",人物与地点,西游记
西游记_人物_唐三藏_0,西游记_人物_姜坤三_0,对立,[{'97': '姜坤三误信寇家状词，下令抓捕并监禁唐僧师徒'}],人物与人物,西游记
西游记_地点_水晶宫_2,西游记_地点_西洋大海_0,隶属,"[{'43': '水晶宫是西海龙王的宫殿，位于西洋大海海底。'}, {'92': '水晶宫位于西洋大海。'}]",地点与地点,西游记
西游记_人物_土地神祇_0,西游记_人物_虎力大仙_0,上下级,[{'46': '虎力有五雷法，能驱使土地神祇按住孙行者被砍下的人头'}],人物与人物,西游记
西游记_人物_宝象国国王_0,西游记_人物_百花羞_0,亲属,"[{'29': '宝象国国王是百花羞的父亲，百花羞是其第三位公主'}, {'31': '宝象国王是公主的父亲，公主回朝后参拜。'}]",人物与人物,西游记
西游记_人物_唐三藏_0,西游记_技能_倒头经_0,掌握,[{'56': '唐三藏为被打死的强盗念卷倒头经超度。'}],人物与技能,西游记
西游记_人物_猪八戒_0,西游记_人物_蝎子精_0,对立,[{'55': '猪八戒与蝎子精打斗，被扎伤嘴唇，后昴日星官降伏蝎子精。'}],人物与人物,西游记
西游记_人物_广智_0,西游记_人物_广谋_0,合作,[{'16': '广智和广谋先后为老院主出谋划策，共同商议谋害唐僧师徒'}],人物与人物,西游记
西游记_人物_先锋小妖_0,西游记_技能_分瓣梅花计_0,掌握,[{'85': '先锋小妖向老妖献上分瓣梅花计以捉唐僧'}],人物与技能,西游记
西游记_人物_青毛狮子怪_0,西游记_人物_黄牙老象_0,合作,"[{'76': '大魔与二魔是兄弟，联手对付取经人。'}, {'77': '三魔头齐心合力擒拿唐僧师徒'}]",人物与人物,西游记
西游记_人物_荡魔天尊_0,西游记_人物_孙悟空_0,合作,[{'66': '荡魔天尊应孙悟空请求，差龟蛇二将和五龙神相助'}],人物与人物,西游记
西游记_人物_玉皇大帝_0,西游记_人物_猪八戒_0,上下级,[{'8': '玉帝因猪悟能戏弄嫦娥将其贬下凡尘'}],人物与人物,西游记
西游记_人物_四海龙王_0,西游记_物品_甘霖仙水_0,持有,[{'28': '四海龙王拥有甘霖仙水，孙悟空前去借来洗青花果山'}],人物与物品,西游记
西游记_人物_地藏王菩萨_0,西游记_组织_十殿阎王_0,领导,[{'3': '十代冥王去翠云宫拜见地藏王菩萨，商量启表。'}],人物与组织,西游记
西游记_人物_灵感大王_0,西游记_技能_翻江搅海_0,掌握,[{'48': '斑衣鳜婆提及大王有搅海翻江之势力，灵感大王默认。'}],人物与技能,西游记
西游记_人物_唐太宗_0,西游记_地点_皇宫_0,居住,[{'9': '唐太宗居于皇宫，在宫中设朝、梦游月夜，并召魏征入便殿对弈。'}],人物与地点,西游记
西游记_人物_孙悟空_0,西游记_人物_山神_2,合作,[{'33': '山神与五方揭谛等念咒语移开山，放出被压的孙悟空。'}],人物与人物,西游记
西游记_人物_鹏魔王_0,西游记_人物_孙悟空_0,亲密,[{'41': '大鹏魔王是孙大圣结拜七兄弟中的三哥。'}],人物与人物,西游记
西游记_人物_妖精_0,西游记_人物_孙悟空_0,对立,[{'80': '孙大圣识破绑在树上的女子是妖怪，阻止唐僧解救，与妖精为敌。'}],人物与人物,西游记
西游记_人物_沙悟净_0,西游记_人物_黄狮精_0,对立,[{'89': '沙和尚与孙行者、猪八戒一起大战黄狮精。'}],人物与人物,西游记
西游记_人物_孙悟空_0,西游记_地点_水帘洞_0,出身,"[{'19': '孙悟空原住东胜神洲傲来国花果山水帘洞。'}, {'20': '孙行者原在花果山水帘洞居住'}, {'35': '孙大圣祖贯水帘洞，是其老家。'}, {'94': '孙悟空祖居东胜神洲傲来国花果山水帘洞，石裂吾生'}, {'100': '孙悟空出身于花果山水帘洞'}]",人物与地点,西游记
西游记_人物_大圣国师王菩萨_0,西游记_人物_小张太子_0,上下级,[{'66': '小张太子是大圣国师王菩萨的弟子，奉命领四将助战'}],人物与人物,西游记
西游记_人物_张蕃_0,西游记_组织_九天应元府_0,归属,[{'51': '张蕃是九天府点派的雷公，奉旨下界助阵。'}],人物与组织,西游记
西游记_人物_大禹_0,西游记_物品_金箍棒_0,创造,[{'88': '如意金箍棒是大禹神人亲设，用于定江海深浅。'}],人物与物品,西游记
西游记_人物_西梁女国女王_0,西游记_物品_绫锦_0,持有,[{'54': '女王取出绫锦十匹，要赐予孙悟空三人做衣服。'}],人物与物品,西游记
西游记_人物_虎力大仙_0,西游记_物品_玉简_0,持有,[{'45': '虎力大仙披法衣擎着玉简拜祷'}],人物与物品,西游记
西游记_人物_银角大王_0,西游记_人物_金角大王_0,亲属,"[{'33': '老魔称二魔为兄弟，二魔尊老魔为哥哥，是结义兄弟关系。'}, {'34': ""老魔与二魔是兄弟，老魔称二魔为'贤弟'，二魔称老魔为'兄长'。""}]",人物与人物,西游记
西游记_人物_观世音菩萨_0,西游记_技能_定身禅_0,掌握,[{'42': '观音袖中取出定身禅，施展降魔法'}],人物与技能,西游记
西游记_人物_东海龙王敖广_0,西游记_人物_龙婆_0,亲属,[{'3': '龙婆是敖广的妻子，在宫中建议送神珍铁。'}],人物与人物,西游记
西游记_地点_乌斯藏国_0,西游记_地点_高老庄_0,隶属,[{'18': '高老庄位于乌斯藏国界之地'}],地点与地点,西游记
西游记_人物_孙悟空_0,西游记_人物_赛太岁_0,对立,"[{'69': '孙大圣主动向国王提出去降伏赛太岁，救回金圣宫'}, {'70': '孙悟空为救金圣娘娘，与赛太岁争斗，并盗取紫金铃'}, {'71': '孙悟空为救金圣宫娘娘与赛太岁交战，双方大战五十回合，后孙悟空盗铃放火烧妖。'}]",人物与人物,西游记
西游记_人物_牛魔王_0,西游记_物品_芭蕉扇_1,争夺,[{'61': '牛魔王从孙大圣手中骗取芭蕉扇'}],人物与物品,西游记
西游记_人物_东来佛祖_0,西游记_物品_后天袋子_0,持有,[{'66': '后天袋子是弥勒佛的法宝，俗名人种袋，被黄眉童儿偷去'}],人物与物品,西游记
西游记_地点_旻天县_0,西游记_地点_金平府_0,隶属,[{'92': '旻天县是金平府下辖的县。'}],地点与地点,西游记
西游记_地点_水鼋之第_0,西游记_地点_通天河_0,隶属,[{'49': '水鼋之第位于通天河底，妖怪占据此地关押唐僧。'}],地点与地点,西游记
西游记_人物_猪八戒_0,西游记_人物_黄狮精_0,对立,[{'89': '猪八戒与孙行者、沙和尚一起大战黄狮精。'}],人物与人物,西游记
西游记_人物_如来佛祖_0,西游记_人物_沙悟净_0,上下级,[{'100': '如来封沙和尚为金身罗汉'}],人物与人物,西游记
西游记_人物_黑水河河神_0,西游记_地点_黑水河_0,守护,"[{'43': '黑水河河神原是此河正神，被鼍洁夺府。'}, {'44': '黑水河神为唐僧师徒开路，保护其渡过黑水河。'}]",人物与地点,西游记
西游记_人物_天蓬_0,西游记_人物_玉皇大帝_0,上下级,[{'7': '天蓬急出灵霄宝殿请如来少待，听命于玉帝'}],人物与人物,西游记
西游记_人物_张氏_0,西游记_人物_陈光蕊_0,亲属,[{'101': '张氏是陈光蕊的母亲，陈光蕊中状元后回家拜别母亲。'}],人物与人物,西游记
西游记_人物_法明长老_0,西游记_人物_唐三藏_0,亲属,[{'11': '迁安和尚在海岛金山收养了江流儿（陈玄奘），将其养大。'}],人物与人物,西游记
西游记_人物_三魔_0,西游记_人物_黄牙老象_0,合作,[{'76': '二魔与三魔是兄弟，共同行动。'}],人物与人物,西游记
西游记_人物_观世音菩萨_0,西游记_人物_孙悟空_0,上下级,[{'54': '南海观世音菩萨解脱孙悟空苦，使其秉善皈依，保护唐僧取经。'}],人物与人物,西游记
西游记_人物_上官正_0,西游记_物品_榜文_0,创造,[{'87': '上官正出榜求贤，招法师祈雨救民。'}],人物与物品,西游记
西游记_人物_天竺国王_0,西游记_人物_真公主_0,亲属,[{'93': '天竺国国王的亲生公主，前年在御花园被妖邪摄去'}],人物与人物,西游记
西游记_人物_赛太岁_0,西游记_组织_麒麟山獬豸洞_0,领导,[{'70': '赛太岁是麒麟山獬豸洞的大王，统领众妖'}],人物与组织,西游记
西游记_地点_旻天县_0,西游记_组织_慈云寺_0,驻扎,[{'92': '慈云寺位于金平府旻天县。'}],组织与地点,西游记
西游记_人物_哪吒三太子_0,西游记_物品_砍妖刀_0,持有,[{'51': '哪吒太子持斩妖刀与兕怪交战，后被圈子套去。'}],人物与物品,西游记
西游记_人物_蝎子精_0,西游记_物品_三股钢叉_1,持有,[{'55': '蝎子精使用一柄三股钢叉战斗，是其两只钳脚所化。'}],人物与物品,西游记
西游记_人物_西海龙王敖闰_0,西游记_组织_西海龙宫_0,领导,[{'8': '西海龙王敖闰是龙宫之主'}],人物与组织,西游记
西游记_人物_沙悟净_0,西游记_技能_缩地法_0,掌握,[{'31': '沙僧使用缩地法，瞬间带公主从波月洞回到宝象国。'}],人物与技能,西游记
西游记_人物_九尾狐狸_0,西游记_人物_孙悟空_0,对立,[{'34': '孙行者变作倚海龙到压龙洞骗出九尾狐狸，一棍将其打死，原形是九尾狐狸。'}],人物与人物,西游记
西游记_人物_孙悟空_0,西游记_技能_法身_0,掌握,[{'95': '孙悟空现出本相（法身）在鳷鹊宫揪住假公主'}],人物与技能,西游记
西游记_人物_青毛狮子怪_0,西游记_组织_乌鸡国_0,对抗,[{'39': '狮猁王冒充乌鸡国国王三年，侵夺帝位。'}],人物与组织,西游记
西游记_人物_祭赛国王_0,西游记_组织_锦衣卫_0,领导,[{'62': '国王降金牌，命锦衣卫去捉妖贼。'}],人物与组织,西游记
西游记_人物_独角兕大王_0,西游记_物品_圈子_0,持有,"[{'50': '独角兕大王从袖中取出亮灼灼白森森的圈子，套走了孙悟空的金箍棒。'}, {'51': '兕怪拥有一个白森森的圈子，能套取诸物，水火不侵，多次使用此宝。'}]",人物与物品,西游记
西游记_人物_铁扇公主_0,西游记_地点_翠云山_0,居住,[{'60': '铁扇公主居住在翠云山芭蕉洞。'}],人物与地点,西游记
西游记_人物_车迟国国王_0,西游记_物品_仙桃_0,持有,[{'46': '国王从御花园仙桃树上摘下碗大仙桃放入柜中用于猜枚'}],人物与物品,西游记
西游记_人物_金池长老_0,西游记_技能_养神服气之术_0,掌握,[{'17': '金池长老从黑熊精处学得养神服气之术，因此活了二百七十岁。'}],人物与技能,西游记
西游记_人物_毗蓝婆菩萨_0,西游记_地点_千花洞_0,居住,[{'73': '毗蓝婆菩萨居于紫云山千花洞中。'}],人物与地点,西游记
西游记_人物_孙悟空_0,西游记_物品_芭蕉扇_1,持有,[{'60': '孙悟空变作牛魔王从铁扇公主处骗得真芭蕉扇。'}],人物与物品,西游记
西游记_地点_净水池_0,西游记_地点_莲花洞_0,隶属,[{'33': '净水池位于莲花洞后边，属于莲花洞范围。'}],地点与地点,西游记
西游记_人物_摩昂_0,西游记_物品_三棱简_0,持有,[{'43': '摩昂太子手提三棱简与鼍龙交战，击中其右臂。'}],人物与物品,西游记
西游记_地点_聚仙庵_0,西游记_地点_解阳山_0,隶属,[{'53': '聚仙庵（原破儿洞）位于解阳山中。'}],地点与地点,西游记
西游记_人物_观世音菩萨_0,西游记_人物_红孩儿_0,上下级,"[{'42': '观音收红孩儿为善财童子，摩顶受戒套金箍儿'}, {'53': '如意真仙称红孩儿随着观音菩萨做了善财童子。'}, {'59': '观音菩萨收服红孩儿为善财童子，使其成为弟子。'}]",人物与人物,西游记
西游记_人物_袁天罡_0,西游记_组织_钦天监_0,领导,[{'9': '袁天罡是当朝钦天监台正先生，掌管钦天监。'}],人物与组织,西游记
西游记_人物_大力鬼王_0,西游记_人物_玉皇大帝_0,上下级,[{'7': '大力鬼王与众启奏玉帝悟空无法伤损'}],人物与人物,西游记
西游记_人物_猪八戒_0,西游记_组织_天河水府_0,归属,[{'29': '猪八戒曾为天蓬元帅，统率天河水府八万水兵'}],人物与组织,西游记
西游记_人物_玉皇大帝_0,西游记_地点_灵霄宝殿_0,居住,"[{'1': '玉帝驾座金阙云宫灵霄宝店，聚集仙卿。'}, {'6': '玉帝在灵霄宝殿处理政务，接见众仙。'}, {'33': '玉帝在灵霄殿听启奏，灵霄殿为玉帝朝堂。'}, {'51': '玉皇大帝在灵霄宝殿朝会，处理孙悟空奏报。'}]",人物与地点,西游记
西游记_人物_孙悟空_0,西游记_技能_撒花盖顶_0,掌握,[{'88': '孙悟空在演示金箍棒时使用撒花盖顶招数。'}],人物与技能,西游记
西游记_地点_灭法国_0,西游记_地点_王小二店_0,隶属,[{'84': '王小二店位于灭法国城中'}],地点与地点,西游记
西游记_人物_土地神祗_0,西游记_人物_孙悟空_0,对立,[{'7': '土地神祗奉如来命监押五行山悟空，给铁丸铜汁'}],人物与人物,西游记
西游记_人物_陈清_0,西游记_人物_陈澄_0,亲属,[{'47': '陈澄和陈清是亲兄弟，陈澄年长六十三岁，陈清五十八岁。'}],人物与人物,西游记
西游记_组织_朱紫国_0,西游记_组织_麒麟山獬豸洞_0,对抗,[{'70': '赛太岁派先锋取宫女，又派有来有去下战书，与朱紫国敌对'}],组织与组织,西游记
西游记_人物_辟寒大王_0,西游记_物品_钺斧_1,持有,[{'92': '辟寒大王的兵器。'}],人物与物品,西游记
西游记_人物_陈光蕊_0,西游记_物品_乌纱帽_0,持有,[{'101': '陈光蕊身戴乌纱帽，被殷温娇抛绣球打中。'}],人物与物品,西游记
西游记_人物_红孩儿_0,西游记_技能_重身法_0,掌握,[{'40': '红孩儿往四下里吸气吹在行者背上，使其重有千斤。'}],人物与技能,西游记
西游记_人物_孙悟空_0,西游记_人物_雷公_0,上下级,[{'45': '孙大圣命令雷公按棍子号令雷鸣，雷公答应'}],人物与人物,西游记
西游记_人物_唐三藏_0,西游记_人物_寇梁_0,对立,[{'97': '寇梁听母谣传，递失状状告唐僧师徒打劫杀人'}],人物与人物,西游记
西游记_人物_白骨夫人_0,西游记_地点_白虎岭_0,居住,[{'27': '此山名为蛇回兽怕的白虎岭，是妖精盘踞的巢穴。'}],人物与地点,西游记
西游记_人物_相良_0,西游记_物品_金银一库_0,持有,[{'10': '相良在阴司寄放十三库金银，太宗出名借用一库给散饿鬼。'}],人物与物品,西游记
西游记_人物_火焰山土地_0,西游记_地点_火焰山_0,守护,"[{'59': '火焰山土地管辖并守护火焰山。'}, {'60': '土地原是兜率宫守炉道人，因失守被贬为火焰山土地。'}, {'61': '火焰山土地上神护守此山'}]",人物与地点,西游记
西游记_人物_唐三藏_0,西游记_人物_张氏穿针儿_0,对立,[{'97': '穿针儿因怨恨诬陷唐僧等为盗贼，致其入狱'}],人物与人物,西游记
西游记_地点_东洋海底_0,西游记_地点_水晶宫_0,隶属,[{'3': '水晶宫位于东洋海底，东海龙王敖广的宫殿。'}],地点与地点,西游记
西游记_地点_元会县_0,西游记_地点_陈家庄_0,隶属,[{'47': '陈家庄是车迟国元会县下的一个村庄。'}],地点与地点,西游记
西游记_地点_西梁女国_0,西游记_地点_迎阳驿_0,隶属,[{'54': '迎阳驿位于西梁女国的城门口，是西梁女国馆驿。'}],地点与地点,西游记
西游记_人物_赛太岁_0,西游记_人物_金圣娘娘_0,对立,"[{'69': '赛太岁三年前强行摄走金圣宫，使其与国王分离'}, {'70': '赛太岁强夺金圣娘娘，但因娘娘穿五彩仙衣无法近身，娘娘设计骗其金铃'}, {'71': '赛太岁掳掠金圣宫娘娘至獬豸洞三年，因毒刺不得沾身。'}]",人物与人物,西游记
西游记_人物_掀烘兴_0,西游记_人物_红孩儿_0,上下级,[{'41': '掀烘兴是红孩儿手下的六健将之一，听命于红孩儿。'}],人物与人物,西游记
西游记_人物_乌鸡国国王_0,西游记_组织_乌鸡国_0,领导,"[{'38': '乌鸡国王是乌鸡国的国君，三年前被妖精害死后妖精假扮国王统治'}, {'39': '乌鸡国国王是本国的君主，被救活后重掌王位。'}]",人物与组织,西游记
西游记_人物_孙悟空_0,西游记_物品_御酒_0,争夺,[{'19': '孙悟空大闹天宫时窃取御酒。'}],人物与物品,西游记
西游记_人物_唐三藏_0,西游记_技能_《度亡经》_0,掌握,[{'13': '三藏开念《度亡经》一卷超度亡灵'}],人物与技能,西游记
西游记_人物_哪吒三太子_0,西游记_物品_斩妖剑_0,持有,[{'61': '哪吒用斩妖剑砍牛魔王头颅'}],人物与物品,西游记
西游记_人物_殷开山_0,西游记_地点_殷丞相府_0,居住,[{'101': '殷开山居住在皇城东街的殷丞相府。'}],人物与地点,西游记
西游记_人物_万圣公主_0,西游记_人物_王母娘娘_0,对立,"[{'62': '万圣公主偷了王母娘娘的九叶灵芝草。'}, {'63': '万圣宫主私入灵霄殿偷走王母娘娘的九叶灵芝草。'}]",人物与人物,西游记
西游记_人物_乌鸡国太子_0,西游记_人物_孙悟空_0,合作,"[{'37': '孙悟空变作白兔将太子引入宝林寺，告知其父王冤情并引导他寻母求证'}, {'38': '太子跪拜行者请求降妖，行者答应并施神通帮太子收集猎物，共谋除妖'}]",人物与人物,西游记
西游记_人物_孙悟空_0,西游记_技能_抓风之法_0,掌握,[{'20': '孙行者会抓风之法，可抓风闻味'}],人物与技能,西游记
西游记_人物_乌鸡国国王_0,西游记_人物_夜游神_0,合作,[{'37': '夜游神用神风将国王冤魂送入宝林寺禅堂，告知其三年来水灾已满，可拜谒唐僧'}],人物与人物,西游记
西游记_人物_玉兔_0,西游记_地点_天竺国_0,居住,[{'95': '玉兔变作假公主住在天竺国皇宫，享受荣华'}],人物与地点,西游记
西游记_人物_猪八戒_0,西游记_组织_佛门_0,归属,[{'94': '猪八戒遇观音指明善道，皈依佛教，保护唐僧取经'}],人物与组织,西游记
西游记_人物_云里雾_0,西游记_人物_红孩儿_0,上下级,[{'41': '云里雾是红孩儿手下的六健将之一，听命于红孩儿。'}],人物与人物,西游记
西游记_人物_二王子_0,西游记_物品_九齿钯_1,持有,[{'88': '二王子使用凡间九齿钯作为兵器。'}],人物与物品,西游记
西游记_人物_三宫皇后_0,西游记_人物_车迟国国王_0,亲属,[{'46': '三宫皇后是国王的妻子（梓童），国王称其为御妻'}],人物与人物,西游记
西游记_人物_唐三藏_0,西游记_人物_二从者_0,上下级,[{'13': '二从者是三藏随行仆人，听从三藏吩咐，负责整顿鞍马'}],人物与人物,西游记
西游记_人物_鹿力大仙_0,西游记_技能_呼风唤雨_1,掌握,[{'46': '鹿力大仙也会五雷法，念咒语驱使土地神祇'}],人物与技能,西游记
西游记_人物_如来佛祖_0,西游记_组织_西天_0,领导,"[{'12': '如来是西天佛祖，统领西天佛教'}, {'52': '如来是灵山佛祖，统领灵山。'}, {'96': '佛祖是灵山的佛陀，唐僧欲往灵山拜见佛祖。'}, {'100': '如来佛祖在灵山讲经说法，统领诸佛菩萨'}]",人物与组织,西游记
西游记_人物_唐三藏_0,西游记_人物_杏仙_0,亲密,[{'64': '杏仙吟诗表达爱慕之情，欲求配偶，主动接近唐僧。'}],人物与人物,西游记
西游记_地点_华夷楼_0,西游记_地点_天竺国_0,隶属,[{'95': '华夷楼是天竺国中的楼阁，国王命丹青图下圣僧四众喜容供养于此'}],地点与地点,西游记
西游记_人物_伶俐虫_0,西游记_地点_莲花洞_0,居住,[{'34': '伶俐虫是莲花洞的小妖，住在洞中，受二魔差遣。'}],人物与地点,西游记
西游记_人物_唐三藏_0,西游记_物品_经本_0,持有,[{'36': '唐僧晚上铺开经本，默默看念，温习经文。'}],人物与物品,西游记
西游记_人物_黄狮精_0,西游记_物品_降妖棒_0,持有,[{'89': '黄狮精偷走降妖杖并供奉在虎口洞西山头。'}],人物与物品,西游记
西游记_人物_摩昂_0,西游记_人物_敖顺_1,上下级,[{'92': '敖顺派太子摩昂率水兵相助孙悟空。'}],人物与人物,西游记
西游记_人物_孙悟空_0,西游记_人物_鹿力大仙_0,对立,"[{'45': '孙大圣假冒三清撒尿戏弄鹿力大仙，双方敌对'}, {'46': '孙行者变作饿鹰抓走鹿力大仙剖出的五脏心肝，导致鹿力空腔而亡，现出白毛角鹿原形'}]",人物与人物,西游记
西游记_人物_国丈_0,西游记_物品_淡鹅黄九锡云锦纱巾_0,持有,[{'78': '国丈头上戴着淡鹅黄九锡云锦纱巾。'}],人物与物品,西游记
西游记_人物_孙悟空_0,西游记_物品_紫金钵盂_0,持有,[{'81': '孙悟空用钵盂取凉水给唐僧解渴。'}],人物与物品,西游记
西游记_人物_观世音菩萨_0,西游记_物品_净瓶_1,持有,"[{'12': '菩萨手内托着施恩济世的宝瓶，瓶内插着垂杨柳'}, {'42': '观音持宝珠净瓶，内盛甘露可灭三昧火'}, {'43': '菩萨把净瓶敧倒，将一海水收去。'}, {'71': '观音菩萨左手托着净瓶，洒下甘露救火。'}]",人物与物品,西游记
西游记_人物_李翠莲_0,西游记_物品_金钗_0,持有,[{'11': '李翠莲在门首拔金钗施舍给僧人。'}],人物与物品,西游记
西游记_人物_七个蜘蛛精_0,西游记_人物_蜡_0,亲属,[{'72': '蜡是妖精结拜的干儿子，愿拜为母。'}],人物与人物,西游记
西游记_人物_刘伯钦_0,西游记_人物_唐三藏_0,合作,[{'14': '刘伯钦护送唐僧上山揭压帖，并一路照顾'}],人物与人物,西游记
西游记_人物_多闻天王_0,西游记_地点_北天门_0,守护,[{'51': '多闻天王当日轮值巡视北天门。'}],人物与地点,西游记
西游记_人物_佑圣真君_0,西游记_人物_王灵官_0,上下级,[{'7': '王灵官是佑圣真君的佐使，执殿灵霄殿'}],人物与人物,西游记
西游记_地点_金皘山_0,西游记_地点_金皘洞_0,隶属,"[{'50': '金皘洞位于金皘山前，是独角兕大王的洞府。'}, {'51': '金皘洞位于金皘山中，兕怪盘踞于此。'}, {'52': '金皘洞位于金皘山中。'}]",地点与地点,西游记
西游记_人物_六耳猕猴_0,西游记_人物_如来佛祖_0,对立,[{'58': '如来识破六耳猕猴本相，用金钵盂将其盖住，后被孙悟空打死。'}],人物与人物,西游记
西游记_人物_独角兕大王_0,西游记_物品_金箍棒_0,争夺,[{'51': '兕怪在与孙悟空交战中用圈子套走金箍棒，后孙悟空变作獾头精潜入洞中夺回。'}],人物与物品,西游记
西游记_人物_全真_0,西游记_物品_白玉圭_0,争夺,[{'37': '全真将金厢白玉圭从国王手中摄回锺南山，试图占有此宝'}],人物与物品,西游记
西游记_人物_华光菩萨_0,西游记_人物_毒火鬼王_0,对立,[{'96': '华光菩萨因剿除毒火鬼王而被降职。'}],人物与人物,西游记
西游记_地点_文殊殿_0,西游记_地点_镇海禅林寺_0,隶属,[{'80': '文殊殿是镇海禅林寺内的殿宇，本回中描述文殊殿结采飞云。'}],地点与地点,西游记
西游记_人物_一秤金_0,西游记_人物_陈清_0,亲属,[{'48': '陈清是陈一秤金之父，原文交代二人为父女关系。'}],人物与人物,西游记
西游记_人物_木叉行者_0,西游记_组织_西天_0,归属,[{'12': '木叉（惠岸）是观世音菩萨弟子，为西天佛教中人'}],人物与组织,西游记
西游记_人物_泼法金刚_0,西游记_组织_佛家_0,归属,[{'61': '泼法金刚奉佛老亲命阻拦'}],人物与组织,西游记
西游记_人物_孙悟空_0,西游记_人物_虎先锋_0,对立,[{'20': '孙行者追赶虎先锋并与之打斗'}],人物与人物,西游记
西游记_人物_刘伯钦_0,西游记_地点_两界山_0,居住,[{'14': '刘伯钦是两界山附近的猎户'}],人物与地点,西游记
西游记_地点_宝象国_0,西游记_地点_银安殿_0,隶属,[{'30': '银安殿是宝象国宫殿中的殿堂，老妖在此饮酒作乐。'}],地点与地点,西游记
西游记_人物_观世音菩萨_0,西游记_物品_甘露_0,持有,"[{'15': '观音菩萨以杨柳枝上的甘露点化玉龙，助其化马。'}, {'43': '菩萨蘸甘露洒去，使童子合掌。'}]",人物与物品,西游记
西游记_人物_敖顺_1,西游记_组织_西海龙宫_0,领导,"[{'43': '敖顺是西海龙王，统领西海龙宫水族。'}, {'92': '敖顺是西海龙王，管辖龙宫。'}]",人物与组织,西游记
西游记_人物_虎力大仙_0,西游记_技能_云梯显圣_0,掌握,[{'46': '虎力大仙提出赌云梯显圣坐禅，并驾云上西边台坐下'}],人物与技能,西游记
西游记_地点_花果山_0,西游记_地点_铁板桥_0,隶属,[{'5': '铁板桥在花果山前，独角鬼王曾在此抵挡九曜星。'}],地点与地点,西游记
西游记_人物_奎木狼_0,西游记_物品_满堂红_0,持有,[{'30': '老妖使用满堂红作为兵器，打伤小白龙。'}],人物与物品,西游记
西游记_人物_唐三藏_0,西游记_人物_镇元子_0,亲密,[{'24': '五百年前兰盆会上相识，亲手传茶，是故人'}],人物与人物,西游记
西游记_人物_猪八戒_0,西游记_技能_熬战之法_0,掌握,[{'23': '猪八戒自称幼年曾学得熬战之法，能伏侍多个女子，本回中以此应对三个女儿。'}],人物与技能,西游记
西游记_人物_青毛狮子怪_0,西游记_物品_药酒_0,持有,[{'75': '青毛狮子怪命取药酒，想药杀肚中的孙大圣。'}],人物与物品,西游记
西游记_人物_观世音菩萨_0,西游记_组织_西天_0,归属,[{'12': '观世音菩萨是西天佛教成员，奉如来佛旨行事'}],人物与组织,西游记
西游记_人物_乌鸡国国王_0,西游记_技能_托梦_0,掌握,[{'37': '乌鸡国国王冤魂托梦给唐三藏诉说冤情，后又托梦给正宫皇后'}],人物与技能,西游记
西游记_地点_幽冥_0,西游记_地点_枉死城_0,隶属,[{'97': '枉死城位于幽冥地界'}],地点与地点,西游记
西游记_人物_孙悟空_0,西游记_技能_护身的变化法儿_0,掌握,[{'21': '孙悟空挨打后躬腰能长三尺，使身体变大以抗敌。'}],人物与技能,西游记
西游记_人物_孙悟空_0,西游记_物品_金箍儿_0,持有,"[{'36': '孙行者进寺前按一按顶上金箍。'}, {'58': '孙悟空头上戴金箍，配合紧箍儿咒使用。'}, {'100': '孙悟空头上戴有金箍儿，成佛后自然消失'}]",人物与物品,西游记
西游记_组织_唐朝_0,西游记_组织_御林军_0,隶属,[{'101': '御林军是大唐王朝的皇家军队。'}],组织与组织,西游记
西游记_人物_鹿力大仙_0,西游记_技能_隔板知物之法_0,掌握,[{'46': '鹿力大仙自称有隔板知物之法，能猜出柜中物品'}],人物与技能,西游记
西游记_人物_唐太宗_0,西游记_人物_陈光蕊_0,上下级,[{'101': '唐太宗钦点陈光蕊为状元，并授江州州主之职。'}],人物与人物,西游记
西游记_人物_唐三藏_0,西游记_物品_锦襕袈裟_0,持有,"[{'11': '唐太宗赐给陈玄奘五彩织金袈裟一件。'}, {'12': '玄奘受太宗赐予锦襕异宝袈裟，并披在身上夸官'}, {'13': '三藏身着袈裟，在佛前礼拜'}, {'16': '三藏是锦襕袈裟的原来主人，袈裟是他从东土带来的宝贝'}, {'18': '行者取回袈裟交给三藏，三藏拥有袈裟'}, {'45': '唐僧披了锦襕袈裟准备进朝'}, {'62': '唐三藏穿了锦襕袈裟入朝。'}, {'78': '唐僧身穿锦襕异宝佛袈裟。'}, {'93': '唐僧穿着袈裟前去朝见国王'}, {'96': '唐僧取袈裟穿了拜佛。'}, {'97': '唐僧随身携带价值千金的锦襕袈裟，被狱卒发现'}]",人物与物品,西游记
西游记_人物_杏仙_0,西游记_人物_猪八戒_0,对立,[{'64': '猪八戒用钉钯将杏仙（杏树精）筑倒。'}],人物与人物,西游记
西游记_人物_沙悟净_0,西游记_物品_方便吊桶_0,持有,[{'39': '沙僧用宝林寺井上的方便吊桶取水递给孙悟空灌丹。'}],人物与物品,西游记
西游记_人物_水德星君_0,西游记_组织_水部_0,领导,[{'51': '水德星君统率水部众神，包括黄河水伯等。'}],人物与组织,西游记
西游记_人物_南极星君_0,西游记_人物_观世音菩萨_0,上下级,[{'101': '观音菩萨奉法旨派遣南极星君送子给殷温娇。'}],人物与人物,西游记
西游记_人物_唐太宗_0,西游记_物品_安神定魄汤药_0,持有,[{'11': '太医院进安神定魄汤药，唐太宗服用后反本还原。'}],人物与物品,西游记
西游记_人物_地藏王菩萨_0,西游记_人物_孙悟空_0,合作,[{'97': '孙悟空至翠云宫请求，地藏王应允延寿，二人配合救活寇洪'}],人物与人物,西游记
西游记_人物_唐三藏_0,西游记_组织_八大金刚_0,合作,[{'99': '八大金刚奉佛旨送唐僧回国，后按菩萨法旨使其坠地又呼叫逃走者。'}],人物与组织,西游记
西游记_人物_孙悟空_0,西游记_人物_黄牙老象_0,对立,"[{'76': '孙大圣用金箍棒搠二魔鼻孔，揪着鼻子将其拉至坡下。'}, {'77': '孙悟空与象王争斗，象王擒拿沙僧'}]",人物与人物,西游记
西游记_人物_三魔_0,西游记_人物_青毛狮子怪_0,合作,[{'76': '三个魔头同心合意，共同商议对付唐僧师徒。'}],人物与人物,西游记
西游记_地点_东胜神洲_0,西游记_组织_傲来国_0,起源,[{'2': '傲来国位于东胜神洲。'}],组织与地点,西游记
西游记_人物_万圣龙王_0,西游记_地点_乱石山碧波潭_0,居住,"[{'62': '万圣龙王居住于乱石山碧波潭龙宫。'}, {'63': '万圣龙王的龙宫位于碧波潭下。'}]",人物与地点,西游记
西游记_人物_如来佛祖_0,西游记_人物_唐三藏_0,上下级,[{'96': '唐僧前往灵山拜佛祖求取真经，佛祖为佛教最高尊长。'}],人物与人物,西游记
西游记_人物_殷开山_0,西游记_人物_江州同知_0,上下级,[{'101': '殷丞相令金牌唤来江州同知，吩咐提兵相助。'}],人物与人物,西游记
西游记_人物_昴日星官_0,西游记_地点_观星台_0,守护,[{'55': '昴日星官奉玉帝旨意上观星台巡札。'}],人物与地点,西游记
西游记_地点_都土地庙_0,西游记_地点_长安大市街_0,相邻,[{'8': '土地庙祠在长安大市街旁'}],地点与地点,西游记
西游记_人物_夜游神_0,西游记_技能_神风_0,掌握,[{'37': '夜游神施展神风将乌鸡国国王冤魂送入禅堂'}],人物与技能,西游记
西游记_人物_千里眼_0,西游记_人物_玉皇大帝_0,上下级,[{'1': '玉帝命千里眼开南天门观看金光之处，千里眼奉旨而行。'}],人物与人物,西游记
西游记_人物_陈光蕊_0,西游记_人物_龙王_0,上下级,[{'101': '龙王将陈光蕊魂魄安放在水府中做都领，并救之。'}],人物与人物,西游记
西游记_人物_灵感大王_0,西游记_技能_呼风唤雨_0,掌握,[{'48': '斑衣鳜婆提及久知大王有呼风唤雨之神通，灵感大王未否认。'}],人物与技能,西游记
西游记_人物_明月_0,西游记_组织_五庄观_0,归属,"[{'24': '明月是五庄观弟子'}, {'25': '明月是五庄观镇元仙的弟子，属于五庄观。'}]",人物与组织,西游记
西游记_人物_一秤金_0,西游记_人物_唐三藏_0,亲密,[{'99': '一秤金叩谢唐僧救命之恩。'}],人物与人物,西游记
西游记_人物_蝎子精_0,西游记_组织_雷音寺_0,归属,[{'55': '蝎子精曾在雷音寺听佛谈经。'}],人物与组织,西游记
西游记_人物_孙悟空_0,西游记_人物_龙婆_1,对立,[{'63': '孙悟空将龙婆穿琵琶骨锁在金光寺塔心柱上，令土地等送食监管。'}],人物与人物,西游记
西游记_地点_虎狼城_0,西游记_地点_金銮殿_6,隶属,[{'76': '金銮殿在虎狼城中，唐僧被抬上金銮殿。'}],地点与地点,西游记
西游记_人物_太阴星君_0,西游记_人物_孙悟空_0,合作,[{'95': '孙悟空请求太阴星君带玉兔至天竺国说明因果，太阴应允同往'}],人物与人物,西游记
西游记_人物_凌虚子_0,西游记_物品_仙丹_0,创造,[{'17': '凌虚子制作了两粒仙丹，盛于玻璃盘中，欲献与熊罴怪祝寿。'}],人物与物品,西游记
西游记_人物_火德星君_0,西游记_物品_火鸦_0,持有,[{'51': '火德星君令火部神兵放火，火鸦被兕怪的圈子套去。'}],人物与物品,西游记
西游记_地点_东胜神洲傲来国_0,西游记_地点_水帘洞_0,隶属,[{'19': '花果山水帘洞位于东胜神洲傲来国。'}],地点与地点,西游记
西游记_人物_钦法国国王_0,西游记_地点_皇宫_1,居住,[{'84': '灭法国王居住在皇宫中'}],人物与地点,西游记
西游记_人物_七个蜘蛛精_0,西游记_地点_盘丝洞_0,居住,[{'73': '七个蜘蛛精的洞府是盘丝洞，她们常年居住于此。'}],人物与地点,西游记
西游记_人物_童儿_0,西游记_物品_木鱼儿_0,持有,[{'46': '孙行者拔毫毛变作木鱼儿交给童儿，让他敲着念佛钻出柜子'}],人物与物品,西游记
西游记_人物_白龙马_0,西游记_人物_西海龙王敖闰_0,亲属,[{'15': '西海敖闰是玉龙三太子之父，因儿子烧明珠而告发忤逆。'}],人物与人物,西游记
西游记_人物_狐阿七大王_0,西游记_人物_金角大王_0,亲属,[{'35': '狐阿七大王是金角大王的亲舅舅，为其母之弟。'}],人物与人物,西游记
西游记_人物_三魔_0,西游记_人物_孙悟空_0,对立,[{'76': '三魔激将孙大圣出肚，后举画杆方天戟攻击孙大圣。'}],人物与人物,西游记
西游记_人物_孙悟空_0,西游记_人物_猪八戒_0,合作,"[{'20': '孙行者和猪悟能共同与虎先锋战斗，配合捉妖'}, {'21': '孙悟空与猪八戒师兄弟一同救师父，分工合作，八戒看守行李、悟空探洞。'}, {'23': '孙悟空与猪八戒同为唐僧徒弟，共同保护唐僧西天取经，虽时有戏弄但目标一致。'}, {'25': '孙行者与猪八戒一起偷吃人参果，并共同战斗对抗镇元仙。'}, {'31': '孙悟空与猪八戒携手驾云，共去宝象国降妖救师。'}, {'34': '孙行者变化救唐僧，猪八戒吊在梁上认出并配合，孙行者承诺救出师徒。'}, {'35': '孙大圣与猪八戒一同出洞迎战妖魔，猪八戒筑死狐阿七。'}, {'36': '猪八戒与孙行者同是唐僧徒弟，一路共同保护唐僧西行取经。'}, {'38': '孙行者哄骗猪八戒同去偷宝贝，二人夜间潜入御花园，行者用金箍棒放八戒下井，八戒背出国王尸首'}, {'39': '孙悟空与猪八戒共同行动，八戒配合悟空救国王、打妖怪。'}, {'44': '孙悟空带领猪八戒一同前往三清观偷吃供品。'}, {'45': '孙大圣与猪八戒一起假冒三清戏弄道士，并协助师父求雨'}, {'54': '孙悟空与猪悟能一同执行假亲脱网之计，同心保护唐僧。'}, {'58': '孙悟空与猪八戒共同保护唐僧取经，八戒曾去花果山寻包袱。'}, {'61': '孙大圣与猪八戒并肩战斗降服牛魔王'}, {'62': '孙悟空与猪八戒一同押送妖贼，并协力驾风擒妖。'}, {'68': '孙悟空与猪八戒为师兄弟，一同上街买调和，共同取经。'}, {'69': '孙大圣与猪八戒共同制药，八戒协助取巴豆、锅灰、马尿等'}, {'71': '猪八戒与孙悟空同为唐僧徒弟，本回中八戒嘲笑国王，行者与之对话。'}, {'75': '孙大圣与猪八戒一同前往洞口叫战，协同作战。'}, {'76': '孙大圣与猪八戒同属取经团队，虽有小摩擦，但共同对抗妖魔。'}, {'77': '孙悟空与猪八戒是同门师兄弟，共同保护唐僧'}, {'81': '孙悟空与猪八戒一同寻回被摄走的师父。'}, {'83': '猪八戒与沙僧各持兵器助孙悟空打妖精'}, {'84': '孙悟空与猪八戒师兄弟共同取经'}, {'85': '孙悟空哄骗猪八戒前去斗妖，并在战斗中暗中相助'}, {'86': '孙行者与猪八戒一同寻找师父、打破洞府、与妖怪战斗'}, {'87': '孙悟空与猪八戒同保唐僧，在凤仙郡共同辅助求雨。'}, {'89': '孙行者与猪八戒一起变作小妖，设计进入虎口洞夺回兵器。'}, {'91': '孙悟空与猪八戒为师兄弟，共同保护唐僧取经、降妖。'}, {'92': '师兄弟共同与犀牛精战斗，救师父。'}, {'97': '二人同为唐僧徒弟，共同保护师父，一起被抓入狱'}, {'100': '孙悟空与猪八戒同为唐僧弟子，共同保护唐僧取经'}]",人物与人物,西游记
西游记_人物_铁扇公主_0,西游记_物品_芭蕉扇_1,持有,"[{'59': '铁扇公主拥有芭蕉扇，能扇灭火焰山之火。'}, {'60': '铁扇公主持有芭蕉扇，能扇灭八百里火焰。'}, {'61': '罗刹女原持有芭蕉扇，后献出'}]",人物与物品,西游记
西游记_人物_孙悟空_0,西游记_物品_金箍棒_0,创造,[{'84': '孙悟空将金箍棒变成千百口剃头刀'}],人物与物品,西游记
西游记_人物_孙悟空_0,西游记_技能_双掭灯_0,掌握,[{'86': '孙行者拔两根毫毛变作虫儿钻入老怪鼻孔使其睡倒'}],人物与技能,西游记
西游记_人物_沙悟净_0,西游记_技能_凤点头_0,掌握,[{'22': '那怪见钯来，使一个凤点头躲过。'}],人物与技能,西游记
西游记_地点_碗子山波月洞_0,西游记_地点_黄金宝塔_0,相邻,[{'28': '黄金宝塔位于碗子山波月洞外，金光闪烁，唐僧误以为寺院走近'}],地点与地点,西游记
西游记_人物_红孩儿_0,西游记_物品_小车儿_0,持有,[{'41': '红孩儿让手下推出五辆小车儿，按五行方位安下，用于催动三昧火。'}],人物与物品,西游记
西游记_人物_沙悟净_0,西游记_人物_奎木狼_0,对立,"[{'28': '沙僧与猪八戒一同在碗子山波月洞前与黄袍怪交战'}, {'29': '沙悟净随八戒与黄袍怪战斗，被黄袍怪抓住'}, {'30': '老妖捆住沙僧，持刀审问，欲杀之。'}]",人物与人物,西游记
西游记_人物_奎木狼_0,西游记_物品_蘸钢刀_0,持有,"[{'28': '黄袍怪使用一口钢刀（追魂取命刀）与猪八戒、沙僧厮杀'}, {'29': '黄袍怪绰钢刀与八戒沙僧交战'}, {'30': '老妖持有钢刀，曾用来威胁公主和沙僧。'}]",人物与物品,西游记
西游记_人物_张稍_0,西游记_人物_袁守诚_0,合作,[{'9': '张稍每日送一尾金色鲤给袁守诚，袁守诚袖传一课指点捕鱼方位。'}],人物与人物,西游记
西游记_人物_孙悟空_0,西游记_人物_虎力大仙_0,对立,"[{'45': '孙大圣与虎力大仙在车迟国赌胜求雨，互相对抗'}, {'46': '孙行者变作黄犬衔走虎力大仙被砍下的人头，导致虎力无法再生，现出无头黄毛虎原形而死'}]",人物与人物,西游记
西游记_人物_哪吒三太子_0,西游记_物品_降妖杵_0,持有,[{'51': '哪吒太子持降魔杵与兕怪交战，后被圈子套去。'}],人物与物品,西游记
西游记_人物_乌鸡国太子_0,西游记_组织_乌鸡国_0,归属,"[{'37': '乌鸡国太子是乌鸡国的储君，属于该组织'}, {'39': '乌鸡国太子是本国储君，在朝堂上求情。'}, {'40': '太子是乌鸡国王子，随国王送别唐僧。'}]",人物与组织,西游记
西游记_人物_黄眉老佛_0,西游记_物品_金铙_0,持有,"[{'65': '黄眉老佛使用金铙将孙悟空合在里面，后被孙悟空打破。'}, {'66': '黄眉大王用金铙将孙悟空罩在里面，后被打破'}]",人物与物品,西游记
西游记_人物_明月_0,西游记_物品_丹盘_0,持有,[{'24': '明月用丹盘接人参果'}],人物与物品,西游记
西游记_人物_孙悟空_0,西游记_地点_水帘洞_0,居住,"[{'1': '孙悟空发现水帘洞，被众猴拜为美猴王，朝游花果山，暮宿水帘洞。'}, {'2': '孙悟空是水帘洞洞主，与众猴居住于此。'}, {'3': '孙悟空居住在水帘洞，与众猴在此操演。'}, {'4': '孙悟空在水帘洞称王，与众猴居住其中。'}, {'5': '大圣与众猴深居水帘洞内，四健将等在此迎候。'}, {'6': '水帘洞是齐天大圣的营盘所在地，猴群排成蟠龙阵势。'}, {'7': '大圣自述‘水帘洞里为家业’'}, {'17': '孙行者曾在水帘洞聚集群妖，为王居住。'}, {'27': '悟空被逐后，纵筋斗云径回花果山水帘洞。'}, {'28': '孙悟空回山后进入水帘洞，并悬挂旗号重振洞府'}, {'30': '孙大圣被唐僧赶回后，居于花果山水帘洞。'}, {'31': '孙悟空被唐僧逐回后曾居住在水帘洞，后因救师父暂离。'}, {'52': '孙悟空在水帘洞逞刚强。'}, {'58': '孙悟空原为水帘洞主，洞府被六耳猕猴占据。'}, {'63': '孙悟空自幼在水帘洞修行。'}]",人物与地点,西游记
西游记_人物_孙悟空_0,西游记_技能_定身法_0,掌握,"[{'5': '大圣念咒语用定身法定住七衣仙女。'}, {'39': '孙悟空在金銮殿上用定身法定住文武百官。'}, {'54': '孙悟空提出用定身法定住西梁女国君臣，以便脱身。'}, {'89': '孙行者使用定身法定住了刁钻古怪和古怪刁钻。'}, {'97': '孙悟空念咒撒土定住三十余名强盗'}]",人物与技能,西游记
西游记_人物_七个蜘蛛精_0,西游记_技能_仙人指路_1,掌握,[{'72': '妖精用三条绳将唐僧脊背朝上肚皮朝下吊在梁上，名为仙人指路。'}],人物与技能,西游记
西游记_人物_乌鸡国国王_0,西游记_物品_白玉圭_0,持有,"[{'37': '乌鸡国国王生前手执金厢白玉圭，死后作为表记留给唐僧'}, {'38': '金厢白玉圭是乌鸡国王的宝贝，作为表记留给太子'}]",人物与物品,西游记
西游记_人物_沙悟净_0,西游记_人物_唐三藏_0,上下级,[{'93': '唐僧是沙悟净的师父，沙僧为唐僧三徒弟'}],人物与人物,西游记
西游记_人物_黄风怪_0,西游记_地点_黄风洞_0,居住,"[{'20': '黄风怪住在黄风岭黄风洞中'}, {'21': '黄风大圣在黄风山黄风洞占山为王，洞内有关押唐僧的定风桩。'}]",人物与地点,西游记
西游记_人物_袁守诚_0,西游记_地点_西门街_0,居住,[{'9': '袁守诚在长安城西门街上设卦铺，每日在此卖卦。'}],人物与地点,西游记
西游记_人物_如来佛祖_0,西游记_地点_七宝莲台_0,居住,[{'58': '如来佛祖坐七宝莲台讲法，离座迎真假悟空。'}],人物与地点,西游记
西游记_组织_梅山六兄弟_0,西游记_组织_草头神_0,支配,[{'6': '梅山六兄弟传号令撒放草头神，掩杀妖猴。'}],组织与组织,西游记
西游记_人物_七个蜘蛛精_0,西游记_物品_丝绳_0,创造,"[{'72': '妖精从腰眼中冒出鸭蛋粗细的丝绳，凭空制造。'}, {'73': '七个蜘蛛精从脐孔中吐出丝绳搭成天篷。'}]",人物与物品,西游记
西游记_人物_玉华王_0,西游记_地点_玉华王府_0,居住,[{'88': '玉华王居住在玉华王府，处理政事。'}],人物与地点,西游记
西游记_人物_如来佛祖_0,西游记_技能_紧箍儿咒_0,掌握,[{'8': '如来有金紧禁三篇咒语'}],人物与技能,西游记
西游记_人物_孙悟空_0,西游记_人物_毗蓝婆菩萨_0,合作,[{'73': '孙悟空前往紫云山千花洞请毗蓝婆菩萨帮忙，毗蓝婆答应相助。'}],人物与人物,西游记
西游记_人物_奎木狼_0,西游记_人物_玉皇大帝_0,上下级,"[{'31': '玉帝将奎木狼贬去兜率宫与太上老君烧火。'}, {'92': '玉帝下旨派奎木狼等四木禽星下界降妖。'}]",人物与人物,西游记
西游记_人物_大圣国师王菩萨_0,西游记_组织_四大神将_0,归属,[{'66': '四大神将是国师王菩萨麾下，随小张太子助战'}],人物与组织,西游记
西游记_人物_胜至金刚_0,西游记_组织_佛家_0,归属,[{'61': '胜至金刚奉佛旨擒拿'}],人物与组织,西游记
西游记_人物_佛母孔雀大明王菩萨_0,西游记_人物_朱紫国王_0,对立,[{'71': '佛母因儿子被朱紫国王射伤，吩咐拆凤三年，令国王身耽啾疾。'}],人物与人物,西游记
西游记_人物_土地_4,西游记_人物_孙悟空_0,上下级,[{'38': '孙行者念真言拘得土地神在半空中施礼听令，土地奉命收集走兽飞禽'}],人物与人物,西游记
西游记_人物_太白金星_0,西游记_人物_孙悟空_0,合作,"[{'3': '太白金星奉旨前来招安，孙悟空接旨并随之上天。'}, {'4': '太白金星两次奉旨招安孙悟空，引导其进入天宫，并建议封为齐天大圣。'}, {'21': '太白金星化作老公公为孙悟空指路去小须弥山，并留下简帖告知灵吉菩萨所在。'}, {'74': '太白金星向孙悟空报信，并答应帮忙借天兵。'}, {'83': '太白金星与孙悟空同去云楼宫宣李天王见驾'}, {'92': '太白金星指点孙悟空四木禽星可降伏犀牛精。'}]",人物与人物,西游记
西游记_人物_百花羞_0,西游记_人物_奎木狼_0,亲属,[{'30': '老妖与三公主是夫妻，老妖称她为浑家，两人育有孩儿。'}],人物与人物,西游记
西游记_人物_如来佛祖_0,西游记_人物_灵吉菩萨_0,上下级,"[{'21': '如来赐灵吉菩萨定风丹和飞龙宝杖，命其镇押黄风怪。'}, {'59': '如来佛赐予灵吉菩萨定风丹和飞龙杖，命其降妖。'}]",人物与人物,西游记
西游记_人物_观世音菩萨_0,西游记_人物_赛太岁_0,上下级,[{'71': '观音菩萨称赛太岁是她跨的金毛犼，因牧童失守咬断铁索下凡，后亲自收伏。'}],人物与人物,西游记
西游记_人物_祭赛国王_0,西游记_组织_光禄寺_2,领导,[{'62': '国王令光禄寺排宴，设荤素筵席。'}],人物与组织,西游记
西游记_人物_银角大王_0,西游记_物品_影神图_0,持有,[{'32': '银角大王带影神图出洞巡山，辨认取经人。'}],人物与物品,西游记
西游记_人物_乌巢禅师_0,西游记_人物_唐三藏_0,上下级,[{'93': '乌巢禅师传授唐僧《般若心经》，唐僧视为随身衣钵，每日念诵'}],人物与人物,西游记
西游记_地点_狮驼岭_0,西游记_地点_狮驼洞_0,隶属,"[{'74': '狮驼洞位于狮驼岭中间。'}, {'85': '狮驼洞位于狮驼岭上，先锋小妖曾在此居住'}]",地点与地点,西游记
西游记_人物_九天应元天尊_0,西游记_人物_孙悟空_0,合作,[{'87': '孙悟空向九天应元天尊借雷部官将，天尊应允派邓辛张陶等随行。'}],人物与人物,西游记
西游记_人物_乌巢禅师_0,西游记_地点_浮屠山_0,居住,[{'19': '乌巢禅师在浮屠山修行，住柴草窝中。'}],人物与地点,西游记
西游记_人物_唐三藏_0,西游记_技能_《观音经》_0,掌握,[{'13': '三藏朗音高诵《观音经》'}],人物与技能,西游记
西游记_地点_流沙河_0,西游记_地点_黄风岭_0,相邻,[{'22': '行过八百黄风岭，进西即见流沙河。'}],地点与地点,西游记
西游记_组织_九天应元府_0,西游记_组织_天庭_0,隶属,[{'51': '九天府是天庭下属府衙，玉帝传旨此处点派雷公。'}],组织与组织,西游记
西游记_人物_百花羞_0,西游记_人物_母后_0,亲属,[{'31': '母后是公主的母亲，公主回朝后参拜。'}],人物与人物,西游记
西游记_人物_五方揭谛_0,西游记_人物_孙悟空_0,合作,[{'33': '五方揭谛与山神土地商议并移山放出孙悟空。'}],人物与人物,西游记
西游记_人物_观世音菩萨_0,西游记_物品_九环锡杖_0,持有,[{'12': '菩萨同时持有九环锡杖并出卖，后赠与玄奘'}],人物与物品,西游记
西游记_地点_森罗殿_0,西游记_组织_地府_0,驻扎,"[{'10': '阴司以森罗殿为十王办公之所，审理亡魂案件。'}, {'74': '森罗殿是地府的大殿，孙悟空曾几乎掀翻森罗殿。'}]",组织与地点,西游记
西游记_人物_殷夫人_0,西游记_人物_殷温娇_0,亲属,[{'101': '殷夫人是殷温娇的母亲。'}],人物与人物,西游记
西游记_人物_大鹏金翅雕_0,西游记_人物_青毛狮子怪_0,合作,[{'75': '青毛狮子怪与大鹏雕同为三个老妖之一，结为兄弟，共同谋划吃唐僧肉。'}],人物与人物,西游记
西游记_地点_鼓楼_0,西游记_组织_朱紫国_0,驻扎,[{'68': '鼓楼是朱紫国街市上的楼，皇榜张挂其下。'}],组织与地点,西游记
西游记_人物_太上老君_0,西游记_物品_九转还魂丹_0,创造,[{'39': '太上老君炼制九转还魂丹，从葫芦中倒出一粒给孙悟空。'}],人物与物品,西游记
西游记_地点_东海_0,西游记_地点_水晶宫_0,隶属,[{'41': '水晶宫位于东洋大海之中，是东海龙王的宫殿。'}],地点与地点,西游记
西游记_人物_佑圣真君_0,西游记_组织_三十六员雷将_0,领导,[{'7': '佑圣真君差将佐发文调三十六员雷将围困大圣'}],人物与组织,西游记
西游记_人物_善胜皇后_0,西游记_人物_荡魔天尊_0,亲属,[{'66': '善胜皇后是荡魔天尊的母亲，梦吞日光怀孕而生祖师'}],人物与人物,西游记
西游记_人物_三魔_0,西游记_地点_虎狼城_0,居住,[{'76': '三魔的城池在向西四百余里处，原是天朝国，现为虎狼城。'}],人物与地点,西游记
西游记_人物_寇洪_0,西游记_物品_万僧不阻之牌_0,持有,[{'96': '寇员外家门前挂着万僧不阻之牌。'}],人物与物品,西游记
西游记_人物_孙悟空_0,西游记_技能_三昧真火_0,掌握,[{'7': '大圣运用三昧火将蟠桃、御酒、仙丹煅成一块'}],人物与技能,西游记
西游记_人物_猪八戒_0,西游记_人物_玉皇大帝_0,上下级,[{'19': '玉皇敕封猪八戒为天蓬元帅，总督天河。'}],人物与人物,西游记
西游记_人物_孙悟空_0,西游记_技能_悬丝诊脉_0,掌握,[{'68': '孙悟空声称会用悬丝诊脉之术。'}],人物与技能,西游记
西游记_人物_白雄尊者_0,西游记_物品_无字经_0,争夺,[{'98': '白雄尊者奉燃灯古佛之命追赶唐僧，将马驮的无字经包抢去并捽碎抛落尘埃，使唐僧发现经本无字。'}],人物与物品,西游记
西游记_人物_孙悟空_0,西游记_组织_一十八位护教伽蓝_0,合作,[{'21': '护法伽亮点化仙庄，赠孙悟空三花九子膏医治眼痛，并留下颂子鼓励。'}],人物与组织,西游记
西游记_地点_水帘洞_0,西游记_组织_傲来国_0,驻扎,[{'74': '傲来国是花果山水帘洞所在的国家，孙悟空祖居于此。'}],组织与地点,西游记
西游记_人物_泼法金刚_0,西游记_人物_牛魔王_0,对立,[{'61': '泼法金刚奉佛祖命阻拦牛魔王'}],人物与人物,西游记
西游记_人物_金圣娘娘_0,西游记_物品_黄金宝串_0,持有,[{'70': '黄金宝串原是金圣娘娘手上所带的心爱之物'}],人物与物品,西游记
西游记_地点_莲花池_0,西游记_地点_普陀山_0,隶属,[{'22': '普陀山宝莲池畔，菩萨与龙女看花。'}],地点与地点,西游记
西游记_人物_有来有去_0,西游记_人物_赛太岁_0,上下级,[{'70': '有来有去是赛太岁心腹小校，奉命下战书'}],人物与人物,西游记
西游记_人物_猪八戒_0,西游记_地点_福陵山_0,出身,[{'100': '猪八戒原是福陵山云栈洞人氏'}],人物与地点,西游记
西游记_人物_如意真仙_0,西游记_人物_孙悟空_0,对立,[{'53': '如意真仙因红孩儿之事怨恨孙悟空，拒绝给水并与之交战。'}],人物与人物,西游记
西游记_人物_北海龙王敖顺_0,西游记_人物_唐三藏_0,合作,[{'77': '北海龙王奉孙悟空之命护持唐僧不被蒸坏'}],人物与人物,西游记
西游记_人物_孙悟空_0,西游记_人物_敖顺_1,对立,[{'43': '孙悟空持简帖质问西海龙王，责其外甥作恶，龙王赔罪。'}],人物与人物,西游记
西游记_人物_虎先锋_0,西游记_物品_虎皮_1,持有,[{'20': '虎先锋剥下自身虎皮用于伪装'}],人物与物品,西游记
西游记_地点_钟楼_0,西游记_地点_镇海禅林寺_0,隶属,[{'80': '钟楼是镇海禅林寺内的建筑，本回中描述钟楼崩坏。'}],地点与地点,西游记
西游记_地点_潮音洞_0,西游记_地点_普陀山_0,隶属,[{'8': '潮音洞在落伽山上'}],地点与地点,西游记
西游记_人物_朱紫国王_0,西游记_物品_甘雨_0,持有,[{'69': '国王收集东海龙王降下的甘雨约三盏，用于送服乌金丹'}],人物与物品,西游记
西游记_地点_长安城北_0,西游记_组织_唐朝_0,驻扎,[{'68': '长安城北是大唐都城北郊，泾河龙王所在。'}],组织与地点,西游记
西游记_人物_金皘山山神土地_0,西游记_地点_金皘山_0,守护,[{'53': '金皘山山神土地出现在金皘山，给唐僧师徒送饭。'}],人物与地点,西游记
西游记_人物_猪八戒_0,西游记_人物_白龙马_0,合作,[{'30': '小白龙劝八戒去请孙大圣救师父，八戒同意前往。'}],人物与人物,西游记
西游记_地点_御花园_1,西游记_地点_永镇华夷阁_0,隶属,[{'94': '永镇华夷阁是御花园中的阁楼'}],地点与地点,西游记
西游记_地点_天竺国_0,西游记_地点_彩楼_0,隶属,[{'95': '彩楼是天竺国中搭建的楼阁，假公主在此抛绣球'}],地点与地点,西游记
西游记_组织_西天_0,西游记_组织_雷音寺_0,隶属,"[{'52': '雷音寺在灵山，八大金刚守护山门。'}, {'98': '雷音寺位于灵山之巅，属于灵山佛祖圣境范围内的古刹。'}]",组织与组织,西游记
西游记_人物_观世音菩萨_0,西游记_地点_都土地庙_0,居住,[{'10': '观音菩萨住在长安城都土地庙里，夜闻鬼泣神号。'}],人物与地点,西游记
西游记_人物_老杨_0,西游记_人物_老杨的儿子_0,亲属,[{'56': '老杨是老者，七十四岁，其子不肖，专好打家截道，被孙悟空打死。'}],人物与人物,西游记
西游记_人物_狐阿七大王_0,西游记_人物_猪八戒_0,对立,[{'35': '猪八戒追赶上狐阿七大王，一钯将其筑死。'}],人物与人物,西游记
西游记_人物_明月_0,西游记_人物_清风_0,合作,[{'25': '清风与明月一起看守观门，并共同发现人参果被偷后责骂唐僧师徒。'}],人物与人物,西游记
西游记_人物_小张太子_0,西游记_物品_楮白枪_0,持有,[{'66': '小张太子使一条楮白枪，枪尖能缚怪'}],人物与物品,西游记
西游记_地点_水府_0,西游记_地点_通天河_0,隶属,[{'48': '水府位于通天河底，是通天河内的宫殿。'}],地点与地点,西游记
西游记_人物_先锋_0,西游记_人物_孙悟空_0,对立,[{'70': '孙悟空一棒打断先锋的长枪，先锋败走西方'}],人物与人物,西游记
西游记_人物_普贤菩萨_0,西游记_地点_峨眉山_0,居住,[{'77': '峨眉山是普贤菩萨的道场'}],人物与地点,西游记
西游记_人物_寿星_0,西游记_物品_蟠龙拐杖_0,持有,[{'79': '蟠龙拐杖是寿星的物品，被白鹿偷走下界使用，寿星收回时指出拐杖被偷。'}],人物与物品,西游记
西游记_人物_观世音菩萨_0,西游记_物品_金箍儿_1,持有,"[{'42': '观音取金箍儿变作五个套住红孩儿'}, {'43': '菩萨用金箍戴在童子颈项手足上，见肉生根。'}]",人物与物品,西游记
西游记_人物_万圣龙王_0,西游记_人物_灞波儿奔_0,上下级,[{'62': '灞波儿奔是万圣龙王差来巡塔的小卒。'}],人物与人物,西游记
西游记_人物_青毛狮子怪_0,西游记_地点_狮驼洞_0,居住,[{'74': '大大王与二大王久住在狮驼岭狮驼洞。'}],人物与地点,西游记
西游记_人物_伽叶_0,西游记_地点_宝阁_0,守护,[{'98': '伽叶作为如来尊者，与阿傩一同在宝阁检经传与唐僧。'}],人物与地点,西游记
西游记_人物_王母娘娘_0,西游记_人物_红衣仙女_0,上下级,[{'5': '王母娘娘差遣红衣仙女等七衣仙女去蟠桃园摘桃。'}],人物与人物,西游记
西游记_人物_孙悟空_0,西游记_物品_人参果_0,持有,[{'24': '行者用锦布直裰兜住三个人参果'}],人物与物品,西游记
西游记_人物_姜乾一_0,西游记_人物_姜坤三_0,亲属,[{'97': '姜乾一是姜坤三的伯父，显魂劝其释放唐僧'}],人物与人物,西游记
西游记_人物_乌鸡国国王_0,西游记_人物_全真_0,对立,"[{'37': '全真将乌鸡国国王推入御花园八角琉璃井中害死，自己变作国王模样篡位'}, {'38': '全真将乌鸡国王推入御花园八角琉璃井中淹死，自己变作国王模样侵占了龙位'}]",人物与人物,西游记
西游记_人物_孙悟空_0,西游记_物品_紫金铃_0,持有,[{'71': '孙悟空变作春娇骗得赛太岁金铃，后用毫毛变作假铃调换，将真铃藏在腰间。'}],人物与物品,西游记
西游记_人物_唐三藏_0,西游记_人物_羊力大仙_0,对立,[{'45': '羊力大仙与唐僧师徒对立，参与陷害'}],人物与人物,西游记
西游记_人物_夜游神_0,西游记_组织_天庭_0,归属,[{'33': '夜游神为天庭神祇，与日游神一同被孙悟空唤去奏玉帝。'}],人物与组织,西游记
西游记_人物_红孩儿_0,西游记_物品_如意皮袋_0,持有,"[{'41': '红孩儿有一个如意皮袋，用于装人，曾将八戒装入袋内。'}, {'42': '红孩儿用如意袋吊住猪八戒，欲蒸食'}]",人物与物品,西游记
西游记_人物_金角大王_0,西游记_地点_兜率宫_0,居住,[{'35': '金角大王原是太上老君看金炉的童子，居住在兜率院。'}],人物与地点,西游记
西游记_人物_羊力大仙_0,西游记_技能_冷龙_0,掌握,[{'46': '羊力大仙炼成冷龙，能护住油锅底部使滚油冰冷'}],人物与技能,西游记
西游记_地点_幽冥_0,西游记_组织_地府_0,驻扎,[{'58': '地府掌管幽冥界，十殿阎王在此理事。'}],组织与地点,西游记
西游记_人物_唐三藏_0,西游记_物品_盘缠_0,持有,[{'101': '玄奘将盘缠留给婆婆张氏安身。'}],人物与物品,西游记
西游记_地点_西门街_0,西游记_地点_长安城_0,隶属,[{'9': '西门街是长安城内的街道。'}],地点与地点,西游记
西游记_人物_孙悟空_0,西游记_人物_百花羞_0,合作,[{'31': '孙悟空应公主请托，降服奎木狼，带公主回朝。'}],人物与人物,西游记
西游记_人物_孙悟空_0,西游记_技能_松箍儿咒_0,缺失,[{'27': '悟空希望唐僧念松箍儿咒取下金箍，但唐僧表示没有此咒。'}],人物与技能,西游记
西游记_地点_白云洞_0,西游记_地点_蓬莱仙境_0,隶属,[{'26': '白云洞位于蓬莱仙境中，三星在白云洞外松阴下围棋。'}],地点与地点,西游记
西游记_人物_托塔李天王_0,西游记_人物_老夫人_0,亲属,[{'83': '金鼻白毛老鼠精因偷香花宝烛被饶恕后拜李天王为父'}],人物与人物,西游记
西游记_人物_全真_0,西游记_技能_呼风唤雨_0,掌握,[{'37': '全真能登坛祈祷，令牌响处顷刻降下大雨'}],人物与技能,西游记
西游记_人物_七个蜘蛛精_0,西游记_技能_丝绳法术_0,掌握,[{'72': '妖精从腰眼中冒出丝绳，能瞒天搭丝篷、放绊脚索。'}],人物与技能,西游记
西游记_地点_暴纱亭_0,西游记_地点_王府_0,隶属,[{'89': '暴纱亭是玉华州王府中的一处亭子。'}],地点与地点,西游记
西游记_人物_白龙马_0,西游记_技能_避水诀_0,掌握,[{'30': '小白龙使用逼水法斟酒，酒高出杯口而不漫出。'}],人物与技能,西游记
西游记_人物_文殊_0,西游记_地点_五台山_0,居住,[{'65': '唐僧提及文殊菩萨在五台道场。'}],人物与地点,西游记
西游记_人物_猪八戒_0,西游记_组织_天庭_0,归属,"[{'19': '猪八戒原为天蓬元帅，隶属天庭。'}, {'94': '猪八戒曾官赐天蓬元帅，归属天庭'}]",人物与组织,西游记
西游记_地点_东极妙岩宫_0,西游记_地点_青华长乐界_0,隶属,[{'90': '东极妙岩宫位于青华长乐界'}],地点与地点,西游记
西游记_人物_四值功曹_0,西游记_组织_护教诸神_0,归属,[{'30': '功曹是护教诸神之一，在半空中护佑唐僧。'}],人物与组织,西游记
西游记_人物_国丈_0,西游记_人物_孙悟空_0,对立,"[{'78': '行者识破国丈是妖邪，国丈欲取唐僧心肝，行者暗中对抗并准备除妖。'}, {'79': '孙悟空识破国丈为妖精，与之大战，从半空杀到洞中，最终由寿星收服。'}]",人物与人物,西游记
西游记_人物_先锋小妖_0,西游记_人物_南山大王_0,上下级,[{'85': '老妖采纳先锋小妖的计策，并封其为前部先锋'}],人物与人物,西游记
西游记_地点_獬豸洞_0,西游记_地点_麒麟山_0,隶属,"[{'69': '獬豸洞位于麒麟山'}, {'70': '獬豸洞位于麒麟山中'}, {'71': '獬豸洞位于麒麟山中，是赛太岁的洞府。'}]",地点与地点,西游记
西游记_人物_观世音菩萨_0,西游记_人物_善财龙女_0,上下级,[{'58': '龙女是观音菩萨身边的龙女，随菩萨降莲台出门。'}],人物与人物,西游记
西游记_人物_木叉行者_0,西游记_物品_红葫芦_0,持有,[{'22': '惠岸捧定葫芦。'}],人物与物品,西游记
西游记_人物_牛魔王_0,西游记_人物_铁扇公主_0,亲属,"[{'59': '牛魔王与铁扇公主是夫妻，樵夫称铁扇公主为“大力牛魔王妻”。'}, {'60': '牛魔王是铁扇公主的丈夫，因玉面公主久不回顾。'}, {'61': '牛魔王与罗刹女是夫妻'}]",人物与人物,西游记
西游记_人物_青毛狮子怪_0,西游记_物品_钢刀_2,持有,"[{'75': '青毛狮子怪使用钢刀与孙大圣对战。'}, {'76': '老魔使用钢刀砍劈。'}, {'77': '狮王使用钢刀，锋利无情'}]",人物与物品,西游记
西游记_人物_二王子_0,西游记_人物_孙悟空_0,上下级,[{'90': '孙大圣收二王子为徒，传授武艺'}],人物与人物,西游记
西游记_人物_三王子_0,西游记_物品_乌油黑棒子_0,持有,[{'88': '三王子使用乌油黑棒子作为兵器。'}],人物与物品,西游记
西游记_人物_孙悟空_0,西游记_物品_舍利子玲珑内丹_0,持有,[{'31': '孙悟空从奎木狼口中骗取并吸入舍利子玲珑内丹。'}],人物与物品,西游记
西游记_人物_孙悟空_0,西游记_人物_钦法国国王_0,对立,[{'84': '孙悟空为保护唐僧潜入皇宫剃光国王头发'}],人物与人物,西游记
西游记_人物_井龙王_0,西游记_物品_定颜珠_1,持有,[{'38': '井龙王用定颜珠定住乌鸡国王尸首，使其三年不坏，并告知猪八戒'}],人物与物品,西游记
西游记_人物_孙悟空_0,西游记_组织_十殿阎王_0,对抗,[{'3': '孙悟空大闹幽冥界，强销生死簿，十代冥王不敢相近。'}],人物与组织,西游记
西游记_地点_海心里_0,西游记_地点_西洋大海_0,隶属,[{'92': '海心里是西洋大海深处。'}],地点与地点,西游记
西游记_人物_倚海龙_0,西游记_地点_莲花洞_0,居住,[{'34': '倚海龙是莲花洞的常随小妖，住在洞中。'}],人物与地点,西游记
西游记_人物_羊力大仙_0,西游记_地点_小茅山_0,出身,[{'46': '羊力在小茅山学来大开剥法术，包括冷龙护体等旁门左道'}],人物与地点,西游记
西游记_人物_六丁六甲_0,西游记_人物_唐三藏_0,合作,[{'29': '六丁六甲暗中保护唐僧，助八戒沙僧战斗'}],人物与人物,西游记
西游记_人物_金池长老_0,西游记_地点_观音院_0,居住,[{'17': '金池长老是观音院的老和尚，长期住持该院。'}],人物与地点,西游记
西游记_人物_孙悟空_0,西游记_人物_玉皇大帝_0,上下级,"[{'4': '玉帝封孙悟空为弼马温，后改封为齐天大圣，有官无禄。'}, {'87': '孙悟空向玉帝请旨降雨，玉帝因善念传旨，玉帝为天庭主宰。'}, {'92': '孙悟空向玉帝奏请降妖，玉帝下旨派四木禽星相助。'}]",人物与人物,西游记
西游记_人物_唐太宗_0,西游记_人物_泾河龙王_0,对立,"[{'10': '泾河龙王因唐太宗许诺救而未救，被魏征梦斩，后提血淋首级向太宗索命。'}, {'29': '唐天子失救泾河老龙，导致老龙被斩'}]",人物与人物,西游记
西游记_人物_快如风_0,西游记_人物_红孩儿_0,上下级,[{'41': '快如风是红孩儿手下的六健将之一，听命于红孩儿。'}],人物与人物,西游记
西游记_人物_先锋小妖_0,西游记_人物_狮驼岭大王_0,上下级,[{'85': '先锋小妖曾在狮驼岭狮驼洞跟随狮驼岭大王，后逃来此处'}],人物与人物,西游记
西游记_人物_摩昂_0,西游记_物品_铁钩子_0,持有,[{'92': '摩昂用铁钩子穿犀牛鼻。'}],人物与物品,西游记
西游记_人物_葛仙翁_0,西游记_组织_四大天师_0,归属,[{'51': '葛仙翁是四天师之一，在灵霄殿前笑孙悟空前倨后恭。'}],人物与组织,西游记
西游记_人物_五方揭谛_0,西游记_人物_唐三藏_0,合作,[{'29': '五方揭谛暗中保护唐僧，助八戒沙僧战斗'}],人物与人物,西游记
西游记_地点_宝阁_1,西游记_地点_小雷音寺_0,隶属,[{'66': '宝阁是小雷音寺内的阁楼，黄眉大王聚众怪于此'}],地点与地点,西游记
西游记_人物_观世音菩萨_0,西游记_技能_唵囒静法界乾元亨利贞咒_0,掌握,[{'42': '观音念唵字咒语唤出土地众神，并使天罡刀变倒须钩'}],人物与技能,西游记
西游记_人物_观世音菩萨_0,西游记_技能_紧箍儿咒_0,掌握,[{'71': '观音菩萨以念紧箍儿咒威胁孙悟空，令其交出金铃。'}],人物与技能,西游记
西游记_地点_幽冥_0,西游记_地点_翠云宫_0,隶属,"[{'58': '翠云宫位于幽冥，为地藏王菩萨居所。'}, {'97': '翠云宫位于幽冥地界'}]",地点与地点,西游记
西游记_人物_拂云叟_0,西游记_人物_猪八戒_0,对立,[{'64': '猪八戒用钉钯将拂云叟（竹精）筑倒。'}],人物与人物,西游记
西游记_人物_须菩提祖师_0,西游记_技能_显密圆通真妙诀_0,传授,[{'2': '菩提祖师传授孙悟空长生妙诀。'}],人物与技能,西游记
西游记_人物_如来佛祖_0,西游记_组织_五百罗汉_0,领导,[{'58': '五百阿罗在雷音寺听如来说法，后围住六耳猕猴。'}],人物与组织,西游记
西游记_人物_阿傩_0,西游记_地点_宝阁_0,守护,[{'98': '阿傩作为如来尊者，负责在宝阁开柜取经并传与唐僧。'}],人物与地点,西游记
西游记_人物_张氏_0,西游记_人物_唐三藏_0,亲属,[{'101': '张氏是玄奘的祖母，玄奘寻到婆婆相认。'}],人物与人物,西游记
西游记_人物_孙悟空_0,西游记_人物_鹏魔王_0,亲密,"[{'3': '孙悟空与鹏魔王等结为七弟兄。'}, {'4': '孙悟空与鹏魔王等六弟兄结义，互称大圣。'}]",人物与人物,西游记
西游记_组织_朱紫国_0,西游记_组织_锦衣校尉_0,隶属,[{'68': '锦衣校尉是朱紫国侍卫机构，负责看管皇榜。'}],组织与组织,西游记
西游记_人物_猪八戒_0,西游记_人物_青毛狮子怪_0,对立,"[{'76': '老魔举钢刀砍猪八戒。'}, {'77': '狮王咬住猪八戒擒入城中'}]",人物与人物,西游记
西游记_人物_刘伯钦_0,西游记_物品_弓箭_0,持有,[{'13': '刘伯钦腰悬毒药弓矢，用于狩猎'}],人物与物品,西游记
西游记_人物_熊罴怪_0,西游记_人物_白衣秀士_0,亲密,[{'17': '黑熊精邀请白衣秀士参加佛衣会，白衣秀士称年年与大王上寺。'}],人物与人物,西游记
西游记_地点_八角琉璃井_0,西游记_地点_花园_1,隶属,[{'39': '八角琉璃井位于乌鸡国御花园中，国王尸首被投入此井。'}],地点与地点,西游记
西游记_人物_独角兕大王_0,西游记_技能_三头六臂_0,掌握,[{'51': '兕怪见哪吒变作三头六臂，也变作三头六臂，三柄长枪抵住。'}],人物与技能,西游记
西游记_人物_六丁六甲_0,西游记_人物_沙悟净_0,合作,[{'29': '六丁六甲在空中助战八戒沙僧'}],人物与人物,西游记
西游记_人物_牛魔王_0,西游记_人物_红孩儿_0,亲属,"[{'40': '牛魔王是红孩儿的父亲。'}, {'41': '牛魔王是红孩儿的父亲，红孩儿称牛魔王为老大王，孙悟空亦言牛魔王乃红孩儿之父。'}, {'53': '如意真仙提及红孩儿是牛魔王的儿子。'}, {'59': '牛魔王是红孩儿的父亲，根据铁扇公主是牛魔王之妻且红孩儿为其子推断。'}]",人物与人物,西游记
西游记_组织_可韩司_0,西游记_组织_天庭_0,隶属,[{'51': '可韩司是天庭下属部门，负责查勘诸天星宿。'}],组织与组织,西游记
西游记_地点_御花园_0,西游记_组织_乌鸡国_0,驻扎,[{'38': '御花园是乌鸡国皇宫内的花园，乌鸡国管辖该地点'}],组织与地点,西游记
西游记_人物_哪吒三太子_0,西游记_人物_孙悟空_0,合作,"[{'33': '哪吒在南天门展开皂雕旗帮助孙悟空装天哄骗小妖。'}, {'51': '孙悟空请托塔李天王和哪吒太子下界助阵擒魔，共同对抗兕怪。'}, {'61': '哪吒与孙大圣合力降服牛魔王'}]",人物与人物,西游记
西游记_地点_凤仙郡_0,西游记_地点_天竺国_0,隶属,[{'87': '凤仙郡是天竺国外郡。'}],地点与地点,西游记
西游记_人物_孙悟空_0,西游记_人物_老夫人_0,对立,[{'82': '孙大圣钻入老夫人腹中制服她'}],人物与人物,西游记
西游记_人物_五方揭谛_0,西游记_人物_孙悟空_0,上下级,[{'78': '行者拘唤五方揭谛，命其将鹅笼小儿摄出城外收藏。'}],人物与人物,西游记
西游记_人物_孙悟空_0,西游记_技能_避火诀_0,掌握,"[{'35': '孙大圣捻避火诀纵筋斗云跳出大火。'}, {'41': '孙大圣捏着避火诀撞入红孩儿火中寻妖。'}, {'59': '孙悟空掌握避火诀，但此次未使用导致毫毛被烧。'}, {'75': '孙大圣在阴阳二气瓶中遇火焰时捻避火诀，全然不惧。'}]",人物与技能,西游记
西游记_组织_西天_0,西游记_地点_大雷音寺_0,驻扎,"[{'62': '大雷音寺位于灵山，是如来所在之处。'}, {'87': '灵山为大雷音寺所在，如来佛祖驻地。'}]",组织与地点,西游记
西游记_人物_天竺国王_0,西游记_人物_素娥仙子_0,亲属,[{'95': '天竺国王与皇后在布金寺认出真公主，抱头痛哭，素娥乃其亲生女儿'}],人物与人物,西游记
西游记_人物_孙悟空_0,西游记_物品_立帝货_0,创造,[{'37': '孙悟空用毫毛变作红金漆匣，自称立帝货，能知一千五百年事'}],人物与物品,西游记
西游记_组织_司礼监_0,西游记_组织_朱紫国_0,隶属,[{'68': '司礼监是朱紫国内宫机构，太监们所属。'}],组织与组织,西游记
西游记_人物_凌虚子_0,西游记_人物_熊罴怪_0,亲密,[{'17': '黑熊精邀请凌虚子参加母难之日的佛衣会，称其为友。'}],人物与人物,西游记
西游记_人物_南山大王_0,西游记_地点_隐雾山折岳连环洞_0,居住,[{'86': '南山大王居于隐雾山折岳连环洞，洞门上有八个大字'}],人物与地点,西游记
西游记_人物_唐三藏_0,西游记_人物_陈关保_0,亲密,[{'99': '陈关保叩谢唐僧救命之恩。'}],人物与人物,西游记
西游记_人物_唐三藏_0,西游记_人物_银角大王_0,对立,[{'32': '银角大王奉金角之命，带影神图巡山，意图捉拿唐僧。'}],人物与人物,西游记
西游记_人物_唐三藏_0,西游记_地点_金山_0,居住,[{'11': '陈玄奘幼年被迁安和尚收养在海岛金山。'}],人物与地点,西游记
西游记_人物_朱紫国王_0,西游记_组织_光禄寺_3,领导,[{'69': '国王命光禄寺在东阁设宴酬谢唐僧师徒'}],人物与组织,西游记
西游记_人物_凌空子_0,西游记_人物_唐三藏_0,亲密,[{'64': '凌空子与唐僧联句作诗，参与诗会。'}],人物与人物,西游记
西游记_人物_大力金刚_0,西游记_地点_须弥山摩耳崖_0,居住,[{'61': '大力金刚修行于须弥山摩耳崖'}],人物与地点,西游记
西游记_人物_车迟国国王_0,西游记_物品_通关文牒_0,持有,[{'46': '国王持有通关文牒，在赌赛初想放行唐僧时用了宝印，后因道士反对收回'}],人物与物品,西游记
西游记_人物_虎力大仙_0,西游记_人物_鹿力大仙_0,合作,"[{'45': '虎力大仙与鹿力大仙同为车迟国国师，一同兴道灭僧、与唐僧师徒斗法'}, {'46': '虎力与鹿力为师兄弟，共同设难与唐僧师徒赌赛，鹿力曾助虎力用臭虫害唐僧'}]",人物与人物,西游记
西游记_人物_云程万里鹏_0,西游记_地点_狮驼国_0,居住,[{'74': '云程万里鹏原住处狮驼国，五百年前吃尽满城人，夺了江山。'}],人物与地点,西游记
西游记_人物_鲁班_0,西游记_物品_降妖棒_0,创造,[{'22': '吴刚伐下一枝来，鲁班制造工夫盖。'}],人物与物品,西游记
西游记_人物_孙悟空_0,西游记_人物_镇元子_0,对立,"[{'25': '孙行者偷吃并推倒人参果树，与镇元仙多次争斗被擒拿。'}, {'26': '孙悟空偷吃人参果并推倒果树，与镇元大仙赌斗，被其擒拿，后约定医树和解。'}]",人物与人物,西游记
西游记_人物_三宫皇后_0,西游记_物品_山河社稷袄_0,持有,[{'46': '三宫皇后亲手将山河社稷袄放入朱红漆柜中用于猜枚'}],人物与物品,西游记
西游记_人物_九头驸马_0,西游记_物品_舍利子_0,持有,[{'62': '九头驸马与龙王一同偷了舍利子佛宝。'}],人物与物品,西游记
西游记_地点_元会县_0,西游记_地点_车迟国_0,隶属,[{'47': '陈家庄属车迟国元会县所管，元会县是车迟国的下属县。'}],地点与地点,西游记
西游记_人物_唐三藏_0,西游记_人物_金顶大仙_0,合作,[{'98': '金顶大仙在玉真观接待唐僧师徒，安排沐浴安歇，次日亲自送行并指引灵山之路。'}],人物与人物,西游记
西游记_人物_荡魔天尊_0,西游记_地点_武当山_0,居住,"[{'65': '孙悟空思忆荡魔天尊现在南赡部洲武当山上。'}, {'66': '荡魔天尊静享武当山，安逸太和宫'}]",人物与地点,西游记
西游记_人物_朱紫国王_0,西游记_人物_金圣娘娘_0,亲属,[{'69': '金圣宫是国王的正宫王后，三年前被赛太岁摄走，国王因此忧思成疾'}],人物与人物,西游记
西游记_人物_猪八戒_0,西游记_人物_黄牙老象_0,对立,[{'76': '二魔用鼻子卷住猪八戒，擒入洞中。'}],人物与人物,西游记
西游记_人物_魏征_0,西游记_技能_仙术_0,掌握,[{'11': '魏征自幼得授仙术，推算最明，断言太宗不死。'}],人物与技能,西游记
西游记_人物_如来佛祖_0,西游记_组织_八菩萨_0,领导,[{'7': '如来对八菩萨道‘汝等在此稳坐法庭’，率众前往降妖'}],人物与组织,西游记
西游记_人物_如意真仙_0,西游记_地点_聚仙庵_0,守护,[{'53': '如意真仙将破儿洞改为聚仙庵，护住落胎泉水。'}],人物与地点,西游记
西游记_人物_太上老君_0,西游记_物品_八卦炉_0,持有,[{'7': '老君将悟空推入八卦炉中，命架火童子煽火煅炼'}],人物与物品,西游记
西游记_人物_三王子_0,西游记_人物_孙悟空_0,上下级,[{'90': '孙大圣收三王子为徒，传授武艺'}],人物与人物,西游记
西游记_人物_银角大王_0,西游记_物品_紫金红葫芦_0,持有,"[{'33': '二魔拥有紫金红葫芦，交给精细鬼去装孙悟空。'}, {'34': '二魔持有葫芦，曾用此宝装了者行孙（孙行者假名），后被孙行者偷回。'}, {'35': '银角大王用紫金红葫芦装人，后被孙大圣夺走。'}]",人物与物品,西游记
西游记_人物_孙悟空_0,西游记_人物_真官_0,上下级,[{'78': '行者拘唤真官，命其协助救助小儿。'}],人物与人物,西游记
西游记_地点_地灵县_0,西游记_地点_寇员外家_0,隶属,"[{'96': '寇员外家位于地灵县南北街。'}, {'97': '寇家位于铜台府地灵县城内'}]",地点与地点,西游记
西游记_人物_二郎显圣真君_0,西游记_物品_银弹_0,持有,[{'63': '二郎神用银弹配金弓射击九头虫。'}],人物与物品,西游记
西游记_人物_孙悟空_0,西游记_物品_锦襕袈裟_0,持有,[{'17': '孙行者最终从熊罴怪处夺回锦襕佛衣，捧还师父。'}],人物与物品,西游记
西游记_人物_朱紫国王_0,西游记_人物_金圣娘娘_0,亲密,[{'70': '朱紫国王与金圣娘娘为夫妻，国王思念娘娘，娘娘也心系国王'}],人物与人物,西游记
西游记_人物_玉皇大帝_0,西游记_人物_托塔李天王_0,上下级,"[{'51': '玉帝派托塔李天王率领众部天兵下界助孙悟空擒魔。'}, {'83': '玉皇大帝下旨，托塔李天王奉旨点兵降妖'}]",人物与人物,西游记
西游记_人物_青毛狮子怪_0,西游记_物品_宝刀_0,持有,[{'39': '狮猁王逃跑时夺了镇殿将军的宝刀作为兵器。'}],人物与物品,西游记
西游记_人物_银角大王_0,西游记_物品_芭蕉扇_0,持有,[{'34': '二魔身边有芭蕉扇，提及但本回未使用。'}],人物与物品,西游记
西游记_人物_孙悟空_0,西游记_人物_白龙马_0,对立,[{'15': '玉龙三太子吞食唐僧白马，孙悟空与之激烈战斗，将其打得潜逃。'}],人物与人物,西游记
西游记_人物_赛太岁_0,西游记_组织_朱紫国_0,对抗,[{'71': '赛太岁差小校送战书索要金圣宫娘娘，与朱紫国为敌。'}],人物与组织,西游记
西游记_人物_孙悟空_0,西游记_地点_齐天大圣府_0,居住,[{'4': '玉帝命建造齐天大圣府，孙悟空到府居住，欢饮御酒。'}],人物与地点,西游记
西游记_地点_智渊寺_0,西游记_地点_车迟国_0,隶属,"[{'44': '智渊寺位于车迟国城中。'}, {'45': '智渊寺位于车迟国中'}]",地点与地点,西游记
西游记_人物_灵吉菩萨_0,西游记_人物_黄风怪_0,对立,[{'59': '灵吉菩萨曾用飞龙杖降服黄风怪。'}],人物与人物,西游记
西游记_人物_翰林院大学士_0,西游记_组织_翰林院_1,归属,[{'29': '翰林院大学士隶属翰林院，奉命在殿上朗读家书'}],人物与组织,西游记
西游记_人物_井龙王_0,西游记_人物_猪八戒_0,合作,[{'38': '井龙王迎接猪八戒入水晶宫，告知定颜珠定住国王尸首，并劝八戒驮尸出去见齐天大圣'}],人物与人物,西游记
西游记_地点_宝象国_0,西游记_地点_碗子山波月洞_0,相邻,[{'30': '碗子山在宝象国城东三百里。'}],地点与地点,西游记
西游记_人物_孙悟空_0,西游记_物品_牌位香炉_0,持有,[{'83': '孙悟空从妖精洞中取出牌位香炉作为告御状的证见'}],人物与物品,西游记
西游记_人物_托塔李天王_0,西游记_人物_哪吒三太子_0,亲属,"[{'42': '托塔李天王唤哪吒取天罡刀，哪吒是其子'}, {'51': '哪吒太子是托塔李天王的第三个孩儿，父子关系。'}, {'83': '哪吒是托塔李天王的儿子'}]",人物与人物,西游记
西游记_人物_唐三藏_0,西游记_物品_九环锡杖_0,持有,"[{'12': '玄奘受太宗赐予九环锡杖，持杖行道'}, {'18': '三藏手持锡杖，高太公曾质疑能否打妖精'}, {'20': '三藏拄着九环锡杖'}, {'23': '九环杖是唐僧的随身物品，列为行李之一，由猪八戒担着。'}, {'36': '唐三藏进山门前丢了锡杖，整衣合掌。'}, {'47': '唐僧拖着锡杖到陈家庄门前借宿。'}, {'48': '唐僧在冰上行走时横担九环锡杖以防落水。'}, {'78': '唐僧手持九环锡杖。'}, {'94': '唐僧举禅杖责打八戒'}, {'96': '行者将九环杖递在唐僧手里。'}]",人物与物品,西游记
西游记_人物_孙悟空_0,西游记_组织_沙门_0,归属,[{'14': '孙悟空皈依沙门，做了行者'}],人物与组织,西游记
西游记_人物_二郎显圣真君_0,西游记_物品_金弓_0,持有,"[{'6': '二郎神腰挎弹弓，曾用弹弓打中齐天大圣变的花鸨。'}, {'63': '二郎神用金弓装上银弹打九头虫。'}]",人物与物品,西游记
西游记_人物_护教伽蓝_0,西游记_人物_观世音菩萨_0,上下级,[{'99': '观音菩萨派遣护教伽蓝保护唐僧，现缴法旨。'}],人物与人物,西游记
西游记_人物_西梁女国女王_0,西游记_物品_龙车_0,持有,[{'54': '女王乘坐龙车（凤辇）出城迎接唐僧。'}],人物与物品,西游记
西游记_人物_井木犴_0,西游记_组织_二十八宿_0,归属,[{'92': '井木犴是二十八宿之一。'}],人物与组织,西游记
西游记_人物_孙悟空_0,西游记_物品_引袋_0,持有,[{'93': '孙悟空拿着引袋陪同唐僧去朝见'}],人物与物品,西游记
西游记_人物_鹿力大仙_0,西游记_技能_禳星_0,掌握,[{'44': '鹿力大仙在三清观参与禳星。'}],人物与技能,西游记
西游记_人物_唐三藏_0,西游记_技能_多心经_0,掌握,"[{'19': '唐僧受乌巢禅师传授《多心经》。'}, {'20': '三藏悟彻并常念《多心经》'}, {'43': '唐僧常念多心经，至今不忘。'}, {'45': '唐僧在坛上默念《密多心经》祈雨'}]",人物与技能,西游记
西游记_人物_东来佛祖_0,西游记_技能_禁字_0,传授,[{'66': '东来佛祖在孙悟空掌心写一禁字，使黄眉大王不思退步只顾追赶'}],人物与技能,西游记
西游记_人物_牛魔王_0,西游记_人物_胜至金刚_0,对立,[{'61': '胜至金刚奉佛旨擒拿牛魔王'}],人物与人物,西游记
西游记_人物_灵感大王_0,西游记_人物_陈澄_0,对立,[{'47': '灵感大王要吃陈澄的女儿一秤金，陈澄因此痛苦。'}],人物与人物,西游记
西游记_人物_井木犴_0,西游记_人物_辟寒大王_0,对立,[{'92': '井木犴现原身咬死辟寒大王。'}],人物与人物,西游记
西游记_人物_唐三藏_0,西游记_地点_会同馆_1,居住,[{'93': '唐僧师徒进入天竺国后，在会同馆驿歇宿'}],人物与地点,西游记
西游记_人物_秦广王_0,西游记_组织_地府_0,领导,[{'10': '秦广王是十代阎王之首，与诸王共同管理阴司。'}],人物与组织,西游记
西游记_人物_如来佛祖_0,西游记_组织_佛门_0,领导,[{'8': '如来是佛教的佛祖，统领诸佛菩萨'}],人物与组织,西游记
西游记_人物_黄眉老佛_0,西游记_物品_后天袋子_0,持有,"[{'65': '黄眉老佛使用白布搭包装走孙悟空、二十八宿等众神。'}, {'66': '黄眉大王偷取后天袋子，屡次将众神装走'}]",人物与物品,西游记
西游记_人物_土地_1,西游记_人物_孙悟空_0,上下级,[{'27': '行者念咒唤来当坊土地在半空中作证，防止白骨精逃走。'}],人物与人物,西游记
西游记_人物_二从者_0,西游记_人物_寅将军_0,对立,[{'13': '寅将军将二从者剖腹剜心吃掉'}],人物与人物,西游记
西游记_组织_四大天师_0,西游记_组织_天庭_0,隶属,[{'51': '四天师是天庭官员，负责传奏玉帝旨意。'}],组织与组织,西游记
西游记_地点_翠云山_0,西游记_地点_芭蕉洞_0,隶属,"[{'59': '芭蕉洞位于翠云山中，是铁扇公主的洞府。'}, {'60': '芭蕉洞位于翠云山之中。'}, {'61': '芭蕉洞位于翠云山之中'}]",地点与地点,西游记
西游记_人物_孙悟空_0,西游记_人物_羊力大仙_0,对立,"[{'45': '孙大圣假冒三清撒尿戏弄羊力大仙，双方敌对'}, {'46': '孙行者唤来北海龙王收走羊力护油的冷龙，羊力在滚油锅中骨脱皮焦肉烂而死'}]",人物与人物,西游记
西游记_人物_唐太宗_0,西游记_物品_紫金钵盂_0,持有,[{'12': '太宗赐玄奘紫金钵盂作为途中化斋之用'}],人物与物品,西游记
西游记_人物_孙悟空_0,西游记_物品_虎筋绦子_0,持有,[{'49': '孙悟空解下虎筋绦子，穿在老鼋鼻内当作缰绳，防止老鼋无礼。'}],人物与物品,西游记
西游记_地点_灭法国_0,西游记_地点_赵寡妇店_0,隶属,[{'84': '赵寡妇店位于灭法国城中'}],地点与地点,西游记
西游记_人物_独角兕大王_0,西游记_人物_托塔李天王_0,对立,[{'51': '托塔李天王与兕怪交战，见圈子败阵而走。'}],人物与人物,西游记
西游记_人物_万圣龙王_0,西游记_人物_奔波儿灞_0,上下级,[{'62': '奔波儿灞是万圣龙王差来巡塔的小卒。'}],人物与人物,西游记
西游记_地点_花果山_0,西游记_组织_奔芭二将军_0,驻扎,[{'28': '奔芭二将军在花果山管领众妖，迎接大圣回山'}],组织与地点,西游记
西游记_人物_奎木狼_0,西游记_物品_宝剑_0,持有,[{'30': '老妖腰间佩宝剑，曾递给宫娥舞剑。'}],人物与物品,西游记
西游记_人物_摩昂_0,西游记_组织_西海龙宫_0,归属,"[{'43': '摩昂是西海龙王太子，属于西海龙宫。'}, {'92': '摩昂是西海龙王太子，属于龙宫。'}]",人物与组织,西游记
西游记_人物_土地众神_0,西游记_人物_观世音菩萨_0,上下级,[{'42': '观音唤出本山土地众神打扫方圆三百里'}],人物与人物,西游记
西游记_人物_猪八戒_0,西游记_物品_白金_0,持有,[{'94': '猪八戒接了国王赠送的白金二十锭'}],人物与物品,西游记
西游记_人物_玉皇大帝_0,西游记_人物_角木蛟_0,上下级,[{'92': '玉帝下旨派角木蛟等四木禽星下界降妖。'}],人物与人物,西游记
西游记_人物_牛魔王_0,西游记_人物_猪八戒_0,对立,[{'61': '牛魔王与猪八戒交战'}],人物与人物,西游记
西游记_人物_沙悟净_0,西游记_物品_玻璃盏_1,持有,[{'94': '沙悟净曾持有玻璃盏，因失手打破而被贬'}],人物与物品,西游记
西游记_人物_唐太宗_0,西游记_组织_唐朝_0,领导,"[{'10': '唐太宗是大唐皇帝，统治大唐王朝。'}, {'11': '唐太宗是大唐的皇帝，统治国家。'}, {'12': '太宗是大唐皇帝，统治大唐'}, {'23': '唐王是东土大唐的君主，统帅国家，派遣唐僧取经。'}, {'36': '唐王是东土大唐的君王，统领大唐。'}, {'54': '唐王是大唐的皇帝，统治大唐天下。'}, {'68': '唐王是大唐的君主。'}, {'101': '唐太宗是大唐皇帝，统领天下。'}]",人物与组织,西游记
西游记_人物_牛魔王_0,西游记_物品_混铁棍_0,持有,[{'60': '牛魔王使用混铁棍与孙悟空金箍棒相斗。'}],人物与物品,西游记
西游记_地点_清华洞_0,西游记_地点_比丘国_0,隶属,[{'79': '柳林坡位于比丘国城南七十里处，属于比丘国地界。'}],地点与地点,西游记
西游记_人物_孙悟空_0,西游记_物品_御酒_0,持有,[{'4': '玉帝赐御酒两瓶，孙悟空在齐天大圣府与众尽饮。'}],人物与物品,西游记
西游记_人物_金鼻白毛老鼠精_0,西游记_物品_花鞋_0,持有,[{'81': '毛姹女脱左脚花鞋化作本身模样欺骗悟空。'}],人物与物品,西游记
西游记_地点_兔穴_0,西游记_地点_毛颖山_0,隶属,[{'95': '毛颖山中有三处兔穴，玉兔败逃后钻入其中一处藏匿'}],地点与地点,西游记
西游记_人物_猪八戒_0,西游记_人物_唐三藏_0,上下级,"[{'24': '唐三藏是师父，八戒是徒弟'}, {'27': '八戒是唐僧的二徒弟，本回中跟随师父身边并受其信任。'}, {'40': '唐僧是八戒的师父，八戒是唐僧的二徒弟。'}, {'41': '八戒是唐僧的徒弟，尊称唐僧为师父，共同保护取经。'}, {'46': '唐僧是八戒的师父，八戒称唐僧为师父'}, {'47': '唐僧是八戒的师父，八戒保护唐僧西天取经。'}, {'48': '唐僧是八戒的师父，八戒称唐僧为师父。'}, {'50': '唐僧是八戒的师父，八戒称唐僧为师父。'}, {'78': '唐僧是八戒的师父，八戒劝师父莫管闲事。'}, {'80': '八戒是唐僧的二徒弟，本回中唐僧叫八戒解救人质。'}, {'90': '唐僧是八戒的师父，指导其修行取经'}, {'93': '唐僧是猪八戒的师父，八戒为唐僧二徒弟'}]",人物与人物,西游记
西游记_人物_如来佛祖_0,西游记_物品_金钵盂_0,持有,[{'58': '如来将金钵盂撇起盖住变成蜜蜂的六耳猕猴。'}],人物与物品,西游记
西游记_人物_唐太宗_0,西游记_物品_通关文牒_0,创造,[{'12': '太宗写下取经文牒并用了通行宝印，赐予玄奘'}],人物与物品,西游记
西游记_人物_黄风怪_0,西游记_技能_三昧神风_0,掌握,[{'21': '黄风大圣能从巽地张口喷出三昧神风，威力极大，能吹天地暗鬼神愁。'}],人物与技能,西游记
西游记_人物_奎木狼_0,西游记_组织_二十八宿_0,归属,"[{'31': '奎木狼原系二十八宿之一的奎星，被其他星宿念咒召回。'}, {'92': '奎木狼是二十八宿之一。'}]",人物与组织,西游记
西游记_人物_火德星君_0,西游记_物品_火枪_0,持有,[{'51': '火德星君令火部神兵放火，火枪被兕怪的圈子套去。'}],人物与物品,西游记
西游记_地点_南赡部洲_0,西游记_地点_武当山_0,隶属,[{'66': '武当山位于南赡部洲'}],地点与地点,西游记
西游记_人物_九天应元天尊_0,西游记_组织_雷部_0,领导,[{'87': '九天应元天尊掌管雷部，差邓辛张陶等雷将声雷。'}],人物与组织,西游记
西游记_人物_法明长老_0,西游记_地点_金山寺_0,居住,[{'101': '法明长老是金山寺住持，常驻寺内。'}],人物与地点,西游记
西游记_人物_日游神_0,西游记_组织_天庭_0,归属,[{'33': '日游神为天庭神祇，听命于玉帝。'}],人物与组织,西游记
西游记_地点_泾河_0,西游记_地点_泾河岸边_0,相邻,[{'9': '泾河岸边紧邻泾河，渔樵二人于此相遇对答。'}],地点与地点,西游记
西游记_人物_奎木狼_0,西游记_地点_碗子山波月洞_0,居住,"[{'28': '黄袍怪居住在碗子山波月洞中，洞内石床上侧卧'}, {'29': '黄袍怪长期居住在碗子山波月洞中'}, {'30': '老妖居住在碗子山波月庄。'}, {'31': '奎木狼占据波月洞作为洞府，摄公主为妻。'}]",人物与地点,西游记
西游记_人物_魏征_0,西游记_物品_慧剑_0,持有,"[{'9': '魏征在府中试慧剑，运元神，为梦斩泾河老龙做准备。'}, {'10': '魏征把守后宰门时提着那诛龙的宝剑。'}]",人物与物品,西游记
西游记_人物_辟寒大王_0,西游记_物品_酥合香油_0,持有,[{'92': '辟寒大王等盗取酥合香油，摄走唐僧。'}],人物与物品,西游记
西游记_人物_车迟国国王_0,西游记_地点_车迟国_0,居住,[{'44': '车迟国国王居住在车迟国都城宝殿上。'}],人物与地点,西游记
西游记_人物_红孩儿_0,西游记_地点_号山_0,守护,[{'40': '牛魔王使红孩儿镇守六百里钻头号山。'}],人物与地点,西游记
西游记_人物_国丈_0,西游记_物品_纫蓝三股攒绒带_0,持有,[{'78': '国丈腰间系着纫蓝三股攒绒带。'}],人物与物品,西游记
西游记_人物_唐三藏_0,西游记_地点_金山_0,出身,[{'64': '唐僧幼年落水后被救于金山，在诗中提及‘幸遇金山脱本骸’。'}],人物与地点,西游记
西游记_人物_殷温娇_0,西游记_地点_江州私衙_0,居住,[{'101': '殷温娇被刘洪强占后住在江州私衙。'}],人物与地点,西游记
西游记_人物_镇元子_0,西游记_组织_五庄观_0,领导,"[{'24': '镇元子是五庄观之主'}, {'25': '镇元仙是五庄观的主人，统领观内事务。'}, {'26': '镇元大仙是五庄观的主人，五庄观为其仙宫。'}]",人物与组织,西游记
西游记_人物_刘全_0,西游记_组织_唐朝_0,归属,[{'11': '刘全是均州人，大唐子民，揭皇榜为太宗进瓜果。'}],人物与组织,西游记
西游记_地点_东洋海底_0,西游记_组织_东海龙宫_0,驻扎,[{'3': '东海龙宫驻扎在东洋海底，管辖水族。'}],组织与地点,西游记
西游记_人物_孙悟空_0,西游记_组织_五庄观_0,对抗,[{'25': '孙行者偷吃人参果并推倒果树，与五庄观为敌。'}],人物与组织,西游记
西游记_人物_东海龙王敖广_0,西游记_组织_东海龙宫_0,领导,"[{'3': '敖广是东海龙王，统领东海龙宫。'}, {'41': '敖广是东海龙王，统帅龙宫势力，包括龙子龙孙、虾兵蟹卒。'}, {'87': '敖广是东海龙王，治理东海龙宫。'}]",人物与组织,西游记
西游记_人物_孙悟空_0,西游记_物品_赭黄袍_2,持有,[{'4': '独角鬼王献赭黄袍，孙悟空穿起，后见太白金星时也罩在甲上。'}],人物与物品,西游记
西游记_人物_孙悟空_0,西游记_物品_犀牛角_0,持有,[{'92': '孙悟空锯下犀牛角，进贡玉帝等。'}],人物与物品,西游记
西游记_人物_张氏_0,西游记_地点_南门头破瓦窑_0,居住,[{'101': '张氏因无钱交租后搬到南门头破瓦窑居住。'}],人物与地点,西游记
西游记_人物_二郎显圣真君_0,西游记_人物_孙悟空_0,合作,[{'63': '孙悟空邀请二郎神助战，共同对付九头驸马。'}],人物与人物,西游记
西游记_人物_素娥仙子_0,西游记_地点_天竺国_0,出身,[{'95': '素娥思凡下界，投胎于天竺国正宫皇后腹中，成为公主'}],人物与地点,西游记
西游记_地点_狮驼国_0,西游记_地点_锦香亭_1,隶属,[{'77': '锦香亭在狮驼国皇宫内，属于狮驼国'}],地点与地点,西游记
西游记_人物_六耳猕猴_0,西游记_地点_花果山_0,居住,[{'58': '六耳猕猴占据花果山，高坐石台与群猴饮酒，冒称孙悟空。'}],人物与地点,西游记
西游记_人物_孙悟空_0,西游记_人物_牛魔王_0,对立,"[{'60': '孙悟空因借扇与牛魔王反目，斗经百十回合不分胜负，牛魔王恨其害子欺妻。'}, {'61': '牛魔王与孙大圣激烈争斗，互为仇敌'}]",人物与人物,西游记
西游记_人物_唐太宗_0,西游记_人物_崔珪_0,上下级,[{'10': '崔珪曾为大唐礼部侍郎，在阴司路旁跪迎太宗，接魏征书信后助其还阳。'}],人物与人物,西游记
西游记_人物_灵感大王_0,西游记_人物_观世音菩萨_0,上下级,[{'49': '灵感大王原是观音莲花池中养大的金鱼，每日浮头听经，被观音收服。'}],人物与人物,西游记
西游记_人物_孙悟空_0,西游记_组织_朱紫国_0,合作,"[{'70': '孙悟空为朱紫国降妖救后，与朱紫国合作'}, {'71': '孙悟空受朱紫国拜请降妖救后，朱紫国全程支持。'}]",人物与组织,西游记
西游记_人物_孙悟空_0,西游记_技能_子午周天_0,传授,[{'88': '孙悟空运遍子午周天，使三位王子筋骨强壮。'}],人物与技能,西游记
西游记_地点_车迟国_0,西游记_地点_金銮殿_3,隶属,[{'45': '金銮殿是车迟国朝堂'}],地点与地点,西游记
西游记_人物_哪吒三太子_0,西游记_人物_如来佛祖_0,亲属,[{'83': '如来以碧藕荷叶复活哪吒，并唤哪吒以佛为父'}],人物与人物,西游记
西游记_人物_唐太宗_0,西游记_人物_唐三藏_0,亲密,[{'12': '太宗在化生寺佛前与玄奘拜为兄弟，口称御弟圣僧'}],人物与人物,西游记
西游记_人物_二王子_0,西游记_人物_唐三藏_0,上下级,[{'88': '二王子拜猪八戒为师，即成为唐僧的徒孙。'}],人物与人物,西游记
西游记_组织_伏龙寺_0,西游记_组织_祭赛国_0,隶属,[{'64': '伏龙寺是祭赛国境内的一座寺庙，寺中僧人曾送唐僧师徒。'}],组织与组织,西游记
西游记_人物_沙悟净_0,西游记_地点_流沙河_0,居住,"[{'8': '沙悟净久居流沙河弱水之地'}, {'22': '遭贬流沙东岸上，久占流沙界吃人精。'}, {'32': '沙和尚原在流沙河做妖怪。'}, {'94': '沙悟净被贬后在流沙河居住，造孽伤生'}]",人物与地点,西游记
西游记_人物_如来佛祖_0,西游记_地点_大雷音寺_0,居住,[{'12': '如来居于大西天天竺国大雷音寺，大乘佛法三藏在此处'}],人物与地点,西游记
西游记_人物_张道陵_0,西游记_组织_四大天师_0,归属,[{'51': '张道陵是四天师之一，在灵霄殿前迎接孙悟空并为其传奏。'}],人物与组织,西游记
西游记_人物_猪八戒_0,西游记_人物_女怪_0,对立,[{'82': '八戒叫女怪为妖怪，被女怪用杠子打'}],人物与人物,西游记
西游记_人物_李翠莲_0,西游记_人物_鬼使_0,合作,[{'11': '鬼使将李翠莲的灵魂推入已死的唐御妹李玉英体内，使其借尸还魂。'}],人物与人物,西游记
西游记_人物_文殊菩萨_0,西游记_物品_莲花台_0,持有,[{'77': '文殊抛莲花台在青狮背上，跨坐收服'}],人物与物品,西游记
西游记_人物_观世音菩萨_0,西游记_物品_青竹篮儿_0,持有,[{'55': '观音菩萨化身老妈妈，左手提着一个青竹篮儿。'}],人物与物品,西游记
西游记_人物_大鹏金翅雕_0,西游记_人物_孙悟空_0,对立,"[{'75': '大鹏雕识破孙大圣假扮小钻风，并主张用阴阳二气瓶将其装入。'}, {'77': '大鹏金翅雕抓住孙悟空，孙悟空后请如来收服'}]",人物与人物,西游记
西游记_地点_关外_0,西游记_地点_长安城_0,相邻,[{'12': '关外紧邻长安城，太宗与百官送玄奘至此'}],地点与地点,西游记
西游记_人物_托塔李天王_0,西游记_物品_天罡刀_0,持有,[{'42': '托塔李天王拥有三十六把天罡刀，借与观音'}],人物与物品,西游记
西游记_人物_车迟国国王_0,西游记_人物_羊力大仙_0,上下级,"[{'45': '国王尊羊力大仙为国师，君臣关系'}, {'46': '国王尊羊力为国师，羊力在朝堂参与赌赛'}]",人物与人物,西游记
西游记_人物_托塔李天王_0,西游记_人物_木吒_0,亲属,[{'8': '木吒是托塔天王的二太子'}],人物与人物,西游记
西游记_人物_孙悟空_0,西游记_人物_唐三藏_0,上下级,[{'93': '唐僧是孙悟空的师父，孙悟空称唐僧为师父并保护他'}],人物与人物,西游记
西游记_人物_独角兕大王_0,西游记_地点_金皘洞_0,居住,"[{'50': '独角兕大王居住于金皘洞中，将唐僧师徒擒入洞内。'}, {'51': '兕怪是金皘洞的魔王，盘踞于此洞府。'}, {'52': '兕大王占据金皘山金皘洞为巢穴。'}]",人物与地点,西游记
西游记_人物_孙悟空_0,西游记_人物_昴日星官_0,合作,[{'55': '孙悟空去光明宫请来昴日星官，共同降伏蝎子精。'}],人物与人物,西游记
西游记_地点_灵霄宝殿_0,西游记_地点_金阙云宫_0,隶属,[{'3': '灵霄宝殿位于金阙云宫内，是玉帝朝会的正殿。'}],地点与地点,西游记
西游记_人物_唐三藏_0,西游记_物品_书信_2,持有,[{'81': '唐三藏写了一封书信欲送往长安见太宗。'}],人物与物品,西游记
西游记_地点_都土地庙_0,西游记_地点_长安城_0,隶属,[{'12': '都土地庙位于长安城内，菩萨离开皇宫后在此隐避'}],地点与地点,西游记
西游记_人物_孙悟空_0,西游记_物品_乌金丹_0,创造,[{'69': '孙大圣用大黄、巴豆、百草霜、马尿制成乌金丹'}],人物与物品,西游记
西游记_人物_斗木獬_0,西游记_组织_二十八宿_0,归属,[{'92': '斗木獬是二十八宿之一。'}],人物与组织,西游记
西游记_人物_西梁女国女王_0,西游记_物品_碎金碎银_0,持有,[{'54': '女王取出碎金碎银一盘，要赐予孙悟空三人作路费。'}],人物与物品,西游记
西游记_人物_九尾狐狸_0,西游记_人物_银角大王_0,亲属,"[{'34': ""九尾狐狸是二魔的母亲，二魔称其为'老母亲'，请她带幌金绳来拿孙行者。""}]",人物与人物,西游记
西游记_人物_国丈_0,西游记_人物_比丘国王_0,合作,[{'78': '国丈献计用小儿心肝做药引，国王听信，共同谋取小儿和唐僧心肝。'}],人物与人物,西游记
西游记_人物_公主_0,西游记_人物_天竺国王_0,亲属,[{'93': '假公主冒充真公主，被国王认作女儿，假公主称国王为父王'}],人物与人物,西游记
西游记_人物_青毛狮子怪_0,西游记_人物_孙悟空_0,对立,[{'75': '青毛狮子怪吞下孙大圣，孙大圣在其腹中闹腾。'}],人物与人物,西游记
西游记_人物_虎力大仙_0,西游记_地点_锺南山_0,出身,[{'46': '虎力自称在锺南山幼时学武艺，学会砍头、剖腹、滚油锅等神通'}],人物与地点,西游记
西游记_人物_熊罴怪_0,西游记_技能_养神服气之术_0,掌握,[{'17': '黑熊精修炼养神服气之术，并传授给金池长老。'}],人物与技能,西游记
西游记_人物_陈澄_0,西游记_地点_陈家庄_0,居住,[{'48': '陈澄是陈家庄祭主，居于陈家庄。'}],人物与地点,西游记
西游记_人物_孙悟空_0,西游记_人物_银角大王_0,对立,"[{'32': '银角大王是妖魔，欲害唐僧，孙悟空与之敌对。'}, {'35': '孙大圣用紫金红葫芦将银角大王装入并化掉。'}]",人物与人物,西游记
西游记_人物_灵感大王_0,西游记_人物_陈清_0,对立,[{'47': '灵感大王要吃陈清的儿子陈关保，陈清因此做预修亡斋。'}],人物与人物,西游记
西游记_人物_孙悟空_0,西游记_人物_崩将军_0,上下级,[{'3': '孙悟空将两个通背猿猴封为崩、芭二将军，掌军务。'}],人物与人物,西游记
西游记_人物_唐三藏_0,西游记_技能_《孔雀经》_0,掌握,[{'13': '三藏又念一卷《孔雀经》'}],人物与技能,西游记
西游记_人物_土地神祇_0,西游记_人物_鹿力大仙_0,上下级,[{'46': '鹿力念咒语驱使本坊土地神祇帮助按住孙行者人头'}],人物与人物,西游记
西游记_人物_观世音菩萨_0,西游记_技能_迷字法_0,掌握,[{'42': '观音用杨柳枝蘸甘露在孙悟空手心写迷字，使红孩儿迷乱追赶'}],人物与技能,西游记
西游记_人物_如来佛祖_0,西游记_人物_白龙马_0,上下级,[{'100': '如来封白龙马为八部天龙马'}],人物与人物,西游记
西游记_人物_孙悟空_0,西游记_人物_观世音菩萨_0,上下级,"[{'14': '观音劝化孙悟空皈依佛法，保护唐僧'}, {'15': '观音菩萨赐予孙悟空三根救命毫毛，并约束其遵守佛门规矩。'}, {'22': '菩萨指点悟空，悟空参拜菩萨。'}, {'34': '孙行者曾南海拜观音，自述止拜了三个人，观音为其中之一。'}, {'42': '观音应孙悟空请求去降妖，并指挥行者索战'}, {'43': '观音菩萨劝善孙悟空，使其改名行者，保护唐僧取经。'}, {'49': '孙悟空对观音行礼尊称菩萨，观音命其等候并一同救唐僧，悟空听从。'}, {'55': '观音菩萨指点孙悟空去东天门光明宫请昴日星官降伏蝎子精。'}, {'57': '孙悟空到落伽山向观音菩萨诉苦，菩萨安慰并留他'}, {'58': '观音菩萨辨别真假孙悟空未果，后奉如来之命送悟空回唐僧处，悟空听从菩萨指示。'}, {'71': '观音菩萨以紧箍儿咒威胁孙悟空交出金铃，孙悟空倒身下拜。'}, {'84': '孙悟空认出观音菩萨并倒身下拜'}, {'94': '观音教令孙悟空脱天灾，皈正在瑜伽门下，为佛教上级'}, {'100': '观音菩萨劝善悟空，使其皈依佛教保护唐僧'}]",人物与人物,西游记
西游记_人物_虎力大仙_0,西游记_物品_令牌_0,持有,[{'45': '虎力大仙祈雨时使用令牌，以令牌为号'}],人物与物品,西游记
西游记_地点_淮河_0,西游记_地点_盱眙山_0,相邻,[{'66': '淮水临近盱眙山，国师王菩萨曾在此收服水母娘娘'}],地点与地点,西游记
西游记_人物_朱紫国王_0,西游记_人物_赛太岁_0,对立,[{'69': '赛太岁摄走国王的正宫金圣宫，并多次前来索要宫娥，国王惧怕而建避妖楼躲避'}],人物与人物,西游记
西游记_人物_孙悟空_0,西游记_技能_显密圆通真妙诀_0,掌握,[{'2': '孙悟空从菩提祖师学得长生妙道口诀。'}],人物与技能,西游记
西游记_人物_哪吒三太子_0,西游记_人物_托塔李天王_0,亲属,"[{'6': '哪吒是李天王之子，并与父王立于空中擎照妖镜。'}, {'52': '李天王与哪吒是父子，一同出战金皘洞。'}, {'61': '哪吒是托塔李天王的儿子'}]",人物与人物,西游记
西游记_人物_沙悟净_0,西游记_人物_赤脚大仙_0,亲密,[{'22': '赤脚大仙越班启奏救下卷帘将性命，改贬流沙河。'}],人物与人物,西游记
西游记_人物_孙悟空_0,西游记_组织_三十六员雷将_0,对抗,[{'7': '三十六员雷将奉调围困大圣，大圣变三头六臂抵挡'}],人物与组织,西游记
西游记_地点_灵感大王庙_0,西游记_地点_通天河_0,相邻,[{'47': '灵感大王庙离通天河石碑仅有一里远，位于通天河岸边。'}],地点与地点,西游记
西游记_地点_乱石山碧波潭_0,西游记_地点_龙宫_2,隶属,[{'63': '万圣龙王的龙宫在碧波潭之下。'}],地点与地点,西游记
西游记_人物_徐茂功_0,西游记_组织_唐朝_0,归属,[{'10': '徐茂功是大唐臣子，受太宗托孤之任。'}],人物与组织,西游记
西游记_组织_教坊司_0,西游记_组织_祭赛国_0,隶属,[{'62': '教坊司是祭赛国负责音乐的机构，隶属于祭赛国。'}],组织与组织,西游记
西游记_人物_青毛狮子怪_0,西游记_技能_搬运法_0,掌握,[{'75': '青毛狮子怪声称会搬运法，可一冬不吃饭。'}],人物与技能,西游记
西游记_人物_孙悟空_0,西游记_人物_托塔李天王_0,对立,[{'4': '托塔李天王奉玉帝旨意率天兵讨伐孙悟空，双方交战。'}],人物与人物,西游记
西游记_地点_小西天_0,西游记_地点_驼罗庄_0,隶属,[{'67': '驼罗庄位于小西天境内，老者称此处乃小西天。'}],地点与地点,西游记
西游记_人物_唐三藏_0,西游记_人物_如来佛祖_0,上下级,"[{'24': '唐三藏是金蝉子转世，如来佛第二个徒弟'}, {'62': '唐三藏奉东土大唐差往灵山参见如来取经，如来是取经目标。'}, {'98': '如来在大雄宝殿召见唐僧，看完通关文牒后命阿傩、伽叶传经，后又因无字经之事命换有字经，最后派八大金刚送唐僧回东土。'}, {'100': '如来封唐僧为旃檀功德佛'}]",人物与人物,西游记
西游记_人物_孙悟空_0,西游记_人物_二郎显圣真君_0,对立,"[{'19': '小圣二郎擒拿孙悟空，押在斗牛宫前。'}, {'28': '显圣二郎神率领梅山七弟兄放火烧毁了花果山，与孙悟空结仇'}, {'60': '显圣（二郎神）曾擒拿孙悟空，压赴老君处。'}]",人物与人物,西游记
西游记_人物_四健将_0,西游记_人物_孙悟空_0,上下级,[{'4': '四健将是孙悟空在花果山的手下，操演兵卒，奉命置办齐天大圣旌旗。'}],人物与人物,西游记
西游记_人物_银角大王_0,西游记_人物_山神_2,上下级,[{'33': '二魔念动遣山咒法拘唤山神，令其移山压孙悟空。'}],人物与人物,西游记
西游记_人物_九头驸马_0,西游记_人物_孙悟空_0,对立,[{'63': '孙悟空与九头驸马在乱石山大战三十余合，后又请二郎神助战，最终九头虫被细犬咬下一头逃往北海。'}],人物与人物,西游记
西游记_人物_唐三藏_0,西游记_人物_独角兕大王_0,对立,[{'50': '独角兕大王将唐僧擒获，欲蒸吃其肉以求长生。'}],人物与人物,西游记
西游记_人物_万圣龙王_0,西游记_人物_九头驸马_0,合作,[{'62': '万圣龙王与九头驸马一同下血雨、偷舍利子佛宝，合盘做贼。'}],人物与人物,西游记
西游记_地点_宝象国_0,西游记_地点_朝房_0,隶属,[{'30': '朝房是宝象国朝堂的厢房，关押变虎的唐僧。'}],地点与地点,西游记
西游记_人物_日游神_0,西游记_人物_玉皇大帝_0,上下级,[{'33': '日游神径至灵霄殿启奏玉帝孙悟空借天之事。'}],人物与人物,西游记
西游记_人物_角木蛟_0,西游记_组织_二十八宿_0,归属,[{'92': '角木蛟是二十八宿之一。'}],人物与组织,西游记
西游记_人物_殷开山_0,西游记_人物_殷温娇_0,亲属,[{'101': '殷开山是殷温娇的父亲。'}],人物与人物,西游记
西游记_人物_唐三藏_0,西游记_人物_鹿力大仙_0,对立,[{'45': '鹿力大仙与唐僧师徒对立，参与陷害'}],人物与人物,西游记
西游记_人物_全真_0,西游记_组织_乌鸡国_0,领导,"[{'37': '全真变作乌鸡国国王模样，侵占江山，统治乌鸡国'}, {'38': '全真变作乌鸡国王模样侵了龙位，做了三年皇帝'}]",人物与组织,西游记
西游记_人物_童儿_0,西游记_物品_葱白色云头花绢绣锦沿边的鹤氅_0,持有,[{'46': '孙行者将童儿的鹤氅变成土黄色直裰，童儿穿上后像个和尚'}],人物与物品,西游记
西游记_地点_长安城_0,西游记_地点_长安城外_0,相邻,[{'9': '长安城外与长安城相邻，泾河岸边位于城外。'}],地点与地点,西游记
西游记_人物_牛魔王_0,西游记_地点_积雷山_0,居住,[{'60': '牛魔王与玉面公主居住在积雷山摩云洞。'}],人物与地点,西游记
西游记_人物_北海龙王敖顺_0,西游记_人物_孙悟空_0,上下级,[{'46': '孙行者念唵字咒语唤来北海龙王敖顺，龙王听从命令收走羊力的冷龙'}],人物与人物,西游记
西游记_人物_唐三藏_0,西游记_人物_金鼻白毛老鼠精_0,对立,"[{'81': '毛姹女将唐三藏摄至无底洞，欲逼其成亲。'}, {'83': '金鼻白毛老鼠精将唐三藏摄入洞中逼婚'}]",人物与人物,西游记
西游记_人物_萧瑀_0,西游记_组织_唐朝_0,归属,[{'12': '萧瑀是大唐宰相'}],人物与组织,西游记
西游记_地点_镇海禅林寺_0,西游记_地点_黑松大林_0,相邻,[{'80': '唐僧师徒从黑松大林出来，行走二三十里到达镇海禅林寺，两者相邻。'}],地点与地点,西游记
西游记_人物_兴烘掀_0,西游记_人物_红孩儿_0,上下级,[{'41': '兴烘掀是红孩儿手下的六健将之一，听命于红孩儿。'}],人物与人物,西游记
西游记_人物_马元帅_0,西游记_人物_孙悟空_0,上下级,[{'6': '马元帅是齐天大圣麾下，被二郎神阵势唬得摇不得旌旗。'}],人物与人物,西游记
西游记_人物_虎力大仙_0,西游记_人物_车迟国国王_0,上下级,[{'44': '国王尊虎力大仙为国师，君臣相敬。'}],人物与人物,西游记
西游记_人物_太白金星_0,西游记_人物_玉皇大帝_0,上下级,[{'3': '太白金星奉玉帝招安圣旨下界请孙悟空。'}],人物与人物,西游记
西游记_人物_唐三藏_0,西游记_人物_四值功曹_0,合作,[{'29': '四值功曹暗中保护唐僧，助八戒沙僧战斗'}],人物与人物,西游记
西游记_人物_文殊菩萨_0,西游记_物品_照妖镜_0,持有,[{'39': '文殊菩萨从袖中取出照妖镜照出狮猁王原身。'}],人物与物品,西游记
西游记_人物_护国天王_2,西游记_地点_西天门_0,守护,"[{'87': '护国天王带领天丁力士守卫西天门。'}, {'95': '护国天王帅四大元帅镇守西天门，阻拦妖邪逃走'}]",人物与地点,西游记
西游记_地点_灭法国_0,西游记_地点_皇宫_1,隶属,[{'84': '皇宫位于灭法国中'}],地点与地点,西游记
西游记_人物_泾河龙王_0,西游记_物品_玉帝敕旨_0,持有,[{'9': '泾河龙王接旨后拆封查看，得知旨意与袁守诚判断毫发不差。'}],人物与物品,西游记
西游记_人物_唐太宗_0,西游记_物品_银駔马_0,持有,[{'12': '太宗赐玄奘银駔马一匹作为远行脚力'}],人物与物品,西游记
西游记_人物_巡城总兵官_0,西游记_物品_大柜_0,持有,[{'84': '总兵夺回大柜并封存于总府'}],人物与物品,西游记
西游记_地点_毒敌山琵琶洞_0,西游记_地点_西梁女国_0,隶属,[{'55': '毒敌山琵琶洞在西梁国境内，蝎子精的洞府。'}],地点与地点,西游记
西游记_人物_泾河龙王_0,西游记_人物_龙子龙孙_0,亲属,[{'9': '龙子龙孙是泾河龙王的子孙，曾劝谏龙王不要贸然诛杀卖卦人。'}],人物与人物,西游记
西游记_人物_不坏尊王永住金刚_0,西游记_人物_牛魔王_0,对立,[{'61': '永住金刚领佛老亲言把截牛魔王'}],人物与人物,西游记
西游记_人物_昴日星官_0,西游记_人物_蝎子精_0,对立,[{'55': '昴日星官现出双冠子大公鸡本相，将蝎子精降伏致死。'}],人物与人物,西游记
西游记_人物_红孩儿_0,西游记_技能_三昧真火_0,掌握,"[{'40': '红孩儿在火焰山炼成三昧真火，神通广大。'}, {'41': '红孩儿修炼成三昧真火，可口鼻喷出，五行生化。'}, {'42': '红孩儿会吐三昧真火，烧败孙悟空和四海龙王'}]",人物与技能,西游记
西游记_人物_唐三藏_0,西游记_组织_西天_0,归属,"[{'25': '唐三藏的目的是前往西天取经。'}, {'63': '唐僧奉旨西天取经，目的地为灵山。'}, {'100': '唐僧皈依佛教，成为如来弟子'}]",人物与组织,西游记
西游记_人物_孙悟空_0,西游记_人物_推云童子_0,上下级,[{'45': '孙大圣命令推云童子停止为道士布云，推云童子服从'}],人物与人物,西游记
西游记_人物_寇洪_0,西游记_人物_老妪_2,亲属,[{'96': '老妪是寇员外的妻子。'}],人物与人物,西游记
西游记_组织_光禄寺_2,西游记_组织_祭赛国_0,隶属,[{'62': '光禄寺是祭赛国负责宴席的机构，隶属于祭赛国。'}],组织与组织,西游记
西游记_人物_南无宝幢光王佛_0,西游记_人物_唐三藏_0,合作,[{'98': '接引佛祖（南无宝幢光王佛）在凌云渡撑无底船接引唐僧师徒过河，脱去凡胎，到达彼岸。'}],人物与人物,西游记
西游记_人物_须菩提祖师_0,西游记_地点_三星洞_0,居住,[{'2': '菩提祖师在三星洞中讲道传法。'}],人物与地点,西游记
西游记_人物_灵感大王_0,西游记_技能_降雪_0,掌握,"[{'48': ""灵感大王能降雪，在斑衣鳜婆询问时回答'会降'。""}]",人物与技能,西游记
西游记_人物_九灵元圣_0,西游记_人物_狻猊狮_0,上下级,[{'90': '狻猊狮拜九灵元圣为祖翁'}],人物与人物,西游记
西游记_人物_孙悟空_0,西游记_技能_斗柄迁移步_0,掌握,[{'70': '孙悟空自述‘也凭斗柄迁移步’'}],人物与技能,西游记
西游记_地点_紫竹林_0,西游记_地点_普陀山_0,隶属,[{'15': '紫竹林在落伽山中，是观音菩萨的居所。'}],地点与地点,西游记
西游记_人物_赤脚大仙_0,西游记_人物_孙悟空_0,对立,[{'5': '大圣诓骗赤脚大仙先去通明殿演礼，自己变作其模样赴瑶池偷酒。'}],人物与人物,西游记
西游记_地点_宝象国_0,西游记_地点_金阶_0,隶属,[{'29': '金阶是宝象国皇宫内的金阶，属于宝象国'}],地点与地点,西游记
西游记_人物_孙悟空_0,西游记_人物_当坊土地_0,上下级,[{'15': '孙悟空唤出当坊土地，询问玉龙来历，土地告知详情。'}],人物与人物,西游记
西游记_地点_木香亭子_0,西游记_地点_盘丝洞_0,隶属,[{'72': '木香亭子位于盘丝洞内茅屋中。'}],地点与地点,西游记
西游记_人物_婆婆_0,西游记_人物_老杨的儿子_0,亲属,[{'56': '婆婆是老杨的妻子，老杨的儿子是她的儿子。'}],人物与人物,西游记
西游记_人物_国丈_0,西游记_物品_仙药_0,持有,[{'78': '国丈拥有海外秘方，声称能延寿。'}],人物与物品,西游记
西游记_地点_宝象国_0,西游记_地点_御水河_0,隶属,[{'30': '御水河流经宝象国宫中，小白龙受伤后钻入此河逃命。'}],地点与地点,西游记
西游记_人物_太上老君_0,西游记_人物_金角大王_0,上下级,[{'35': '金角大王原是太上老君看金炉的童子，受老君管辖。'}],人物与人物,西游记
西游记_地点_金平府_0,西游记_地点_金灯桥_0,隶属,[{'92': '金灯桥位于金平府。'}],地点与地点,西游记
西游记_人物_黄河水伯_0,西游记_物品_白玉盂_0,持有,[{'51': '黄河水伯持白玉盂盛黄河之水，一盂就是一河之水，用来灌金皘洞。'}],人物与物品,西游记
西游记_人物_云程万里鹏_0,西游记_物品_阴阳二气瓶_0,持有,[{'74': '云程万里鹏随身有一件宝贝，唤做阴阳二气瓶，能装人化为浆水。'}],人物与物品,西游记
西游记_人物_唐三藏_0,西游记_人物_沙悟净_0,上下级,"[{'22': '唐僧收沙悟净为徒，称师父。'}, {'23': '唐僧是沙僧的师父，沙僧受菩萨劝化后等候并跟随唐僧西行。'}, {'24': '唐三藏是师父，沙僧是徒弟'}, {'25': '唐三藏是沙和尚的师父，沙僧称其师父。'}, {'27': '沙僧是唐僧的三徒弟，本回中随侍左右。'}, {'28': '唐僧是师父，沙僧是徒弟，沙僧看守行李并寻找八戒'}, {'29': '唐僧是沙悟净的师父，沙僧称唐僧为师父'}, {'31': '唐僧是沙僧的师父，沙僧为三徒弟。'}, {'32': '唐僧是沙和尚的师父，沙和尚是唐僧的三徒弟。'}, {'35': '唐僧是沙和尚的师父，沙和尚是其徒弟。'}, {'36': '唐三藏是沙和尚的师父，沙和尚是唐三藏的三徒弟。'}, {'39': '唐僧是沙僧的师父，沙僧称唐僧为师父。'}, {'40': '唐僧是沙僧的师父，沙僧是唐僧的三徒弟。'}, {'41': '沙僧是唐僧的徒弟，尊称唐僧为师父，共同保护取经。'}, {'44': '唐僧是沙僧的师父，沙僧是其徒弟。'}, {'45': '唐三藏是沙和尚的师父，沙和尚随唐僧西天取经'}, {'46': '唐僧是沙和尚的师父，沙僧称唐僧为师父'}, {'47': '唐僧是沙僧的师父，沙僧保护唐僧西天取经。'}, {'48': '唐僧是沙和尚的师父，沙和尚称唐僧为师父。'}, {'49': '唐僧是沙僧的师父，沙僧称唐僧为师父，随行保护。'}, {'50': '唐僧是沙僧的师父，沙僧是唐僧的三徒弟。'}, {'53': '唐三藏是沙和尚的师父，沙和尚称其为师父。'}, {'54': '唐三藏是沙悟净师父，沙悟净是三徒弟。'}, {'56': '唐三藏是沙僧的师父，沙僧是唐三藏的三徒弟。'}, {'58': '唐僧是沙僧的师父，沙僧尊称唐僧为师父。'}, {'61': '唐僧是沙僧的师父'}, {'62': '沙悟净拜唐三藏为师，随其取经。'}, {'63': '唐僧是沙僧的师父，沙僧随唐僧取经。'}, {'67': '三藏是沙僧之师，沙僧称三藏为师父。'}, {'68': '唐僧是沙僧的师父。'}, {'72': '三藏是沙僧的师父，沙僧在旁听命。'}, {'74': '沙僧是唐僧的第三个徒弟，又称沙和尚，保护唐僧。'}, {'75': '唐僧是沙僧的师父，取经团队成员。'}, {'76': '唐僧是沙僧的师父，沙僧称唐僧为师父。'}, {'77': '唐僧是沙和尚的师父，一同取经'}, {'78': '唐僧是沙僧的师父，沙僧提议国丈可能是妖精。'}, {'80': '沙僧是唐僧的三徒弟，本回中沙僧挑担牵马。'}, {'81': '唐三藏是沙僧的师父，沙僧随行保护。'}, {'84': '唐三藏是沙僧师父'}, {'86': '唐僧是沙和尚的师父'}, {'89': '唐僧是沙和尚的师父。'}, {'90': '唐僧是沙僧的师父，指导其修行取经'}, {'91': '唐僧是沙僧的师父，沙僧是唐僧的三徒弟。'}, {'94': '唐僧是沙悟净的师父，带领西天取经'}, {'96': '唐僧是沙僧的师父，沙僧稳重听从师命。'}, {'97': '唐僧是沙和尚师父，沙和尚是三徒弟'}, {'100': '唐僧在途中收沙和尚为徒'}]",人物与人物,西游记
西游记_人物_六耳猕猴_0,西游记_物品_通关文牒_0,持有,[{'57': '假行者在水帘洞反复念诵抢来的通关文牒'}],人物与物品,西游记
西游记_人物_牛魔王_0,西游记_组织_佛家_0,归属,[{'61': '牛魔王情愿归顺佛家'}],人物与组织,西游记
西游记_人物_奔波儿灞_0,西游记_地点_乱石山碧波潭_0,居住,[{'62': '奔波儿灞是乱石山碧波潭万圣龙王差来的小妖，居住于此。'}],人物与地点,西游记
西游记_人物_孙悟空_0,西游记_人物_东海龙王敖广_0,对立,[{'3': '孙悟空强索兵器披挂，敖广恐惧，后上表天庭告状。'}],人物与人物,西游记
西游记_人物_孙悟空_0,西游记_人物_火德星君_0,合作,[{'51': '孙悟空到彤华宫请火德星君放火烧兕怪，火德星君率火部神兵相助。'}],人物与人物,西游记
西游记_人物_四值功曹_0,西游记_人物_观世音菩萨_0,上下级,[{'99': '观音菩萨派遣四值功曹保护唐僧，现缴法旨。'}],人物与人物,西游记
西游记_人物_大王子_0,西游记_人物_沙悟净_0,上下级,[{'90': '沙僧收大王子为徒，传授武艺'}],人物与人物,西游记
西游记_人物_唐三藏_0,西游记_物品_汗衫_0,持有,[{'101': '玄奘持有汗衫作为与母亲相认的凭证。'}],人物与物品,西游记
西游记_人物_孙悟空_0,西游记_人物_降龙罗汉_0,合作,[{'52': '降龙罗汉奉如来吩咐，告知孙悟空上离恨天兜率宫寻太上老君。'}],人物与人物,西游记
西游记_人物_孙悟空_0,西游记_物品_甘霖仙水_0,持有,[{'28': '孙悟空去四海龙王借来甘霖仙水，将花果山洗青'}],人物与物品,西游记
西游记_人物_孙悟空_0,西游记_组织_地府_0,对抗,[{'81': '孙悟空曾打入幽冥地府。'}],人物与组织,西游记
西游记_地点_盱眙山_0,西游记_地点_蠙城_0,隶属,[{'66': '蠙城在盱眙山下，大圣禅寺位于城内'}],地点与地点,西游记
西游记_人物_孙悟空_0,西游记_技能_三头六臂_0,掌握,"[{'4': '孙悟空变作三头六臂，与哪吒的三头六臂对抗。'}, {'7': '大圣变作三头六臂，用三条如意棒飞舞'}, {'31': '孙悟空变出三头六臂，持多根金箍棒横扫群妖。'}, {'40': '孙大圣纵身变作三头六臂，持三根金箍棒乱打。'}, {'81': '孙悟空变出三头六臂本相乱打。'}]",人物与技能,西游记
西游记_人物_如来佛祖_0,西游记_组织_护法诸天_0,领导,[{'58': '护法诸天在普陀山被惊动，后助力围住六耳猕猴，受如来统领。'}],人物与组织,西游记
西游记_地点_黄风山_0,西游记_地点_黄风洞_0,隶属,[{'21': '黄风洞位于黄风山上，是黄风大圣的巢穴。'}],地点与地点,西游记
西游记_人物_广谋_0,西游记_人物_金池长老_0,上下级,[{'16': '广谋向老院主献放火之计，老院主称赞并采纳'}],人物与人物,西游记
西游记_人物_孙悟空_0,西游记_人物_金圣娘娘_0,合作,"[{'70': '孙悟空变作有来有去与娘娘通信，出示黄金宝串取得信任，娘娘配合骗取金铃'}, {'71': '孙悟空变作苍蝇潜入獬豸洞，与娘娘配合骗赛太岁盗走金铃，并最终救她回朱紫国。'}]",人物与人物,西游记
西游记_人物_二王子_0,西游记_人物_玉华王_0,亲属,[{'88': '玉华王是二王子的父亲。'}],人物与人物,西游记
西游记_人物_九头驸马_0,西游记_地点_乱石山碧波潭_0,居住,"[{'62': '九头驸马居住在乱石山碧波潭。'}, {'63': '九头驸马入水回龙宫，居住于碧波潭。'}]",人物与地点,西游记
西游记_人物_孙悟空_0,西游记_地点_三星洞_0,居住,[{'67': '行者身拜灵台方寸祖，曾在此处修炼居住。'}],人物与地点,西游记
西游记_人物_真武_0,西游记_物品_皂雕旗_0,持有,[{'33': '真武祖师将皂雕旗借给哪吒，事后哪吒送回。'}],人物与物品,西游记
西游记_人物_红鳞大蟒_0,西游记_人物_孙悟空_0,对立,[{'67': '行者主动挑战并最终杀死红鳞大蟒。'}],人物与人物,西游记
西游记_地点_云栈洞_0,西游记_地点_福陵山_0,隶属,"[{'8': '云栈洞在福陵山中'}, {'18': '云栈洞在福陵山上，是猪刚鬣的住处'}, {'19': '云栈洞位于福陵山。'}, {'100': '云栈洞属于福陵山'}]",地点与地点,西游记
西游记_人物_二郎显圣真君_0,西游记_组织_梅山七弟兄_0,领导,[{'28': '显圣二郎神率领梅山七弟兄放火烧毁花果山'}],人物与组织,西游记
西游记_地点_西梁女国_0,西游记_地点_解阳山_0,隶属,[{'53': '解阳山在西梁女国正南街上。'}],地点与地点,西游记
西游记_人物_虎先锋_0,西游记_人物_黄风怪_0,上下级,"[{'20': '虎先锋是黄风大王部下的前路先锋'}, {'21': '虎先锋是黄风大圣手下的先锋，黄风大圣为其被杀死而烦恼。'}]",人物与人物,西游记
西游记_人物_九灵元圣_0,西游记_人物_玉华王_0,对立,[{'90': '九灵元圣张口噙走玉华王'}],人物与人物,西游记
西游记_人物_太上老君_0,西游记_人物_奎木狼_0,上下级,[{'31': '奎木狼被贬到兜率宫为太上老君烧火，受其节制。'}],人物与人物,西游记
西游记_人物_十八公_0,西游记_人物_孙悟空_0,对立,[{'64': '孙悟空识破十八公假扮土地，挥棒欲打，十八公逃遁摄走唐僧。'}],人物与人物,西游记
西游记_人物_六丁六甲_0,西游记_人物_孙悟空_0,上下级,[{'78': '行者拘唤六丁六甲，命其协助救助小儿。'}],人物与人物,西游记
西游记_人物_刘洪_0,西游记_物品_官凭_0,持有,[{'101': '刘洪杀了陈光蕊后穿其衣冠、带官凭冒名上任。'}],人物与物品,西游记
西游记_人物_陈光蕊_0,西游记_物品_定颜珠_0,持有,[{'101': '龙王赐予陈光蕊定颜珠含在口中保尸不坏。'}],人物与物品,西游记
西游记_地点_比丘国_0,西游记_地点_金亭馆驿_1,隶属,"[{'78': '金亭馆驿位于比丘国城中。'}, {'79': '金亭馆驿是比丘国招待唐僧师徒的住处，位于比丘国城中。'}]",地点与地点,西游记
西游记_人物_魏征_0,西游记_人物_泾河龙王_0,对立,[{'68': '魏徵梦斩了泾河龙王。'}],人物与人物,西游记
西游记_地点_花果山_0,西游记_组织_傲来国_0,驻扎,[{'2': '花果山位于傲来国境内。'}],组织与地点,西游记
西游记_地点_西牛贺洲_0,西游记_组织_朱紫国_0,驻扎,"[{'68': ""朱紫国位于西牛贺洲，国王自称'朕西牛贺洲朱紫国王'。""}]",组织与地点,西游记
西游记_人物_古怪刁钻_0,西游记_人物_黄狮精_0,上下级,[{'89': '古怪刁钻是黄狮精手下的小妖，与刁钻古怪同行。'}],人物与人物,西游记
西游记_人物_西梁女国女王_0,西游记_物品_御米三升_0,持有,[{'54': '女王取御米三升赐予孙悟空三人。'}],人物与物品,西游记
西游记_人物_如来佛祖_0,西游记_组织_八大金刚_0,领导,[{'58': '八大金刚奉如来之命阻挡真假孙悟空进入雷音寺。'}],人物与组织,西游记
西游记_人物_夜叉_3,西游记_人物_泾河龙王_0,上下级,[{'9': '巡水夜叉听到渔樵对话后急忙回水晶宫向龙王报告。'}],人物与人物,西游记
西游记_人物_比丘国王_0,西游记_组织_光禄寺_3,领导,[{'78': '国王命令光禄寺安排素斋招待唐僧。'}],人物与组织,西游记
西游记_人物_孙悟空_0,西游记_组织_天庭_0,对抗,"[{'6': '齐天大圣反叛天宫，偷蟠桃、仙丹、御酒，与十万天兵天将作战。'}, {'14': '孙悟空自称五百年前大闹天宫'}, {'20': '孙行者曾大反天宫，不受天禄'}, {'81': '孙悟空曾大闹天宫。'}, {'94': '孙悟空因乱蟠桃宴大反天宫，对抗天庭'}]",人物与组织,西游记
西游记_人物_玉皇大帝_0,西游记_人物_孙悟空_0,对立,"[{'5': '玉帝因大圣偷桃偷酒盗丹，派四大天王、李天王等率十万天兵下界围剿花果山。'}, {'7': '大圣大乱天宫，扬言要夺玉帝尊位，玉帝请如来降伏'}]",人物与人物,西游记
西游记_人物_孙悟空_0,西游记_人物_毛颖山土地_0,上下级,[{'95': '孙悟空念真言唤出土地，土地听从指引寻找妖邪洞穴'}],人物与人物,西游记
西游记_人物_沙悟净_0,西游记_组织_唐朝_0,归属,[{'89': '沙和尚是东土大唐取经团队的一员。'}],人物与组织,西游记
西游记_人物_四值功曹_0,西游记_人物_沙悟净_0,合作,[{'29': '四值功曹在空中助战八戒沙僧'}],人物与人物,西游记
西游记_人物_土地_6,西游记_地点_金皘山_0,守护,[{'50': '土地自称金皘山土地，与山神一同守护此山。'}],人物与地点,西游记
西游记_人物_孙悟空_0,西游记_组织_奔芭二将军_0,领导,[{'28': '孙悟空回山后，奔芭二将军管领众妖，迎接并听从大圣指挥'}],人物与组织,西游记
西游记_人物_唐三藏_0,西游记_人物_辟尘大王_0,对立,"[{'91': '辟尘大王参与摄走唐僧，欲将其煎吃。'}, {'92': '辟尘大王等摄走唐僧。'}]",人物与人物,西游记
西游记_地点_披香殿_0,西游记_组织_朱紫国_0,驻扎,[{'68': '披香殿是朱紫国摆膳的地方，国王与唐僧同享膳食。'}],组织与地点,西游记
西游记_人物_唐三藏_0,西游记_人物_辟寒大王_0,对立,"[{'91': '辟寒大王将唐僧摄至玄英洞，欲将其煎吃。'}, {'92': '辟寒大王等摄走唐僧。'}]",人物与人物,西游记
西游记_人物_游弈灵官_0,西游记_人物_玉皇大帝_0,上下级,[{'7': '玉帝传旨命游弈灵官上西方请佛老降伏'}],人物与人物,西游记
西游记_人物_孙悟空_0,西游记_技能_隐身遁法_0,掌握,"[{'5': '大圣使隐身法从西天门逃去，又使隐身法至蟠桃会上偷酒。'}, {'6': '齐天大圣使隐身法走出营围，前往灌江口。'}, {'22': '隐身法，老孙件件皆知。'}, {'24': '行者使隐身法闪进道房'}, {'50': '孙悟空捻着诀使隐身遁法，走入南庄村厨房中取斋饭。'}, {'63': '孙悟空使隐身法偷出猪八戒的钉钯。'}, {'68': '孙悟空使用隐身法揭了皇榜。'}, {'71': '孙悟空捏诀念动真言，使隐身法行至獬豸洞门边。'}]",人物与技能,西游记
西游记_人物_猪八戒_0,西游记_人物_红孩儿_0,对立,"[{'41': '红孩儿假扮观音骗擒八戒，装入如意皮袋。'}, {'42': '红孩儿假变观音赚猪八戒入洞，吊在如意袋中'}]",人物与人物,西游记
西游记_组织_十八罗汉_0,西游记_组织_西天_0,隶属,[{'52': '十八罗汉是灵山如来座下组织。'}],组织与组织,西游记
西游记_人物_孙悟空_0,西游记_物品_芭蕉扇_1,争夺,[{'61': '孙大圣与牛魔王激烈争夺芭蕉扇'}],人物与物品,西游记
西游记_人物_观世音菩萨_0,西游记_人物_猪八戒_0,上下级,"[{'19': '观音菩萨劝善猪八戒，摩顶受戒，命其等待取经人。'}, {'54': '南海观世音菩萨解脱猪悟能苦，使其秉善皈依，保护唐僧取经。'}, {'76': '观世音菩萨为猪八戒起法名悟能，是其引路人。'}]",人物与人物,西游记
西游记_人物_哪吒三太子_0,西游记_物品_火轮儿_0,持有,"[{'51': '哪吒太子持火轮儿与兕怪交战，后被圈子套去。'}, {'61': '哪吒用火轮儿挂牛角吹真火'}]",人物与物品,西游记
西游记_人物_孙悟空_0,西游记_技能_推山移岭_0,掌握,[{'25': '孙行者使用推山移岭的神力将人参果树推倒。'}],人物与技能,西游记
西游记_人物_荡魔天尊_0,西游记_组织_五百灵官_0,归属,[{'66': '五百灵官在太和宫簇拥祖师'}],人物与组织,西游记
西游记_人物_孙悟空_0,西游记_技能_脱胎换骨之法_0,传授,[{'88': '孙悟空将仙气吹入三位王子心腹，运用脱胎换骨之法赋予他们神力。'}],人物与技能,西游记
西游记_人物_增长天王_0,西游记_地点_南天门_0,守护,[{'4': '增长天王率领众天丁把守南天门，阻挡孙悟空进入。'}],人物与地点,西游记
西游记_人物_灵吉菩萨_0,西游记_组织_西天_0,归属,[{'21': '灵吉菩萨受如来法令镇押黄风怪，属于灵山佛教体系。'}],人物与组织,西游记
西游记_人物_观世音菩萨_0,西游记_物品_杨柳枝_0,持有,"[{'10': '观音菩萨用杨柳枝一摆，喝退泾河龙王。'}, {'15': '观音菩萨用杨柳枝蘸甘露拂拭玉龙，使其变化为马。'}, {'42': '观音手持杨柳枝，蘸甘露写迷字'}, {'43': '菩萨用杨柳枝蘸甘露洒向童子。'}, {'71': '观音菩萨右手拿着杨柳，拂洒甘露救火。'}]",人物与物品,西游记
西游记_人物_崔珪_0,西游记_组织_地府_0,归属,[{'10': '崔珪是阴司酆都掌案判官，为阴司效力。'}],人物与组织,西游记
西游记_人物_唐太宗_0,西游记_人物_崔珪_0,合作,[{'11': '崔判官在阴司接见唐太宗，为其增加阳寿，引导还阳，并叮嘱举办水陆大会。'}],人物与人物,西游记
西游记_人物_太上老君_0,西游记_物品_九齿钉钯_0,创造,[{'19': '太上老君亲自参与锻造上宝沁金钯。'}],人物与物品,西游记
西游记_人物_观世音菩萨_0,西游记_人物_唐三藏_0,上下级,[{'82': '观世音菩萨差遣诸神暗中保护唐僧'}],人物与人物,西游记
西游记_人物_孙悟空_0,西游记_人物_敖顺_1,合作,[{'92': '敖顺派兵协助悟空擒拿犀牛精。'}],人物与人物,西游记
西游记_地点_虎口洞_0,西游记_地点_豹头山_0,隶属,"[{'88': '虎口洞位于豹头山中。'}, {'89': '虎口洞位于玉华州城北的豹头山中。'}, {'90': '虎口洞位于豹头山'}]",地点与地点,西游记
西游记_人物_龙婆_1,西游记_地点_乱石山碧波潭_0,居住,[{'63': '龙婆原居碧波潭龙宫，后被抓。'}],人物与地点,西游记
西游记_人物_东来佛祖_0,西游记_人物_黄眉老佛_0,上下级,[{'66': '东来佛祖面前的司磬童儿，偷取后天袋子和敲磬槌下界假佛成精'}],人物与人物,西游记
西游记_地点_水帘洞_0,西游记_地点_花果山_0,隶属,"[{'1': ""水帘洞位于花果山中，洞内石碣镌着'花果山福地，水帘洞洞天'。""}, {'2': '水帘洞是花果山中的洞府。'}, {'3': '水帘洞位于花果山内，是孙悟空的洞府。'}, {'4': '水帘洞位于花果山内，是猴王的洞府。'}, {'5': '水帘洞位于花果山中，是大圣与众猴的洞府。'}, {'6': '水帘洞位于花果山内，是花果山的一部分。'}, {'17': '水帘洞位于花果山中，是孙悟空的洞府。'}, {'28': '水帘洞位于花果山之中，是群妖藏身之处'}, {'30': '水帘洞位于花果山上，是孙大圣的居所。'}, {'35': '水帘洞位于花果山上，是孙大圣的祖贯。'}, {'52': '水帘洞在花果山上。'}, {'57': '水帘洞位于花果山上'}, {'58': '水帘洞是花果山内的洞府，瀑布飞泉遮挂洞门。'}, {'63': '水帘洞位于花果山上。'}, {'100': '水帘洞属于花果山'}]",地点与地点,西游记
西游记_人物_孙悟空_0,西游记_物品_草龙_0,创造,[{'71': '孙悟空寻软草扎成草龙，让金圣宫娘娘跨上，带她飞回朱紫国。'}],人物与物品,西游记
西游记_人物_国丈_0,西游记_物品_描龙刺凤团花锦囊_0,持有,[{'78': '国丈胸前挂着描龙刺凤团花锦囊。'}],人物与物品,西游记
西游记_人物_孙悟空_0,西游记_物品_黄金宝串_0,持有,[{'70': '朱紫国王将黄金宝串交给孙悟空，作为见娘娘的信物'}],人物与物品,西游记
西游记_人物_孙悟空_0,西游记_人物_眼看喜_0,对立,[{'14': '孙悟空打死剪径毛贼眼看喜'}],人物与人物,西游记
西游记_人物_羊力大仙_0,西游记_人物_虎力大仙_0,合作,"[{'45': '虎力大仙与羊力大仙同为车迟国国师，一同兴道灭僧、与唐僧师徒斗法'}, {'46': '虎力与羊力为师兄弟，一同与唐僧师徒赌赛'}]",人物与人物,西游记
西游记_人物_牛魔王_0,西游记_物品_辟水金睛兽_0,持有,[{'60': '牛魔王骑辟水金睛兽赴碧波潭宴，能辟水。'}],人物与物品,西游记
西游记_人物_观世音菩萨_0,西游记_物品_金紧禁箍儿_0,持有,[{'12': '菩萨密藏金紧禁三个箍儿以俟后用，未出卖'}],人物与物品,西游记
西游记_人物_铁扇公主_0,西游记_地点_芭蕉洞_0,居住,"[{'59': '铁扇公主居住在翠云山芭蕉洞中。'}, {'60': '铁扇公主居住在芭蕉洞。'}, {'61': '罗刹女居住在翠云山芭蕉洞'}]",人物与地点,西游记
西游记_人物_猪八戒_0,西游记_物品_九转大还丹_0,持有,[{'19': '猪八戒得真仙传授九转大还丹并服用。'}],人物与物品,西游记
西游记_人物_金圣娘娘_0,西游记_人物_朱紫国王_0,亲属,[{'71': '金圣宫娘娘是朱紫国王的皇后，被救回后夫妻重谐欢乐。'}],人物与人物,西游记
西游记_地点_幽冥_0,西游记_地点_森罗殿_0,隶属,"[{'58': '森罗宝殿是幽冥地府的大殿。'}, {'97': '森罗殿位于幽冥地界'}]",地点与地点,西游记
西游记_人物_孙悟空_0,西游记_人物_辟暑大王_0,对立,"[{'91': '孙悟空为救师父与辟暑大王斗战。'}, {'92': '孙悟空与辟暑大王战斗，后被角木蛟擒拿。'}]",人物与人物,西游记
西游记_人物_猪八戒_0,西游记_人物_红鳞大蟒_0,对立,[{'67': '八戒与行者一同与红鳞大蟒战斗，并用钯筑击。'}],人物与人物,西游记
西游记_人物_陈光蕊_0,西游记_物品_绞绡_0,持有,[{'101': '龙王赠送绞绡十端给陈光蕊。'}],人物与物品,西游记
西游记_人物_银角大王_0,西游记_技能_摄法_0,掌握,[{'33': '二魔使摄法将唐僧、沙僧、马、行李一阵风摄到莲花洞。'}],人物与技能,西游记
西游记_人物_国丈_0,西游记_技能_七十二变_0,掌握,[{'79': '国丈与孙悟空战败后，化作一道寒光遁走，后带美后一起化光逃走。'}],人物与技能,西游记
西游记_人物_三王子_0,西游记_人物_沙悟净_0,上下级,[{'89': '小王子拜沙和尚为师，学习武艺。'}],人物与人物,西游记
西游记_人物_十八公_0,西游记_人物_唐三藏_0,亲密,[{'64': '十八公假扮土地摄走唐僧，邀请他到木仙庵谈诗论道，表达仰慕之情。'}],人物与人物,西游记
西游记_地点_大雷音寺_0,西游记_地点_天竺国_0,隶属,"[{'62': '大雷音寺位于西天竺国，属于天竺国境内。'}, {'80': '大雷音寺位于天竺国，唐僧前往天竺国大雷音寺拜佛取经。'}, {'85': '大雷音寺位于天竺国，唐僧欲往此处拜活佛取真经'}]",地点与地点,西游记
西游记_人物_哪吒三太子_0,西游记_组织_天庭_0,归属,"[{'4': '哪吒是三坛海会大神，属于天庭将领。'}, {'51': '哪吒太子是天庭神将，随李天王下界助阵。'}, {'61': '哪吒随李天王奉玉帝旨意效力'}]",人物与组织,西游记
西游记_人物_孙悟空_0,西游记_技能_滚油锅洗澡_0,掌握,[{'46': '孙行者跳入滚油锅翻波斗浪，自称如温汤涤垢'}],人物与技能,西游记
西游记_人物_广目天王_0,西游记_地点_南天门_0,守护,[{'51': '广目天王当日轮值巡视南天门。'}],人物与地点,西游记
西游记_人物_白龙马_0,西游记_技能_花刀法_0,掌握,[{'30': '小白龙变作宫娥后丢开花刀法舞剑。'}],人物与技能,西游记
西游记_人物_猪八戒_0,西游记_物品_人参果_0,持有,[{'24': '八戒囫囵吞下一枚人参果'}],人物与物品,西游记
西游记_人物_孙悟空_0,西游记_人物_灞波儿奔_0,对立,[{'62': '孙悟空在塔顶捉住巡塔的灞波儿奔，逼其供出偷宝真相。'}],人物与人物,西游记
西游记_人物_铁扇公主_0,西游记_物品_青锋宝剑_1,持有,"[{'59': '铁扇公主使用两口青锋宝剑作为兵器。'}, {'60': '铁扇公主有两把青锋宝剑，牛魔王取去追赶孙悟空。'}]",人物与物品,西游记
西游记_人物_刘全_0,西游记_人物_唐太宗_0,上下级,[{'11': '刘全揭皇榜，奉太宗之命进瓜果到阴司。'}],人物与人物,西游记
西游记_人物_伽叶_0,西游记_人物_如来佛祖_0,上下级,"[{'98': '如来命伽叶与阿傩一同引唐僧四众到珍楼斋食，后开宝阁取经。'}, {'100': '伽叶是如来座下尊者，奉命传经'}]",人物与人物,西游记
西游记_人物_唐三藏_0,西游记_组织_佛门_0,归属,"[{'39': '唐僧是佛教取经僧人，奉佛旨前往西天取经。'}, {'43': '唐僧是佛门僧人，奉命往西天取经。'}, {'86': '唐僧是释教弟子，前往西天取经'}]",人物与组织,西游记
西游记_地点_地灵县_0,西游记_地点_铜台府_0,隶属,"[{'96': '地灵县是铜台府后辖的县。'}, {'97': '地灵县属于铜台府管辖'}]",地点与地点,西游记
西游记_地点_南海_0,西游记_地点_普陀山_0,隶属,"[{'17': '落伽山位于南海之中，是观音菩萨的道场。'}, {'22': '南海中有普陀山，菩萨道场。'}, {'49': '落伽山位于南海，孙悟空纵祥光径赴南海落伽山。'}, {'58': '南海普陀山位于南海海域。'}]",地点与地点,西游记
